
===========================================================================
report_checks -unconstrained
===========================================================================
======================= nom_tt_025C_1v80 Corner ===================================

Startpoint: _3748_ (rising edge-triggered flip-flop clocked by clk)
Endpoint: _3181_ (recovery check against rising-edge clock clk)
Path Group: asynchronous
Path Type: max

Fanout         Cap        Slew       Delay        Time   Description
---------------------------------------------------------------------------------------------
                                  0.000000    0.000000   clock clk (rise edge)
                                  0.000000    0.000000   clock source latency
   664    1.613824    7.160936    4.925664    4.925664 ^ clk (in)
                                                         clk (net)
                      7.161081    0.000000    4.925664 ^ _3748_/CLK (sky130_fd_sc_hd__dfxtp_2)
   404    1.722913    8.260800    6.757882   11.683546 ^ _3748_/Q (sky130_fd_sc_hd__dfxtp_2)
                                                         rst_n (net)
                      8.261188    0.047721   11.731267 ^ _3181_/RESET_B (sky130_fd_sc_hd__dfrtp_2)
                                             11.731267   data arrival time

                                 10.000000   10.000000   clock clk (rise edge)
                                  0.000000   10.000000   clock source latency
   664    1.613824    7.160936    4.931040   14.931040 ^ clk (in)
                                                         clk (net)
                      7.161146    0.000000   14.931040 ^ _3181_/CLK (sky130_fd_sc_hd__dfrtp_2)
                                 -0.250000   14.681040   clock uncertainty
                                  0.000000   14.681040   clock reconvergence pessimism
                                  0.082469   14.763509   library recovery time
                                             14.763509   data required time
---------------------------------------------------------------------------------------------
                                             14.763509   data required time
                                            -11.731267   data arrival time
---------------------------------------------------------------------------------------------
                                              3.032242   slack (MET)


Startpoint: _3709_ (rising edge-triggered flip-flop clocked by clk)
Endpoint: uart_tx_o (output port clocked by clk)
Path Group: clk
Path Type: max

Fanout         Cap        Slew       Delay        Time   Description
---------------------------------------------------------------------------------------------
                                  0.000000    0.000000   clock clk (rise edge)
                                  0.000000    0.000000   clock source latency
   664    1.613824    7.160936    4.933274    4.933274 ^ clk (in)
                                                         clk (net)
                      7.161175    0.000000    4.933274 ^ _3709_/CLK (sky130_fd_sc_hd__dfstp_2)
     2    0.037843    0.187804    1.468095    6.401369 ^ _3709_/Q (sky130_fd_sc_hd__dfstp_2)
                                                         uart_tx_o (net)
                      0.187804    0.000274    6.401643 ^ uart_tx_o (out)
                                              6.401643   data arrival time

                                 10.000000   10.000000   clock clk (rise edge)
                                  0.000000   10.000000   clock network delay (propagated)
                                 -0.250000    9.750000   clock uncertainty
                                  0.000000    9.750000   clock reconvergence pessimism
                                 -2.000000    7.750000   output external delay
                                              7.750000   data required time
---------------------------------------------------------------------------------------------
                                              7.750000   data required time
                                             -6.401643   data arrival time
---------------------------------------------------------------------------------------------
                                              1.348357   slack (MET)




===========================================================================
report_checks --slack_max -0.01
============================================================================
======================= nom_tt_025C_1v80 Corner ===================================

No paths found.


===========================================================================
 report_check_types -max_slew -max_cap -max_fanout -violators
============================================================================
======================= nom_tt_025C_1v80 Corner ===================================

max slew

Pin                                        Limit        Slew       Slack
------------------------------------------------------------------------
_3710_/RESET_B                          0.750000    8.261281   -7.511281 (VIOLATED)
_3711_/RESET_B                          0.750000    8.261281   -7.511281 (VIOLATED)
_3712_/RESET_B                          0.750000    8.261282   -7.511281 (VIOLATED)
_3713_/RESET_B                          0.750000    8.261282   -7.511281 (VIOLATED)
_3714_/RESET_B                          0.750000    8.261283   -7.511282 (VIOLATED)
_3723_/RESET_B                          0.750000    8.261278   -7.511278 (VIOLATED)
_3724_/RESET_B                          0.750000    8.261275   -7.511275 (VIOLATED)
_3725_/RESET_B                          0.750000    8.261274   -7.511274 (VIOLATED)
_3726_/RESET_B                          0.750000    8.261275   -7.511275 (VIOLATED)
_3727_/RESET_B                          0.750000    8.261274   -7.511274 (VIOLATED)
_3728_/RESET_B                          0.750000    8.261275   -7.511275 (VIOLATED)
_3729_/RESET_B                          0.750000    8.261275   -7.511275 (VIOLATED)
_3730_/RESET_B                          0.750000    8.261276   -7.511276 (VIOLATED)
_3731_/RESET_B                          0.750000    8.261278   -7.511278 (VIOLATED)
_3732_/RESET_B                          0.750000    8.261278   -7.511278 (VIOLATED)
_3733_/RESET_B                          0.750000    8.261278   -7.511278 (VIOLATED)
_3807_/RESET_B                          0.750000    8.261277   -7.511277 (VIOLATED)
_3504_/RESET_B                          0.750000    8.261263   -7.511263 (VIOLATED)
_3506_/RESET_B                          0.750000    8.261271   -7.511270 (VIOLATED)
_3507_/RESET_B                          0.750000    8.261271   -7.511272 (VIOLATED)
_3505_/RESET_B                          0.750000    8.261261   -7.511261 (VIOLATED)
_3787_/RESET_B                          0.750000    8.261268   -7.511267 (VIOLATED)
_3788_/RESET_B                          0.750000    8.261270   -7.511269 (VIOLATED)
_3789_/RESET_B                          0.750000    8.261269   -7.511268 (VIOLATED)
_3790_/RESET_B                          0.750000    8.261271   -7.511271 (VIOLATED)
_3791_/RESET_B                          0.750000    8.261273   -7.511273 (VIOLATED)
_3792_/RESET_B                          0.750000    8.261274   -7.511274 (VIOLATED)
_3793_/RESET_B                          0.750000    8.261274   -7.511274 (VIOLATED)
_3794_/RESET_B                          0.750000    8.261275   -7.511275 (VIOLATED)
_3795_/RESET_B                          0.750000    8.261275   -7.511275 (VIOLATED)
_3501_/RESET_B                          0.750000    8.261251   -7.511251 (VIOLATED)
_3502_/RESET_B                          0.750000    8.261249   -7.511249 (VIOLATED)
_3503_/RESET_B                          0.750000    8.261239   -7.511239 (VIOLATED)
_3508_/RESET_B                          0.750000    8.261238   -7.511238 (VIOLATED)
_3715_/RESET_B                          0.750000    8.261246   -7.511245 (VIOLATED)
_3716_/RESET_B                          0.750000    8.261246   -7.511245 (VIOLATED)
_3780_/RESET_B                          0.750000    8.261252   -7.511252 (VIOLATED)
_3781_/RESET_B                          0.750000    8.261252   -7.511252 (VIOLATED)
_3509_/RESET_B                          0.750000    8.261237   -7.511237 (VIOLATED)
_3717_/RESET_B                          0.750000    8.261245   -7.511244 (VIOLATED)
_3718_/RESET_B                          0.750000    8.261245   -7.511244 (VIOLATED)
_3510_/RESET_B                          0.750000    8.261235   -7.511235 (VIOLATED)
_3719_/RESET_B                          0.750000    8.261243   -7.511242 (VIOLATED)
_3720_/RESET_B                          0.750000    8.261243   -7.511242 (VIOLATED)
_3511_/RESET_B                          0.750000    8.261233   -7.511234 (VIOLATED)
_3721_/RESET_B                          0.750000    8.261241   -7.511241 (VIOLATED)
_3722_/RESET_B                          0.750000    8.261241   -7.511241 (VIOLATED)
_3512_/RESET_B                          0.750000    8.261231   -7.511231 (VIOLATED)
_3513_/RESET_B                          0.750000    8.261230   -7.511229 (VIOLATED)
_3514_/RESET_B                          0.750000    8.261228   -7.511228 (VIOLATED)
_3515_/RESET_B                          0.750000    8.261225   -7.511225 (VIOLATED)
_3440_/SET_B                            0.750000    8.261209   -7.511209 (VIOLATED)
_3442_/RESET_B                          0.750000    8.261215   -7.511215 (VIOLATED)
_3516_/RESET_B                          0.750000    8.261219   -7.511219 (VIOLATED)
_3778_/RESET_B                          0.750000    8.261219   -7.511220 (VIOLATED)
_3782_/RESET_B                          0.750000    8.261220   -7.511220 (VIOLATED)
_3783_/RESET_B                          0.750000    8.261220   -7.511220 (VIOLATED)
_3784_/RESET_B                          0.750000    8.261221   -7.511221 (VIOLATED)
_3785_/RESET_B                          0.750000    8.261221   -7.511221 (VIOLATED)
_3786_/RESET_B                          0.750000    8.261221   -7.511221 (VIOLATED)
_3441_/RESET_B                          0.750000    8.261207   -7.511207 (VIOLATED)
_3443_/RESET_B                          0.750000    8.261211   -7.511211 (VIOLATED)
_3812_/RESET_B                          0.750000    8.261218   -7.511218 (VIOLATED)
_3775_/RESET_B                          0.750000    8.261209   -7.511209 (VIOLATED)
_3776_/RESET_B                          0.750000    8.261209   -7.511209 (VIOLATED)
_3777_/RESET_B                          0.750000    8.261209   -7.511209 (VIOLATED)
_3779_/RESET_B                          0.750000    8.261209   -7.511209 (VIOLATED)
_3813_/RESET_B                          0.750000    8.261217   -7.511217 (VIOLATED)
_3444_/RESET_B                          0.750000    8.261206   -7.511205 (VIOLATED)
_3796_/RESET_B                          0.750000    8.261207   -7.511207 (VIOLATED)
_3797_/RESET_B                          0.750000    8.261207   -7.511207 (VIOLATED)
_3798_/RESET_B                          0.750000    8.261207   -7.511207 (VIOLATED)
_3175_/RESET_B                          0.750000    8.261193   -7.511194 (VIOLATED)
_3176_/RESET_B                          0.750000    8.261193   -7.511194 (VIOLATED)
_3179_/RESET_B                          0.750000    8.261197   -7.511197 (VIOLATED)
_3498_/RESET_B                          0.750000    8.261194   -7.511195 (VIOLATED)
_3499_/RESET_B                          0.750000    8.261194   -7.511195 (VIOLATED)
_3500_/RESET_B                          0.750000    8.261194   -7.511195 (VIOLATED)
_3799_/RESET_B                          0.750000    8.261198   -7.511198 (VIOLATED)
_3800_/RESET_B                          0.750000    8.261197   -7.511197 (VIOLATED)
_3815_/RESET_B                          0.750000    8.261198   -7.511198 (VIOLATED)
_3816_/RESET_B                          0.750000    8.261197   -7.511197 (VIOLATED)
_3819_/RESET_B                          0.750000    8.261198   -7.511198 (VIOLATED)
_3822_/RESET_B                          0.750000    8.261202   -7.511202 (VIOLATED)
_3180_/RESET_B                          0.750000    8.261188   -7.511188 (VIOLATED)
_3181_/RESET_B                          0.750000    8.261188   -7.511188 (VIOLATED)
_3329_/SET_B                            0.750000    8.261189   -7.511189 (VIOLATED)
_3331_/RESET_B                          0.750000    8.261193   -7.511194 (VIOLATED)
_3662_/RESET_B                          0.750000    8.261185   -7.511185 (VIOLATED)
_3663_/RESET_B                          0.750000    8.261188   -7.511188 (VIOLATED)
_3664_/RESET_B                          0.750000    8.261189   -7.511189 (VIOLATED)
_3665_/RESET_B                          0.750000    8.261187   -7.511187 (VIOLATED)
_3801_/RESET_B                          0.750000    8.261188   -7.511188 (VIOLATED)
_3802_/RESET_B                          0.750000    8.261193   -7.511194 (VIOLATED)
_3803_/RESET_B                          0.750000    8.261198   -7.511198 (VIOLATED)
_3804_/RESET_B                          0.750000    8.261192   -7.511192 (VIOLATED)
_3806_/RESET_B                          0.750000    8.261199   -7.511199 (VIOLATED)
_3805_/RESET_B                          0.750000    8.261189   -7.511189 (VIOLATED)
_3814_/RESET_B                          0.750000    8.261188   -7.511188 (VIOLATED)
_3817_/RESET_B                          0.750000    8.261189   -7.511189 (VIOLATED)
_3818_/RESET_B                          0.750000    8.261195   -7.511196 (VIOLATED)
_3820_/RESET_B                          0.750000    8.261193   -7.511194 (VIOLATED)
_3821_/RESET_B                          0.750000    8.261189   -7.511189 (VIOLATED)
_3177_/RESET_B                          0.750000    8.261170   -7.511170 (VIOLATED)
_3178_/RESET_B                          0.750000    8.261168   -7.511169 (VIOLATED)
_3632_/RESET_B                          0.750000    8.261137   -7.511137 (VIOLATED)
_3633_/RESET_B                          0.750000    8.261139   -7.511138 (VIOLATED)
_3634_/RESET_B                          0.750000    8.261134   -7.511134 (VIOLATED)
_3356_/RESET_B                          0.750000    8.261076   -7.511075 (VIOLATED)
_3357_/RESET_B                          0.750000    8.261077   -7.511077 (VIOLATED)
_3358_/RESET_B                          0.750000    8.261077   -7.511076 (VIOLATED)
_3359_/RESET_B                          0.750000    8.261077   -7.511077 (VIOLATED)
_3360_/RESET_B                          0.750000    8.261075   -7.511075 (VIOLATED)
_3361_/RESET_B                          0.750000    8.261077   -7.511076 (VIOLATED)
_3693_/RESET_B                          0.750000    8.261081   -7.511081 (VIOLATED)
_3694_/RESET_B                          0.750000    8.261081   -7.511081 (VIOLATED)
_3695_/RESET_B                          0.750000    8.261082   -7.511082 (VIOLATED)
_3696_/RESET_B                          0.750000    8.261082   -7.511082 (VIOLATED)
_3697_/RESET_B                          0.750000    8.261083   -7.511083 (VIOLATED)
_3698_/RESET_B                          0.750000    8.261083   -7.511083 (VIOLATED)
_3699_/RESET_B                          0.750000    8.261083   -7.511083 (VIOLATED)
_3364_/RESET_B                          0.750000    8.261075   -7.511075 (VIOLATED)
_3700_/RESET_B                          0.750000    8.261081   -7.511081 (VIOLATED)
_3701_/RESET_B                          0.750000    8.261081   -7.511081 (VIOLATED)
_3184_/RESET_B                          0.750000    8.261064   -7.511063 (VIOLATED)
_3404_/RESET_B                          0.750000    8.261069   -7.511069 (VIOLATED)
_3405_/RESET_B                          0.750000    8.261070   -7.511070 (VIOLATED)
_3406_/RESET_B                          0.750000    8.261073   -7.511073 (VIOLATED)
_3407_/RESET_B                          0.750000    8.261073   -7.511073 (VIOLATED)
_3702_/RESET_B                          0.750000    8.261080   -7.511080 (VIOLATED)
_3703_/RESET_B                          0.750000    8.261080   -7.511080 (VIOLATED)
_3704_/RESET_B                          0.750000    8.261079   -7.511079 (VIOLATED)
_3705_/RESET_B                          0.750000    8.261079   -7.511079 (VIOLATED)
_3706_/RESET_B                          0.750000    8.261078   -7.511078 (VIOLATED)
_3707_/RESET_B                          0.750000    8.261077   -7.511076 (VIOLATED)
_3708_/RESET_B                          0.750000    8.261077   -7.511077 (VIOLATED)
_3424_/RESET_B                          0.750000    8.261063   -7.511062 (VIOLATED)
_3425_/RESET_B                          0.750000    8.261063   -7.511062 (VIOLATED)
_3426_/RESET_B                          0.750000    8.261063   -7.511062 (VIOLATED)
_3427_/RESET_B                          0.750000    8.261064   -7.511063 (VIOLATED)
_3428_/RESET_B                          0.750000    8.261065   -7.511064 (VIOLATED)
_3429_/RESET_B                          0.750000    8.261065   -7.511066 (VIOLATED)
_3430_/RESET_B                          0.750000    8.261065   -7.511066 (VIOLATED)
_3431_/RESET_B                          0.750000    8.261066   -7.511066 (VIOLATED)
_3496_/RESET_B                          0.750000    8.261068   -7.511068 (VIOLATED)
_3497_/RESET_B                          0.750000    8.261069   -7.511069 (VIOLATED)
_3493_/RESET_B                          0.750000    8.261059   -7.511059 (VIOLATED)
_3629_/RESET_B                          0.750000    8.261065   -7.511065 (VIOLATED)
_3630_/RESET_B                          0.750000    8.261069   -7.511069 (VIOLATED)
_3631_/RESET_B                          0.750000    8.261067   -7.511067 (VIOLATED)
_3635_/RESET_B                          0.750000    8.261067   -7.511067 (VIOLATED)
_3636_/RESET_B                          0.750000    8.261067   -7.511067 (VIOLATED)
_3709_/SET_B                            0.750000    8.261061   -7.511060 (VIOLATED)
_3734_/RESET_B                          0.750000    8.261067   -7.511067 (VIOLATED)
_3735_/RESET_B                          0.750000    8.261067   -7.511067 (VIOLATED)
_3736_/RESET_B                          0.750000    8.261067   -7.511067 (VIOLATED)
_3808_/RESET_B                          0.750000    8.261067   -7.511067 (VIOLATED)
_3809_/RESET_B                          0.750000    8.261067   -7.511067 (VIOLATED)
_3348_/RESET_B                          0.750000    8.261045   -7.511045 (VIOLATED)
_3365_/RESET_B                          0.750000    8.261052   -7.511053 (VIOLATED)
_3366_/RESET_B                          0.750000    8.261052   -7.511053 (VIOLATED)
_3367_/RESET_B                          0.750000    8.261052   -7.511053 (VIOLATED)
_3368_/RESET_B                          0.750000    8.261052   -7.511053 (VIOLATED)
_3382_/RESET_B                          0.750000    8.261052   -7.511053 (VIOLATED)
_3383_/RESET_B                          0.750000    8.261052   -7.511053 (VIOLATED)
_3384_/RESET_B                          0.750000    8.261053   -7.511054 (VIOLATED)
_3446_/RESET_B                          0.750000    8.261053   -7.511054 (VIOLATED)
_3447_/RESET_B                          0.750000    8.261056   -7.511056 (VIOLATED)
_3448_/RESET_B                          0.750000    8.261056   -7.511056 (VIOLATED)
_3449_/RESET_B                          0.750000    8.261053   -7.511054 (VIOLATED)
_3451_/RESET_B                          0.750000    8.261052   -7.511053 (VIOLATED)
_3349_/RESET_B                          0.750000    8.261045   -7.511045 (VIOLATED)
_3350_/RESET_B                          0.750000    8.261045   -7.511045 (VIOLATED)
_3351_/RESET_B                          0.750000    8.261051   -7.511051 (VIOLATED)
_3352_/RESET_B                          0.750000    8.261046   -7.511046 (VIOLATED)
_3353_/RESET_B                          0.750000    8.261051   -7.511051 (VIOLATED)
_3354_/RESET_B                          0.750000    8.261046   -7.511046 (VIOLATED)
_3355_/RESET_B                          0.750000    8.261046   -7.511046 (VIOLATED)
_3362_/RESET_B                          0.750000    8.261040   -7.511040 (VIOLATED)
_3363_/RESET_B                          0.750000    8.261041   -7.511041 (VIOLATED)
_3373_/RESET_B                          0.750000    8.261047   -7.511047 (VIOLATED)
_3374_/RESET_B                          0.750000    8.261051   -7.511052 (VIOLATED)
_3330_/RESET_B                          0.750000    8.261031   -7.511031 (VIOLATED)
_3369_/RESET_B                          0.750000    8.261037   -7.511036 (VIOLATED)
_3398_/RESET_B                          0.750000    8.261041   -7.511041 (VIOLATED)
_3450_/RESET_B                          0.750000    8.261044   -7.511044 (VIOLATED)
_3454_/RESET_B                          0.750000    8.261047   -7.511047 (VIOLATED)
_3455_/RESET_B                          0.750000    8.261054   -7.511054 (VIOLATED)
_3456_/RESET_B                          0.750000    8.261055   -7.511055 (VIOLATED)
_3749_/SET_B                            0.750000    8.261057   -7.511057 (VIOLATED)
_3750_/SET_B                            0.750000    8.261057   -7.511057 (VIOLATED)
_3471_/RESET_B                          0.750000    8.261049   -7.511049 (VIOLATED)
_3472_/RESET_B                          0.750000    8.261051   -7.511052 (VIOLATED)
_3473_/RESET_B                          0.750000    8.261051   -7.511051 (VIOLATED)
_3486_/RESET_B                          0.750000    8.261051   -7.511051 (VIOLATED)
_3489_/RESET_B                          0.750000    8.261057   -7.511057 (VIOLATED)
_3490_/RESET_B                          0.750000    8.261056   -7.511056 (VIOLATED)
_3517_/RESET_B                          0.750000    8.261053   -7.511054 (VIOLATED)
_3518_/RESET_B                          0.750000    8.261056   -7.511056 (VIOLATED)
_3519_/RESET_B                          0.750000    8.261055   -7.511055 (VIOLATED)
_3520_/RESET_B                          0.750000    8.261053   -7.511054 (VIOLATED)
_3522_/RESET_B                          0.750000    8.261048   -7.511048 (VIOLATED)
_3525_/RESET_B                          0.750000    8.261047   -7.511047 (VIOLATED)
_3526_/RESET_B                          0.750000    8.261052   -7.511053 (VIOLATED)
_3527_/RESET_B                          0.750000    8.261054   -7.511054 (VIOLATED)
_3557_/RESET_B                          0.750000    8.261060   -7.511060 (VIOLATED)
_3558_/RESET_B                          0.750000    8.261060   -7.511060 (VIOLATED)
_3560_/RESET_B                          0.750000    8.261055   -7.511055 (VIOLATED)
_3581_/RESET_B                          0.750000    8.261054   -7.511054 (VIOLATED)
_3582_/RESET_B                          0.750000    8.261054   -7.511054 (VIOLATED)
_3583_/RESET_B                          0.750000    8.261056   -7.511056 (VIOLATED)
_3584_/RESET_B                          0.750000    8.261057   -7.511057 (VIOLATED)
_3585_/RESET_B                          0.750000    8.261056   -7.511056 (VIOLATED)
_3586_/RESET_B                          0.750000    8.261053   -7.511054 (VIOLATED)
_3587_/RESET_B                          0.750000    8.261056   -7.511056 (VIOLATED)
_3588_/RESET_B                          0.750000    8.261053   -7.511054 (VIOLATED)
_3589_/RESET_B                          0.750000    8.261053   -7.511054 (VIOLATED)
_3590_/RESET_B                          0.750000    8.261053   -7.511054 (VIOLATED)
_3591_/RESET_B                          0.750000    8.261052   -7.511053 (VIOLATED)
_3592_/RESET_B                          0.750000    8.261056   -7.511056 (VIOLATED)
_3593_/RESET_B                          0.750000    8.261056   -7.511056 (VIOLATED)
_3594_/RESET_B                          0.750000    8.261053   -7.511054 (VIOLATED)
_3595_/RESET_B                          0.750000    8.261054   -7.511054 (VIOLATED)
_3596_/RESET_B                          0.750000    8.261057   -7.511057 (VIOLATED)
_3605_/RESET_B                          0.750000    8.261056   -7.511056 (VIOLATED)
_3608_/RESET_B                          0.750000    8.261056   -7.511056 (VIOLATED)
_3637_/RESET_B                          0.750000    8.261057   -7.511057 (VIOLATED)
_3638_/RESET_B                          0.750000    8.261058   -7.511058 (VIOLATED)
_3639_/RESET_B                          0.750000    8.261060   -7.511060 (VIOLATED)
_3640_/RESET_B                          0.750000    8.261058   -7.511058 (VIOLATED)
_3641_/RESET_B                          0.750000    8.261061   -7.511060 (VIOLATED)
_3642_/RESET_B                          0.750000    8.261060   -7.511060 (VIOLATED)
_3643_/RESET_B                          0.750000    8.261061   -7.511060 (VIOLATED)
_3644_/RESET_B                          0.750000    8.261060   -7.511060 (VIOLATED)
_3656_/RESET_B                          0.750000    8.261059   -7.511059 (VIOLATED)
_3657_/RESET_B                          0.750000    8.261059   -7.511059 (VIOLATED)
_3658_/RESET_B                          0.750000    8.261057   -7.511057 (VIOLATED)
_3659_/RESET_B                          0.750000    8.261058   -7.511058 (VIOLATED)
_3690_/RESET_B                          0.750000    8.261062   -7.511061 (VIOLATED)
_3691_/RESET_B                          0.750000    8.261061   -7.511060 (VIOLATED)
_3692_/RESET_B                          0.750000    8.261061   -7.511060 (VIOLATED)
_3470_/RESET_B                          0.750000    8.261039   -7.511039 (VIOLATED)
_3487_/RESET_B                          0.750000    8.261046   -7.511046 (VIOLATED)
_3488_/RESET_B                          0.750000    8.261046   -7.511046 (VIOLATED)
_3491_/RESET_B                          0.750000    8.261051   -7.511051 (VIOLATED)
_3492_/RESET_B                          0.750000    8.261056   -7.511056 (VIOLATED)
_3521_/RESET_B                          0.750000    8.261039   -7.511039 (VIOLATED)
_3533_/RESET_B                          0.750000    8.261044   -7.511044 (VIOLATED)
_3542_/RESET_B                          0.750000    8.261048   -7.511048 (VIOLATED)
_3543_/RESET_B                          0.750000    8.261051   -7.511051 (VIOLATED)
_3544_/RESET_B                          0.750000    8.261053   -7.511054 (VIOLATED)
_3606_/RESET_B                          0.750000    8.261046   -7.511046 (VIOLATED)
_3607_/RESET_B                          0.750000    8.261046   -7.511046 (VIOLATED)
_3534_/RESET_B                          0.750000    8.261039   -7.511038 (VIOLATED)
_3535_/RESET_B                          0.750000    8.261039   -7.511039 (VIOLATED)
_3536_/RESET_B                          0.750000    8.261045   -7.511045 (VIOLATED)
_3541_/RESET_B                          0.750000    8.261037   -7.511036 (VIOLATED)
_3609_/RESET_B                          0.750000    8.261044   -7.511044 (VIOLATED)
_3653_/RESET_B                          0.750000    8.261049   -7.511049 (VIOLATED)
_3654_/RESET_B                          0.750000    8.261051   -7.511052 (VIOLATED)
_3655_/RESET_B                          0.750000    8.261055   -7.511055 (VIOLATED)
_3462_/RESET_B                          0.750000    8.261044   -7.511044 (VIOLATED)
_3463_/RESET_B                          0.750000    8.261039   -7.511038 (VIOLATED)
_3464_/RESET_B                          0.750000    8.261039   -7.511039 (VIOLATED)
_3465_/RESET_B                          0.750000    8.261045   -7.511045 (VIOLATED)
_3610_/RESET_B                          0.750000    8.261038   -7.511037 (VIOLATED)
_3478_/RESET_B                          0.750000    8.261028   -7.511028 (VIOLATED)
_3480_/RESET_B                          0.750000    8.261031   -7.511031 (VIOLATED)
_3573_/RESET_B                          0.750000    8.261036   -7.511035 (VIOLATED)
_3574_/RESET_B                          0.750000    8.261039   -7.511039 (VIOLATED)
_3575_/RESET_B                          0.750000    8.261041   -7.511041 (VIOLATED)
_3576_/RESET_B                          0.750000    8.261042   -7.511042 (VIOLATED)
_3577_/RESET_B                          0.750000    8.261044   -7.511044 (VIOLATED)
_3578_/RESET_B                          0.750000    8.261043   -7.511043 (VIOLATED)
_3579_/RESET_B                          0.750000    8.261041   -7.511041 (VIOLATED)
_3580_/RESET_B                          0.750000    8.261044   -7.511044 (VIOLATED)
_3611_/RESET_B                          0.750000    8.261036   -7.511035 (VIOLATED)
_3621_/RESET_B                          0.750000    8.261043   -7.511043 (VIOLATED)
_3623_/RESET_B                          0.750000    8.261047   -7.511047 (VIOLATED)
_3370_/RESET_B                          0.750000    8.261026   -7.511027 (VIOLATED)
_3371_/RESET_B                          0.750000    8.261029   -7.511029 (VIOLATED)
_3372_/RESET_B                          0.750000    8.261032   -7.511032 (VIOLATED)
_3378_/RESET_B                          0.750000    8.261032   -7.511032 (VIOLATED)
_3380_/RESET_B                          0.750000    8.261035   -7.511034 (VIOLATED)
_3381_/RESET_B                          0.750000    8.261039   -7.511038 (VIOLATED)
_3385_/RESET_B                          0.750000    8.261032   -7.511032 (VIOLATED)
_3387_/RESET_B                          0.750000    8.261031   -7.511031 (VIOLATED)
_3388_/RESET_B                          0.750000    8.261034   -7.511034 (VIOLATED)
_3389_/RESET_B                          0.750000    8.261039   -7.511038 (VIOLATED)
_3390_/RESET_B                          0.750000    8.261038   -7.511037 (VIOLATED)
_3394_/RESET_B                          0.750000    8.261024   -7.511024 (VIOLATED)
_3396_/RESET_B                          0.750000    8.261031   -7.511031 (VIOLATED)
_3622_/RESET_B                          0.750000    8.261033   -7.511033 (VIOLATED)
_3452_/RESET_B                          0.750000    8.261025   -7.511025 (VIOLATED)
_3453_/RESET_B                          0.750000    8.261025   -7.511025 (VIOLATED)
_3626_/RESET_B                          0.750000    8.261031   -7.511031 (VIOLATED)
_3628_/RESET_B                          0.750000    8.261031   -7.511031 (VIOLATED)
_3479_/RESET_B                          0.750000    8.261020   -7.511020 (VIOLATED)
_3481_/RESET_B                          0.750000    8.261025   -7.511026 (VIOLATED)
_3549_/RESET_B                          0.750000    8.261026   -7.511027 (VIOLATED)
_3551_/RESET_B                          0.750000    8.261031   -7.511031 (VIOLATED)
_3375_/RESET_B                          0.750000    8.261011   -7.511011 (VIOLATED)
_3391_/RESET_B                          0.750000    8.261012   -7.511012 (VIOLATED)
_3397_/RESET_B                          0.750000    8.261012   -7.511012 (VIOLATED)
_3399_/RESET_B                          0.750000    8.261013   -7.511014 (VIOLATED)
_3445_/RESET_B                          0.750000    8.261013   -7.511014 (VIOLATED)
_3457_/RESET_B                          0.750000    8.261014   -7.511014 (VIOLATED)
_3459_/RESET_B                          0.750000    8.261021   -7.511021 (VIOLATED)
_3460_/RESET_B                          0.750000    8.261016   -7.511016 (VIOLATED)
_3467_/RESET_B                          0.750000    8.261022   -7.511021 (VIOLATED)
_3494_/RESET_B                          0.750000    8.261013   -7.511014 (VIOLATED)
_3495_/RESET_B                          0.750000    8.261013   -7.511014 (VIOLATED)
_3523_/RESET_B                          0.750000    8.261018   -7.511018 (VIOLATED)
_3524_/RESET_B                          0.750000    8.261015   -7.511015 (VIOLATED)
_3528_/RESET_B                          0.750000    8.261016   -7.511016 (VIOLATED)
_3550_/RESET_B                          0.750000    8.261022   -7.511021 (VIOLATED)
_3552_/RESET_B                          0.750000    8.261025   -7.511025 (VIOLATED)
_3530_/RESET_B                          0.750000    8.261013   -7.511014 (VIOLATED)
_3531_/RESET_B                          0.750000    8.261016   -7.511016 (VIOLATED)
_3538_/RESET_B                          0.750000    8.261019   -7.511019 (VIOLATED)
_3559_/RESET_B                          0.750000    8.261016   -7.511016 (VIOLATED)
_3567_/RESET_B                          0.750000    8.261022   -7.511021 (VIOLATED)
_3568_/RESET_B                          0.750000    8.261019   -7.511019 (VIOLATED)
_3561_/RESET_B                          0.750000    8.261011   -7.511011 (VIOLATED)
_3562_/RESET_B                          0.750000    8.261012   -7.511012 (VIOLATED)
_3563_/RESET_B                          0.750000    8.261013   -7.511014 (VIOLATED)
_3564_/RESET_B                          0.750000    8.261014   -7.511014 (VIOLATED)
_3612_/RESET_B                          0.750000    8.261012   -7.511012 (VIOLATED)
_3616_/RESET_B                          0.750000    8.261012   -7.511013 (VIOLATED)
_3624_/RESET_B                          0.750000    8.261015   -7.511015 (VIOLATED)
_3625_/RESET_B                          0.750000    8.261015   -7.511015 (VIOLATED)
_3627_/RESET_B                          0.750000    8.261015   -7.511015 (VIOLATED)
_3377_/RESET_B                          0.750000    8.261003   -7.511003 (VIOLATED)
_3458_/RESET_B                          0.750000    8.261006   -7.511006 (VIOLATED)
_3529_/RESET_B                          0.750000    8.261003   -7.511003 (VIOLATED)
_3565_/RESET_B                          0.750000    8.261007   -7.511007 (VIOLATED)
_3569_/RESET_B                          0.750000    8.261012   -7.511012 (VIOLATED)
_3571_/RESET_B                          0.750000    8.261012   -7.511013 (VIOLATED)
_3572_/RESET_B                          0.750000    8.261012   -7.511013 (VIOLATED)
_3617_/RESET_B                          0.750000    8.261006   -7.511006 (VIOLATED)
_3618_/RESET_B                          0.750000    8.261012   -7.511013 (VIOLATED)
_3619_/RESET_B                          0.750000    8.261005   -7.511005 (VIOLATED)
_3620_/RESET_B                          0.750000    8.261012   -7.511013 (VIOLATED)
_3461_/RESET_B                          0.750000    8.261000   -7.510999 (VIOLATED)
_3466_/RESET_B                          0.750000    8.260994   -7.510994 (VIOLATED)
_3469_/RESET_B                          0.750000    8.260999   -7.510998 (VIOLATED)
_3485_/RESET_B                          0.750000    8.260993   -7.510993 (VIOLATED)
_3532_/RESET_B                          0.750000    8.261000   -7.510999 (VIOLATED)
_3566_/RESET_B                          0.750000    8.261002   -7.511002 (VIOLATED)
_3570_/RESET_B                          0.750000    8.261001   -7.511001 (VIOLATED)
_3376_/RESET_B                          0.750000    8.260986   -7.510986 (VIOLATED)
_3393_/RESET_B                          0.750000    8.260992   -7.510992 (VIOLATED)
_3379_/RESET_B                          0.750000    8.260983   -7.510983 (VIOLATED)
_3386_/RESET_B                          0.750000    8.260982   -7.510982 (VIOLATED)
_3401_/RESET_B                          0.750000    8.260988   -7.510989 (VIOLATED)
_3475_/RESET_B                          0.750000    8.260984   -7.510984 (VIOLATED)
_3476_/RESET_B                          0.750000    8.260981   -7.510981 (VIOLATED)
_3483_/RESET_B                          0.750000    8.260983   -7.510983 (VIOLATED)
_3484_/RESET_B                          0.750000    8.260982   -7.510982 (VIOLATED)
_3537_/RESET_B                          0.750000    8.260986   -7.510987 (VIOLATED)
_3540_/RESET_B                          0.750000    8.260992   -7.510992 (VIOLATED)
_3392_/RESET_B                          0.750000    8.260977   -7.510977 (VIOLATED)
_3395_/RESET_B                          0.750000    8.260983   -7.510982 (VIOLATED)
_3400_/RESET_B                          0.750000    8.260977   -7.510977 (VIOLATED)
_3402_/RESET_B                          0.750000    8.260983   -7.510982 (VIOLATED)
_3403_/RESET_B                          0.750000    8.260983   -7.510982 (VIOLATED)
_3546_/RESET_B                          0.750000    8.260987   -7.510988 (VIOLATED)
_3468_/RESET_B                          0.750000    8.260978   -7.510978 (VIOLATED)
_3547_/RESET_B                          0.750000    8.260980   -7.510980 (VIOLATED)
_3554_/RESET_B                          0.750000    8.260977   -7.510977 (VIOLATED)
_3556_/RESET_B                          0.750000    8.260984   -7.510984 (VIOLATED)
_3477_/RESET_B                          0.750000    8.260964   -7.510964 (VIOLATED)
_3482_/RESET_B                          0.750000    8.260970   -7.510970 (VIOLATED)
_3539_/RESET_B                          0.750000    8.260966   -7.510966 (VIOLATED)
_3553_/RESET_B                          0.750000    8.260962   -7.510962 (VIOLATED)
_3555_/RESET_B                          0.750000    8.260965   -7.510965 (VIOLATED)
_3613_/RESET_B                          0.750000    8.260963   -7.510963 (VIOLATED)
_3614_/RESET_B                          0.750000    8.260965   -7.510965 (VIOLATED)
_3615_/RESET_B                          0.750000    8.260965   -7.510965 (VIOLATED)
_3474_/RESET_B                          0.750000    8.260948   -7.510948 (VIOLATED)
_3548_/RESET_B                          0.750000    8.260951   -7.510951 (VIOLATED)
_3545_/RESET_B                          0.750000    8.260943   -7.510943 (VIOLATED)
_3648_/RESET_B                          0.750000    8.260924   -7.510924 (VIOLATED)
_3649_/RESET_B                          0.750000    8.260920   -7.510919 (VIOLATED)
_3652_/RESET_B                          0.750000    8.260921   -7.510920 (VIOLATED)
_3651_/RESET_B                          0.750000    8.260908   -7.510908 (VIOLATED)
_3645_/RESET_B                          0.750000    8.260889   -7.510889 (VIOLATED)
_3650_/RESET_B                          0.750000    8.260886   -7.510886 (VIOLATED)
_3646_/RESET_B                          0.750000    8.260868   -7.510868 (VIOLATED)
_3647_/RESET_B                          0.750000    8.260860   -7.510860 (VIOLATED)
_3598_/RESET_B                          0.750000    8.260812   -7.510812 (VIOLATED)
_3182_/RESET_B                          0.750000    8.260800   -7.510800 (VIOLATED)
_3183_/RESET_B                          0.750000    8.260800   -7.510800 (VIOLATED)
_3597_/RESET_B                          0.750000    8.260800   -7.510800 (VIOLATED)
_3599_/RESET_B                          0.750000    8.260800   -7.510800 (VIOLATED)
_3600_/RESET_B                          0.750000    8.260800   -7.510800 (VIOLATED)
_3601_/RESET_B                          0.750000    8.260800   -7.510800 (VIOLATED)
_3602_/RESET_B                          0.750000    8.260800   -7.510800 (VIOLATED)
_3603_/RESET_B                          0.750000    8.260800   -7.510800 (VIOLATED)
_3604_/RESET_B                          0.750000    8.260800   -7.510800 (VIOLATED)
_3660_/RESET_B                          0.750000    8.260800   -7.510800 (VIOLATED)
_3661_/RESET_B                          0.750000    8.260800   -7.510800 (VIOLATED)
_3748_/Q                                0.750000    8.260800   -7.510800 (VIOLATED)
_3810_/RESET_B                          0.750000    8.260800   -7.510800 (VIOLATED)
_3811_/RESET_B                          0.750000    8.260800   -7.510800 (VIOLATED)
_3710_/CLK                              0.750000    7.161484   -6.411484 (VIOLATED)
_3711_/CLK                              0.750000    7.161485   -6.411484 (VIOLATED)
_3712_/CLK                              0.750000    7.161485   -6.411485 (VIOLATED)
_3713_/CLK                              0.750000    7.161485   -6.411485 (VIOLATED)
_3714_/CLK                              0.750000    7.161485   -6.411485 (VIOLATED)
_3723_/CLK                              0.750000    7.161482   -6.411482 (VIOLATED)
_3724_/CLK                              0.750000    7.161481   -6.411481 (VIOLATED)
_3725_/CLK                              0.750000    7.161480   -6.411480 (VIOLATED)
_3726_/CLK                              0.750000    7.161480   -6.411480 (VIOLATED)
_3727_/CLK                              0.750000    7.161480   -6.411480 (VIOLATED)
_3728_/CLK                              0.750000    7.161480   -6.411480 (VIOLATED)
_3729_/CLK                              0.750000    7.161481   -6.411481 (VIOLATED)
_3730_/CLK                              0.750000    7.161481   -6.411481 (VIOLATED)
_3731_/CLK                              0.750000    7.161482   -6.411482 (VIOLATED)
_3732_/CLK                              0.750000    7.161482   -6.411482 (VIOLATED)
_3733_/CLK                              0.750000    7.161482   -6.411482 (VIOLATED)
_3807_/CLK                              0.750000    7.161482   -6.411482 (VIOLATED)
_3504_/CLK                              0.750000    7.161472   -6.411472 (VIOLATED)
_3505_/CLK                              0.750000    7.161472   -6.411471 (VIOLATED)
_3506_/CLK                              0.750000    7.161477   -6.411477 (VIOLATED)
_3507_/CLK                              0.750000    7.161478   -6.411478 (VIOLATED)
_3508_/CLK                              0.750000    7.161465   -6.411464 (VIOLATED)
_3509_/CLK                              0.750000    7.161465   -6.411464 (VIOLATED)
_3715_/CLK                              0.750000    7.161469   -6.411469 (VIOLATED)
_3716_/CLK                              0.750000    7.161469   -6.411469 (VIOLATED)
_3510_/CLK                              0.750000    7.161463   -6.411463 (VIOLATED)
_3717_/CLK                              0.750000    7.161469   -6.411469 (VIOLATED)
_3718_/CLK                              0.750000    7.161469   -6.411469 (VIOLATED)
_3719_/CLK                              0.750000    7.161468   -6.411468 (VIOLATED)
_3720_/CLK                              0.750000    7.161468   -6.411468 (VIOLATED)
_3787_/CLK                              0.750000    7.161474   -6.411474 (VIOLATED)
_3788_/CLK                              0.750000    7.161474   -6.411474 (VIOLATED)
_3789_/CLK                              0.750000    7.161474   -6.411474 (VIOLATED)
_3790_/CLK                              0.750000    7.161475   -6.411475 (VIOLATED)
_3511_/CLK                              0.750000    7.161461   -6.411461 (VIOLATED)
_3512_/CLK                              0.750000    7.161462   -6.411462 (VIOLATED)
_3721_/CLK                              0.750000    7.161467   -6.411467 (VIOLATED)
_3722_/CLK                              0.750000    7.161466   -6.411466 (VIOLATED)
_3513_/CLK                              0.750000    7.161456   -6.411456 (VIOLATED)
_3514_/CLK                              0.750000    7.161452   -6.411452 (VIOLATED)
_3348_/CLK                              0.750000    7.161441   -6.411441 (VIOLATED)
_3349_/CLK                              0.750000    7.161440   -6.411440 (VIOLATED)
_3350_/CLK                              0.750000    7.161440   -6.411440 (VIOLATED)
_3352_/CLK                              0.750000    7.161445   -6.411445 (VIOLATED)
_3354_/CLK                              0.750000    7.161443   -6.411443 (VIOLATED)
_3355_/CLK                              0.750000    7.161444   -6.411444 (VIOLATED)
_3515_/CLK                              0.750000    7.161449   -6.411449 (VIOLATED)
_3516_/CLK                              0.750000    7.161449   -6.411449 (VIOLATED)
_3583_/CLK                              0.750000    7.161447   -6.411447 (VIOLATED)
_3584_/CLK                              0.750000    7.161447   -6.411447 (VIOLATED)
_3585_/CLK                              0.750000    7.161446   -6.411446 (VIOLATED)
_3587_/CLK                              0.750000    7.161446   -6.411446 (VIOLATED)
_3749_/CLK                              0.750000    7.161447   -6.411447 (VIOLATED)
_3750_/CLK                              0.750000    7.161447   -6.411447 (VIOLATED)
_3575_/CLK                              0.750000    7.161430   -6.411430 (VIOLATED)
_3576_/CLK                              0.750000    7.161436   -6.411436 (VIOLATED)
_3577_/CLK                              0.750000    7.161438   -6.411438 (VIOLATED)
_3579_/CLK                              0.750000    7.161433   -6.411432 (VIOLATED)
_3580_/CLK                              0.750000    7.161438   -6.411438 (VIOLATED)
_3351_/CLK                              0.750000    7.161420   -6.411420 (VIOLATED)
_3353_/CLK                              0.750000    7.161420   -6.411420 (VIOLATED)
_3557_/CLK                              0.750000    7.161422   -6.411422 (VIOLATED)
_3558_/CLK                              0.750000    7.161423   -6.411423 (VIOLATED)
_3560_/CLK                              0.750000    7.161420   -6.411420 (VIOLATED)
_3574_/CLK                              0.750000    7.161421   -6.411421 (VIOLATED)
_3581_/CLK                              0.750000    7.161422   -6.411422 (VIOLATED)
_3582_/CLK                              0.750000    7.161422   -6.411422 (VIOLATED)
_3586_/CLK                              0.750000    7.161421   -6.411421 (VIOLATED)
_3588_/CLK                              0.750000    7.161421   -6.411421 (VIOLATED)
_3637_/CLK                              0.750000    7.161427   -6.411427 (VIOLATED)
_3638_/CLK                              0.750000    7.161427   -6.411427 (VIOLATED)
_3605_/CLK                              0.750000    7.161419   -6.411419 (VIOLATED)
_3608_/CLK                              0.750000    7.161419   -6.411419 (VIOLATED)
_3639_/CLK                              0.750000    7.161425   -6.411425 (VIOLATED)
_3640_/CLK                              0.750000    7.161427   -6.411427 (VIOLATED)
_3641_/CLK                              0.750000    7.161426   -6.411426 (VIOLATED)
_3642_/CLK                              0.750000    7.161425   -6.411425 (VIOLATED)
_3643_/CLK                              0.750000    7.161426   -6.411425 (VIOLATED)
_3644_/CLK                              0.750000    7.161422   -6.411422 (VIOLATED)
_3573_/CLK                              0.750000    7.161407   -6.411407 (VIOLATED)
_3578_/CLK                              0.750000    7.161408   -6.411408 (VIOLATED)
_3606_/CLK                              0.750000    7.161412   -6.411412 (VIOLATED)
_3607_/CLK                              0.750000    7.161412   -6.411412 (VIOLATED)
_3609_/CLK                              0.750000    7.161409   -6.411409 (VIOLATED)
_3610_/CLK                              0.750000    7.161401   -6.411401 (VIOLATED)
_3611_/CLK                              0.750000    7.161399   -6.411399 (VIOLATED)
_3330_/CLK                              0.750000    7.161392   -6.411392 (VIOLATED)
_3445_/CLK                              0.750000    7.161384   -6.411384 (VIOLATED)
_3457_/CLK                              0.750000    7.161386   -6.411386 (VIOLATED)
_3473_/CLK                              0.750000    7.161390   -6.411390 (VIOLATED)
_3489_/CLK                              0.750000    7.161391   -6.411391 (VIOLATED)
_3490_/CLK                              0.750000    7.161391   -6.411391 (VIOLATED)
_3492_/CLK                              0.750000    7.161391   -6.411391 (VIOLATED)
_3493_/CLK                              0.750000    7.161391   -6.411391 (VIOLATED)
_3528_/CLK                              0.750000    7.161389   -6.411389 (VIOLATED)
_3544_/CLK                              0.750000    7.161390   -6.411390 (VIOLATED)
_3559_/CLK                              0.750000    7.161389   -6.411389 (VIOLATED)
_3624_/CLK                              0.750000    7.161388   -6.411388 (VIOLATED)
_3625_/CLK                              0.750000    7.161387   -6.411387 (VIOLATED)
_3561_/CLK                              0.750000    7.161380   -6.411380 (VIOLATED)
_3562_/CLK                              0.750000    7.161381   -6.411380 (VIOLATED)
_3563_/CLK                              0.750000    7.161384   -6.411384 (VIOLATED)
_3564_/CLK                              0.750000    7.161385   -6.411385 (VIOLATED)
_3612_/CLK                              0.750000    7.161381   -6.411380 (VIOLATED)
_3627_/CLK                              0.750000    7.161387   -6.411386 (VIOLATED)
_3565_/CLK                              0.750000    7.161362   -6.411362 (VIOLATED)
_3567_/CLK                              0.750000    7.161366   -6.411366 (VIOLATED)
_3568_/CLK                              0.750000    7.161358   -6.411358 (VIOLATED)
_3494_/CLK                              0.750000    7.161339   -6.411339 (VIOLATED)
_3495_/CLK                              0.750000    7.161339   -6.411339 (VIOLATED)
_3569_/CLK                              0.750000    7.161338   -6.411338 (VIOLATED)
_3571_/CLK                              0.750000    7.161338   -6.411338 (VIOLATED)
_3572_/CLK                              0.750000    7.161339   -6.411339 (VIOLATED)
_3566_/CLK                              0.750000    7.161330   -6.411329 (VIOLATED)
_3570_/CLK                              0.750000    7.161330   -6.411329 (VIOLATED)
_3616_/CLK                              0.750000    7.161306   -6.411306 (VIOLATED)
_3620_/CLK                              0.750000    7.161307   -6.411307 (VIOLATED)
_3498_/CLK                              0.750000    7.161282   -6.411282 (VIOLATED)
_3499_/CLK                              0.750000    7.161282   -6.411282 (VIOLATED)
_3500_/CLK                              0.750000    7.161282   -6.411282 (VIOLATED)
_3501_/CLK                              0.750000    7.161283   -6.411283 (VIOLATED)
_3502_/CLK                              0.750000    7.161283   -6.411283 (VIOLATED)
_3503_/CLK                              0.750000    7.161283   -6.411283 (VIOLATED)
_3617_/CLK                              0.750000    7.161281   -6.411281 (VIOLATED)
_3618_/CLK                              0.750000    7.161287   -6.411287 (VIOLATED)
_3619_/CLK                              0.750000    7.161281   -6.411281 (VIOLATED)
_3775_/CLK                              0.750000    7.161283   -6.411283 (VIOLATED)
_3776_/CLK                              0.750000    7.161284   -6.411284 (VIOLATED)
_3777_/CLK                              0.750000    7.161283   -6.411283 (VIOLATED)
_3779_/CLK                              0.750000    7.161284   -6.411284 (VIOLATED)
_3780_/CLK                              0.750000    7.161285   -6.411285 (VIOLATED)
_3781_/CLK                              0.750000    7.161285   -6.411285 (VIOLATED)
_3175_/CLK                              0.750000    7.161278   -6.411277 (VIOLATED)
_3176_/CLK                              0.750000    7.161277   -6.411277 (VIOLATED)
_3178_/CLK                              0.750000    7.161273   -6.411273 (VIOLATED)
_3179_/CLK                              0.750000    7.161278   -6.411278 (VIOLATED)
_3329_/CLK                              0.750000    7.161276   -6.411276 (VIOLATED)
_3331_/CLK                              0.750000    7.161277   -6.411277 (VIOLATED)
_3440_/CLK                              0.750000    7.161278   -6.411278 (VIOLATED)
_3441_/CLK                              0.750000    7.161278   -6.411278 (VIOLATED)
_3443_/CLK                              0.750000    7.161278   -6.411278 (VIOLATED)
_3444_/CLK                              0.750000    7.161278   -6.411278 (VIOLATED)
_3447_/CLK                              0.750000    7.161277   -6.411277 (VIOLATED)
_3448_/CLK                              0.750000    7.161277   -6.411277 (VIOLATED)
_3177_/CLK                              0.750000    7.161265   -6.411265 (VIOLATED)
_3454_/CLK                              0.750000    7.161271   -6.411270 (VIOLATED)
_3455_/CLK                              0.750000    7.161275   -6.411275 (VIOLATED)
_3456_/CLK                              0.750000    7.161276   -6.411276 (VIOLATED)
_3471_/CLK                              0.750000    7.161272   -6.411272 (VIOLATED)
_3472_/CLK                              0.750000    7.161274   -6.411274 (VIOLATED)
_3518_/CLK                              0.750000    7.161277   -6.411277 (VIOLATED)
_3519_/CLK                              0.750000    7.161277   -6.411277 (VIOLATED)
_3525_/CLK                              0.750000    7.161271   -6.411270 (VIOLATED)
_3526_/CLK                              0.750000    7.161275   -6.411275 (VIOLATED)
_3527_/CLK                              0.750000    7.161275   -6.411275 (VIOLATED)
_3801_/CLK                              0.750000    7.161277   -6.411277 (VIOLATED)
_3533_/CLK                              0.750000    7.161268   -6.411268 (VIOLATED)
_3542_/CLK                              0.750000    7.161272   -6.411271 (VIOLATED)
_3543_/CLK                              0.750000    7.161273   -6.411273 (VIOLATED)
_3804_/CLK                              0.750000    7.161273   -6.411273 (VIOLATED)
_3805_/CLK                              0.750000    7.161276   -6.411276 (VIOLATED)
_3806_/CLK                              0.750000    7.161277   -6.411277 (VIOLATED)
_3814_/CLK                              0.750000    7.161277   -6.411277 (VIOLATED)
_3817_/CLK                              0.750000    7.161276   -6.411276 (VIOLATED)
_3821_/CLK                              0.750000    7.161276   -6.411276 (VIOLATED)
_3822_/CLK                              0.750000    7.161278   -6.411277 (VIOLATED)
_3210_/CLK                              0.750000    7.161263   -6.411263 (VIOLATED)
_3216_/CLK                              0.750000    7.161265   -6.411265 (VIOLATED)
_3462_/CLK                              0.750000    7.161268   -6.411268 (VIOLATED)
_3242_/CLK                              0.750000    7.161261   -6.411261 (VIOLATED)
_3248_/CLK                              0.750000    7.161264   -6.411263 (VIOLATED)
_3322_/CLK                              0.750000    7.161263   -6.411263 (VIOLATED)
_3328_/CLK                              0.750000    7.161265   -6.411265 (VIOLATED)
_3372_/CLK                              0.750000    7.161260   -6.411260 (VIOLATED)
_3380_/CLK                              0.750000    7.161262   -6.411262 (VIOLATED)
_3381_/CLK                              0.750000    7.161264   -6.411264 (VIOLATED)
_3388_/CLK                              0.750000    7.161262   -6.411262 (VIOLATED)
_3389_/CLK                              0.750000    7.161264   -6.411264 (VIOLATED)
_3390_/CLK                              0.750000    7.161264   -6.411264 (VIOLATED)
_3396_/CLK                              0.750000    7.161259   -6.411259 (VIOLATED)
_3417_/CLK                              0.750000    7.161262   -6.411262 (VIOLATED)
_3423_/CLK                              0.750000    7.161265   -6.411265 (VIOLATED)
_3463_/CLK                              0.750000    7.161265   -6.411264 (VIOLATED)
_3464_/CLK                              0.750000    7.161265   -6.411265 (VIOLATED)
_3465_/CLK                              0.750000    7.161269   -6.411269 (VIOLATED)
_3470_/CLK                              0.750000    7.161265   -6.411265 (VIOLATED)
_3534_/CLK                              0.750000    7.161265   -6.411264 (VIOLATED)
_3535_/CLK                              0.750000    7.161265   -6.411265 (VIOLATED)
_3536_/CLK                              0.750000    7.161269   -6.411269 (VIOLATED)
_3632_/CLK                              0.750000    7.161267   -6.411267 (VIOLATED)
_3633_/CLK                              0.750000    7.161267   -6.411267 (VIOLATED)
_3634_/CLK                              0.750000    7.161267   -6.411267 (VIOLATED)
_3662_/CLK                              0.750000    7.161271   -6.411271 (VIOLATED)
_3663_/CLK                              0.750000    7.161271   -6.411271 (VIOLATED)
_3664_/CLK                              0.750000    7.161271   -6.411271 (VIOLATED)
_3478_/CLK                              0.750000    7.161257   -6.411257 (VIOLATED)
_3480_/CLK                              0.750000    7.161259   -6.411259 (VIOLATED)
_3541_/CLK                              0.750000    7.161263   -6.411263 (VIOLATED)
_3652_/CLK                              0.750000    7.161263   -6.411263 (VIOLATED)
_3665_/CLK                              0.750000    7.161268   -6.411268 (VIOLATED)
_3209_/CLK                              0.750000    7.161252   -6.411252 (VIOLATED)
_3214_/CLK                              0.750000    7.161248   -6.411248 (VIOLATED)
_3215_/CLK                              0.750000    7.161252   -6.411251 (VIOLATED)
_3321_/CLK                              0.750000    7.161253   -6.411253 (VIOLATED)
_3326_/CLK                              0.750000    7.161254   -6.411254 (VIOLATED)
_3479_/CLK                              0.750000    7.161251   -6.411251 (VIOLATED)
_3486_/CLK                              0.750000    7.161253   -6.411253 (VIOLATED)
_3487_/CLK                              0.750000    7.161251   -6.411251 (VIOLATED)
_3488_/CLK                              0.750000    7.161251   -6.411251 (VIOLATED)
_3491_/CLK                              0.750000    7.161252   -6.411252 (VIOLATED)
_3496_/CLK                              0.750000    7.161254   -6.411254 (VIOLATED)
_3497_/CLK                              0.750000    7.161255   -6.411255 (VIOLATED)
_3549_/CLK                              0.750000    7.161256   -6.411256 (VIOLATED)
_3551_/CLK                              0.750000    7.161259   -6.411259 (VIOLATED)
_3241_/CLK                              0.750000    7.161247   -6.411247 (VIOLATED)
_3247_/CLK                              0.750000    7.161251   -6.411251 (VIOLATED)
_3327_/CLK                              0.750000    7.161252   -6.411251 (VIOLATED)
_3375_/CLK                              0.750000    7.161244   -6.411244 (VIOLATED)
_3391_/CLK                              0.750000    7.161245   -6.411245 (VIOLATED)
_3397_/CLK                              0.750000    7.161245   -6.411244 (VIOLATED)
_3399_/CLK                              0.750000    7.161246   -6.411246 (VIOLATED)
_3416_/CLK                              0.750000    7.161247   -6.411247 (VIOLATED)
_3422_/CLK                              0.750000    7.161251   -6.411251 (VIOLATED)
_3550_/CLK                              0.750000    7.161252   -6.411252 (VIOLATED)
_3589_/CLK                              0.750000    7.161255   -6.411255 (VIOLATED)
_3590_/CLK                              0.750000    7.161255   -6.411255 (VIOLATED)
_3591_/CLK                              0.750000    7.161255   -6.411255 (VIOLATED)
_3592_/CLK                              0.750000    7.161256   -6.411256 (VIOLATED)
_3593_/CLK                              0.750000    7.161256   -6.411256 (VIOLATED)
_3594_/CLK                              0.750000    7.161255   -6.411255 (VIOLATED)
_3595_/CLK                              0.750000    7.161255   -6.411255 (VIOLATED)
_3596_/CLK                              0.750000    7.161256   -6.411256 (VIOLATED)
_3481_/CLK                              0.750000    7.161243   -6.411243 (VIOLATED)
_3552_/CLK                              0.750000    7.161243   -6.411243 (VIOLATED)
_3621_/CLK                              0.750000    7.161248   -6.411248 (VIOLATED)
_3629_/CLK                              0.750000    7.161252   -6.411252 (VIOLATED)
_3630_/CLK                              0.750000    7.161252   -6.411252 (VIOLATED)
_3631_/CLK                              0.750000    7.161252   -6.411252 (VIOLATED)
_3635_/CLK                              0.750000    7.161254   -6.411254 (VIOLATED)
_3636_/CLK                              0.750000    7.161253   -6.411253 (VIOLATED)
_3622_/CLK                              0.750000    7.161245   -6.411245 (VIOLATED)
_3623_/CLK                              0.750000    7.161248   -6.411248 (VIOLATED)
_3212_/CLK                              0.750000    7.161232   -6.411232 (VIOLATED)
_3246_/CLK                              0.750000    7.161232   -6.411232 (VIOLATED)
_3324_/CLK                              0.750000    7.161232   -6.411232 (VIOLATED)
_3377_/CLK                              0.750000    7.161238   -6.411238 (VIOLATED)
_3393_/CLK                              0.750000    7.161231   -6.411231 (VIOLATED)
_3421_/CLK                              0.750000    7.161237   -6.411237 (VIOLATED)
_3458_/CLK                              0.750000    7.161237   -6.411237 (VIOLATED)
_3459_/CLK                              0.750000    7.161241   -6.411241 (VIOLATED)
_3460_/CLK                              0.750000    7.161241   -6.411241 (VIOLATED)
_3626_/CLK                              0.750000    7.161245   -6.411245 (VIOLATED)
_3628_/CLK                              0.750000    7.161245   -6.411245 (VIOLATED)
_3461_/CLK                              0.750000    7.161235   -6.411235 (VIOLATED)
_3529_/CLK                              0.750000    7.161235   -6.411235 (VIOLATED)
_3530_/CLK                              0.750000    7.161241   -6.411241 (VIOLATED)
_3531_/CLK                              0.750000    7.161242   -6.411242 (VIOLATED)
_3613_/CLK                              0.750000    7.161238   -6.411238 (VIOLATED)
_3614_/CLK                              0.750000    7.161238   -6.411238 (VIOLATED)
_3615_/CLK                              0.750000    7.161238   -6.411238 (VIOLATED)
_3648_/CLK                              0.750000    7.161237   -6.411237 (VIOLATED)
_3649_/CLK                              0.750000    7.161237   -6.411237 (VIOLATED)
_3650_/CLK                              0.750000    7.161237   -6.411237 (VIOLATED)
_3651_/CLK                              0.750000    7.161237   -6.411237 (VIOLATED)
_3211_/CLK                              0.750000    7.161221   -6.411221 (VIOLATED)
_3323_/CLK                              0.750000    7.161222   -6.411222 (VIOLATED)
_3401_/CLK                              0.750000    7.161225   -6.411225 (VIOLATED)
_3325_/CLK                              0.750000    7.161214   -6.411214 (VIOLATED)
_3365_/CLK                              0.750000    7.161217   -6.411217 (VIOLATED)
_3366_/CLK                              0.750000    7.161217   -6.411217 (VIOLATED)
_3367_/CLK                              0.750000    7.161217   -6.411217 (VIOLATED)
_3382_/CLK                              0.750000    7.161217   -6.411217 (VIOLATED)
_3383_/CLK                              0.750000    7.161217   -6.411217 (VIOLATED)
_3446_/CLK                              0.750000    7.161218   -6.411218 (VIOLATED)
_3449_/CLK                              0.750000    7.161218   -6.411218 (VIOLATED)
_3213_/CLK                              0.750000    7.161207   -6.411206 (VIOLATED)
_3362_/CLK                              0.750000    7.161208   -6.411208 (VIOLATED)
_3363_/CLK                              0.750000    7.161209   -6.411209 (VIOLATED)
_3373_/CLK                              0.750000    7.161213   -6.411213 (VIOLATED)
_3374_/CLK                              0.750000    7.161216   -6.411216 (VIOLATED)
_3376_/CLK                              0.750000    7.161222   -6.411222 (VIOLATED)
_3475_/CLK                              0.750000    7.161225   -6.411225 (VIOLATED)
_3517_/CLK                              0.750000    7.161218   -6.411218 (VIOLATED)
_3520_/CLK                              0.750000    7.161217   -6.411217 (VIOLATED)
_3483_/CLK                              0.750000    7.161209   -6.411209 (VIOLATED)
_3485_/CLK                              0.750000    7.161210   -6.411210 (VIOLATED)
_3532_/CLK                              0.750000    7.161211   -6.411211 (VIOLATED)
_3540_/CLK                              0.750000    7.161211   -6.411211 (VIOLATED)
_3546_/CLK                              0.750000    7.161210   -6.411210 (VIOLATED)
_3556_/CLK                              0.750000    7.161211   -6.411211 (VIOLATED)
_3778_/CLK                              0.750000    7.161213   -6.411213 (VIOLATED)
_3782_/CLK                              0.750000    7.161214   -6.411214 (VIOLATED)
_3783_/CLK                              0.750000    7.161214   -6.411214 (VIOLATED)
_3784_/CLK                              0.750000    7.161215   -6.411215 (VIOLATED)
_3785_/CLK                              0.750000    7.161216   -6.411216 (VIOLATED)
_3786_/CLK                              0.750000    7.161216   -6.411216 (VIOLATED)
_3791_/CLK                              0.750000    7.161217   -6.411217 (VIOLATED)
_3792_/CLK                              0.750000    7.161217   -6.411217 (VIOLATED)
_3793_/CLK                              0.750000    7.161217   -6.411217 (VIOLATED)
_3794_/CLK                              0.750000    7.161218   -6.411218 (VIOLATED)
_3795_/CLK                              0.750000    7.161218   -6.411218 (VIOLATED)
_3369_/CLK                              0.750000    7.161206   -6.411206 (VIOLATED)
_3392_/CLK                              0.750000    7.161211   -6.411211 (VIOLATED)
_3442_/CLK                              0.750000    7.161210   -6.411210 (VIOLATED)
_3469_/CLK                              0.750000    7.161211   -6.411211 (VIOLATED)
_3194_/CLK                              0.750000    7.161193   -6.411193 (VIOLATED)
_3200_/CLK                              0.750000    7.161198   -6.411198 (VIOLATED)
_3370_/CLK                              0.750000    7.161200   -6.411199 (VIOLATED)
_3371_/CLK                              0.750000    7.161201   -6.411201 (VIOLATED)
_3378_/CLK                              0.750000    7.161203   -6.411203 (VIOLATED)
_3385_/CLK                              0.750000    7.161203   -6.411203 (VIOLATED)
_3387_/CLK                              0.750000    7.161203   -6.411203 (VIOLATED)
_3398_/CLK                              0.750000    7.161209   -6.411209 (VIOLATED)
_3400_/CLK                              0.750000    7.161210   -6.411210 (VIOLATED)
_3796_/CLK                              0.750000    7.161208   -6.411208 (VIOLATED)
_3797_/CLK                              0.750000    7.161207   -6.411207 (VIOLATED)
_3798_/CLK                              0.750000    7.161208   -6.411208 (VIOLATED)
_3812_/CLK                              0.750000    7.161212   -6.411212 (VIOLATED)
_3813_/CLK                              0.750000    7.161211   -6.411211 (VIOLATED)
_3394_/CLK                              0.750000    7.161198   -6.411198 (VIOLATED)
_3197_/CLK                              0.750000    7.161187   -6.411187 (VIOLATED)
_3258_/CLK                              0.750000    7.161191   -6.411191 (VIOLATED)
_3264_/CLK                              0.750000    7.161197   -6.411197 (VIOLATED)
_3245_/CLK                              0.750000    7.161184   -6.411184 (VIOLATED)
_3261_/CLK                              0.750000    7.161186   -6.411186 (VIOLATED)
_3379_/CLK                              0.750000    7.161190   -6.411190 (VIOLATED)
_3386_/CLK                              0.750000    7.161190   -6.411190 (VIOLATED)
_3395_/CLK                              0.750000    7.161190   -6.411190 (VIOLATED)
_3402_/CLK                              0.750000    7.161190   -6.411190 (VIOLATED)
_3403_/CLK                              0.750000    7.161190   -6.411190 (VIOLATED)
_3420_/CLK                              0.750000    7.161192   -6.411192 (VIOLATED)
_3433_/CLK                              0.750000    7.161193   -6.411192 (VIOLATED)
_3439_/CLK                              0.750000    7.161198   -6.411198 (VIOLATED)
_3482_/CLK                              0.750000    7.161200   -6.411200 (VIOLATED)
_3799_/CLK                              0.750000    7.161200   -6.411200 (VIOLATED)
_3803_/CLK                              0.750000    7.161201   -6.411201 (VIOLATED)
_3815_/CLK                              0.750000    7.161202   -6.411202 (VIOLATED)
_3819_/CLK                              0.750000    7.161204   -6.411204 (VIOLATED)
_3467_/CLK                              0.750000    7.161195   -6.411195 (VIOLATED)
_3476_/CLK                              0.750000    7.161189   -6.411189 (VIOLATED)
_3477_/CLK                              0.750000    7.161192   -6.411192 (VIOLATED)
_3484_/CLK                              0.750000    7.161189   -6.411189 (VIOLATED)
_3538_/CLK                              0.750000    7.161193   -6.411193 (VIOLATED)
_3555_/CLK                              0.750000    7.161192   -6.411192 (VIOLATED)
_3768_/CLK                              0.750000    7.161191   -6.411191 (VIOLATED)
_3774_/CLK                              0.750000    7.161196   -6.411196 (VIOLATED)
_3436_/CLK                              0.750000    7.161187   -6.411187 (VIOLATED)
_3191_/CLK                              0.750000    7.161176   -6.411176 (VIOLATED)
_3192_/CLK                              0.750000    7.161180   -6.411180 (VIOLATED)
_3199_/CLK                              0.750000    7.161182   -6.411182 (VIOLATED)
_3223_/CLK                              0.750000    7.161177   -6.411177 (VIOLATED)
_3224_/CLK                              0.750000    7.161180   -6.411180 (VIOLATED)
_3239_/CLK                              0.750000    7.161178   -6.411178 (VIOLATED)
_3240_/CLK                              0.750000    7.161180   -6.411180 (VIOLATED)
_3263_/CLK                              0.750000    7.161181   -6.411181 (VIOLATED)
_3319_/CLK                              0.750000    7.161179   -6.411179 (VIOLATED)
_3320_/CLK                              0.750000    7.161181   -6.411180 (VIOLATED)
_3438_/CLK                              0.750000    7.161182   -6.411182 (VIOLATED)
_3466_/CLK                              0.750000    7.161183   -6.411183 (VIOLATED)
_3468_/CLK                              0.750000    7.161183   -6.411183 (VIOLATED)
_3474_/CLK                              0.750000    7.161181   -6.411180 (VIOLATED)
_3537_/CLK                              0.750000    7.161183   -6.411183 (VIOLATED)
_3547_/CLK                              0.750000    7.161187   -6.411186 (VIOLATED)
_3548_/CLK                              0.750000    7.161187   -6.411187 (VIOLATED)
_3553_/CLK                              0.750000    7.161187   -6.411187 (VIOLATED)
_3554_/CLK                              0.750000    7.161187   -6.411187 (VIOLATED)
_3771_/CLK                              0.750000    7.161186   -6.411186 (VIOLATED)
_3539_/CLK                              0.750000    7.161179   -6.411179 (VIOLATED)
_3545_/CLK                              0.750000    7.161179   -6.411179 (VIOLATED)
_3800_/CLK                              0.750000    7.161183   -6.411183 (VIOLATED)
_3802_/CLK                              0.750000    7.161183   -6.411183 (VIOLATED)
_3816_/CLK                              0.750000    7.161183   -6.411183 (VIOLATED)
_3818_/CLK                              0.750000    7.161183   -6.411183 (VIOLATED)
_3820_/CLK                              0.750000    7.161183   -6.411183 (VIOLATED)
_3690_/CLK                              0.750000    7.161174   -6.411173 (VIOLATED)
_3691_/CLK                              0.750000    7.161174   -6.411174 (VIOLATED)
_3692_/CLK                              0.750000    7.161175   -6.411175 (VIOLATED)
_3693_/CLK                              0.750000    7.161176   -6.411176 (VIOLATED)
_3694_/CLK                              0.750000    7.161176   -6.411176 (VIOLATED)
_3695_/CLK                              0.750000    7.161177   -6.411177 (VIOLATED)
_3696_/CLK                              0.750000    7.161177   -6.411177 (VIOLATED)
_3697_/CLK                              0.750000    7.161177   -6.411177 (VIOLATED)
_3698_/CLK                              0.750000    7.161177   -6.411177 (VIOLATED)
_3699_/CLK                              0.750000    7.161177   -6.411177 (VIOLATED)
_3709_/CLK                              0.750000    7.161175   -6.411175 (VIOLATED)
_3773_/CLK                              0.750000    7.161181   -6.411181 (VIOLATED)
_3186_/CLK                              0.750000    7.161162   -6.411162 (VIOLATED)
_3190_/CLK                              0.750000    7.161165   -6.411165 (VIOLATED)
_3198_/CLK                              0.750000    7.161166   -6.411166 (VIOLATED)
_3218_/CLK                              0.750000    7.161163   -6.411163 (VIOLATED)
_3222_/CLK                              0.750000    7.161165   -6.411165 (VIOLATED)
_3234_/CLK                              0.750000    7.161164   -6.411164 (VIOLATED)
_3238_/CLK                              0.750000    7.161165   -6.411165 (VIOLATED)
_3262_/CLK                              0.750000    7.161166   -6.411166 (VIOLATED)
_3429_/CLK                              0.750000    7.161168   -6.411168 (VIOLATED)
_3430_/CLK                              0.750000    7.161168   -6.411167 (VIOLATED)
_3431_/CLK                              0.750000    7.161167   -6.411167 (VIOLATED)
_3734_/CLK                              0.750000    7.161173   -6.411173 (VIOLATED)
_3286_/CLK                              0.750000    7.161160   -6.411160 (VIOLATED)
_3314_/CLK                              0.750000    7.161164   -6.411164 (VIOLATED)
_3318_/CLK                              0.750000    7.161165   -6.411165 (VIOLATED)
_3437_/CLK                              0.750000    7.161166   -6.411166 (VIOLATED)
_3735_/CLK                              0.750000    7.161171   -6.411171 (VIOLATED)
_3736_/CLK                              0.750000    7.161172   -6.411172 (VIOLATED)
_3184_/CLK                              0.750000    7.161152   -6.411152 (VIOLATED)
_3356_/CLK                              0.750000    7.161159   -6.411159 (VIOLATED)
_3357_/CLK                              0.750000    7.161160   -6.411160 (VIOLATED)
_3358_/CLK                              0.750000    7.161160   -6.411160 (VIOLATED)
_3359_/CLK                              0.750000    7.161160   -6.411160 (VIOLATED)
_3666_/CLK                              0.750000    7.161163   -6.411163 (VIOLATED)
_3669_/CLK                              0.750000    7.161164   -6.411164 (VIOLATED)
_3670_/CLK                              0.750000    7.161161   -6.411160 (VIOLATED)
_3674_/CLK                              0.750000    7.161163   -6.411163 (VIOLATED)
_3677_/CLK                              0.750000    7.161164   -6.411164 (VIOLATED)
_3700_/CLK                              0.750000    7.161160   -6.411160 (VIOLATED)
_3701_/CLK                              0.750000    7.161160   -6.411160 (VIOLATED)
_3808_/CLK                              0.750000    7.161164   -6.411164 (VIOLATED)
_3809_/CLK                              0.750000    7.161165   -6.411165 (VIOLATED)
_3810_/CLK                              0.750000    7.161165   -6.411165 (VIOLATED)
_3706_/CLK                              0.750000    7.161158   -6.411158 (VIOLATED)
_3811_/CLK                              0.750000    7.161164   -6.411164 (VIOLATED)
_3824_/CLK                              0.750000    7.161164   -6.411164 (VIOLATED)
_3645_/CLK                              0.750000    7.161151   -6.411151 (VIOLATED)
_3646_/CLK                              0.750000    7.161151   -6.411151 (VIOLATED)
_3707_/CLK                              0.750000    7.161157   -6.411157 (VIOLATED)
_3708_/CLK                              0.750000    7.161158   -6.411158 (VIOLATED)
_3737_/CLK                              0.750000    7.161163   -6.411163 (VIOLATED)
_3740_/CLK                              0.750000    7.161164   -6.411164 (VIOLATED)
_3741_/CLK                              0.750000    7.161161   -6.411161 (VIOLATED)
_3772_/CLK                              0.750000    7.161166   -6.411166 (VIOLATED)
_3360_/CLK                              0.750000    7.161158   -6.411158 (VIOLATED)
_3361_/CLK                              0.750000    7.161159   -6.411159 (VIOLATED)
_3364_/CLK                              0.750000    7.161158   -6.411158 (VIOLATED)
_3831_/CLK                              0.750000    7.161163   -6.411163 (VIOLATED)
_3834_/CLK                              0.750000    7.161164   -6.411164 (VIOLATED)
_3404_/CLK                              0.750000    7.161155   -6.411155 (VIOLATED)
_3405_/CLK                              0.750000    7.161155   -6.411155 (VIOLATED)
_3406_/CLK                              0.750000    7.161157   -6.411157 (VIOLATED)
_3407_/CLK                              0.750000    7.161157   -6.411157 (VIOLATED)
_3180_/CLK                              0.750000    7.161146   -6.411146 (VIOLATED)
_3181_/CLK                              0.750000    7.161146   -6.411146 (VIOLATED)
_3182_/CLK                              0.750000    7.161145   -6.411145 (VIOLATED)
_3183_/CLK                              0.750000    7.161145   -6.411145 (VIOLATED)
_3189_/CLK                              0.750000    7.161144   -6.411144 (VIOLATED)
_3195_/CLK                              0.750000    7.161147   -6.411147 (VIOLATED)
_3221_/CLK                              0.750000    7.161144   -6.411144 (VIOLATED)
_3243_/CLK                              0.750000    7.161150   -6.411150 (VIOLATED)
_3244_/CLK                              0.750000    7.161150   -6.411150 (VIOLATED)
_3270_/CLK                              0.750000    7.161146   -6.411146 (VIOLATED)
_3273_/CLK                              0.750000    7.161150   -6.411150 (VIOLATED)
_3276_/CLK                              0.750000    7.161148   -6.411148 (VIOLATED)
_3297_/CLK                              0.750000    7.161149   -6.411149 (VIOLATED)
_3305_/CLK                              0.750000    7.161150   -6.411150 (VIOLATED)
_3368_/CLK                              0.750000    7.161148   -6.411148 (VIOLATED)
_3384_/CLK                              0.750000    7.161148   -6.411148 (VIOLATED)
_3427_/CLK                              0.750000    7.161154   -6.411154 (VIOLATED)
_3428_/CLK                              0.750000    7.161155   -6.411155 (VIOLATED)
_3409_/CLK                              0.750000    7.161147   -6.411147 (VIOLATED)
_3418_/CLK                              0.750000    7.161150   -6.411150 (VIOLATED)
_3419_/CLK                              0.750000    7.161150   -6.411150 (VIOLATED)
_3424_/CLK                              0.750000    7.161155   -6.411155 (VIOLATED)
_3425_/CLK                              0.750000    7.161155   -6.411155 (VIOLATED)
_3426_/CLK                              0.750000    7.161155   -6.411154 (VIOLATED)
_3647_/CLK                              0.750000    7.161150   -6.411150 (VIOLATED)
_3656_/CLK                              0.750000    7.161156   -6.411156 (VIOLATED)
_3657_/CLK                              0.750000    7.161156   -6.411156 (VIOLATED)
_3667_/CLK                              0.750000    7.161153   -6.411153 (VIOLATED)
_3702_/CLK                              0.750000    7.161159   -6.411159 (VIOLATED)
_3703_/CLK                              0.750000    7.161159   -6.411159 (VIOLATED)
_3704_/CLK                              0.750000    7.161159   -6.411159 (VIOLATED)
_3705_/CLK                              0.750000    7.161159   -6.411159 (VIOLATED)
_3675_/CLK                              0.750000    7.161152   -6.411152 (VIOLATED)
_3678_/CLK                              0.750000    7.161158   -6.411158 (VIOLATED)
_3683_/CLK                              0.750000    7.161155   -6.411155 (VIOLATED)
_3738_/CLK                              0.750000    7.161153   -6.411153 (VIOLATED)
_3751_/CLK                              0.750000    7.161150   -6.411150 (VIOLATED)
_3764_/CLK                              0.750000    7.161153   -6.411153 (VIOLATED)
_3832_/CLK                              0.750000    7.161153   -6.411153 (VIOLATED)
_3835_/CLK                              0.750000    7.161158   -6.411158 (VIOLATED)
_3434_/CLK                              0.750000    7.161149   -6.411149 (VIOLATED)
_3185_/CLK                              0.750000    7.161137   -6.411137 (VIOLATED)
_3193_/CLK                              0.750000    7.161139   -6.411139 (VIOLATED)
_3257_/CLK                              0.750000    7.161139   -6.411139 (VIOLATED)
_3259_/CLK                              0.750000    7.161140   -6.411140 (VIOLATED)
_3432_/CLK                              0.750000    7.161139   -6.411139 (VIOLATED)
_3187_/CLK                              0.750000    7.161131   -6.411131 (VIOLATED)
_3188_/CLK                              0.750000    7.161136   -6.411135 (VIOLATED)
_3196_/CLK                              0.750000    7.161138   -6.411138 (VIOLATED)
_3217_/CLK                              0.750000    7.161137   -6.411137 (VIOLATED)
_3230_/CLK                              0.750000    7.161142   -6.411142 (VIOLATED)
_3237_/CLK                              0.750000    7.161144   -6.411144 (VIOLATED)
_3219_/CLK                              0.750000    7.161131   -6.411131 (VIOLATED)
_3220_/CLK                              0.750000    7.161136   -6.411135 (VIOLATED)
_3233_/CLK                              0.750000    7.161137   -6.411137 (VIOLATED)
_3235_/CLK                              0.750000    7.161131   -6.411131 (VIOLATED)
_3236_/CLK                              0.750000    7.161136   -6.411135 (VIOLATED)
_3260_/CLK                              0.750000    7.161138   -6.411138 (VIOLATED)
_3300_/CLK                              0.750000    7.161142   -6.411142 (VIOLATED)
_3308_/CLK                              0.750000    7.161147   -6.411147 (VIOLATED)
_3317_/CLK                              0.750000    7.161144   -6.411144 (VIOLATED)
_3341_/CLK                              0.750000    7.161149   -6.411149 (VIOLATED)
_3435_/CLK                              0.750000    7.161138   -6.411138 (VIOLATED)
_3450_/CLK                              0.750000    7.161144   -6.411144 (VIOLATED)
_3451_/CLK                              0.750000    7.161148   -6.411147 (VIOLATED)
_3521_/CLK                              0.750000    7.161142   -6.411142 (VIOLATED)
_3522_/CLK                              0.750000    7.161146   -6.411146 (VIOLATED)
_3653_/CLK                              0.750000    7.161144   -6.411144 (VIOLATED)
_3654_/CLK                              0.750000    7.161144   -6.411144 (VIOLATED)
_3655_/CLK                              0.750000    7.161144   -6.411144 (VIOLATED)
_3754_/CLK                              0.750000    7.161145   -6.411145 (VIOLATED)
_3452_/CLK                              0.750000    7.161138   -6.411138 (VIOLATED)
_3453_/CLK                              0.750000    7.161138   -6.411138 (VIOLATED)
_3280_/CLK                              0.750000    7.161130   -6.411130 (VIOLATED)
_3313_/CLK                              0.750000    7.161137   -6.411137 (VIOLATED)
_3304_/CLK                              0.750000    7.161129   -6.411128 (VIOLATED)
_3312_/CLK                              0.750000    7.161129   -6.411129 (VIOLATED)
_3316_/CLK                              0.750000    7.161136   -6.411135 (VIOLATED)
_3523_/CLK                              0.750000    7.161135   -6.411134 (VIOLATED)
_3524_/CLK                              0.750000    7.161136   -6.411136 (VIOLATED)
_3767_/CLK                              0.750000    7.161139   -6.411139 (VIOLATED)
_3668_/CLK                              0.750000    7.161131   -6.411131 (VIOLATED)
_3671_/CLK                              0.750000    7.161135   -6.411135 (VIOLATED)
_3672_/CLK                              0.750000    7.161137   -6.411137 (VIOLATED)
_3673_/CLK                              0.750000    7.161137   -6.411137 (VIOLATED)
_3676_/CLK                              0.750000    7.161133   -6.411133 (VIOLATED)
_3679_/CLK                              0.750000    7.161135   -6.411135 (VIOLATED)
_3680_/CLK                              0.750000    7.161137   -6.411137 (VIOLATED)
_3681_/CLK                              0.750000    7.161137   -6.411137 (VIOLATED)
_3685_/CLK                              0.750000    7.161130   -6.411130 (VIOLATED)
_3688_/CLK                              0.750000    7.161130   -6.411130 (VIOLATED)
_3739_/CLK                              0.750000    7.161132   -6.411132 (VIOLATED)
_3742_/CLK                              0.750000    7.161135   -6.411135 (VIOLATED)
_3743_/CLK                              0.750000    7.161137   -6.411137 (VIOLATED)
_3744_/CLK                              0.750000    7.161137   -6.411137 (VIOLATED)
_3769_/CLK                              0.750000    7.161138   -6.411138 (VIOLATED)
_3770_/CLK                              0.750000    7.161137   -6.411137 (VIOLATED)
_3658_/CLK                              0.750000    7.161123   -6.411123 (VIOLATED)
_3659_/CLK                              0.750000    7.161123   -6.411123 (VIOLATED)
_3758_/CLK                              0.750000    7.161129   -6.411129 (VIOLATED)
_3826_/CLK                              0.750000    7.161131   -6.411131 (VIOLATED)
_3829_/CLK                              0.750000    7.161134   -6.411134 (VIOLATED)
_3833_/CLK                              0.750000    7.161133   -6.411133 (VIOLATED)
_3836_/CLK                              0.750000    7.161135   -6.411135 (VIOLATED)
_3837_/CLK                              0.750000    7.161137   -6.411137 (VIOLATED)
_3838_/CLK                              0.750000    7.161137   -6.411137 (VIOLATED)
_3315_/CLK                              0.750000    7.161129   -6.411128 (VIOLATED)
_3343_/CLK                              0.750000    7.161129   -6.411129 (VIOLATED)
_3344_/CLK                              0.750000    7.161123   -6.411123 (VIOLATED)
_3411_/CLK                              0.750000    7.161128   -6.411128 (VIOLATED)
_3345_/CLK                              0.750000    7.161121   -6.411121 (VIOLATED)
_3346_/CLK                              0.750000    7.161124   -6.411124 (VIOLATED)
_3412_/CLK                              0.750000    7.161123   -6.411122 (VIOLATED)
_3413_/CLK                              0.750000    7.161120   -6.411120 (VIOLATED)
_3414_/CLK                              0.750000    7.161126   -6.411126 (VIOLATED)
_3660_/CLK                              0.750000    7.161122   -6.411122 (VIOLATED)
_3661_/CLK                              0.750000    7.161122   -6.411121 (VIOLATED)
_3686_/CLK                              0.750000    7.161123   -6.411123 (VIOLATED)
_3687_/CLK                              0.750000    7.161123   -6.411123 (VIOLATED)
_3827_/CLK                              0.750000    7.161123   -6.411123 (VIOLATED)
_3828_/CLK                              0.750000    7.161124   -6.411124 (VIOLATED)
_3205_/CLK                              0.750000    7.161111   -6.411111 (VIOLATED)
_3253_/CLK                              0.750000    7.161110   -6.411110 (VIOLATED)
_3285_/CLK                              0.750000    7.161115   -6.411115 (VIOLATED)
_3336_/CLK                              0.750000    7.161115   -6.411115 (VIOLATED)
_3204_/CLK                              0.750000    7.161101   -6.411101 (VIOLATED)
_3225_/CLK                              0.750000    7.161104   -6.411104 (VIOLATED)
_3226_/CLK                              0.750000    7.161109   -6.411109 (VIOLATED)
_3229_/CLK                              0.750000    7.161105   -6.411105 (VIOLATED)
_3232_/CLK                              0.750000    7.161110   -6.411110 (VIOLATED)
_3269_/CLK                              0.750000    7.161107   -6.411107 (VIOLATED)
_3272_/CLK                              0.750000    7.161110   -6.411110 (VIOLATED)
_3275_/CLK                              0.750000    7.161116   -6.411116 (VIOLATED)
_3252_/CLK                              0.750000    7.161100   -6.411100 (VIOLATED)
_3265_/CLK                              0.750000    7.161105   -6.411105 (VIOLATED)
_3266_/CLK                              0.750000    7.161110   -6.411110 (VIOLATED)
_3274_/CLK                              0.750000    7.161107   -6.411107 (VIOLATED)
_3277_/CLK                              0.750000    7.161113   -6.411113 (VIOLATED)
_3278_/CLK                              0.750000    7.161114   -6.411114 (VIOLATED)
_3279_/CLK                              0.750000    7.161111   -6.411111 (VIOLATED)
_3281_/CLK                              0.750000    7.161109   -6.411108 (VIOLATED)
_3282_/CLK                              0.750000    7.161110   -6.411110 (VIOLATED)
_3288_/CLK                              0.750000    7.161111   -6.411111 (VIOLATED)
_3293_/CLK                              0.750000    7.161114   -6.411114 (VIOLATED)
_3292_/CLK                              0.750000    7.161103   -6.411103 (VIOLATED)
_3298_/CLK                              0.750000    7.161106   -6.411106 (VIOLATED)
_3299_/CLK                              0.750000    7.161110   -6.411110 (VIOLATED)
_3301_/CLK                              0.750000    7.161113   -6.411113 (VIOLATED)
_3302_/CLK                              0.750000    7.161114   -6.411114 (VIOLATED)
_3303_/CLK                              0.750000    7.161111   -6.411111 (VIOLATED)
_3306_/CLK                              0.750000    7.161107   -6.411107 (VIOLATED)
_3307_/CLK                              0.750000    7.161112   -6.411112 (VIOLATED)
_3309_/CLK                              0.750000    7.161113   -6.411113 (VIOLATED)
_3310_/CLK                              0.750000    7.161114   -6.411114 (VIOLATED)
_3311_/CLK                              0.750000    7.161111   -6.411111 (VIOLATED)
_3756_/CLK                              0.750000    7.161114   -6.411114 (VIOLATED)
_3684_/CLK                              0.750000    7.161104   -6.411104 (VIOLATED)
_3752_/CLK                              0.750000    7.161107   -6.411107 (VIOLATED)
_3753_/CLK                              0.750000    7.161109   -6.411109 (VIOLATED)
_3755_/CLK                              0.750000    7.161113   -6.411113 (VIOLATED)
_3335_/CLK                              0.750000    7.161105   -6.411105 (VIOLATED)
_3757_/CLK                              0.750000    7.161111   -6.411111 (VIOLATED)
_3759_/CLK                              0.750000    7.161108   -6.411108 (VIOLATED)
_3760_/CLK                              0.750000    7.161110   -6.411110 (VIOLATED)
_3763_/CLK                              0.750000    7.161111   -6.411111 (VIOLATED)
_3766_/CLK                              0.750000    7.161110   -6.411110 (VIOLATED)
_3342_/CLK                              0.750000    7.161101   -6.411101 (VIOLATED)
_3825_/CLK                              0.750000    7.161106   -6.411106 (VIOLATED)
_3410_/CLK                              0.750000    7.161099   -6.411099 (VIOLATED)
_3201_/CLK                              0.750000    7.161089   -6.411089 (VIOLATED)
_3206_/CLK                              0.750000    7.161091   -6.411091 (VIOLATED)
_3208_/CLK                              0.750000    7.161086   -6.411086 (VIOLATED)
_3249_/CLK                              0.750000    7.161089   -6.411089 (VIOLATED)
_3254_/CLK                              0.750000    7.161091   -6.411091 (VIOLATED)
_3294_/CLK                              0.750000    7.161093   -6.411093 (VIOLATED)
_3256_/CLK                              0.750000    7.161085   -6.411085 (VIOLATED)
_3408_/CLK                              0.750000    7.161091   -6.411091 (VIOLATED)
_3415_/CLK                              0.750000    7.161090   -6.411090 (VIOLATED)
_3202_/CLK                              0.750000    7.161078   -6.411078 (VIOLATED)
_3271_/CLK                              0.750000    7.161084   -6.411083 (VIOLATED)
_3332_/CLK                              0.750000    7.161090   -6.411089 (VIOLATED)
_3337_/CLK                              0.750000    7.161094   -6.411094 (VIOLATED)
_3284_/CLK                              0.750000    7.161083   -6.411083 (VIOLATED)
_3287_/CLK                              0.750000    7.161084   -6.411083 (VIOLATED)
_3289_/CLK                              0.750000    7.161089   -6.411089 (VIOLATED)
_3333_/CLK                              0.750000    7.161084   -6.411083 (VIOLATED)
_3339_/CLK                              0.750000    7.161088   -6.411088 (VIOLATED)
_3340_/CLK                              0.750000    7.161091   -6.411091 (VIOLATED)
_3347_/CLK                              0.750000    7.161090   -6.411090 (VIOLATED)
_3207_/CLK                              0.750000    7.161077   -6.411076 (VIOLATED)
_3228_/CLK                              0.750000    7.161083   -6.411083 (VIOLATED)
_3231_/CLK                              0.750000    7.161084   -6.411083 (VIOLATED)
_3250_/CLK                              0.750000    7.161076   -6.411076 (VIOLATED)
_3255_/CLK                              0.750000    7.161077   -6.411076 (VIOLATED)
_3268_/CLK                              0.750000    7.161083   -6.411083 (VIOLATED)
_3283_/CLK                              0.750000    7.161075   -6.411075 (VIOLATED)
_3290_/CLK                              0.750000    7.161081   -6.411081 (VIOLATED)
_3296_/CLK                              0.750000    7.161088   -6.411088 (VIOLATED)
_3682_/CLK                              0.750000    7.161091   -6.411091 (VIOLATED)
_3689_/CLK                              0.750000    7.161091   -6.411091 (VIOLATED)
_3823_/CLK                              0.750000    7.161091   -6.411091 (VIOLATED)
_3830_/CLK                              0.750000    7.161091   -6.411091 (VIOLATED)
_3597_/CLK                              0.750000    7.161082   -6.411082 (VIOLATED)
_3598_/CLK                              0.750000    7.161082   -6.411082 (VIOLATED)
_3599_/CLK                              0.750000    7.161082   -6.411082 (VIOLATED)
_3600_/CLK                              0.750000    7.161083   -6.411083 (VIOLATED)
_3601_/CLK                              0.750000    7.161083   -6.411083 (VIOLATED)
_3602_/CLK                              0.750000    7.161084   -6.411083 (VIOLATED)
_3603_/CLK                              0.750000    7.161083   -6.411083 (VIOLATED)
_3604_/CLK                              0.750000    7.161083   -6.411083 (VIOLATED)
_3745_/CLK                              0.750000    7.161079   -6.411079 (VIOLATED)
_3746_/CLK                              0.750000    7.161080   -6.411080 (VIOLATED)
_3747_/CLK                              0.750000    7.161081   -6.411081 (VIOLATED)
_3748_/CLK                              0.750000    7.161081   -6.411081 (VIOLATED)
_3762_/CLK                              0.750000    7.161083   -6.411083 (VIOLATED)
_3765_/CLK                              0.750000    7.161084   -6.411083 (VIOLATED)
_3295_/CLK                              0.750000    7.161076   -6.411076 (VIOLATED)
_3338_/CLK                              0.750000    7.161076   -6.411076 (VIOLATED)
_3761_/CLK                              0.750000    7.161070   -6.411070 (VIOLATED)
_3267_/CLK                              0.750000    7.161062   -6.411062 (VIOLATED)
_3203_/CLK                              0.750000    7.161052   -6.411052 (VIOLATED)
_3227_/CLK                              0.750000    7.161057   -6.411057 (VIOLATED)
_3291_/CLK                              0.750000    7.161057   -6.411057 (VIOLATED)
_3334_/CLK                              0.750000    7.161058   -6.411058 (VIOLATED)
_3251_/CLK                              0.750000    7.161047   -6.411047 (VIOLATED)
clk                                     0.750000    7.160936   -6.410936 (VIOLATED)
_2478_/S                                0.750000    2.568908   -1.818908 (VIOLATED)
_2482_/S                                0.750000    2.568908   -1.818909 (VIOLATED)
_2485_/S                                0.750000    2.568908   -1.818909 (VIOLATED)
_2487_/S                                0.750000    2.568908   -1.818908 (VIOLATED)
_2520_/S                                0.750000    2.568908   -1.818908 (VIOLATED)
_2523_/S                                0.750000    2.568908   -1.818908 (VIOLATED)
_2516_/S                                0.750000    2.568906   -1.818906 (VIOLATED)
_2559_/S                                0.750000    2.568907   -1.818907 (VIOLATED)
_2561_/S                                0.750000    2.568907   -1.818907 (VIOLATED)
_2594_/S                                0.750000    2.568907   -1.818907 (VIOLATED)
_2596_/S                                0.750000    2.568907   -1.818907 (VIOLATED)
_2497_/S                                0.750000    2.568904   -1.818904 (VIOLATED)
_2551_/S                                0.750000    2.568906   -1.818906 (VIOLATED)
_2557_/S                                0.750000    2.568907   -1.818907 (VIOLATED)
_2501_/S                                0.750000    2.568904   -1.818904 (VIOLATED)
_2504_/S                                0.750000    2.568904   -1.818904 (VIOLATED)
_2506_/S                                0.750000    2.568904   -1.818904 (VIOLATED)
_2575_/S                                0.750000    2.568903   -1.818903 (VIOLATED)
_2588_/S                                0.750000    2.568903   -1.818903 (VIOLATED)
_2571_/S                                0.750000    2.568901   -1.818901 (VIOLATED)
_2578_/S                                0.750000    2.568901   -1.818901 (VIOLATED)
_2606_/S                                0.750000    2.568901   -1.818901 (VIOLATED)
_2614_/S                                0.750000    2.568902   -1.818902 (VIOLATED)
_2616_/S                                0.750000    2.568901   -1.818901 (VIOLATED)
_2627_/S                                0.750000    2.568900   -1.818900 (VIOLATED)
_2634_/S                                0.750000    2.568901   -1.818901 (VIOLATED)
_2612_/S                                0.750000    2.568897   -1.818897 (VIOLATED)
_2631_/S                                0.750000    2.568899   -1.818899 (VIOLATED)
_2646_/S                                0.750000    2.568900   -1.818900 (VIOLATED)
_2653_/S                                0.750000    2.568902   -1.818902 (VIOLATED)
_2650_/S                                0.750000    2.568898   -1.818899 (VIOLATED)
_2580_/S                                0.750000    2.568895   -1.818895 (VIOLATED)
_2636_/S                                0.750000    2.568895   -1.818895 (VIOLATED)
_2655_/S                                0.750000    2.568895   -1.818895 (VIOLATED)
_2534_/S                                0.750000    2.568892   -1.818892 (VIOLATED)
_2539_/S                                0.750000    2.568892   -1.818892 (VIOLATED)
_2541_/S                                0.750000    2.568892   -1.818892 (VIOLATED)
_2543_/S                                0.750000    2.568893   -1.818893 (VIOLATED)
_2690_/S                                0.750000    2.568890   -1.818890 (VIOLATED)
_2695_/S                                0.750000    2.568891   -1.818891 (VIOLATED)
_2468_/Y                                0.750000    2.568884   -1.818884 (VIOLATED)
_2525_/S                                0.750000    2.568884   -1.818884 (VIOLATED)
_2598_/S                                0.750000    2.568884   -1.818884 (VIOLATED)
_2660_/S                                0.750000    2.568884   -1.818884 (VIOLATED)
_2665_/S                                0.750000    2.568884   -1.818884 (VIOLATED)
_2670_/S                                0.750000    2.568884   -1.818884 (VIOLATED)
_2675_/S                                0.750000    2.568884   -1.818884 (VIOLATED)
_2680_/S                                0.750000    2.568884   -1.818884 (VIOLATED)
_2685_/S                                0.750000    2.568884   -1.818884 (VIOLATED)
_2751_/S                                0.750000    2.568884   -1.818884 (VIOLATED)
_2752_/B                                0.750000    2.568884   -1.818884 (VIOLATED)
_2755_/A1                               0.750000    2.568884   -1.818884 (VIOLATED)
_2756_/B                                0.750000    2.568884   -1.818884 (VIOLATED)
_2758_/A1                               0.750000    2.568884   -1.818884 (VIOLATED)
_2760_/S                                0.750000    2.568884   -1.818884 (VIOLATED)
_2770_/S                                0.750000    2.568884   -1.818884 (VIOLATED)
_2774_/A1                               0.750000    2.568884   -1.818884 (VIOLATED)
_2777_/A1                               0.750000    2.568884   -1.818884 (VIOLATED)
_2779_/S                                0.750000    2.568884   -1.818884 (VIOLATED)
_1644_/S0                               0.750000    1.121241   -0.371241 (VIOLATED)
_1646_/S0                               0.750000    1.121241   -0.371241 (VIOLATED)
_1648_/S0                               0.750000    1.121241   -0.371241 (VIOLATED)
_1649_/S0                               0.750000    1.121241   -0.371241 (VIOLATED)
_1652_/S0                               0.750000    1.121241   -0.371241 (VIOLATED)
_1653_/S0                               0.750000    1.121241   -0.371241 (VIOLATED)
_1656_/S0                               0.750000    1.121241   -0.371241 (VIOLATED)
_1657_/S0                               0.750000    1.121241   -0.371241 (VIOLATED)
_1660_/S0                               0.750000    1.121241   -0.371241 (VIOLATED)
_1662_/S0                               0.750000    1.121241   -0.371241 (VIOLATED)
_1664_/S0                               0.750000    1.121241   -0.371241 (VIOLATED)
_1665_/S0                               0.750000    1.121241   -0.371241 (VIOLATED)
_1669_/S0                               0.750000    1.121241   -0.371241 (VIOLATED)
_1671_/S0                               0.750000    1.121241   -0.371241 (VIOLATED)
_1673_/S0                               0.750000    1.121241   -0.371241 (VIOLATED)
_1674_/S0                               0.750000    1.121241   -0.371241 (VIOLATED)
_1678_/S0                               0.750000    1.121241   -0.371241 (VIOLATED)
_1680_/S0                               0.750000    1.121241   -0.371241 (VIOLATED)
_1682_/S0                               0.750000    1.121241   -0.371241 (VIOLATED)
_1683_/S0                               0.750000    1.121241   -0.371241 (VIOLATED)
_1686_/S0                               0.750000    1.121241   -0.371241 (VIOLATED)
_1688_/S0                               0.750000    1.121241   -0.371241 (VIOLATED)
_1690_/S0                               0.750000    1.121241   -0.371241 (VIOLATED)
_1691_/S0                               0.750000    1.121241   -0.371241 (VIOLATED)
_1694_/S0                               0.750000    1.121241   -0.371241 (VIOLATED)
_1695_/S0                               0.750000    1.121241   -0.371241 (VIOLATED)
_1698_/S0                               0.750000    1.121241   -0.371241 (VIOLATED)
_1699_/S0                               0.750000    1.121241   -0.371241 (VIOLATED)
_1705_/S0                               0.750000    1.121241   -0.371241 (VIOLATED)
_1707_/S0                               0.750000    1.121241   -0.371241 (VIOLATED)
_1709_/S0                               0.750000    1.121241   -0.371241 (VIOLATED)
_1710_/S0                               0.750000    1.121241   -0.371241 (VIOLATED)
_2853_/A                                0.750000    1.121241   -0.371241 (VIOLATED)
_2854_/A                                0.750000    1.121241   -0.371241 (VIOLATED)
_2855_/A1                               0.750000    1.121241   -0.371241 (VIOLATED)
_3662_/Q                                0.750000    1.121241   -0.371241 (VIOLATED)
_2201_/S                                0.750000    1.113904   -0.363904 (VIOLATED)
_2225_/S                                0.750000    1.113904   -0.363904 (VIOLATED)
_2209_/S                                0.750000    1.113904   -0.363904 (VIOLATED)
_2217_/S                                0.750000    1.113904   -0.363904 (VIOLATED)
_2194_/S                                0.750000    1.113902   -0.363902 (VIOLATED)
_2219_/S                                0.750000    1.113903   -0.363903 (VIOLATED)
_2195_/S                                0.750000    1.113902   -0.363902 (VIOLATED)
_2196_/S                                0.750000    1.113902   -0.363902 (VIOLATED)
_2203_/S                                0.750000    1.113902   -0.363902 (VIOLATED)
_2210_/S                                0.750000    1.113902   -0.363902 (VIOLATED)
_2212_/S                                0.750000    1.113902   -0.363902 (VIOLATED)
_2218_/S                                0.750000    1.113902   -0.363902 (VIOLATED)
_2211_/S                                0.750000    1.113901   -0.363901 (VIOLATED)
_2202_/S                                0.750000    1.113899   -0.363899 (VIOLATED)
_2204_/S                                0.750000    1.113898   -0.363898 (VIOLATED)
_2226_/S                                0.750000    1.113898   -0.363898 (VIOLATED)
_2220_/S                                0.750000    1.113898   -0.363898 (VIOLATED)
_2228_/S                                0.750000    1.113898   -0.363898 (VIOLATED)
_2206_/S                                0.750000    1.113898   -0.363898 (VIOLATED)
_2205_/S                                0.750000    1.113897   -0.363897 (VIOLATED)
_2192_/S                                0.750000    1.113895   -0.363895 (VIOLATED)
_2208_/S                                0.750000    1.113895   -0.363895 (VIOLATED)
_2190_/S                                0.750000    1.113894   -0.363894 (VIOLATED)
_2207_/S                                0.750000    1.113894   -0.363894 (VIOLATED)
_2227_/S                                0.750000    1.113895   -0.363895 (VIOLATED)
_2214_/S                                0.750000    1.113894   -0.363894 (VIOLATED)
_2216_/S                                0.750000    1.113894   -0.363894 (VIOLATED)
_2221_/S                                0.750000    1.113893   -0.363893 (VIOLATED)
_2222_/S                                0.750000    1.113893   -0.363893 (VIOLATED)
_2229_/S                                0.750000    1.113893   -0.363893 (VIOLATED)
_2230_/S                                0.750000    1.113893   -0.363893 (VIOLATED)
_2198_/S                                0.750000    1.113892   -0.363892 (VIOLATED)
_2224_/S                                0.750000    1.113892   -0.363892 (VIOLATED)
_2215_/S                                0.750000    1.113892   -0.363892 (VIOLATED)
_2231_/S                                0.750000    1.113892   -0.363892 (VIOLATED)
_2232_/S                                0.750000    1.113892   -0.363892 (VIOLATED)
_2199_/S                                0.750000    1.113891   -0.363891 (VIOLATED)
_2223_/S                                0.750000    1.113891   -0.363891 (VIOLATED)
_2200_/S                                0.750000    1.113891   -0.363891 (VIOLATED)
_2197_/S                                0.750000    1.113890   -0.363890 (VIOLATED)
_2213_/S                                0.750000    1.113890   -0.363890 (VIOLATED)
_1836_/Y                                0.750000    1.113888   -0.363888 (VIOLATED)
_2152_/S                                0.750000    1.113888   -0.363888 (VIOLATED)
_2162_/B1_N                             0.750000    1.113888   -0.363888 (VIOLATED)
_2163_/A2                               0.750000    1.113888   -0.363888 (VIOLATED)
_2169_/S                                0.750000    1.113888   -0.363888 (VIOLATED)
_2176_/S                                0.750000    1.113888   -0.363888 (VIOLATED)
_2182_/S                                0.750000    1.113888   -0.363888 (VIOLATED)
_2186_/B1_N                             0.750000    1.113888   -0.363888 (VIOLATED)
_2187_/A2                               0.750000    1.113888   -0.363888 (VIOLATED)
_2193_/S                                0.750000    1.113888   -0.363888 (VIOLATED)
_2233_/B                                0.750000    1.113888   -0.363888 (VIOLATED)
_2238_/A                                0.750000    1.113888   -0.363888 (VIOLATED)
_2239_/B1                               0.750000    1.113888   -0.363888 (VIOLATED)
_2268_/S0                               0.750000    1.105305   -0.355305 (VIOLATED)
_2276_/S0                               0.750000    1.105305   -0.355305 (VIOLATED)
_2312_/S0                               0.750000    1.105304   -0.355304 (VIOLATED)
_2267_/S0                               0.750000    1.105303   -0.355303 (VIOLATED)
_2259_/S0                               0.750000    1.105301   -0.355301 (VIOLATED)
_2258_/S0                               0.750000    1.105300   -0.355300 (VIOLATED)
_2321_/S0                               0.750000    1.105300   -0.355300 (VIOLATED)
_2295_/S0                               0.750000    1.105300   -0.355300 (VIOLATED)
_2303_/S0                               0.750000    1.105299   -0.355299 (VIOLATED)
_2313_/S0                               0.750000    1.105298   -0.355298 (VIOLATED)
_2285_/S0                               0.750000    1.105297   -0.355297 (VIOLATED)
_2304_/S0                               0.750000    1.105298   -0.355298 (VIOLATED)
_2277_/S0                               0.750000    1.105297   -0.355297 (VIOLATED)
_2316_/S0                               0.750000    1.105297   -0.355297 (VIOLATED)
_2280_/S0                               0.750000    1.105296   -0.355296 (VIOLATED)
_2322_/S0                               0.750000    1.105296   -0.355296 (VIOLATED)
_2286_/S0                               0.750000    1.105295   -0.355295 (VIOLATED)
_2298_/S0                               0.750000    1.105295   -0.355295 (VIOLATED)
_2325_/S0                               0.750000    1.105294   -0.355294 (VIOLATED)
_2271_/S0                               0.750000    1.105293   -0.355293 (VIOLATED)
_2294_/S0                               0.750000    1.105293   -0.355293 (VIOLATED)
_2289_/S0                               0.750000    1.105289   -0.355289 (VIOLATED)
_2262_/S0                               0.750000    1.105286   -0.355286 (VIOLATED)
_2270_/S0                               0.750000    1.105285   -0.355285 (VIOLATED)
_2261_/S0                               0.750000    1.105283   -0.355283 (VIOLATED)
_2279_/S0                               0.750000    1.105283   -0.355283 (VIOLATED)
_2288_/S0                               0.750000    1.105283   -0.355283 (VIOLATED)
_2297_/S0                               0.750000    1.105283   -0.355283 (VIOLATED)
_2306_/S0                               0.750000    1.105283   -0.355283 (VIOLATED)
_2307_/S0                               0.750000    1.105283   -0.355283 (VIOLATED)
_2315_/S0                               0.750000    1.105283   -0.355283 (VIOLATED)
_2324_/S0                               0.750000    1.105283   -0.355283 (VIOLATED)
_3117_/A                                0.750000    1.105283   -0.355283 (VIOLATED)
_3118_/A                                0.750000    1.105283   -0.355283 (VIOLATED)
_3121_/A                                0.750000    1.105283   -0.355283 (VIOLATED)
_3122_/A1                               0.750000    1.105283   -0.355283 (VIOLATED)
_3808_/Q                                0.750000    1.105283   -0.355283 (VIOLATED)
_2351_/S                                0.750000    0.869472   -0.119472 (VIOLATED)
_2353_/S                                0.750000    0.869471   -0.119471 (VIOLATED)
_2352_/S                                0.750000    0.869471   -0.119471 (VIOLATED)
_2354_/S                                0.750000    0.869471   -0.119471 (VIOLATED)
_2368_/S                                0.750000    0.869470   -0.119470 (VIOLATED)
_2377_/S                                0.750000    0.869468   -0.119468 (VIOLATED)
_2385_/S                                0.750000    0.869467   -0.119467 (VIOLATED)
_2367_/S                                0.750000    0.869466   -0.119466 (VIOLATED)
_2369_/S                                0.750000    0.869466   -0.119466 (VIOLATED)
_2375_/S                                0.750000    0.869465   -0.119465 (VIOLATED)
_2378_/S                                0.750000    0.869465   -0.119465 (VIOLATED)
_2383_/S                                0.750000    0.869463   -0.119463 (VIOLATED)
_2348_/S                                0.750000    0.869463   -0.119463 (VIOLATED)
_2349_/S                                0.750000    0.869463   -0.119463 (VIOLATED)
_2357_/S                                0.750000    0.869462   -0.119462 (VIOLATED)
_2356_/S                                0.750000    0.869462   -0.119462 (VIOLATED)
_2347_/S                                0.750000    0.869461   -0.119461 (VIOLATED)
_2350_/S                                0.750000    0.869461   -0.119461 (VIOLATED)
_2373_/S                                0.750000    0.869461   -0.119461 (VIOLATED)
_2365_/S                                0.750000    0.869460   -0.119460 (VIOLATED)
_2364_/S                                0.750000    0.869459   -0.119459 (VIOLATED)
_2372_/S                                0.750000    0.869459   -0.119459 (VIOLATED)
_2355_/S                                0.750000    0.869459   -0.119459 (VIOLATED)
_2366_/S                                0.750000    0.869459   -0.119459 (VIOLATED)
_2384_/S                                0.750000    0.869459   -0.119459 (VIOLATED)
_2363_/S                                0.750000    0.869457   -0.119457 (VIOLATED)
_2376_/S                                0.750000    0.869456   -0.119456 (VIOLATED)
_2386_/S                                0.750000    0.869454   -0.119454 (VIOLATED)
_2371_/S                                0.750000    0.869453   -0.119453 (VIOLATED)
_2370_/S                                0.750000    0.869452   -0.119452 (VIOLATED)
_2380_/S                                0.750000    0.869450   -0.119450 (VIOLATED)
_2379_/S                                0.750000    0.869450   -0.119450 (VIOLATED)
_2362_/S                                0.750000    0.869448   -0.119449 (VIOLATED)
_2381_/S                                0.750000    0.869449   -0.119449 (VIOLATED)
_2359_/S                                0.750000    0.869447   -0.119447 (VIOLATED)
_2382_/S                                0.750000    0.869447   -0.119447 (VIOLATED)
_2360_/S                                0.750000    0.869447   -0.119447 (VIOLATED)
_2361_/S                                0.750000    0.869446   -0.119446 (VIOLATED)
_2374_/S                                0.750000    0.869441   -0.119441 (VIOLATED)
_2358_/S                                0.750000    0.869439   -0.119439 (VIOLATED)
_2346_/X                                0.750000    0.869436   -0.119436 (VIOLATED)
_2277_/S1                               0.750000    0.754502   -0.004502 (VIOLATED)
_2313_/S1                               0.750000    0.754502   -0.004502 (VIOLATED)
_2304_/S1                               0.750000    0.754501   -0.004501 (VIOLATED)
_2316_/S1                               0.750000    0.754500   -0.004500 (VIOLATED)
_2280_/S1                               0.750000    0.754499   -0.004500 (VIOLATED)
_2268_/S1                               0.750000    0.754499   -0.004499 (VIOLATED)
_2276_/S1                               0.750000    0.754499   -0.004499 (VIOLATED)
_2322_/S1                               0.750000    0.754499   -0.004499 (VIOLATED)
_2259_/S1                               0.750000    0.754499   -0.004499 (VIOLATED)
_2286_/S1                               0.750000    0.754499   -0.004499 (VIOLATED)
_2295_/S1                               0.750000    0.754499   -0.004499 (VIOLATED)
_2312_/S1                               0.750000    0.754499   -0.004499 (VIOLATED)
_2298_/S1                               0.750000    0.754498   -0.004498 (VIOLATED)
_2267_/S1                               0.750000    0.754498   -0.004498 (VIOLATED)
_2325_/S1                               0.750000    0.754497   -0.004498 (VIOLATED)
_2271_/S1                               0.750000    0.754497   -0.004497 (VIOLATED)
_2258_/S1                               0.750000    0.754497   -0.004497 (VIOLATED)
_2321_/S1                               0.750000    0.754496   -0.004496 (VIOLATED)
_2303_/S1                               0.750000    0.754496   -0.004496 (VIOLATED)
_2285_/S1                               0.750000    0.754495   -0.004495 (VIOLATED)
_2289_/S1                               0.750000    0.754494   -0.004494 (VIOLATED)
_2294_/S1                               0.750000    0.754493   -0.004493 (VIOLATED)
_2262_/S1                               0.750000    0.754491   -0.004491 (VIOLATED)
_2270_/S1                               0.750000    0.754490   -0.004490 (VIOLATED)
_2261_/S1                               0.750000    0.754489   -0.004489 (VIOLATED)
_2279_/S1                               0.750000    0.754489   -0.004489 (VIOLATED)
_2288_/S1                               0.750000    0.754489   -0.004489 (VIOLATED)
_2297_/S1                               0.750000    0.754489   -0.004489 (VIOLATED)
_2306_/S1                               0.750000    0.754489   -0.004489 (VIOLATED)
_2307_/S1                               0.750000    0.754489   -0.004489 (VIOLATED)
_2315_/S1                               0.750000    0.754489   -0.004489 (VIOLATED)
_2324_/S1                               0.750000    0.754489   -0.004489 (VIOLATED)
_3120_/A                                0.750000    0.754489   -0.004489 (VIOLATED)
_3121_/C                                0.750000    0.754489   -0.004489 (VIOLATED)
_3122_/A2                               0.750000    0.754489   -0.004489 (VIOLATED)
_3809_/Q                                0.750000    0.754489   -0.004489 (VIOLATED)

max fanout

Pin                                   Limit Fanout  Slack
---------------------------------------------------------
clk                                      10    664   -654 (VIOLATED)
_3748_/Q                                 10    404   -394 (VIOLATED)
_2468_/Y                                 10     58    -48 (VIOLATED)
_1836_/Y                                 10     53    -43 (VIOLATED)
_2346_/X                                 10     40    -30 (VIOLATED)
_3808_/Q                                 10     36    -26 (VIOLATED)
_3662_/Q                                 10     35    -25 (VIOLATED)
_3809_/Q                                 10     35    -25 (VIOLATED)
_3663_/Q                                 10     34    -24 (VIOLATED)
_3749_/Q                                 10     20    -10 (VIOLATED)
_3810_/Q                                 10     19     -9 (VIOLATED)
_3799_/Q                                 10     17     -7 (VIOLATED)
_3800_/Q                                 10     17     -7 (VIOLATED)
_3801_/Q                                 10     17     -7 (VIOLATED)
_3802_/Q                                 10     17     -7 (VIOLATED)
_3803_/Q                                 10     17     -7 (VIOLATED)
_3804_/Q                                 10     17     -7 (VIOLATED)
_3805_/Q                                 10     17     -7 (VIOLATED)
_3806_/Q                                 10     17     -7 (VIOLATED)
_1685_/X                                 10     16     -6 (VIOLATED)
_1771_/X                                 10     16     -6 (VIOLATED)
_1878_/X                                 10     16     -6 (VIOLATED)
_1884_/X                                 10     16     -6 (VIOLATED)
_1891_/X                                 10     16     -6 (VIOLATED)
_1896_/X                                 10     16     -6 (VIOLATED)
_1901_/X                                 10     16     -6 (VIOLATED)
_1907_/X                                 10     16     -6 (VIOLATED)
_1912_/X                                 10     16     -6 (VIOLATED)
_1917_/X                                 10     16     -6 (VIOLATED)
_3664_/Q                                 10     16     -6 (VIOLATED)
_1693_/X                                 10     15     -5 (VIOLATED)
_1701_/X                                 10     15     -5 (VIOLATED)
_2415_/Y                                 10     15     -5 (VIOLATED)
_1651_/X                                 10     14     -4 (VIOLATED)
_1677_/X                                 10     14     -4 (VIOLATED)
_1712_/X                                 10     14     -4 (VIOLATED)
_1676_/Y                                 10     13     -3 (VIOLATED)
_2892_/X                                 10     13     -3 (VIOLATED)
_3813_/Q                                 10     13     -3 (VIOLATED)
_1600_/Y                                 10     11        (VIOLATED)
_3330_/Q                                 10     11        (VIOLATED)

max capacitance

Pin                                        Limit         Cap       Slack
------------------------------------------------------------------------
_3748_/Q                                0.200000    1.722913   -1.522913 (VIOLATED)
clk                                     0.200000    1.613824   -1.413825 (VIOLATED)
_2468_/Y                                0.141917    0.249595   -0.107678 (VIOLATED)
_3662_/Q                                0.200000    0.243641   -0.043641 (VIOLATED)
_3808_/Q                                0.200000    0.240051   -0.040051 (VIOLATED)
_1836_/Y                                0.200000    0.212841   -0.012841 (VIOLATED)



===========================================================================
report_parasitic_annotation -report_unannotated
============================================================================
Found 1 unannotated drivers.
 _3839_/LO
Found 0 partially unannotated drivers.

===========================================================================
max slew violation count 1333
Writing metric design__max_slew_violation__count__corner:nom_tt_025C_1v80: 1333
max fanout violation count 41
Writing metric design__max_fanout_violation__count__corner:nom_tt_025C_1v80: 41
max cap violation count 6
Writing metric design__max_cap_violation__count__corner:nom_tt_025C_1v80: 6
============================================================================

===========================================================================
check_setup -verbose -unconstrained_endpoints -multiple_clock -no_clock -no_input_delay -loops -generated_clocks
===========================================================================
Warning: There is 1 unconstrained endpoint.
  _3745_/D
