Instance,Terminal,Layer,X location,Y location,Voltage
FILLER_93_553,VGND,li1,260.3600,266.5600,0.000000
FILLER_93_545,VGND,li1,258.0600,266.5600,0.000000
FILLER_93_533,VGND,li1,253.4600,266.5600,0.000000
FILLER_93_529,VGND,li1,249.5500,266.5600,0.000000
FILLER_93_517,VGND,li1,246.1000,266.5600,0.000000
FILLER_93_505,VGND,li1,240.5800,266.5600,0.000000
FILLER_93_501,VGND,li1,236.6700,266.5600,0.000000
FILLER_93_489,VGND,li1,233.2200,266.5600,0.000000
FILLER_93_477,VGND,li1,227.7000,266.5600,0.000000
FILLER_93_473,VGND,li1,223.7900,266.5600,0.000000
FILLER_93_461,VGND,li1,220.3400,266.5600,0.000000
FILLER_93_449,VGND,li1,214.8200,266.5600,0.000000
FILLER_93_445,VGND,li1,210.9100,266.5600,0.000000
FILLER_93_433,VGND,li1,207.4600,266.5600,0.000000
FILLER_93_421,VGND,li1,201.9400,266.5600,0.000000
FILLER_93_417,VGND,li1,198.0300,266.5600,0.000000
FILLER_93_405,VGND,li1,194.5800,266.5600,0.000000
FILLER_93_393,VGND,li1,189.0600,266.5600,0.000000
FILLER_93_389,VGND,li1,185.1500,266.5600,0.000000
FILLER_93_377,VGND,li1,181.7000,266.5600,0.000000
FILLER_93_365,VGND,li1,176.1800,266.5600,0.000000
FILLER_93_361,VGND,li1,172.2700,266.5600,0.000000
FILLER_93_349,VGND,li1,168.8200,266.5600,0.000000
FILLER_93_337,VGND,li1,163.3000,266.5600,0.000000
FILLER_93_333,VGND,li1,159.3900,266.5600,0.000000
FILLER_93_321,VGND,li1,155.9400,266.5600,0.000000
FILLER_93_309,VGND,li1,150.4200,266.5600,0.000000
FILLER_93_305,VGND,li1,146.5100,266.5600,0.000000
FILLER_93_293,VGND,li1,143.0600,266.5600,0.000000
FILLER_93_281,VGND,li1,137.5400,266.5600,0.000000
FILLER_93_277,VGND,li1,133.6300,266.5600,0.000000
FILLER_93_265,VGND,li1,130.1800,266.5600,0.000000
FILLER_93_253,VGND,li1,124.6600,266.5600,0.000000
FILLER_93_249,VGND,li1,120.7500,266.5600,0.000000
FILLER_93_237,VGND,li1,117.3000,266.5600,0.000000
FILLER_93_221,VGND,li1,107.8700,266.5600,0.000000
FILLER_93_209,VGND,li1,104.4200,266.5600,0.000000
FILLER_93_197,VGND,li1,98.9000,266.5600,0.000000
FILLER_93_195,VGND,li1,95.4500,266.5600,0.000000
FILLER_93_189,VGND,li1,93.8400,266.5600,0.000000
FILLER_93_173,VGND,li1,86.9400,266.5600,0.000000
FILLER_93_167,VGND,li1,82.5700,266.5600,0.000000
FILLER_93_141,VGND,li1,70.6100,266.5600,0.000000
FILLER_93_136,VGND,li1,69.0000,266.5600,0.000000
FILLER_93_119,VGND,li1,60.4900,266.5600,0.000000
FILLER_93_113,VGND,li1,58.8800,266.5600,0.000000
FILLER_93_101,VGND,li1,52.6700,266.5600,0.000000
FILLER_93_85,VGND,li1,45.5400,266.5600,0.000000
FILLER_93_81,VGND,li1,43.4700,266.5600,0.000000
FILLER_93_69,VGND,li1,40.0200,266.5600,0.000000
FILLER_93_57,VGND,li1,34.5000,266.5600,0.000000
FILLER_93_53,VGND,li1,30.5900,266.5600,0.000000
FILLER_93_41,VGND,li1,27.1400,266.5600,0.000000
FILLER_93_29,VGND,li1,21.6200,266.5600,0.000000
FILLER_93_27,VGND,li1,18.1700,266.5600,0.000000
FILLER_93_15,VGND,li1,15.1800,266.5600,0.000000
FILLER_93_3,VGND,li1,9.6600,266.5600,0.000000
FILLER_92_553,VGND,li1,260.3600,261.1200,0.000144
FILLER_92_545,VGND,li1,258.0600,261.1200,0.000144
FILLER_92_533,VGND,li1,253.4600,261.1200,0.000144
FILLER_92_531,VGND,li1,250.0100,261.1200,0.000144
FILLER_92_525,VGND,li1,248.4000,261.1200,0.000144
FILLER_92_513,VGND,li1,244.2600,261.1200,0.000144
FILLER_92_501,VGND,li1,238.7400,261.1200,0.000144
FILLER_92_489,VGND,li1,233.2200,261.1200,0.000144
FILLER_92_477,VGND,li1,227.7000,261.1200,0.000144
FILLER_92_475,VGND,li1,224.2500,261.1200,0.000144
FILLER_92_471,VGND,li1,223.1000,261.1200,0.000144
FILLER_92_459,VGND,li1,219.4200,261.1200,0.000144
FILLER_92_435,VGND,li1,206.5400,261.1200,0.000141
FILLER_92_429,VGND,li1,203.0900,261.1200,0.000138
FILLER_92_421,VGND,li1,201.0200,261.1200,0.000135
FILLER_92_416,VGND,li1,197.8000,261.1200,0.000131
FILLER_92_404,VGND,li1,194.1200,261.1200,0.000127
FILLER_92_398,VGND,li1,189.0600,261.1200,0.000119
FILLER_92_389,VGND,li1,184.6900,261.1200,0.000107
FILLER_92_381,VGND,li1,182.6200,261.1200,0.000097
FILLER_92_373,VGND,li1,177.5600,261.1200,0.000082
FILLER_92_365,VGND,li1,175.2600,261.1200,0.000091
FILLER_92_362,VGND,li1,172.5000,261.1200,0.000103
FILLER_92_354,VGND,li1,170.2000,261.1200,0.000108
FILLER_92_340,VGND,li1,162.8400,261.1200,0.000130
FILLER_92_328,VGND,li1,159.1600,261.1200,0.000136
FILLER_92_317,VGND,li1,151.5700,261.1200,0.000154
FILLER_92_309,VGND,li1,149.5000,261.1200,0.000159
FILLER_92_305,VGND,li1,146.5100,261.1200,0.000169
FILLER_92_293,VGND,li1,143.0600,261.1200,0.000175
FILLER_92_281,VGND,li1,137.5400,261.1200,0.000187
FILLER_92_269,VGND,li1,132.0200,261.1200,0.000196
FILLER_92_261,VGND,li1,125.8100,261.1200,0.000205
FILLER_92_253,VGND,li1,123.7400,261.1200,0.000208
FILLER_92_246,VGND,li1,120.0600,261.1200,0.000212
FILLER_92_226,VGND,li1,110.1700,261.1200,0.000221
FILLER_92_207,VGND,li1,100.9700,261.1200,0.000225
FILLER_92_201,VGND,li1,99.3600,261.1200,0.000225
FILLER_92_195,VGND,li1,95.4500,261.1200,0.000225
FILLER_92_141,VGND,li1,71.7600,261.1200,0.000192
FILLER_92_136,VGND,li1,69.0000,261.1200,0.000187
FILLER_92_125,VGND,li1,63.2500,261.1200,0.000176
FILLER_92_119,VGND,li1,61.6400,261.1200,0.000171
FILLER_92_94,VGND,li1,48.9900,261.1200,0.000133
FILLER_92_65,VGND,li1,36.1100,261.1200,0.000078
FILLER_92_53,VGND,li1,32.6600,261.1200,0.000070
FILLER_92_41,VGND,li1,27.1400,261.1200,0.000048
FILLER_92_29,VGND,li1,21.6200,261.1200,0.000040
FILLER_92_27,VGND,li1,18.1700,261.1200,0.000040
FILLER_92_15,VGND,li1,15.1800,261.1200,0.000040
FILLER_92_3,VGND,li1,9.6600,261.1200,0.000040
FILLER_91_553,VGND,li1,260.3600,261.1200,0.000144
FILLER_91_541,VGND,li1,257.1400,261.1200,0.000144
FILLER_91_529,VGND,li1,251.6200,261.1200,0.000144
FILLER_91_517,VGND,li1,246.1000,261.1200,0.000144
FILLER_91_505,VGND,li1,240.5800,261.1200,0.000144
FILLER_91_503,VGND,li1,237.1300,261.1200,0.000144
FILLER_91_495,VGND,li1,235.0600,261.1200,0.000144
FILLER_91_483,VGND,li1,230.4600,261.1200,0.000144
FILLER_91_471,VGND,li1,224.9400,261.1200,0.000144
FILLER_91_459,VGND,li1,219.4200,261.1200,0.000144
FILLER_91_446,VGND,li1,211.1400,261.1200,0.000144
FILLER_91_425,VGND,li1,201.2500,261.1200,0.000135
FILLER_91_413,VGND,li1,198.2600,261.1200,0.000131
FILLER_91_350,VGND,li1,166.9800,261.1200,0.000117
FILLER_91_335,VGND,li1,159.8500,261.1200,0.000136
FILLER_91_301,VGND,li1,145.3600,261.1200,0.000169
FILLER_91_256,VGND,li1,123.9700,261.1200,0.000208
FILLER_91_203,VGND,li1,99.1300,261.1200,0.000225
FILLER_91_169,VGND,li1,83.7200,261.1200,0.000215
FILLER_91_135,VGND,li1,67.8500,261.1200,0.000187
FILLER_91_129,VGND,li1,66.2400,261.1200,0.000182
FILLER_91_57,VGND,li1,34.5000,261.1200,0.000078
FILLER_91_55,VGND,li1,31.0500,261.1200,0.000059
FILLER_91_51,VGND,li1,29.9000,261.1200,0.000059
FILLER_91_39,VGND,li1,26.2200,261.1200,0.000040
FILLER_91_27,VGND,li1,20.7000,261.1200,0.000040
FILLER_91_15,VGND,li1,15.1800,261.1200,0.000040
FILLER_91_3,VGND,li1,9.6600,261.1200,0.000040
FILLER_90_553,VGND,li1,260.3600,255.6800,0.000138
FILLER_90_545,VGND,li1,258.0600,255.6800,0.000138
FILLER_90_533,VGND,li1,253.4600,255.6800,0.000138
FILLER_90_531,VGND,li1,250.0100,255.6800,0.000138
FILLER_90_525,VGND,li1,248.4000,255.6800,0.000138
FILLER_90_513,VGND,li1,244.2600,255.6800,0.000138
FILLER_90_501,VGND,li1,238.7400,255.6800,0.000138
FILLER_90_489,VGND,li1,233.2200,255.6800,0.000138
FILLER_90_477,VGND,li1,227.7000,255.6800,0.000138
FILLER_90_472,VGND,li1,223.5600,255.6800,0.000138
FILLER_90_419,VGND,li1,198.4900,255.6800,0.000124
FILLER_90_362,VGND,li1,172.5000,255.6800,0.000125
FILLER_90_321,VGND,li1,153.4100,255.6800,0.000166
FILLER_90_309,VGND,li1,150.4200,255.6800,0.000169
FILLER_90_305,VGND,li1,146.5100,255.6800,0.000173
FILLER_90_260,VGND,li1,125.5800,255.6800,0.000188
FILLER_90_250,VGND,li1,120.9800,255.6800,0.000190
FILLER_90_243,VGND,li1,117.5300,255.6800,0.000192
FILLER_90_237,VGND,li1,115.9200,255.6800,0.000192
FILLER_90_169,VGND,li1,83.7200,255.6800,0.000172
FILLER_90_147,VGND,li1,73.3700,255.6800,0.000157
FILLER_90_141,VGND,li1,71.7600,255.6800,0.000157
FILLER_90_139,VGND,li1,69.6900,255.6800,0.000152
FILLER_90_135,VGND,li1,68.5400,255.6800,0.000152
FILLER_90_97,VGND,li1,50.3700,255.6800,0.000118
FILLER_90_85,VGND,li1,45.3100,255.6800,0.000103
FILLER_90_65,VGND,li1,36.1100,255.6800,0.000073
FILLER_90_53,VGND,li1,32.6600,255.6800,0.000065
FILLER_90_41,VGND,li1,27.1400,255.6800,0.000044
FILLER_90_29,VGND,li1,21.6200,255.6800,0.000037
FILLER_90_27,VGND,li1,18.1700,255.6800,0.000037
FILLER_90_15,VGND,li1,15.1800,255.6800,0.000037
FILLER_90_3,VGND,li1,9.6600,255.6800,0.000037
FILLER_89_553,VGND,li1,260.3600,255.6800,0.000138
FILLER_89_541,VGND,li1,257.1400,255.6800,0.000138
FILLER_89_529,VGND,li1,251.6200,255.6800,0.000138
FILLER_89_517,VGND,li1,246.1000,255.6800,0.000138
FILLER_89_505,VGND,li1,240.5800,255.6800,0.000138
FILLER_89_501,VGND,li1,236.6700,255.6800,0.000138
FILLER_89_493,VGND,li1,234.1400,255.6800,0.000138
FILLER_89_481,VGND,li1,229.5400,255.6800,0.000138
FILLER_89_469,VGND,li1,224.0200,255.6800,0.000138
FILLER_89_426,VGND,li1,201.9400,255.6800,0.000127
FILLER_89_415,VGND,li1,196.8800,255.6800,0.000124
FILLER_89_406,VGND,li1,192.7400,255.6800,0.000117
FILLER_89_360,VGND,li1,172.0400,255.6800,0.000125
FILLER_89_343,VGND,li1,163.5300,255.6800,0.000157
FILLER_89_337,VGND,li1,161.9200,255.6800,0.000160
FILLER_89_335,VGND,li1,159.8500,255.6800,0.000162
FILLER_89_329,VGND,li1,158.2400,255.6800,0.000162
FILLER_89_317,VGND,li1,154.1000,255.6800,0.000166
FILLER_89_290,VGND,li1,140.3000,255.6800,0.000179
FILLER_89_260,VGND,li1,125.8100,255.6800,0.000188
FILLER_89_256,VGND,li1,123.5100,255.6800,0.000189
FILLER_89_251,VGND,li1,121.4400,255.6800,0.000190
FILLER_89_239,VGND,li1,118.2200,255.6800,0.000191
FILLER_89_230,VGND,li1,111.5500,255.6800,0.000193
FILLER_89_225,VGND,li1,109.2500,255.6800,0.000194
FILLER_89_212,VGND,li1,105.8000,255.6800,0.000194
FILLER_89_173,VGND,li1,85.3300,255.6800,0.000176
FILLER_89_169,VGND,li1,84.1800,255.6800,0.000172
FILLER_89_167,VGND,li1,82.5700,255.6800,0.000172
FILLER_89_152,VGND,li1,76.8200,255.6800,0.000164
FILLER_89_135,VGND,li1,67.8500,255.6800,0.000150
FILLER_89_131,VGND,li1,66.7000,255.6800,0.000150
FILLER_89_113,VGND,li1,57.9600,255.6800,0.000134
FILLER_89_101,VGND,li1,52.4400,255.6800,0.000123
FILLER_89_63,VGND,li1,34.7300,255.6800,0.000073
FILLER_89_57,VGND,li1,33.1200,255.6800,0.000065
FILLER_89_55,VGND,li1,31.0500,255.6800,0.000055
FILLER_89_51,VGND,li1,29.9000,255.6800,0.000055
FILLER_89_39,VGND,li1,26.2200,255.6800,0.000037
FILLER_89_27,VGND,li1,20.7000,255.6800,0.000037
FILLER_89_15,VGND,li1,15.1800,255.6800,0.000037
FILLER_89_3,VGND,li1,9.6600,255.6800,0.000037
FILLER_88_553,VGND,li1,260.3600,250.2400,0.000289
FILLER_88_545,VGND,li1,258.0600,250.2400,0.000289
FILLER_88_533,VGND,li1,253.4600,250.2400,0.000289
FILLER_88_530,VGND,li1,249.7800,250.2400,0.000289
FILLER_88_522,VGND,li1,247.4800,250.2400,0.000289
FILLER_88_510,VGND,li1,242.8800,250.2400,0.000289
FILLER_88_498,VGND,li1,237.3600,250.2400,0.000289
FILLER_88_486,VGND,li1,231.8400,250.2400,0.000289
FILLER_88_477,VGND,li1,225.1700,250.2400,0.000289
FILLER_88_473,VGND,li1,223.7900,250.2400,0.000289
FILLER_88_432,VGND,li1,204.4700,250.2400,0.000224
FILLER_88_424,VGND,li1,202.4000,250.2400,0.000206
FILLER_88_419,VGND,li1,198.4900,250.2400,0.000188
FILLER_88_415,VGND,li1,197.3400,250.2400,0.000188
FILLER_88_403,VGND,li1,193.6600,250.2400,0.000172
FILLER_88_398,VGND,li1,188.8300,250.2400,0.000145
FILLER_88_394,VGND,li1,187.6800,250.2400,0.000145
FILLER_88_365,VGND,li1,174.8000,250.2400,0.000127
FILLER_88_363,VGND,li1,172.7300,250.2400,0.000136
FILLER_88_346,VGND,li1,166.5200,250.2400,0.000162
FILLER_88_324,VGND,li1,155.9400,250.2400,0.000205
FILLER_88_320,VGND,li1,152.9500,250.2400,0.000220
FILLER_88_312,VGND,li1,150.8800,250.2400,0.000227
FILLER_88_288,VGND,li1,138.4600,250.2400,0.000265
FILLER_88_281,VGND,li1,135.0100,250.2400,0.000280
FILLER_88_275,VGND,li1,132.4800,250.2400,0.000287
FILLER_88_263,VGND,li1,129.2600,250.2400,0.000300
FILLER_88_251,VGND,li1,121.2100,250.2400,0.000324
FILLER_88_210,VGND,li1,102.3500,250.2400,0.000378
FILLER_88_206,VGND,li1,101.2000,250.2400,0.000378
FILLER_88_170,VGND,li1,85.1000,250.2400,0.000381
FILLER_88_141,VGND,li1,71.0700,250.2400,0.000349
FILLER_88_101,VGND,li1,52.6700,250.2400,0.000256
FILLER_88_76,VGND,li1,42.3200,250.2400,0.000186
FILLER_88_67,VGND,li1,36.5700,250.2400,0.000151
FILLER_88_53,VGND,li1,31.2800,250.2400,0.000112
FILLER_88_41,VGND,li1,27.1400,250.2400,0.000087
FILLER_88_29,VGND,li1,21.6200,250.2400,0.000071
FILLER_88_27,VGND,li1,18.1700,250.2400,0.000071
FILLER_88_15,VGND,li1,15.1800,250.2400,0.000071
FILLER_88_3,VGND,li1,9.6600,250.2400,0.000071
FILLER_87_553,VGND,li1,260.3600,250.2400,0.000289
FILLER_87_541,VGND,li1,257.1400,250.2400,0.000289
FILLER_87_529,VGND,li1,251.6200,250.2400,0.000289
FILLER_87_517,VGND,li1,246.1000,250.2400,0.000289
FILLER_87_505,VGND,li1,240.5800,250.2400,0.000289
FILLER_87_500,VGND,li1,236.4400,250.2400,0.000289
FILLER_87_488,VGND,li1,232.7600,250.2400,0.000289
FILLER_87_467,VGND,li1,220.5700,250.2400,0.000287
FILLER_87_455,VGND,li1,215.0500,250.2400,0.000265
FILLER_87_449,VGND,li1,213.4400,250.2400,0.000265
FILLER_87_446,VGND,li1,211.1400,250.2400,0.000255
FILLER_87_440,VGND,li1,208.3800,250.2400,0.000242
FILLER_87_428,VGND,li1,205.1600,250.2400,0.000224
FILLER_87_420,VGND,li1,198.9500,250.2400,0.000198
FILLER_87_393,VGND,li1,189.0600,250.2400,0.000145
FILLER_87_389,VGND,li1,185.1500,250.2400,0.000133
FILLER_87_371,VGND,li1,176.8700,250.2400,0.000116
FILLER_87_365,VGND,li1,174.1100,250.2400,0.000127
FILLER_87_357,VGND,li1,171.5800,250.2400,0.000136
FILLER_87_350,VGND,li1,166.7500,250.2400,0.000162
FILLER_87_346,VGND,li1,165.6000,250.2400,0.000162
FILLER_87_323,VGND,li1,154.3300,250.2400,0.000214
FILLER_87_293,VGND,li1,140.9900,250.2400,0.000257
FILLER_87_281,VGND,li1,137.5400,250.2400,0.000271
FILLER_87_278,VGND,li1,133.8600,250.2400,0.000280
FILLER_87_270,VGND,li1,131.5600,250.2400,0.000287
FILLER_87_258,VGND,li1,124.4300,250.2400,0.000316
FILLER_87_234,VGND,li1,114.5400,250.2400,0.000341
FILLER_87_223,VGND,li1,108.3300,250.2400,0.000361
FILLER_87_219,VGND,li1,107.1800,250.2400,0.000361
FILLER_87_177,VGND,li1,87.4000,250.2400,0.000385
FILLER_87_162,VGND,li1,81.4200,250.2400,0.000373
FILLER_87_82,VGND,li1,44.6200,250.2400,0.000208
FILLER_87_66,VGND,li1,36.1100,250.2400,0.000151
FILLER_87_53,VGND,li1,30.5900,250.2400,0.000112
FILLER_87_39,VGND,li1,24.8400,250.2400,0.000071
FILLER_87_27,VGND,li1,20.7000,250.2400,0.000071
FILLER_87_15,VGND,li1,15.1800,250.2400,0.000071
FILLER_87_3,VGND,li1,9.6600,250.2400,0.000071
FILLER_86_553,VGND,li1,260.3600,244.8000,0.000173
FILLER_86_545,VGND,li1,258.0600,244.8000,0.000173
FILLER_86_533,VGND,li1,253.4600,244.8000,0.000173
FILLER_86_529,VGND,li1,249.5500,244.8000,0.000173
FILLER_86_517,VGND,li1,246.1000,244.8000,0.000173
FILLER_86_505,VGND,li1,240.5800,244.8000,0.000173
FILLER_86_457,VGND,li1,215.9700,244.8000,0.000161
FILLER_86_445,VGND,li1,212.9800,244.8000,0.000157
FILLER_86_433,VGND,li1,207.4600,244.8000,0.000150
FILLER_86_421,VGND,li1,200.1000,244.8000,0.000141
FILLER_86_419,VGND,li1,198.4900,244.8000,0.000137
FILLER_86_412,VGND,li1,195.2700,244.8000,0.000133
FILLER_86_393,VGND,li1,187.6800,244.8000,0.000118
FILLER_86_381,VGND,li1,183.5400,244.8000,0.000114
FILLER_86_365,VGND,li1,173.8800,244.8000,0.000125
FILLER_86_363,VGND,li1,172.7300,244.8000,0.000138
FILLER_86_359,VGND,li1,171.5800,244.8000,0.000138
FILLER_86_330,VGND,li1,158.0100,244.8000,0.000224
FILLER_86_325,VGND,li1,155.2500,244.8000,0.000235
FILLER_86_304,VGND,li1,146.2800,244.8000,0.000284
FILLER_86_274,VGND,li1,132.0200,244.8000,0.000345
FILLER_86_266,VGND,li1,129.7200,244.8000,0.000354
FILLER_86_241,VGND,li1,118.2200,244.8000,0.000378
FILLER_86_210,VGND,li1,102.5800,244.8000,0.000375
FILLER_86_195,VGND,li1,95.4500,244.8000,0.000370
FILLER_86_191,VGND,li1,94.3000,244.8000,0.000370
FILLER_86_173,VGND,li1,85.3300,244.8000,0.000357
FILLER_86_147,VGND,li1,73.3700,244.8000,0.000327
FILLER_86_141,VGND,li1,71.7600,244.8000,0.000327
FILLER_86_138,VGND,li1,69.4600,244.8000,0.000320
FILLER_86_93,VGND,li1,48.9900,244.8000,0.000252
FILLER_86_85,VGND,li1,46.4600,244.8000,0.000242
FILLER_86_56,VGND,li1,31.5100,244.8000,0.000142
FILLER_86_37,VGND,li1,23.2300,244.8000,0.000088
FILLER_86_29,VGND,li1,20.7000,244.8000,0.000088
FILLER_86_27,VGND,li1,18.1700,244.8000,0.000088
FILLER_86_15,VGND,li1,15.1800,244.8000,0.000088
FILLER_86_3,VGND,li1,9.6600,244.8000,0.000088
FILLER_85_553,VGND,li1,260.3600,244.8000,0.000173
FILLER_85_541,VGND,li1,257.1400,244.8000,0.000173
FILLER_85_529,VGND,li1,251.6200,244.8000,0.000173
FILLER_85_517,VGND,li1,246.1000,244.8000,0.000173
FILLER_85_505,VGND,li1,240.5800,244.8000,0.000173
FILLER_85_503,VGND,li1,237.1300,244.8000,0.000173
FILLER_85_462,VGND,li1,218.5000,244.8000,0.000164
FILLER_85_454,VGND,li1,216.2000,244.8000,0.000161
FILLER_85_447,VGND,li1,211.3700,244.8000,0.000154
FILLER_85_443,VGND,li1,210.2200,244.8000,0.000154
FILLER_85_431,VGND,li1,206.5400,244.8000,0.000150
FILLER_85_393,VGND,li1,186.7600,244.8000,0.000118
FILLER_85_386,VGND,li1,184.4600,244.8000,0.000114
FILLER_85_365,VGND,li1,173.6500,244.8000,0.000125
FILLER_85_337,VGND,li1,161.2300,244.8000,0.000209
FILLER_85_324,VGND,li1,157.3200,244.8000,0.000224
FILLER_85_291,VGND,li1,140.7600,244.8000,0.000309
FILLER_85_281,VGND,li1,135.7000,244.8000,0.000331
FILLER_85_277,VGND,li1,133.6300,244.8000,0.000345
FILLER_85_241,VGND,li1,117.0700,244.8000,0.000378
FILLER_85_225,VGND,li1,109.9400,244.8000,0.000378
FILLER_85_216,VGND,li1,106.7200,244.8000,0.000378
FILLER_85_142,VGND,li1,71.0700,244.8000,0.000320
FILLER_85_138,VGND,li1,69.9200,244.8000,0.000320
FILLER_85_113,VGND,li1,58.4200,244.8000,0.000283
FILLER_85_78,VGND,li1,41.6300,244.8000,0.000222
FILLER_85_27,VGND,li1,18.8600,244.8000,0.000088
FILLER_85_15,VGND,li1,15.1800,244.8000,0.000088
FILLER_85_3,VGND,li1,9.6600,244.8000,0.000088
FILLER_84_553,VGND,li1,260.3600,239.3600,0.000223
FILLER_84_545,VGND,li1,258.0600,239.3600,0.000223
FILLER_84_533,VGND,li1,253.4600,239.3600,0.000223
FILLER_84_524,VGND,li1,248.4000,239.3600,0.000223
FILLER_84_512,VGND,li1,243.8000,239.3600,0.000223
FILLER_84_500,VGND,li1,238.2800,239.3600,0.000223
FILLER_84_475,VGND,li1,224.2500,239.3600,0.000217
FILLER_84_433,VGND,li1,205.1600,239.3600,0.000184
FILLER_84_388,VGND,li1,184.2300,239.3600,0.000126
FILLER_84_380,VGND,li1,182.1600,239.3600,0.000119
FILLER_84_365,VGND,li1,173.6500,239.3600,0.000129
FILLER_84_356,VGND,li1,171.1200,239.3600,0.000148
FILLER_84_329,VGND,li1,157.5500,239.3600,0.000205
FILLER_84_317,VGND,li1,154.1000,239.3600,0.000224
FILLER_84_309,VGND,li1,147.8900,239.3600,0.000257
FILLER_84_305,VGND,li1,146.5100,239.3600,0.000257
FILLER_84_293,VGND,li1,143.0600,239.3600,0.000271
FILLER_84_283,VGND,li1,135.9300,239.3600,0.000307
FILLER_84_277,VGND,li1,134.3200,239.3600,0.000307
FILLER_84_251,VGND,li1,121.2100,239.3600,0.000336
FILLER_84_206,VGND,li1,100.9700,239.3600,0.000318
FILLER_84_141,VGND,li1,71.0700,239.3600,0.000261
FILLER_84_137,VGND,li1,69.2300,239.3600,0.000256
FILLER_84_101,VGND,li1,52.9000,239.3600,0.000201
FILLER_84_72,VGND,li1,39.3300,239.3600,0.000141
FILLER_84_41,VGND,li1,25.7600,239.3600,0.000061
FILLER_84_29,VGND,li1,21.6200,239.3600,0.000061
FILLER_84_27,VGND,li1,18.1700,239.3600,0.000061
FILLER_84_15,VGND,li1,15.1800,239.3600,0.000061
FILLER_84_3,VGND,li1,9.6600,239.3600,0.000061
FILLER_83_543,VGND,li1,258.0600,239.3600,0.000223
FILLER_83_531,VGND,li1,252.5400,239.3600,0.000223
FILLER_83_519,VGND,li1,247.0200,239.3600,0.000223
FILLER_83_498,VGND,li1,235.9800,239.3600,0.000222
FILLER_83_486,VGND,li1,231.8400,239.3600,0.000222
FILLER_83_469,VGND,li1,222.6400,239.3600,0.000217
FILLER_83_445,VGND,li1,210.9100,239.3600,0.000199
FILLER_83_425,VGND,li1,201.2500,239.3600,0.000177
FILLER_83_417,VGND,li1,199.1800,239.3600,0.000172
FILLER_83_391,VGND,li1,185.6100,239.3600,0.000126
FILLER_83_387,VGND,li1,184.4600,239.3600,0.000126
FILLER_83_358,VGND,li1,171.5800,239.3600,0.000139
FILLER_83_326,VGND,li1,155.7100,239.3600,0.000214
FILLER_83_296,VGND,li1,141.9100,239.3600,0.000282
FILLER_83_290,VGND,li1,140.3000,239.3600,0.000282
FILLER_83_279,VGND,li1,134.0900,239.3600,0.000314
FILLER_83_273,VGND,li1,132.4800,239.3600,0.000314
FILLER_83_225,VGND,li1,109.9400,239.3600,0.000328
FILLER_83_218,VGND,li1,107.1800,239.3600,0.000326
FILLER_83_206,VGND,li1,103.0400,239.3600,0.000321
FILLER_83_175,VGND,li1,86.2500,239.3600,0.000291
FILLER_83_169,VGND,li1,84.6400,239.3600,0.000291
FILLER_83_166,VGND,li1,82.3400,239.3600,0.000286
FILLER_83_136,VGND,li1,69.4600,239.3600,0.000256
FILLER_83_113,VGND,li1,58.8800,239.3600,0.000220
FILLER_83_110,VGND,li1,56.5800,239.3600,0.000212
FILLER_83_55,VGND,li1,31.0500,239.3600,0.000090
FILLER_83_51,VGND,li1,29.9000,239.3600,0.000090
FILLER_83_39,VGND,li1,26.2200,239.3600,0.000061
FILLER_83_27,VGND,li1,20.7000,239.3600,0.000061
FILLER_83_15,VGND,li1,15.1800,239.3600,0.000061
FILLER_83_3,VGND,li1,9.6600,239.3600,0.000061
FILLER_82_553,VGND,li1,260.3600,233.9200,0.000483
FILLER_82_520,VGND,li1,246.5600,233.9200,0.000476
FILLER_82_489,VGND,li1,231.1500,233.9200,0.000446
FILLER_82_477,VGND,li1,227.7000,233.9200,0.000438
FILLER_82_473,VGND,li1,223.7900,233.9200,0.000428
FILLER_82_429,VGND,li1,203.5500,233.9200,0.000336
FILLER_82_421,VGND,li1,201.0200,233.9200,0.000319
FILLER_82_418,VGND,li1,198.2600,233.9200,0.000302
FILLER_82_397,VGND,li1,188.3700,233.9200,0.000234
FILLER_82_389,VGND,li1,186.3000,233.9200,0.000210
FILLER_82_377,VGND,li1,181.7000,233.9200,0.000164
FILLER_82_365,VGND,li1,176.1800,233.9200,0.000139
FILLER_82_360,VGND,li1,172.0400,233.9200,0.000150
FILLER_82_338,VGND,li1,161.4600,233.9200,0.000175
FILLER_82_334,VGND,li1,159.3900,233.9200,0.000179
FILLER_82_313,VGND,li1,149.7300,233.9200,0.000194
FILLER_82_251,VGND,li1,121.2100,233.9200,0.000197
FILLER_82_243,VGND,li1,119.1400,233.9200,0.000195
FILLER_82_222,VGND,li1,107.8700,233.9200,0.000182
FILLER_82_210,VGND,li1,104.8800,233.9200,0.000176
FILLER_82_176,VGND,li1,87.4000,233.9200,0.000151
FILLER_82_158,VGND,li1,78.4300,233.9200,0.000137
FILLER_82_152,VGND,li1,76.8200,233.9200,0.000134
FILLER_82_141,VGND,li1,70.8400,233.9200,0.000126
FILLER_82_136,VGND,li1,69.0000,233.9200,0.000123
FILLER_82_110,VGND,li1,56.3500,233.9200,0.000099
FILLER_82_106,VGND,li1,55.2000,233.9200,0.000099
FILLER_82_83,VGND,li1,43.9300,233.9200,0.000075
FILLER_82_65,VGND,li1,35.8800,233.9200,0.000056
FILLER_82_53,VGND,li1,32.6600,233.9200,0.000048
FILLER_82_41,VGND,li1,27.1400,233.9200,0.000033
FILLER_82_29,VGND,li1,21.6200,233.9200,0.000027
FILLER_82_27,VGND,li1,18.1700,233.9200,0.000027
FILLER_82_15,VGND,li1,15.1800,233.9200,0.000027
FILLER_82_3,VGND,li1,9.6600,233.9200,0.000027
FILLER_81_552,VGND,li1,260.1300,233.9200,0.000483
FILLER_81_544,VGND,li1,257.6000,233.9200,0.000483
FILLER_81_501,VGND,li1,236.6700,233.9200,0.000461
FILLER_81_493,VGND,li1,234.1400,233.9200,0.000451
FILLER_81_485,VGND,li1,228.8500,233.9200,0.000438
FILLER_81_478,VGND,li1,225.6300,233.9200,0.000433
FILLER_81_474,VGND,li1,224.4800,233.9200,0.000428
FILLER_81_464,VGND,li1,219.1900,233.9200,0.000416
FILLER_81_460,VGND,li1,218.0400,233.9200,0.000409
FILLER_81_445,VGND,li1,210.9100,233.9200,0.000382
FILLER_81_436,VGND,li1,206.3100,233.9200,0.000354
FILLER_81_428,VGND,li1,204.2400,233.9200,0.000336
FILLER_81_416,VGND,li1,199.6400,233.9200,0.000302
FILLER_81_404,VGND,li1,194.1200,233.9200,0.000269
FILLER_81_391,VGND,li1,185.6100,233.9200,0.000189
FILLER_81_383,VGND,li1,182.1600,233.9200,0.000164
FILLER_81_371,VGND,li1,178.9400,233.9200,0.000133
FILLER_81_359,VGND,li1,173.4200,233.9200,0.000150
FILLER_81_352,VGND,li1,167.6700,233.9200,0.000161
FILLER_81_344,VGND,li1,165.6000,233.9200,0.000166
FILLER_81_333,VGND,li1,159.3900,233.9200,0.000179
FILLER_81_310,VGND,li1,148.8100,233.9200,0.000194
FILLER_81_302,VGND,li1,146.2800,233.9200,0.000196
FILLER_81_279,VGND,li1,134.0900,233.9200,0.000201
FILLER_81_275,VGND,li1,132.9400,233.9200,0.000201
FILLER_81_225,VGND,li1,109.2500,233.9200,0.000182
FILLER_81_220,VGND,li1,107.6400,233.9200,0.000182
FILLER_81_208,VGND,li1,103.9600,233.9200,0.000176
FILLER_81_202,VGND,li1,99.1300,233.9200,0.000169
FILLER_81_193,VGND,li1,94.5300,233.9200,0.000162
FILLER_81_177,VGND,li1,88.7800,233.9200,0.000151
FILLER_81_162,VGND,li1,81.4200,233.9200,0.000141
FILLER_81_152,VGND,li1,75.6700,233.9200,0.000134
FILLER_81_142,VGND,li1,71.0700,233.9200,0.000126
FILLER_81_138,VGND,li1,69.9200,233.9200,0.000123
FILLER_81_111,VGND,li1,56.8100,233.9200,0.000099
FILLER_81_105,VGND,li1,55.2000,233.9200,0.000099
FILLER_81_87,VGND,li1,45.7700,233.9200,0.000079
FILLER_81_83,VGND,li1,44.6200,233.9200,0.000075
FILLER_81_66,VGND,li1,37.7200,233.9200,0.000061
FILLER_81_53,VGND,li1,30.5900,233.9200,0.000042
FILLER_81_39,VGND,li1,24.8400,233.9200,0.000027
FILLER_81_27,VGND,li1,20.7000,233.9200,0.000027
FILLER_81_15,VGND,li1,15.1800,233.9200,0.000027
FILLER_81_3,VGND,li1,9.6600,233.9200,0.000027
FILLER_80_553,VGND,li1,260.3600,228.4800,0.000479
FILLER_80_516,VGND,li1,244.7200,228.4800,0.000451
FILLER_80_499,VGND,li1,236.9000,228.4800,0.000419
FILLER_80_477,VGND,li1,225.4000,228.4800,0.000373
FILLER_80_465,VGND,li1,220.1100,228.4800,0.000344
FILLER_80_454,VGND,li1,215.0500,228.4800,0.000326
FILLER_80_448,VGND,li1,211.8300,228.4800,0.000304
FILLER_80_444,VGND,li1,210.6800,228.4800,0.000304
FILLER_80_435,VGND,li1,206.5400,228.4800,0.000283
FILLER_80_421,VGND,li1,200.5600,228.4800,0.000242
FILLER_80_419,VGND,li1,198.4900,228.4800,0.000231
FILLER_80_415,VGND,li1,197.3400,228.4800,0.000231
FILLER_80_406,VGND,li1,192.5100,228.4800,0.000206
FILLER_80_394,VGND,li1,189.5200,228.4800,0.000189
FILLER_80_382,VGND,li1,184.0000,228.4800,0.000148
FILLER_80_370,VGND,li1,175.9500,228.4800,0.000128
FILLER_80_365,VGND,li1,173.6500,228.4800,0.000141
FILLER_80_358,VGND,li1,171.5800,228.4800,0.000151
FILLER_80_347,VGND,li1,166.9800,228.4800,0.000176
FILLER_80_335,VGND,li1,162.3800,228.4800,0.000194
FILLER_80_323,VGND,li1,156.8600,228.4800,0.000220
FILLER_80_317,VGND,li1,152.0300,228.4800,0.000244
FILLER_80_309,VGND,li1,149.5000,228.4800,0.000256
FILLER_80_302,VGND,li1,145.8200,228.4800,0.000268
FILLER_80_290,VGND,li1,141.6800,228.4800,0.000274
FILLER_80_269,VGND,li1,129.4900,228.4800,0.000287
FILLER_80_253,VGND,li1,122.5900,228.4800,0.000290
FILLER_80_249,VGND,li1,120.7500,228.4800,0.000290
FILLER_80_241,VGND,li1,118.2200,228.4800,0.000291
FILLER_80_213,VGND,li1,104.4200,228.4800,0.000290
FILLER_80_174,VGND,li1,86.4800,228.4800,0.000274
FILLER_80_137,VGND,li1,69.2300,228.4800,0.000231
FILLER_80_93,VGND,li1,49.6800,228.4800,0.000162
FILLER_80_83,VGND,li1,43.9300,228.4800,0.000129
FILLER_80_77,VGND,li1,42.3200,228.4800,0.000129
FILLER_80_56,VGND,li1,32.2000,228.4800,0.000080
FILLER_80_37,VGND,li1,23.2300,228.4800,0.000051
FILLER_80_29,VGND,li1,20.7000,228.4800,0.000051
FILLER_80_27,VGND,li1,18.1700,228.4800,0.000051
FILLER_80_15,VGND,li1,15.1800,228.4800,0.000051
FILLER_80_3,VGND,li1,9.6600,228.4800,0.000051
FILLER_79_549,VGND,li1,259.4400,228.4800,0.000479
FILLER_79_521,VGND,li1,245.4100,228.4800,0.000451
FILLER_79_515,VGND,li1,243.8000,228.4800,0.000451
FILLER_79_494,VGND,li1,233.2200,228.4800,0.000410
FILLER_79_487,VGND,li1,230.0000,228.4800,0.000397
FILLER_79_457,VGND,li1,216.2000,228.4800,0.000326
FILLER_79_449,VGND,li1,213.9000,228.4800,0.000317
FILLER_79_446,VGND,li1,211.1400,228.4800,0.000304
FILLER_79_438,VGND,li1,208.8400,228.4800,0.000293
FILLER_79_413,VGND,li1,195.7300,228.4800,0.000217
FILLER_79_390,VGND,li1,185.3800,228.4800,0.000163
FILLER_79_382,VGND,li1,183.0800,228.4800,0.000148
FILLER_79_356,VGND,li1,169.7400,228.4800,0.000166
FILLER_79_347,VGND,li1,166.0600,228.4800,0.000176
FILLER_79_341,VGND,li1,162.6100,228.4800,0.000194
FILLER_79_337,VGND,li1,161.4600,228.4800,0.000206
FILLER_79_335,VGND,li1,159.8500,228.4800,0.000206
FILLER_79_329,VGND,li1,158.2400,228.4800,0.000220
FILLER_79_317,VGND,li1,154.1000,228.4800,0.000234
FILLER_79_303,VGND,li1,145.5900,228.4800,0.000268
FILLER_79_293,VGND,li1,140.7600,228.4800,0.000274
FILLER_79_281,VGND,li1,137.5400,228.4800,0.000279
FILLER_79_272,VGND,li1,132.4800,228.4800,0.000284
FILLER_79_245,VGND,li1,119.1400,228.4800,0.000291
FILLER_79_233,VGND,li1,115.4600,228.4800,0.000291
FILLER_79_225,VGND,li1,109.2500,228.4800,0.000292
FILLER_79_220,VGND,li1,107.6400,228.4800,0.000291
FILLER_79_169,VGND,li1,83.7200,228.4800,0.000269
FILLER_79_134,VGND,li1,67.6200,228.4800,0.000231
FILLER_79_117,VGND,li1,59.5700,228.4800,0.000202
FILLER_79_113,VGND,li1,58.4200,228.4800,0.000191
FILLER_79_86,VGND,li1,45.3100,228.4800,0.000138
FILLER_79_27,VGND,li1,18.8600,228.4800,0.000051
FILLER_79_15,VGND,li1,15.1800,228.4800,0.000051
FILLER_79_3,VGND,li1,9.6600,228.4800,0.000051
FILLER_78_553,VGND,li1,260.3600,223.0400,0.000223
FILLER_78_522,VGND,li1,245.8700,223.0400,0.000218
FILLER_78_510,VGND,li1,242.8800,223.0400,0.000215
FILLER_78_498,VGND,li1,237.3600,223.0400,0.000212
FILLER_78_486,VGND,li1,231.8400,223.0400,0.000209
FILLER_78_473,VGND,li1,223.7900,223.0400,0.000204
FILLER_78_447,VGND,li1,211.8300,223.0400,0.000193
FILLER_78_421,VGND,li1,199.4100,223.0400,0.000169
FILLER_78_385,VGND,li1,182.8500,223.0400,0.000131
FILLER_78_353,VGND,li1,168.5900,223.0400,0.000189
FILLER_78_280,VGND,li1,134.5500,223.0400,0.000359
FILLER_78_274,VGND,li1,132.9400,223.0400,0.000363
FILLER_78_253,VGND,li1,122.1300,223.0400,0.000381
FILLER_78_244,VGND,li1,119.6000,223.0400,0.000384
FILLER_78_217,VGND,li1,105.5700,223.0400,0.000395
FILLER_78_213,VGND,li1,104.4200,223.0400,0.000396
FILLER_78_194,VGND,li1,95.2200,223.0400,0.000396
FILLER_78_174,VGND,li1,86.4800,223.0400,0.000390
FILLER_78_152,VGND,li1,75.6700,223.0400,0.000378
FILLER_78_130,VGND,li1,65.5500,223.0400,0.000327
FILLER_78_103,VGND,li1,53.3600,223.0400,0.000266
FILLER_78_85,VGND,li1,45.0800,223.0400,0.000211
FILLER_78_79,VGND,li1,42.0900,223.0400,0.000196
FILLER_78_75,VGND,li1,40.9400,223.0400,0.000180
FILLER_78_29,VGND,li1,20.2400,223.0400,0.000078
FILLER_78_27,VGND,li1,18.1700,223.0400,0.000078
FILLER_78_15,VGND,li1,15.1800,223.0400,0.000078
FILLER_78_3,VGND,li1,9.6600,223.0400,0.000078
FILLER_77_554,VGND,li1,260.5900,223.0400,0.000223
FILLER_77_548,VGND,li1,258.9800,223.0400,0.000223
FILLER_77_539,VGND,li1,253.6900,223.0400,0.000222
FILLER_77_535,VGND,li1,252.5400,223.0400,0.000222
FILLER_77_528,VGND,li1,248.8600,223.0400,0.000220
FILLER_77_520,VGND,li1,246.5600,223.0400,0.000218
FILLER_77_499,VGND,li1,235.2900,223.0400,0.000210
FILLER_77_493,VGND,li1,233.6800,223.0400,0.000210
FILLER_77_481,VGND,li1,229.5400,223.0400,0.000207
FILLER_77_449,VGND,li1,212.9800,223.0400,0.000193
FILLER_77_445,VGND,li1,210.9100,223.0400,0.000191
FILLER_77_431,VGND,li1,204.0100,223.0400,0.000181
FILLER_77_421,VGND,li1,199.4100,223.0400,0.000169
FILLER_77_415,VGND,li1,197.8000,223.0400,0.000169
FILLER_77_309,VGND,li1,148.3500,223.0400,0.000323
FILLER_77_301,VGND,li1,145.8200,223.0400,0.000331
FILLER_77_274,VGND,li1,132.2500,223.0400,0.000363
FILLER_77_262,VGND,li1,128.8000,223.0400,0.000370
FILLER_77_250,VGND,li1,123.2800,223.0400,0.000381
FILLER_77_213,VGND,li1,103.7300,223.0400,0.000396
FILLER_77_204,VGND,li1,99.5900,223.0400,0.000397
FILLER_77_200,VGND,li1,98.4400,223.0400,0.000397
FILLER_77_188,VGND,li1,92.6900,223.0400,0.000395
FILLER_77_178,VGND,li1,87.6300,223.0400,0.000390
FILLER_77_169,VGND,li1,83.9500,223.0400,0.000387
FILLER_77_164,VGND,li1,81.8800,223.0400,0.000385
FILLER_77_131,VGND,li1,66.2400,223.0400,0.000339
FILLER_77_121,VGND,li1,61.6400,223.0400,0.000314
FILLER_77_113,VGND,li1,59.3400,223.0400,0.000301
FILLER_77_66,VGND,li1,36.8000,223.0400,0.000160
FILLER_77_55,VGND,li1,31.0500,223.0400,0.000113
FILLER_77_51,VGND,li1,29.9000,223.0400,0.000113
FILLER_77_39,VGND,li1,26.2200,223.0400,0.000078
FILLER_77_27,VGND,li1,20.7000,223.0400,0.000078
FILLER_77_15,VGND,li1,15.1800,223.0400,0.000078
FILLER_77_3,VGND,li1,9.6600,223.0400,0.000078
FILLER_76_553,VGND,li1,260.3600,217.6000,0.000455
FILLER_76_545,VGND,li1,258.0600,217.6000,0.000455
FILLER_76_533,VGND,li1,253.4600,217.6000,0.000455
FILLER_76_531,VGND,li1,250.0100,217.6000,0.000455
FILLER_76_527,VGND,li1,248.8600,217.6000,0.000455
FILLER_76_515,VGND,li1,245.1800,217.6000,0.000455
FILLER_76_489,VGND,li1,230.9200,217.6000,0.000444
FILLER_76_477,VGND,li1,227.7000,217.6000,0.000439
FILLER_76_475,VGND,li1,224.2500,217.6000,0.000437
FILLER_76_467,VGND,li1,222.1800,217.6000,0.000434
FILLER_76_455,VGND,li1,216.6600,217.6000,0.000426
FILLER_76_443,VGND,li1,212.0600,217.6000,0.000422
FILLER_76_426,VGND,li1,201.7100,217.6000,0.000390
FILLER_76_395,VGND,li1,187.6800,217.6000,0.000286
FILLER_76_387,VGND,li1,185.3800,217.6000,0.000259
FILLER_76_383,VGND,li1,181.9300,217.6000,0.000204
FILLER_76_379,VGND,li1,180.7800,217.6000,0.000204
FILLER_76_363,VGND,li1,172.7300,217.6000,0.000204
FILLER_76_353,VGND,li1,168.3600,217.6000,0.000229
FILLER_76_336,VGND,li1,160.3100,217.6000,0.000279
FILLER_76_315,VGND,li1,150.6500,217.6000,0.000325
FILLER_76_309,VGND,li1,149.0400,217.6000,0.000340
FILLER_76_304,VGND,li1,146.2800,217.6000,0.000354
FILLER_76_275,VGND,li1,132.2500,217.6000,0.000421
FILLER_76_271,VGND,li1,131.1000,217.6000,0.000421
FILLER_76_265,VGND,li1,127.8800,217.6000,0.000440
FILLER_76_253,VGND,li1,124.6600,217.6000,0.000457
FILLER_76_251,VGND,li1,121.2100,217.6000,0.000469
FILLER_76_209,VGND,li1,103.0400,217.6000,0.000546
FILLER_76_197,VGND,li1,98.9000,217.6000,0.000548
FILLER_76_192,VGND,li1,94.7600,217.6000,0.000551
FILLER_76_166,VGND,li1,82.1100,217.6000,0.000513
FILLER_76_154,VGND,li1,79.1200,217.6000,0.000497
FILLER_76_141,VGND,li1,71.3000,217.6000,0.000444
FILLER_76_139,VGND,li1,69.6900,217.6000,0.000444
FILLER_76_135,VGND,li1,68.5400,217.6000,0.000434
FILLER_76_110,VGND,li1,57.9600,217.6000,0.000367
FILLER_76_80,VGND,li1,43.2400,217.6000,0.000284
FILLER_76_70,VGND,li1,37.9500,217.6000,0.000241
FILLER_76_47,VGND,li1,27.3700,217.6000,0.000130
FILLER_76_41,VGND,li1,25.7600,217.6000,0.000106
FILLER_76_29,VGND,li1,21.6200,217.6000,0.000106
FILLER_76_27,VGND,li1,18.1700,217.6000,0.000106
FILLER_76_15,VGND,li1,15.1800,217.6000,0.000106
FILLER_76_3,VGND,li1,9.6600,217.6000,0.000106
FILLER_75_549,VGND,li1,259.4400,217.6000,0.000455
FILLER_75_537,VGND,li1,255.3000,217.6000,0.000455
FILLER_75_525,VGND,li1,249.7800,217.6000,0.000455
FILLER_75_498,VGND,li1,235.9800,217.6000,0.000450
FILLER_75_486,VGND,li1,231.8400,217.6000,0.000444
FILLER_75_471,VGND,li1,223.5600,217.6000,0.000434
FILLER_75_459,VGND,li1,219.4200,217.6000,0.000431
FILLER_75_447,VGND,li1,211.3700,217.6000,0.000419
FILLER_75_441,VGND,li1,209.7600,217.6000,0.000419
FILLER_75_416,VGND,li1,197.8000,217.6000,0.000378
FILLER_75_393,VGND,li1,189.0600,217.6000,0.000286
FILLER_75_390,VGND,li1,185.3800,217.6000,0.000259
FILLER_75_378,VGND,li1,182.1600,217.6000,0.000204
FILLER_75_366,VGND,li1,176.6400,217.6000,0.000192
FILLER_75_361,VGND,li1,172.0400,217.6000,0.000216
FILLER_75_349,VGND,li1,168.8200,217.6000,0.000229
FILLER_75_332,VGND,li1,159.1600,217.6000,0.000279
FILLER_75_327,VGND,li1,156.1700,217.6000,0.000305
FILLER_75_321,VGND,li1,154.5600,217.6000,0.000305
FILLER_75_309,VGND,li1,150.4200,217.6000,0.000325
FILLER_75_297,VGND,li1,144.9000,217.6000,0.000354
FILLER_75_284,VGND,li1,136.3900,217.6000,0.000399
FILLER_75_279,VGND,li1,134.0900,217.6000,0.000408
FILLER_75_256,VGND,li1,123.7400,217.6000,0.000457
FILLER_75_248,VGND,li1,121.4400,217.6000,0.000469
FILLER_75_205,VGND,li1,100.0500,217.6000,0.000548
FILLER_75_199,VGND,li1,98.4400,217.6000,0.000548
FILLER_75_169,VGND,li1,84.1800,217.6000,0.000526
FILLER_75_164,VGND,li1,81.8800,217.6000,0.000513
FILLER_75_129,VGND,li1,65.3200,217.6000,0.000420
FILLER_75_109,VGND,li1,56.3500,217.6000,0.000367
FILLER_75_66,VGND,li1,36.5700,217.6000,0.000219
FILLER_75_55,VGND,li1,31.0500,217.6000,0.000157
FILLER_75_51,VGND,li1,29.9000,217.6000,0.000157
FILLER_75_39,VGND,li1,26.2200,217.6000,0.000106
FILLER_75_27,VGND,li1,20.7000,217.6000,0.000106
FILLER_75_15,VGND,li1,15.1800,217.6000,0.000106
FILLER_75_3,VGND,li1,9.6600,217.6000,0.000106
FILLER_74_553,VGND,li1,260.3600,212.1600,0.000170
FILLER_74_545,VGND,li1,258.0600,212.1600,0.000170
FILLER_74_533,VGND,li1,253.4600,212.1600,0.000170
FILLER_74_520,VGND,li1,247.4800,212.1600,0.000170
FILLER_74_514,VGND,li1,242.1900,212.1600,0.000170
FILLER_74_509,VGND,li1,239.8900,212.1600,0.000170
FILLER_74_483,VGND,li1,228.1600,212.1600,0.000168
FILLER_74_467,VGND,li1,221.7200,212.1600,0.000164
FILLER_74_455,VGND,li1,217.5800,212.1600,0.000158
FILLER_74_414,VGND,li1,196.1900,212.1600,0.000123
FILLER_74_403,VGND,li1,191.5900,212.1600,0.000112
FILLER_74_377,VGND,li1,179.1700,212.1600,0.000074
FILLER_74_365,VGND,li1,176.1800,212.1600,0.000083
FILLER_74_361,VGND,li1,172.2700,212.1600,0.000100
FILLER_74_353,VGND,li1,169.7400,212.1600,0.000111
FILLER_74_345,VGND,li1,164.6800,212.1600,0.000140
FILLER_74_333,VGND,li1,161.4600,212.1600,0.000152
FILLER_74_321,VGND,li1,155.9400,212.1600,0.000172
FILLER_74_309,VGND,li1,150.4200,212.1600,0.000196
FILLER_74_305,VGND,li1,146.5100,212.1600,0.000216
FILLER_74_297,VGND,li1,143.9800,212.1600,0.000223
FILLER_74_233,VGND,li1,114.0800,212.1600,0.000312
FILLER_74_227,VGND,li1,110.4000,212.1600,0.000309
FILLER_74_219,VGND,li1,108.1000,212.1600,0.000308
FILLER_74_202,VGND,li1,99.3600,212.1600,0.000299
FILLER_74_171,VGND,li1,84.4100,212.1600,0.000268
FILLER_74_141,VGND,li1,70.6100,212.1600,0.000239
FILLER_74_134,VGND,li1,68.5400,212.1600,0.000231
FILLER_74_101,VGND,li1,52.6700,212.1600,0.000189
FILLER_74_67,VGND,li1,36.5700,212.1600,0.000115
FILLER_74_63,VGND,li1,35.4200,212.1600,0.000115
FILLER_74_41,VGND,li1,25.7600,212.1600,0.000060
FILLER_74_29,VGND,li1,21.6200,212.1600,0.000060
FILLER_74_27,VGND,li1,18.1700,212.1600,0.000060
FILLER_74_15,VGND,li1,15.1800,212.1600,0.000060
FILLER_74_3,VGND,li1,9.6600,212.1600,0.000060
FILLER_73_552,VGND,li1,260.1300,212.1600,0.000170
FILLER_73_544,VGND,li1,257.6000,212.1600,0.000170
FILLER_73_532,VGND,li1,253.0000,212.1600,0.000170
FILLER_73_518,VGND,li1,244.2600,212.1600,0.000170
FILLER_73_501,VGND,li1,236.6700,212.1600,0.000170
FILLER_73_457,VGND,li1,216.6600,212.1600,0.000158
FILLER_73_446,VGND,li1,211.1400,212.1600,0.000151
FILLER_73_365,VGND,li1,174.3400,212.1600,0.000091
FILLER_73_350,VGND,li1,166.7500,212.1600,0.000130
FILLER_73_335,VGND,li1,159.8500,212.1600,0.000161
FILLER_73_329,VGND,li1,158.2400,212.1600,0.000161
FILLER_73_324,VGND,li1,155.0200,212.1600,0.000181
FILLER_73_315,VGND,li1,151.8000,212.1600,0.000196
FILLER_73_279,VGND,li1,134.0900,212.1600,0.000266
FILLER_73_257,VGND,li1,124.2000,212.1600,0.000297
FILLER_73_212,VGND,li1,105.8000,212.1600,0.000306
FILLER_73_27,VGND,li1,18.8600,212.1600,0.000060
FILLER_73_15,VGND,li1,15.1800,212.1600,0.000060
FILLER_73_3,VGND,li1,9.6600,212.1600,0.000060
FILLER_72_553,VGND,li1,260.3600,206.7200,0.000099
FILLER_72_545,VGND,li1,258.0600,206.7200,0.000099
FILLER_72_533,VGND,li1,253.4600,206.7200,0.000099
FILLER_72_530,VGND,li1,249.7800,206.7200,0.000099
FILLER_72_497,VGND,li1,234.3700,206.7200,0.000094
FILLER_72_486,VGND,li1,229.7700,206.7200,0.000091
FILLER_72_477,VGND,li1,225.1700,206.7200,0.000088
FILLER_72_475,VGND,li1,224.2500,206.7200,0.000088
FILLER_72_453,VGND,li1,215.7400,206.7200,0.000083
FILLER_72_429,VGND,li1,203.7800,206.7200,0.000076
FILLER_72_418,VGND,li1,198.2600,206.7200,0.000072
FILLER_72_405,VGND,li1,192.2800,206.7200,0.000066
FILLER_72_362,VGND,li1,172.5000,206.7200,0.000063
FILLER_72_340,VGND,li1,162.3800,206.7200,0.000087
FILLER_72_330,VGND,li1,157.7800,206.7200,0.000095
FILLER_72_324,VGND,li1,155.0200,206.7200,0.000100
FILLER_72_299,VGND,li1,143.2900,206.7200,0.000119
FILLER_72_286,VGND,li1,137.7700,206.7200,0.000127
FILLER_72_273,VGND,li1,132.4800,206.7200,0.000135
FILLER_72_261,VGND,li1,128.3400,206.7200,0.000139
FILLER_72_249,VGND,li1,120.7500,206.7200,0.000148
FILLER_72_232,VGND,li1,112.7000,206.7200,0.000154
FILLER_72_213,VGND,li1,104.1900,206.7200,0.000158
FILLER_72_205,VGND,li1,101.6600,206.7200,0.000157
FILLER_72_175,VGND,li1,86.2500,206.7200,0.000149
FILLER_72_141,VGND,li1,70.8400,206.7200,0.000128
FILLER_72_138,VGND,li1,69.4600,206.7200,0.000128
FILLER_72_93,VGND,li1,48.9900,206.7200,0.000091
FILLER_72_85,VGND,li1,46.4600,206.7200,0.000086
FILLER_72_83,VGND,li1,43.9300,206.7200,0.000081
FILLER_72_57,VGND,li1,32.2000,206.7200,0.000050
FILLER_72_29,VGND,li1,21.6200,206.7200,0.000033
FILLER_72_27,VGND,li1,18.1700,206.7200,0.000033
FILLER_72_15,VGND,li1,15.1800,206.7200,0.000033
FILLER_72_3,VGND,li1,9.6600,206.7200,0.000033
FILLER_71_554,VGND,li1,260.5900,206.7200,0.000099
FILLER_71_550,VGND,li1,259.4400,206.7200,0.000099
FILLER_71_538,VGND,li1,255.7600,206.7200,0.000099
FILLER_71_526,VGND,li1,250.2400,206.7200,0.000099
FILLER_71_505,VGND,li1,238.0500,206.7200,0.000095
FILLER_71_503,VGND,li1,237.1300,206.7200,0.000095
FILLER_71_467,VGND,li1,220.5700,206.7200,0.000085
FILLER_71_461,VGND,li1,218.9600,206.7200,0.000085
FILLER_71_449,VGND,li1,214.8200,206.7200,0.000083
FILLER_71_447,VGND,li1,211.3700,206.7200,0.000080
FILLER_71_439,VGND,li1,209.3000,206.7200,0.000079
FILLER_71_427,VGND,li1,204.7000,206.7200,0.000076
FILLER_71_403,VGND,li1,191.1300,206.7200,0.000063
FILLER_71_393,VGND,li1,187.2200,206.7200,0.000061
FILLER_71_389,VGND,li1,185.1500,206.7200,0.000057
FILLER_71_368,VGND,li1,175.0300,206.7200,0.000056
FILLER_71_334,VGND,li1,159.6200,206.7200,0.000091
FILLER_71_306,VGND,li1,146.5100,206.7200,0.000114
FILLER_71_294,VGND,li1,143.5200,206.7200,0.000119
FILLER_71_285,VGND,li1,136.8500,206.7200,0.000127
FILLER_71_281,VGND,li1,135.7000,206.7200,0.000130
FILLER_71_272,VGND,li1,130.8700,206.7200,0.000135
FILLER_71_264,VGND,li1,128.8000,206.7200,0.000139
FILLER_71_225,VGND,li1,109.4800,206.7200,0.000157
FILLER_71_206,VGND,li1,100.7400,206.7200,0.000156
FILLER_71_194,VGND,li1,97.5200,206.7200,0.000155
FILLER_71_187,VGND,li1,92.0000,206.7200,0.000154
FILLER_71_167,VGND,li1,82.5700,206.7200,0.000145
FILLER_71_163,VGND,li1,81.4200,206.7200,0.000145
FILLER_71_140,VGND,li1,70.3800,206.7200,0.000128
FILLER_71_132,VGND,li1,66.4700,206.7200,0.000122
FILLER_71_128,VGND,li1,65.3200,206.7200,0.000122
FILLER_71_119,VGND,li1,60.4900,206.7200,0.000114
FILLER_71_113,VGND,li1,58.8800,206.7200,0.000109
FILLER_71_98,VGND,li1,51.9800,206.7200,0.000098
FILLER_71_87,VGND,li1,46.2300,206.7200,0.000086
FILLER_71_79,VGND,li1,43.7000,206.7200,0.000081
FILLER_71_70,VGND,li1,37.9500,206.7200,0.000065
FILLER_71_66,VGND,li1,36.8000,206.7200,0.000065
FILLER_71_54,VGND,li1,30.8200,206.7200,0.000050
FILLER_71_45,VGND,li1,26.4500,206.7200,0.000033
FILLER_71_39,VGND,li1,24.8400,206.7200,0.000033
FILLER_71_27,VGND,li1,20.7000,206.7200,0.000033
FILLER_71_15,VGND,li1,15.1800,206.7200,0.000033
FILLER_71_3,VGND,li1,9.6600,206.7200,0.000033
FILLER_70_553,VGND,li1,260.3600,201.2800,0.000204
FILLER_70_545,VGND,li1,258.0600,201.2800,0.000204
FILLER_70_533,VGND,li1,253.4600,201.2800,0.000204
FILLER_70_529,VGND,li1,249.5500,201.2800,0.000204
FILLER_70_517,VGND,li1,246.1000,201.2800,0.000202
FILLER_70_503,VGND,li1,238.2800,201.2800,0.000195
FILLER_70_477,VGND,li1,225.4000,201.2800,0.000178
FILLER_70_464,VGND,li1,221.7200,201.2800,0.000174
FILLER_70_453,VGND,li1,214.5900,201.2800,0.000162
FILLER_70_445,VGND,li1,212.0600,201.2800,0.000153
FILLER_70_433,VGND,li1,207.4600,201.2800,0.000145
FILLER_70_421,VGND,li1,201.9400,201.2800,0.000134
FILLER_70_412,VGND,li1,196.8800,201.2800,0.000123
FILLER_70_400,VGND,li1,192.2800,201.2800,0.000113
FILLER_70_365,VGND,li1,173.6500,201.2800,0.000085
FILLER_70_361,VGND,li1,172.2700,201.2800,0.000085
FILLER_70_353,VGND,li1,169.7400,201.2800,0.000090
FILLER_70_341,VGND,li1,165.1400,201.2800,0.000094
FILLER_70_296,VGND,li1,144.4400,201.2800,0.000118
FILLER_70_273,VGND,li1,131.7900,201.2800,0.000123
FILLER_70_261,VGND,li1,128.3400,201.2800,0.000124
FILLER_70_249,VGND,li1,120.7500,201.2800,0.000124
FILLER_70_232,VGND,li1,112.4700,201.2800,0.000124
FILLER_70_214,VGND,li1,104.1900,201.2800,0.000120
FILLER_70_210,VGND,li1,103.0400,201.2800,0.000120
FILLER_70_205,VGND,li1,100.0500,201.2800,0.000118
FILLER_70_193,VGND,li1,94.9900,201.2800,0.000115
FILLER_70_172,VGND,li1,85.5600,201.2800,0.000111
FILLER_70_160,VGND,li1,81.8800,201.2800,0.000107
FILLER_70_141,VGND,li1,71.0700,201.2800,0.000095
FILLER_70_139,VGND,li1,69.6900,201.2800,0.000095
FILLER_70_125,VGND,li1,64.4000,201.2800,0.000089
FILLER_70_113,VGND,li1,60.2600,201.2800,0.000085
FILLER_70_101,VGND,li1,54.7400,201.2800,0.000079
FILLER_70_78,VGND,li1,41.6300,201.2800,0.000057
FILLER_70_69,VGND,li1,37.4900,201.2800,0.000045
FILLER_70_63,VGND,li1,35.8800,201.2800,0.000045
FILLER_70_53,VGND,li1,30.3600,201.2800,0.000032
FILLER_70_41,VGND,li1,27.1400,201.2800,0.000026
FILLER_70_29,VGND,li1,21.6200,201.2800,0.000022
FILLER_70_27,VGND,li1,18.1700,201.2800,0.000022
FILLER_70_15,VGND,li1,15.1800,201.2800,0.000022
FILLER_70_3,VGND,li1,9.6600,201.2800,0.000022
FILLER_69_554,VGND,li1,260.5900,201.2800,0.000204
FILLER_69_548,VGND,li1,258.9800,201.2800,0.000204
FILLER_69_517,VGND,li1,243.8000,201.2800,0.000199
FILLER_69_505,VGND,li1,240.5800,201.2800,0.000197
FILLER_69_501,VGND,li1,236.6700,201.2800,0.000193
FILLER_69_493,VGND,li1,234.1400,201.2800,0.000191
FILLER_69_481,VGND,li1,229.5400,201.2800,0.000186
FILLER_69_469,VGND,li1,224.0200,201.2800,0.000178
FILLER_69_444,VGND,li1,210.6800,201.2800,0.000153
FILLER_69_432,VGND,li1,207.0000,201.2800,0.000145
FILLER_69_417,VGND,li1,198.7200,201.2800,0.000127
FILLER_69_405,VGND,li1,194.5800,201.2800,0.000118
FILLER_69_393,VGND,li1,189.0600,201.2800,0.000106
FILLER_69_389,VGND,li1,185.1500,201.2800,0.000097
FILLER_69_369,VGND,li1,175.9500,201.2800,0.000082
FILLER_69_361,VGND,li1,173.4200,201.2800,0.000085
FILLER_69_349,VGND,li1,168.8200,201.2800,0.000090
FILLER_69_337,VGND,li1,163.3000,201.2800,0.000097
FILLER_69_335,VGND,li1,159.8500,201.2800,0.000103
FILLER_69_329,VGND,li1,158.2400,201.2800,0.000103
FILLER_69_317,VGND,li1,151.8000,201.2800,0.000112
FILLER_69_305,VGND,li1,148.5800,201.2800,0.000115
FILLER_69_293,VGND,li1,143.0600,201.2800,0.000118
FILLER_69_281,VGND,li1,137.5400,201.2800,0.000122
FILLER_69_279,VGND,li1,134.0900,201.2800,0.000123
FILLER_69_271,VGND,li1,132.0200,201.2800,0.000123
FILLER_69_264,VGND,li1,127.1900,201.2800,0.000124
FILLER_69_256,VGND,li1,125.1200,201.2800,0.000124
FILLER_69_244,VGND,li1,120.5200,201.2800,0.000124
FILLER_69_233,VGND,li1,113.1600,201.2800,0.000124
FILLER_69_221,VGND,li1,107.8700,201.2800,0.000122
FILLER_69_213,VGND,li1,105.3400,201.2800,0.000121
FILLER_69_186,VGND,li1,91.3100,201.2800,0.000114
FILLER_69_169,VGND,li1,83.4900,201.2800,0.000107
FILLER_69_165,VGND,li1,82.1100,201.2800,0.000107
FILLER_69_157,VGND,li1,77.9700,201.2800,0.000103
FILLER_69_140,VGND,li1,70.1500,201.2800,0.000095
FILLER_69_113,VGND,li1,58.4200,201.2800,0.000082
FILLER_69_111,VGND,li1,56.8100,201.2800,0.000082
FILLER_69_105,VGND,li1,55.2000,201.2800,0.000079
FILLER_69_80,VGND,li1,42.5500,201.2800,0.000057
FILLER_69_61,VGND,li1,33.8100,201.2800,0.000038
FILLER_69_57,VGND,li1,32.6600,201.2800,0.000038
FILLER_69_55,VGND,li1,31.0500,201.2800,0.000032
FILLER_69_51,VGND,li1,29.9000,201.2800,0.000032
FILLER_69_39,VGND,li1,26.2200,201.2800,0.000022
FILLER_69_27,VGND,li1,20.7000,201.2800,0.000022
FILLER_69_15,VGND,li1,15.1800,201.2800,0.000022
FILLER_69_3,VGND,li1,9.6600,201.2800,0.000022
FILLER_68_553,VGND,li1,260.3600,195.8400,0.000159
FILLER_68_545,VGND,li1,258.0600,195.8400,0.000159
FILLER_68_533,VGND,li1,253.4600,195.8400,0.000159
FILLER_68_531,VGND,li1,250.0100,195.8400,0.000159
FILLER_68_525,VGND,li1,248.4000,195.8400,0.000159
FILLER_68_513,VGND,li1,244.2600,195.8400,0.000157
FILLER_68_501,VGND,li1,238.7400,195.8400,0.000153
FILLER_68_489,VGND,li1,233.2200,195.8400,0.000150
FILLER_68_477,VGND,li1,227.7000,195.8400,0.000147
FILLER_68_474,VGND,li1,224.0200,195.8400,0.000144
FILLER_68_418,VGND,li1,198.2600,195.8400,0.000113
FILLER_68_410,VGND,li1,195.9600,195.8400,0.000108
FILLER_68_389,VGND,li1,184.6900,195.8400,0.000074
FILLER_68_383,VGND,li1,183.0800,195.8400,0.000074
FILLER_68_363,VGND,li1,172.7300,195.8400,0.000081
FILLER_68_357,VGND,li1,171.1200,195.8400,0.000081
FILLER_68_345,VGND,li1,166.9800,195.8400,0.000093
FILLER_68_333,VGND,li1,161.4600,195.8400,0.000110
FILLER_68_324,VGND,li1,154.7900,195.8400,0.000123
FILLER_68_309,VGND,li1,150.4200,195.8400,0.000135
FILLER_68_300,VGND,li1,145.3600,195.8400,0.000148
FILLER_68_288,VGND,li1,140.7600,195.8400,0.000159
FILLER_68_275,VGND,li1,133.4000,195.8400,0.000178
FILLER_68_253,VGND,li1,122.3600,195.8400,0.000200
FILLER_68_241,VGND,li1,117.0700,195.8400,0.000206
FILLER_68_213,VGND,li1,104.1900,195.8400,0.000219
FILLER_68_155,VGND,li1,77.0500,195.8400,0.000201
FILLER_68_139,VGND,li1,69.6900,195.8400,0.000182
FILLER_68_133,VGND,li1,68.0800,195.8400,0.000182
FILLER_68_115,VGND,li1,58.8800,195.8400,0.000161
FILLER_68_49,VGND,li1,28.2900,195.8400,0.000062
FILLER_68_41,VGND,li1,26.2200,195.8400,0.000055
FILLER_68_29,VGND,li1,21.6200,195.8400,0.000044
FILLER_68_27,VGND,li1,18.1700,195.8400,0.000044
FILLER_68_15,VGND,li1,15.1800,195.8400,0.000044
FILLER_68_3,VGND,li1,9.6600,195.8400,0.000044
FILLER_67_554,VGND,li1,260.5900,195.8400,0.000159
FILLER_67_546,VGND,li1,258.5200,195.8400,0.000159
FILLER_67_534,VGND,li1,253.9200,195.8400,0.000159
FILLER_67_503,VGND,li1,237.1300,195.8400,0.000152
FILLER_67_497,VGND,li1,235.5200,195.8400,0.000152
FILLER_67_487,VGND,li1,229.7700,195.8400,0.000148
FILLER_67_481,VGND,li1,228.1600,195.8400,0.000147
FILLER_67_449,VGND,li1,212.9800,195.8400,0.000134
FILLER_67_442,VGND,li1,210.2200,195.8400,0.000131
FILLER_67_406,VGND,li1,193.6600,195.8400,0.000102
FILLER_67_390,VGND,li1,185.3800,195.8400,0.000081
FILLER_67_349,VGND,li1,166.2900,195.8400,0.000093
FILLER_67_337,VGND,li1,163.3000,195.8400,0.000101
FILLER_67_335,VGND,li1,159.8500,195.8400,0.000110
FILLER_67_309,VGND,li1,148.3500,195.8400,0.000142
FILLER_67_297,VGND,li1,144.9000,195.8400,0.000148
FILLER_67_289,VGND,li1,138.6900,195.8400,0.000164
FILLER_67_279,VGND,li1,134.0900,195.8400,0.000178
FILLER_67_255,VGND,li1,123.7400,195.8400,0.000197
FILLER_67_165,VGND,li1,82.1100,195.8400,0.000208
FILLER_67_113,VGND,li1,58.8800,195.8400,0.000161
FILLER_67_109,VGND,li1,56.3500,195.8400,0.000155
FILLER_67_57,VGND,li1,33.1200,195.8400,0.000081
FILLER_67_39,VGND,li1,23.6900,195.8400,0.000044
FILLER_67_27,VGND,li1,20.7000,195.8400,0.000044
FILLER_67_15,VGND,li1,15.1800,195.8400,0.000044
FILLER_67_3,VGND,li1,9.6600,195.8400,0.000044
FILLER_66_553,VGND,li1,260.3600,190.4000,0.000357
FILLER_66_545,VGND,li1,258.0600,190.4000,0.000357
FILLER_66_533,VGND,li1,253.4600,190.4000,0.000357
FILLER_66_531,VGND,li1,250.0100,190.4000,0.000357
FILLER_66_527,VGND,li1,248.8600,190.4000,0.000357
FILLER_66_477,VGND,li1,225.6300,190.4000,0.000323
FILLER_66_475,VGND,li1,224.2500,190.4000,0.000318
FILLER_66_469,VGND,li1,222.6400,190.4000,0.000318
FILLER_66_456,VGND,li1,215.5100,190.4000,0.000297
FILLER_66_441,VGND,li1,209.7600,190.4000,0.000284
FILLER_66_416,VGND,li1,197.8000,190.4000,0.000249
FILLER_66_386,VGND,li1,183.5400,190.4000,0.000160
FILLER_66_365,VGND,li1,173.6500,190.4000,0.000155
FILLER_66_349,VGND,li1,167.4400,190.4000,0.000185
FILLER_66_309,VGND,li1,147.8900,190.4000,0.000276
FILLER_66_307,VGND,li1,146.9700,190.4000,0.000285
FILLER_66_301,VGND,li1,145.3600,190.4000,0.000285
FILLER_66_283,VGND,li1,135.9300,190.4000,0.000320
FILLER_66_253,VGND,li1,122.1300,190.4000,0.000370
FILLER_66_251,VGND,li1,121.2100,190.4000,0.000375
FILLER_66_245,VGND,li1,119.6000,190.4000,0.000375
FILLER_66_225,VGND,li1,109.9400,190.4000,0.000403
FILLER_66_197,VGND,li1,98.9000,190.4000,0.000409
FILLER_66_195,VGND,li1,95.4500,190.4000,0.000401
FILLER_66_191,VGND,li1,94.3000,190.4000,0.000401
FILLER_66_181,VGND,li1,89.2400,190.4000,0.000390
FILLER_66_150,VGND,li1,74.9800,190.4000,0.000352
FILLER_66_138,VGND,li1,69.4600,190.4000,0.000340
FILLER_66_111,VGND,li1,57.0400,190.4000,0.000296
FILLER_66_85,VGND,li1,44.8500,190.4000,0.000251
FILLER_66_83,VGND,li1,43.9300,190.4000,0.000242
FILLER_66_79,VGND,li1,42.7800,190.4000,0.000242
FILLER_66_41,VGND,li1,25.7600,190.4000,0.000091
FILLER_66_29,VGND,li1,21.6200,190.4000,0.000091
FILLER_66_27,VGND,li1,18.1700,190.4000,0.000091
FILLER_66_15,VGND,li1,15.1800,190.4000,0.000091
FILLER_66_3,VGND,li1,9.6600,190.4000,0.000091
FILLER_65_543,VGND,li1,258.0600,190.4000,0.000357
FILLER_65_531,VGND,li1,252.5400,190.4000,0.000357
FILLER_65_505,VGND,li1,239.2000,190.4000,0.000352
FILLER_65_501,VGND,li1,236.6700,190.4000,0.000348
FILLER_65_478,VGND,li1,226.0900,190.4000,0.000323
FILLER_65_449,VGND,li1,212.5200,190.4000,0.000289
FILLER_65_433,VGND,li1,205.6200,190.4000,0.000273
FILLER_65_410,VGND,li1,194.8100,190.4000,0.000231
FILLER_65_402,VGND,li1,192.2800,190.4000,0.000216
FILLER_65_372,VGND,li1,179.4000,190.4000,0.000126
FILLER_65_345,VGND,li1,164.6800,190.4000,0.000198
FILLER_65_316,VGND,li1,151.5700,190.4000,0.000266
FILLER_65_294,VGND,li1,140.9900,190.4000,0.000306
FILLER_65_281,VGND,li1,135.0100,190.4000,0.000328
FILLER_65_278,VGND,li1,133.8600,190.4000,0.000328
FILLER_65_258,VGND,li1,124.8900,190.4000,0.000359
FILLER_65_246,VGND,li1,121.4400,190.4000,0.000370
FILLER_65_225,VGND,li1,109.9400,190.4000,0.000403
FILLER_65_218,VGND,li1,107.1800,190.4000,0.000410
FILLER_65_206,VGND,li1,100.5100,190.4000,0.000413
FILLER_65_198,VGND,li1,98.4400,190.4000,0.000409
FILLER_65_188,VGND,li1,92.4600,190.4000,0.000394
FILLER_65_161,VGND,li1,79.8100,190.4000,0.000367
FILLER_65_153,VGND,li1,76.1300,190.4000,0.000357
FILLER_65_145,VGND,li1,72.4500,190.4000,0.000348
FILLER_65_139,VGND,li1,70.8400,190.4000,0.000340
FILLER_65_113,VGND,li1,57.9600,190.4000,0.000303
FILLER_65_108,VGND,li1,56.1200,190.4000,0.000296
FILLER_65_88,VGND,li1,46.9200,190.4000,0.000260
FILLER_65_57,VGND,li1,32.4300,190.4000,0.000156
FILLER_65_55,VGND,li1,31.0500,190.4000,0.000135
FILLER_65_51,VGND,li1,29.9000,190.4000,0.000135
FILLER_65_39,VGND,li1,26.2200,190.4000,0.000091
FILLER_65_27,VGND,li1,20.7000,190.4000,0.000091
FILLER_65_15,VGND,li1,15.1800,190.4000,0.000091
FILLER_65_3,VGND,li1,9.6600,190.4000,0.000091
FILLER_64_553,VGND,li1,260.3600,184.9600,0.000347
FILLER_64_545,VGND,li1,258.0600,184.9600,0.000347
FILLER_64_533,VGND,li1,253.4600,184.9600,0.000347
FILLER_64_531,VGND,li1,250.0100,184.9600,0.000347
FILLER_64_527,VGND,li1,248.8600,184.9600,0.000347
FILLER_64_497,VGND,li1,234.3700,184.9600,0.000314
FILLER_64_477,VGND,li1,226.7800,184.9600,0.000291
FILLER_64_475,VGND,li1,224.2500,184.9600,0.000280
FILLER_64_471,VGND,li1,223.1000,184.9600,0.000280
FILLER_64_451,VGND,li1,213.4400,184.9600,0.000244
FILLER_64_438,VGND,li1,207.9200,184.9600,0.000230
FILLER_64_429,VGND,li1,203.3200,184.9600,0.000214
FILLER_64_421,VGND,li1,201.0200,184.9600,0.000205
FILLER_64_407,VGND,li1,194.1200,184.9600,0.000180
FILLER_64_390,VGND,li1,185.1500,184.9600,0.000134
FILLER_64_377,VGND,li1,179.1700,184.9600,0.000114
FILLER_64_365,VGND,li1,176.1800,184.9600,0.000120
FILLER_64_354,VGND,li1,168.5900,184.9600,0.000167
FILLER_64_319,VGND,li1,152.9500,184.9600,0.000249
FILLER_64_309,VGND,li1,148.5800,184.9600,0.000263
FILLER_64_302,VGND,li1,145.8200,184.9600,0.000268
FILLER_64_290,VGND,li1,141.6800,184.9600,0.000279
FILLER_64_281,VGND,li1,135.4700,184.9600,0.000297
FILLER_64_269,VGND,li1,132.0200,184.9600,0.000302
FILLER_64_259,VGND,li1,124.8900,184.9600,0.000320
FILLER_64_251,VGND,li1,121.2100,184.9600,0.000324
FILLER_64_243,VGND,li1,119.1400,184.9600,0.000331
FILLER_64_231,VGND,li1,114.5400,184.9600,0.000338
FILLER_64_187,VGND,li1,91.7700,184.9600,0.000387
FILLER_64_139,VGND,li1,69.6900,184.9600,0.000315
FILLER_64_116,VGND,li1,59.5700,184.9600,0.000261
FILLER_64_104,VGND,li1,56.1200,184.9600,0.000236
FILLER_64_92,VGND,li1,50.6000,184.9600,0.000207
FILLER_64_83,VGND,li1,43.9300,184.9600,0.000177
FILLER_64_65,VGND,li1,35.8800,184.9600,0.000125
FILLER_64_53,VGND,li1,32.6600,184.9600,0.000108
FILLER_64_41,VGND,li1,27.1400,184.9600,0.000075
FILLER_64_29,VGND,li1,21.6200,184.9600,0.000062
FILLER_64_27,VGND,li1,18.1700,184.9600,0.000062
FILLER_64_15,VGND,li1,15.1800,184.9600,0.000062
FILLER_64_3,VGND,li1,9.6600,184.9600,0.000062
FILLER_63_553,VGND,li1,260.3600,184.9600,0.000347
FILLER_63_541,VGND,li1,257.1400,184.9600,0.000347
FILLER_63_529,VGND,li1,251.6200,184.9600,0.000347
FILLER_63_519,VGND,li1,244.4900,184.9600,0.000340
FILLER_63_502,VGND,li1,236.9000,184.9600,0.000321
FILLER_63_449,VGND,li1,212.5200,184.9600,0.000244
FILLER_63_421,VGND,li1,199.6400,184.9600,0.000198
FILLER_63_413,VGND,li1,197.3400,184.9600,0.000191
FILLER_63_376,VGND,li1,179.1700,184.9600,0.000114
FILLER_63_364,VGND,li1,173.4200,184.9600,0.000132
FILLER_63_349,VGND,li1,167.4400,184.9600,0.000167
FILLER_63_309,VGND,li1,147.8900,184.9600,0.000263
FILLER_63_278,VGND,li1,133.8600,184.9600,0.000297
FILLER_63_270,VGND,li1,129.9500,184.9600,0.000306
FILLER_63_247,VGND,li1,119.3700,184.9600,0.000331
FILLER_63_243,VGND,li1,118.2200,184.9600,0.000331
FILLER_63_225,VGND,li1,111.7800,184.9600,0.000344
FILLER_63_200,VGND,li1,98.4400,184.9600,0.000373
FILLER_63_169,VGND,li1,83.7200,184.9600,0.000374
FILLER_63_135,VGND,li1,67.8500,184.9600,0.000298
FILLER_63_111,VGND,li1,56.8100,184.9600,0.000247
FILLER_63_103,VGND,li1,54.7400,184.9600,0.000236
FILLER_63_57,VGND,li1,32.4300,184.9600,0.000108
FILLER_63_55,VGND,li1,31.0500,184.9600,0.000092
FILLER_63_51,VGND,li1,29.9000,184.9600,0.000092
FILLER_63_39,VGND,li1,26.2200,184.9600,0.000062
FILLER_63_27,VGND,li1,20.7000,184.9600,0.000062
FILLER_63_15,VGND,li1,15.1800,184.9600,0.000062
FILLER_63_3,VGND,li1,9.6600,184.9600,0.000062
FILLER_62_554,VGND,li1,260.5900,179.5200,0.000320
FILLER_62_542,VGND,li1,257.6000,179.5200,0.000320
FILLER_62_529,VGND,li1,249.5500,179.5200,0.000320
FILLER_62_518,VGND,li1,244.2600,179.5200,0.000319
FILLER_62_469,VGND,li1,221.7200,179.5200,0.000299
FILLER_62_440,VGND,li1,208.1500,179.5200,0.000280
FILLER_62_432,VGND,li1,206.0800,179.5200,0.000276
FILLER_62_421,VGND,li1,200.1000,179.5200,0.000264
FILLER_62_385,VGND,li1,184.0000,179.5200,0.000161
FILLER_62_342,VGND,li1,163.3000,179.5200,0.000178
FILLER_62_313,VGND,li1,149.7300,179.5200,0.000218
FILLER_62_309,VGND,li1,148.5800,179.5200,0.000218
FILLER_62_305,VGND,li1,146.5100,179.5200,0.000226
FILLER_62_297,VGND,li1,143.9800,179.5200,0.000231
FILLER_62_269,VGND,li1,129.9500,179.5200,0.000263
FILLER_62_259,VGND,li1,124.8900,179.5200,0.000273
FILLER_62_242,VGND,li1,117.0700,179.5200,0.000285
FILLER_62_238,VGND,li1,115.9200,179.5200,0.000285
FILLER_62_197,VGND,li1,96.8300,179.5200,0.000298
FILLER_62_193,VGND,li1,94.9900,179.5200,0.000298
FILLER_62_174,VGND,li1,86.0200,179.5200,0.000296
FILLER_62_152,VGND,li1,75.6700,179.5200,0.000294
FILLER_62_141,VGND,li1,70.8400,179.5200,0.000293
FILLER_62_127,VGND,li1,64.4000,179.5200,0.000278
FILLER_62_49,VGND,li1,28.7500,179.5200,0.000089
FILLER_62_41,VGND,li1,26.2200,179.5200,0.000065
FILLER_62_29,VGND,li1,21.6200,179.5200,0.000065
FILLER_62_27,VGND,li1,18.1700,179.5200,0.000065
FILLER_62_15,VGND,li1,15.1800,179.5200,0.000065
FILLER_62_3,VGND,li1,9.6600,179.5200,0.000065
FILLER_61_554,VGND,li1,260.5900,179.5200,0.000320
FILLER_61_550,VGND,li1,259.4400,179.5200,0.000320
FILLER_61_538,VGND,li1,255.7600,179.5200,0.000320
FILLER_61_473,VGND,li1,224.0200,179.5200,0.000303
FILLER_61_461,VGND,li1,220.3400,179.5200,0.000299
FILLER_61_449,VGND,li1,214.8200,179.5200,0.000292
FILLER_61_440,VGND,li1,209.7600,179.5200,0.000280
FILLER_61_401,VGND,li1,190.2100,179.5200,0.000224
FILLER_61_393,VGND,li1,188.1400,179.5200,0.000201
FILLER_61_389,VGND,li1,185.1500,179.5200,0.000182
FILLER_61_378,VGND,li1,180.0900,179.5200,0.000140
FILLER_61_369,VGND,li1,175.7200,179.5200,0.000129
FILLER_61_361,VGND,li1,173.4200,179.5200,0.000139
FILLER_61_337,VGND,li1,162.3800,179.5200,0.000178
FILLER_61_335,VGND,li1,159.8500,179.5200,0.000186
FILLER_61_331,VGND,li1,158.7000,179.5200,0.000194
FILLER_61_313,VGND,li1,149.7300,179.5200,0.000218
FILLER_61_309,VGND,li1,148.5800,179.5200,0.000218
FILLER_61_234,VGND,li1,113.8500,179.5200,0.000287
FILLER_61_186,VGND,li1,92.4600,179.5200,0.000297
FILLER_61_174,VGND,li1,88.3200,179.5200,0.000297
FILLER_61_167,VGND,li1,82.5700,179.5200,0.000296
FILLER_61_161,VGND,li1,80.9600,179.5200,0.000295
FILLER_61_151,VGND,li1,75.4400,179.5200,0.000294
FILLER_61_134,VGND,li1,67.3900,179.5200,0.000291
FILLER_61_92,VGND,li1,48.7600,179.5200,0.000206
FILLER_61_61,VGND,li1,33.8100,179.5200,0.000117
FILLER_61_57,VGND,li1,32.6600,179.5200,0.000104
FILLER_61_55,VGND,li1,31.0500,179.5200,0.000104
FILLER_61_51,VGND,li1,29.9000,179.5200,0.000089
FILLER_61_39,VGND,li1,26.2200,179.5200,0.000065
FILLER_61_27,VGND,li1,20.7000,179.5200,0.000065
FILLER_61_15,VGND,li1,15.1800,179.5200,0.000065
FILLER_61_3,VGND,li1,9.6600,179.5200,0.000065
FILLER_60_553,VGND,li1,260.3600,174.0800,0.000111
FILLER_60_545,VGND,li1,258.0600,174.0800,0.000111
FILLER_60_533,VGND,li1,253.4600,174.0800,0.000111
FILLER_60_493,VGND,li1,232.5300,174.0800,0.000104
FILLER_60_489,VGND,li1,231.3800,174.0800,0.000103
FILLER_60_477,VGND,li1,227.7000,174.0800,0.000102
FILLER_60_464,VGND,li1,221.7200,174.0800,0.000098
FILLER_60_457,VGND,li1,215.9700,174.0800,0.000095
FILLER_60_447,VGND,li1,211.3700,174.0800,0.000091
FILLER_60_441,VGND,li1,209.7600,174.0800,0.000091
FILLER_60_416,VGND,li1,197.8000,174.0800,0.000081
FILLER_60_394,VGND,li1,187.2200,174.0800,0.000067
FILLER_60_369,VGND,li1,175.4900,174.0800,0.000065
FILLER_60_365,VGND,li1,174.3400,174.0800,0.000072
FILLER_60_356,VGND,li1,171.1200,174.0800,0.000078
FILLER_60_344,VGND,li1,166.5200,174.0800,0.000094
FILLER_60_338,VGND,li1,161.2300,174.0800,0.000111
FILLER_60_309,VGND,li1,149.0400,174.0800,0.000144
FILLER_60_307,VGND,li1,146.9700,174.0800,0.000148
FILLER_60_303,VGND,li1,145.8200,174.0800,0.000148
FILLER_60_291,VGND,li1,142.1400,174.0800,0.000156
FILLER_60_239,VGND,li1,116.3800,174.0800,0.000195
FILLER_60_197,VGND,li1,96.3700,174.0800,0.000209
FILLER_60_194,VGND,li1,95.2200,174.0800,0.000209
FILLER_60_169,VGND,li1,83.4900,174.0800,0.000202
FILLER_60_165,VGND,li1,82.3400,174.0800,0.000202
FILLER_60_139,VGND,li1,69.6900,174.0800,0.000182
FILLER_60_85,VGND,li1,46.0000,174.0800,0.000113
FILLER_60_69,VGND,li1,38.6400,174.0800,0.000093
FILLER_60_41,VGND,li1,27.1400,174.0800,0.000049
FILLER_60_29,VGND,li1,21.6200,174.0800,0.000041
FILLER_60_27,VGND,li1,18.1700,174.0800,0.000041
FILLER_60_15,VGND,li1,15.1800,174.0800,0.000041
FILLER_60_3,VGND,li1,9.6600,174.0800,0.000041
FILLER_59_549,VGND,li1,259.4400,174.0800,0.000111
FILLER_59_537,VGND,li1,255.3000,174.0800,0.000111
FILLER_59_525,VGND,li1,249.7800,174.0800,0.000111
FILLER_59_513,VGND,li1,244.2600,174.0800,0.000111
FILLER_59_502,VGND,li1,236.9000,174.0800,0.000107
FILLER_59_490,VGND,li1,232.3000,174.0800,0.000104
FILLER_59_481,VGND,li1,227.7000,174.0800,0.000102
FILLER_59_469,VGND,li1,224.0200,174.0800,0.000100
FILLER_59_458,VGND,li1,216.8900,174.0800,0.000095
FILLER_59_445,VGND,li1,210.9100,174.0800,0.000091
FILLER_59_433,VGND,li1,207.4600,174.0800,0.000090
FILLER_59_426,VGND,li1,201.7100,174.0800,0.000084
FILLER_59_420,VGND,li1,200.1000,174.0800,0.000084
FILLER_59_408,VGND,li1,195.9600,174.0800,0.000079
FILLER_59_393,VGND,li1,187.6800,174.0800,0.000067
FILLER_59_389,VGND,li1,185.1500,174.0800,0.000063
FILLER_59_367,VGND,li1,174.8000,174.0800,0.000065
FILLER_59_337,VGND,li1,160.7700,174.0800,0.000111
FILLER_59_334,VGND,li1,159.6200,174.0800,0.000118
FILLER_59_293,VGND,li1,140.5300,174.0800,0.000156
FILLER_59_281,VGND,li1,137.5400,174.0800,0.000161
FILLER_59_258,VGND,li1,125.1200,174.0800,0.000182
FILLER_59_237,VGND,li1,114.7700,174.0800,0.000198
FILLER_59_233,VGND,li1,113.6200,174.0800,0.000198
FILLER_59_223,VGND,li1,108.3300,174.0800,0.000206
FILLER_59_217,VGND,li1,106.7200,174.0800,0.000206
FILLER_59_202,VGND,li1,99.8200,174.0800,0.000209
FILLER_59_164,VGND,li1,81.8800,174.0800,0.000202
FILLER_59_138,VGND,li1,69.2300,174.0800,0.000182
FILLER_59_130,VGND,li1,67.1600,174.0800,0.000178
FILLER_59_111,VGND,li1,56.8100,174.0800,0.000153
FILLER_59_101,VGND,li1,52.2100,174.0800,0.000135
FILLER_59_95,VGND,li1,50.6000,174.0800,0.000135
FILLER_59_84,VGND,li1,44.8500,174.0800,0.000113
FILLER_59_72,VGND,li1,41.4000,174.0800,0.000103
FILLER_59_63,VGND,li1,34.7300,174.0800,0.000074
FILLER_59_57,VGND,li1,33.1200,174.0800,0.000074
FILLER_59_55,VGND,li1,31.0500,174.0800,0.000060
FILLER_59_51,VGND,li1,29.9000,174.0800,0.000060
FILLER_59_39,VGND,li1,26.2200,174.0800,0.000041
FILLER_59_27,VGND,li1,20.7000,174.0800,0.000041
FILLER_59_15,VGND,li1,15.1800,174.0800,0.000041
FILLER_59_3,VGND,li1,9.6600,174.0800,0.000041
FILLER_58_553,VGND,li1,260.3600,168.6400,0.000134
FILLER_58_545,VGND,li1,258.0600,168.6400,0.000134
FILLER_58_533,VGND,li1,253.4600,168.6400,0.000134
FILLER_58_520,VGND,li1,247.4800,168.6400,0.000134
FILLER_58_508,VGND,li1,241.9600,168.6400,0.000134
FILLER_58_496,VGND,li1,236.4400,168.6400,0.000134
FILLER_58_485,VGND,li1,229.3100,168.6400,0.000134
FILLER_58_477,VGND,li1,225.4000,168.6400,0.000132
FILLER_58_472,VGND,li1,223.5600,168.6400,0.000131
FILLER_58_460,VGND,li1,219.8800,168.6400,0.000129
FILLER_58_432,VGND,li1,206.0800,168.6400,0.000112
FILLER_58_425,VGND,li1,201.2500,168.6400,0.000104
FILLER_58_421,VGND,li1,200.1000,168.6400,0.000099
FILLER_58_419,VGND,li1,198.4900,168.6400,0.000099
FILLER_58_413,VGND,li1,196.8800,168.6400,0.000094
FILLER_58_401,VGND,li1,192.7400,168.6400,0.000088
FILLER_58_389,VGND,li1,187.2200,168.6400,0.000077
FILLER_58_363,VGND,li1,172.7300,168.6400,0.000078
FILLER_58_355,VGND,li1,170.6600,168.6400,0.000084
FILLER_58_347,VGND,li1,165.3700,168.6400,0.000101
FILLER_58_341,VGND,li1,163.0700,168.6400,0.000114
FILLER_58_329,VGND,li1,159.6200,168.6400,0.000119
FILLER_58_317,VGND,li1,154.1000,168.6400,0.000138
FILLER_58_301,VGND,li1,144.2100,168.6400,0.000168
FILLER_58_293,VGND,li1,142.1400,168.6400,0.000175
FILLER_58_281,VGND,li1,137.5400,168.6400,0.000189
FILLER_58_269,VGND,li1,132.0200,168.6400,0.000201
FILLER_58_237,VGND,li1,115.4600,168.6400,0.000229
FILLER_58_225,VGND,li1,111.7800,168.6400,0.000224
FILLER_58_206,VGND,li1,100.9700,168.6400,0.000212
FILLER_58_197,VGND,li1,96.3700,168.6400,0.000202
FILLER_58_194,VGND,li1,95.2200,168.6400,0.000202
FILLER_58_153,VGND,li1,76.5900,168.6400,0.000159
FILLER_58_141,VGND,li1,71.0700,168.6400,0.000147
FILLER_58_137,VGND,li1,69.2300,168.6400,0.000143
FILLER_58_129,VGND,li1,66.7000,168.6400,0.000136
FILLER_58_117,VGND,li1,62.1000,168.6400,0.000129
FILLER_58_83,VGND,li1,43.9300,168.6400,0.000086
FILLER_58_75,VGND,li1,41.8600,168.6400,0.000078
FILLER_58_57,VGND,li1,31.9700,168.6400,0.000051
FILLER_58_53,VGND,li1,30.8200,168.6400,0.000045
FILLER_58_41,VGND,li1,27.1400,168.6400,0.000037
FILLER_58_29,VGND,li1,21.6200,168.6400,0.000030
FILLER_58_27,VGND,li1,18.1700,168.6400,0.000030
FILLER_58_15,VGND,li1,15.1800,168.6400,0.000030
FILLER_58_3,VGND,li1,9.6600,168.6400,0.000030
FILLER_57_543,VGND,li1,258.0600,168.6400,0.000134
FILLER_57_531,VGND,li1,252.5400,168.6400,0.000134
FILLER_57_522,VGND,li1,246.1000,168.6400,0.000134
FILLER_57_503,VGND,li1,237.1300,168.6400,0.000134
FILLER_57_495,VGND,li1,235.0600,168.6400,0.000134
FILLER_57_469,VGND,li1,222.6400,168.6400,0.000131
FILLER_57_445,VGND,li1,210.9100,168.6400,0.000121
FILLER_57_433,VGND,li1,207.4600,168.6400,0.000112
FILLER_57_415,VGND,li1,197.3400,168.6400,0.000094
FILLER_57_400,VGND,li1,192.2800,168.6400,0.000088
FILLER_57_393,VGND,li1,186.7600,168.6400,0.000077
FILLER_57_370,VGND,li1,176.1800,168.6400,0.000067
FILLER_57_362,VGND,li1,173.8800,168.6400,0.000078
FILLER_57_345,VGND,li1,164.4500,168.6400,0.000108
FILLER_57_341,VGND,li1,163.3000,168.6400,0.000108
FILLER_57_334,VGND,li1,159.6200,168.6400,0.000119
FILLER_57_326,VGND,li1,157.3200,168.6400,0.000127
FILLER_57_289,VGND,li1,138.6900,168.6400,0.000184
FILLER_57_281,VGND,li1,136.6200,168.6400,0.000189
FILLER_57_277,VGND,li1,133.6300,168.6400,0.000201
FILLER_57_265,VGND,li1,130.1800,168.6400,0.000210
FILLER_57_253,VGND,li1,124.6600,168.6400,0.000220
FILLER_57_225,VGND,li1,109.2500,168.6400,0.000222
FILLER_57_220,VGND,li1,107.6400,168.6400,0.000220
FILLER_57_177,VGND,li1,87.4000,168.6400,0.000185
FILLER_57_157,VGND,li1,78.4300,168.6400,0.000165
FILLER_57_129,VGND,li1,65.5500,168.6400,0.000136
FILLER_57_121,VGND,li1,63.0200,168.6400,0.000129
FILLER_57_111,VGND,li1,56.8100,168.6400,0.000117
FILLER_57_96,VGND,li1,51.0600,168.6400,0.000102
FILLER_57_85,VGND,li1,45.0800,168.6400,0.000086
FILLER_57_57,VGND,li1,32.4300,168.6400,0.000051
FILLER_57_55,VGND,li1,31.0500,168.6400,0.000045
FILLER_57_51,VGND,li1,29.9000,168.6400,0.000045
FILLER_57_39,VGND,li1,26.2200,168.6400,0.000030
FILLER_57_27,VGND,li1,20.7000,168.6400,0.000030
FILLER_57_15,VGND,li1,15.1800,168.6400,0.000030
FILLER_57_3,VGND,li1,9.6600,168.6400,0.000030
FILLER_56_553,VGND,li1,260.3600,163.2000,0.000256
FILLER_56_541,VGND,li1,257.1400,163.2000,0.000256
FILLER_56_526,VGND,li1,248.8600,163.2000,0.000252
FILLER_56_494,VGND,li1,233.4500,163.2000,0.000233
FILLER_56_445,VGND,li1,211.6000,163.2000,0.000182
FILLER_56_419,VGND,li1,198.4900,163.2000,0.000144
FILLER_56_410,VGND,li1,194.3500,163.2000,0.000132
FILLER_56_373,VGND,li1,177.5600,163.2000,0.000080
FILLER_56_365,VGND,li1,175.2600,163.2000,0.000091
FILLER_56_360,VGND,li1,172.0400,163.2000,0.000110
FILLER_56_295,VGND,li1,142.1400,163.2000,0.000213
FILLER_56_283,VGND,li1,138.4600,163.2000,0.000223
FILLER_56_267,VGND,li1,128.8000,163.2000,0.000249
FILLER_56_253,VGND,li1,123.2800,163.2000,0.000261
FILLER_56_201,VGND,li1,98.2100,163.2000,0.000287
FILLER_56_197,VGND,li1,97.0600,163.2000,0.000288
FILLER_56_185,VGND,li1,91.0800,163.2000,0.000287
FILLER_56_168,VGND,li1,83.0300,163.2000,0.000283
FILLER_56_158,VGND,li1,78.4300,163.2000,0.000279
FILLER_56_139,VGND,li1,69.6900,163.2000,0.000272
FILLER_56_121,VGND,li1,61.6400,163.2000,0.000263
FILLER_56_41,VGND,li1,25.7600,163.2000,0.000077
FILLER_56_29,VGND,li1,21.6200,163.2000,0.000077
FILLER_56_27,VGND,li1,18.1700,163.2000,0.000077
FILLER_56_15,VGND,li1,15.1800,163.2000,0.000077
FILLER_56_3,VGND,li1,9.6600,163.2000,0.000077
FILLER_55_552,VGND,li1,260.1300,163.2000,0.000256
FILLER_55_505,VGND,li1,238.7400,163.2000,0.000242
FILLER_55_503,VGND,li1,237.1300,163.2000,0.000238
FILLER_55_499,VGND,li1,235.9800,163.2000,0.000238
FILLER_55_487,VGND,li1,232.3000,163.2000,0.000229
FILLER_55_465,VGND,li1,219.8800,163.2000,0.000206
FILLER_55_457,VGND,li1,217.5800,163.2000,0.000200
FILLER_55_449,VGND,li1,212.7500,163.2000,0.000182
FILLER_55_440,VGND,li1,209.7600,163.2000,0.000176
FILLER_55_400,VGND,li1,189.9800,163.2000,0.000119
FILLER_55_390,VGND,li1,185.3800,163.2000,0.000106
FILLER_55_358,VGND,li1,170.6600,163.2000,0.000110
FILLER_55_346,VGND,li1,167.4400,163.2000,0.000129
FILLER_55_333,VGND,li1,159.3900,163.2000,0.000156
FILLER_55_323,VGND,li1,154.3300,163.2000,0.000175
FILLER_55_225,VGND,li1,110.4000,163.2000,0.000280
FILLER_55_190,VGND,li1,93.3800,163.2000,0.000287
FILLER_55_155,VGND,li1,77.7400,163.2000,0.000278
FILLER_55_117,VGND,li1,59.5700,163.2000,0.000258
FILLER_55_113,VGND,li1,58.4200,163.2000,0.000254
FILLER_55_63,VGND,li1,34.7300,163.2000,0.000137
FILLER_55_57,VGND,li1,33.1200,163.2000,0.000137
FILLER_55_55,VGND,li1,31.0500,163.2000,0.000114
FILLER_55_51,VGND,li1,29.9000,163.2000,0.000114
FILLER_55_39,VGND,li1,26.2200,163.2000,0.000077
FILLER_55_27,VGND,li1,20.7000,163.2000,0.000077
FILLER_55_15,VGND,li1,15.1800,163.2000,0.000077
FILLER_55_3,VGND,li1,9.6600,163.2000,0.000077
FILLER_54_554,VGND,li1,260.5900,157.7600,0.000594
FILLER_54_550,VGND,li1,259.4400,157.7600,0.000594
FILLER_54_530,VGND,li1,249.7800,157.7600,0.000594
FILLER_54_508,VGND,li1,240.5800,157.7600,0.000571
FILLER_54_486,VGND,li1,229.5400,157.7600,0.000527
FILLER_54_475,VGND,li1,224.2500,157.7600,0.000504
FILLER_54_463,VGND,li1,221.2600,157.7600,0.000491
FILLER_54_435,VGND,li1,206.5400,157.7600,0.000391
FILLER_54_418,VGND,li1,198.2600,157.7600,0.000325
FILLER_54_409,VGND,li1,193.8900,157.7600,0.000280
FILLER_54_385,VGND,li1,184.0000,157.7600,0.000197
FILLER_54_349,VGND,li1,167.4400,157.7600,0.000226
FILLER_54_337,VGND,li1,163.3000,157.7600,0.000249
FILLER_54_325,VGND,li1,157.7800,157.7600,0.000277
FILLER_54_295,VGND,li1,141.6800,157.7600,0.000361
FILLER_54_286,VGND,li1,137.5400,157.7600,0.000369
FILLER_54_262,VGND,li1,126.9600,157.7600,0.000386
FILLER_54_224,VGND,li1,109.2500,157.7600,0.000404
FILLER_54_209,VGND,li1,101.8900,157.7600,0.000408
FILLER_54_197,VGND,li1,96.8300,157.7600,0.000410
FILLER_54_195,VGND,li1,95.4500,157.7600,0.000411
FILLER_54_189,VGND,li1,93.8400,157.7600,0.000411
FILLER_54_122,VGND,li1,62.1000,157.7600,0.000301
FILLER_54_91,VGND,li1,47.6100,157.7600,0.000206
FILLER_54_85,VGND,li1,46.0000,157.7600,0.000206
FILLER_54_80,VGND,li1,43.2400,157.7600,0.000188
FILLER_54_67,VGND,li1,37.2600,157.7600,0.000150
FILLER_54_49,VGND,li1,28.5200,157.7600,0.000093
FILLER_54_41,VGND,li1,26.2200,157.7600,0.000069
FILLER_54_29,VGND,li1,21.6200,157.7600,0.000069
FILLER_54_27,VGND,li1,18.1700,157.7600,0.000069
FILLER_54_15,VGND,li1,15.1800,157.7600,0.000069
FILLER_54_3,VGND,li1,9.6600,157.7600,0.000069
FILLER_53_552,VGND,li1,260.1300,157.7600,0.000594
FILLER_53_544,VGND,li1,257.6000,157.7600,0.000594
FILLER_53_509,VGND,li1,240.1200,157.7600,0.000571
FILLER_53_489,VGND,li1,231.8400,157.7600,0.000537
FILLER_53_477,VGND,li1,227.7000,157.7600,0.000516
FILLER_53_465,VGND,li1,222.1800,157.7600,0.000491
FILLER_53_438,VGND,li1,207.2300,157.7600,0.000391
FILLER_53_434,VGND,li1,206.0800,157.7600,0.000391
FILLER_53_422,VGND,li1,202.4000,157.7600,0.000346
FILLER_53_410,VGND,li1,196.8800,157.7600,0.000306
FILLER_53_401,VGND,li1,190.9000,157.7600,0.000263
FILLER_53_393,VGND,li1,186.9900,157.7600,0.000222
FILLER_53_380,VGND,li1,183.0800,157.7600,0.000197
FILLER_53_346,VGND,li1,166.5200,157.7600,0.000226
FILLER_53_335,VGND,li1,159.8500,157.7600,0.000265
FILLER_53_315,VGND,li1,151.3400,157.7600,0.000324
FILLER_53_293,VGND,li1,140.5300,157.7600,0.000365
FILLER_53_281,VGND,li1,137.5400,157.7600,0.000369
FILLER_53_277,VGND,li1,133.6300,157.7600,0.000379
FILLER_53_260,VGND,li1,126.5000,157.7600,0.000386
FILLER_53_239,VGND,li1,116.3800,157.7600,0.000399
FILLER_53_214,VGND,li1,104.4200,157.7600,0.000407
FILLER_53_205,VGND,li1,100.0500,157.7600,0.000408
FILLER_53_197,VGND,li1,97.9800,157.7600,0.000409
FILLER_53_125,VGND,li1,63.2500,157.7600,0.000301
FILLER_53_113,VGND,li1,60.2600,157.7600,0.000291
FILLER_53_108,VGND,li1,56.1200,157.7600,0.000267
FILLER_53_86,VGND,li1,46.4600,157.7600,0.000206
FILLER_53_77,VGND,li1,41.1700,157.7600,0.000175
FILLER_53_69,VGND,li1,39.1000,157.7600,0.000162
FILLER_53_57,VGND,li1,34.5000,157.7600,0.000132
FILLER_53_55,VGND,li1,31.0500,157.7600,0.000111
FILLER_53_51,VGND,li1,29.9000,157.7600,0.000093
FILLER_53_39,VGND,li1,26.2200,157.7600,0.000069
FILLER_53_27,VGND,li1,20.7000,157.7600,0.000069
FILLER_53_15,VGND,li1,15.1800,157.7600,0.000069
FILLER_53_3,VGND,li1,9.6600,157.7600,0.000069
FILLER_52_553,VGND,li1,260.3600,152.3200,0.000507
FILLER_52_522,VGND,li1,245.8700,152.3200,0.000498
FILLER_52_504,VGND,li1,237.8200,152.3200,0.000465
FILLER_52_483,VGND,li1,227.9300,152.3200,0.000415
FILLER_52_477,VGND,li1,226.3200,152.3200,0.000415
FILLER_52_436,VGND,li1,207.4600,152.3200,0.000312
FILLER_52_427,VGND,li1,202.1700,152.3200,0.000275
FILLER_52_421,VGND,li1,200.5600,152.3200,0.000262
FILLER_52_416,VGND,li1,197.8000,152.3200,0.000245
FILLER_52_404,VGND,li1,194.1200,152.3200,0.000226
FILLER_52_392,VGND,li1,188.6000,152.3200,0.000196
FILLER_52_383,VGND,li1,182.3900,152.3200,0.000158
FILLER_52_371,VGND,li1,176.4100,152.3200,0.000145
FILLER_52_365,VGND,li1,174.8000,152.3200,0.000155
FILLER_52_356,VGND,li1,171.1200,152.3200,0.000163
FILLER_52_344,VGND,li1,166.5200,152.3200,0.000182
FILLER_52_318,VGND,li1,153.1800,152.3200,0.000218
FILLER_52_287,VGND,li1,137.7700,152.3200,0.000261
FILLER_52_281,VGND,li1,136.1600,152.3200,0.000261
FILLER_52_261,VGND,li1,126.2700,152.3200,0.000282
FILLER_52_249,VGND,li1,120.7500,152.3200,0.000296
FILLER_52_241,VGND,li1,118.2200,152.3200,0.000301
FILLER_52_209,VGND,li1,101.8900,152.3200,0.000289
FILLER_52_197,VGND,li1,98.9000,152.3200,0.000282
FILLER_52_193,VGND,li1,94.9900,152.3200,0.000272
FILLER_52_185,VGND,li1,92.4600,152.3200,0.000266
FILLER_52_169,VGND,li1,85.1000,152.3200,0.000245
FILLER_52_159,VGND,li1,78.8900,152.3200,0.000225
FILLER_52_153,VGND,li1,77.2800,152.3200,0.000215
FILLER_52_141,VGND,li1,73.1400,152.3200,0.000205
FILLER_52_134,VGND,li1,68.5400,152.3200,0.000189
FILLER_52_122,VGND,li1,64.4000,152.3200,0.000174
FILLER_52_110,VGND,li1,58.8800,152.3200,0.000155
FILLER_52_101,VGND,li1,52.2100,152.3200,0.000127
FILLER_52_97,VGND,li1,51.0600,152.3200,0.000127
FILLER_52_85,VGND,li1,47.3800,152.3200,0.000114
FILLER_52_83,VGND,li1,43.9300,152.3200,0.000096
FILLER_52_77,VGND,li1,42.3200,152.3200,0.000096
FILLER_52_65,VGND,li1,38.1800,152.3200,0.000081
FILLER_52_53,VGND,li1,32.6600,152.3200,0.000062
FILLER_52_41,VGND,li1,27.1400,152.3200,0.000042
FILLER_52_29,VGND,li1,21.6200,152.3200,0.000035
FILLER_52_27,VGND,li1,18.1700,152.3200,0.000035
FILLER_52_15,VGND,li1,15.1800,152.3200,0.000035
FILLER_52_3,VGND,li1,9.6600,152.3200,0.000035
FILLER_51_554,VGND,li1,260.5900,152.3200,0.000507
FILLER_51_548,VGND,li1,258.9800,152.3200,0.000507
FILLER_51_527,VGND,li1,248.1700,152.3200,0.000500
FILLER_51_505,VGND,li1,238.2800,152.3200,0.000465
FILLER_51_501,VGND,li1,236.6700,152.3200,0.000465
FILLER_51_490,VGND,li1,231.3800,152.3200,0.000441
FILLER_51_478,VGND,li1,228.1600,152.3200,0.000425
FILLER_51_468,VGND,li1,221.2600,152.3200,0.000383
FILLER_51_461,VGND,li1,217.8100,152.3200,0.000371
FILLER_51_449,VGND,li1,214.8200,152.3200,0.000347
FILLER_51_444,VGND,li1,210.6800,152.3200,0.000329
FILLER_51_414,VGND,li1,196.1900,152.3200,0.000245
FILLER_51_402,VGND,li1,193.2000,152.3200,0.000226
FILLER_51_389,VGND,li1,185.1500,152.3200,0.000171
FILLER_51_358,VGND,li1,170.8900,152.3200,0.000163
FILLER_51_350,VGND,li1,168.3600,152.3200,0.000171
FILLER_51_334,VGND,li1,159.6200,152.3200,0.000202
FILLER_51_305,VGND,li1,147.2000,152.3200,0.000234
FILLER_51_293,VGND,li1,143.0600,152.3200,0.000247
FILLER_51_281,VGND,li1,137.5400,152.3200,0.000261
FILLER_51_276,VGND,li1,133.4000,152.3200,0.000270
FILLER_51_242,VGND,li1,117.0700,152.3200,0.000301
FILLER_51_234,VGND,li1,115.0000,152.3200,0.000308
FILLER_51_223,VGND,li1,108.3300,152.3200,0.000299
FILLER_51_219,VGND,li1,107.1800,152.3200,0.000299
FILLER_51_195,VGND,li1,96.1400,152.3200,0.000272
FILLER_51_165,VGND,li1,82.1100,152.3200,0.000231
FILLER_51_149,VGND,li1,75.9000,152.3200,0.000215
FILLER_51_137,VGND,li1,71.3000,152.3200,0.000199
FILLER_51_125,VGND,li1,65.7800,152.3200,0.000174
FILLER_51_113,VGND,li1,60.2600,152.3200,0.000155
FILLER_51_111,VGND,li1,56.8100,152.3200,0.000147
FILLER_51_105,VGND,li1,55.2000,152.3200,0.000138
FILLER_51_93,VGND,li1,51.0600,152.3200,0.000127
FILLER_51_81,VGND,li1,45.5400,152.3200,0.000103
FILLER_51_69,VGND,li1,40.0200,152.3200,0.000088
FILLER_51_57,VGND,li1,34.5000,152.3200,0.000068
FILLER_51_55,VGND,li1,31.0500,152.3200,0.000052
FILLER_51_51,VGND,li1,29.9000,152.3200,0.000052
FILLER_51_39,VGND,li1,26.2200,152.3200,0.000035
FILLER_51_27,VGND,li1,20.7000,152.3200,0.000035
FILLER_51_15,VGND,li1,15.1800,152.3200,0.000035
FILLER_51_3,VGND,li1,9.6600,152.3200,0.000035
FILLER_50_553,VGND,li1,260.3600,146.8800,0.000127
FILLER_50_545,VGND,li1,258.0600,146.8800,0.000127
FILLER_50_533,VGND,li1,253.4600,146.8800,0.000127
FILLER_50_526,VGND,li1,248.8600,146.8800,0.000127
FILLER_50_522,VGND,li1,245.8700,146.8800,0.000127
FILLER_50_491,VGND,li1,232.7600,146.8800,0.000127
FILLER_50_474,VGND,li1,224.0200,146.8800,0.000127
FILLER_50_462,VGND,li1,220.8000,146.8800,0.000127
FILLER_50_433,VGND,li1,204.9300,146.8800,0.000115
FILLER_50_421,VGND,li1,201.9400,146.8800,0.000111
FILLER_50_417,VGND,li1,198.0300,146.8800,0.000105
FILLER_50_405,VGND,li1,192.0500,146.8800,0.000093
FILLER_50_343,VGND,li1,166.0600,146.8800,0.000076
FILLER_50_321,VGND,li1,154.1000,146.8800,0.000095
FILLER_50_309,VGND,li1,150.4200,146.8800,0.000100
FILLER_50_307,VGND,li1,146.9700,146.8800,0.000104
FILLER_50_299,VGND,li1,144.9000,146.8800,0.000109
FILLER_50_287,VGND,li1,140.3000,146.8800,0.000117
FILLER_50_224,VGND,li1,110.4000,146.8800,0.000144
FILLER_50_203,VGND,li1,99.1300,146.8800,0.000139
FILLER_50_197,VGND,li1,97.5200,146.8800,0.000136
FILLER_50_188,VGND,li1,93.8400,146.8800,0.000134
FILLER_50_175,VGND,li1,86.9400,146.8800,0.000128
FILLER_50_145,VGND,li1,72.4500,146.8800,0.000112
FILLER_50_141,VGND,li1,71.3000,146.8800,0.000107
FILLER_50_139,VGND,li1,69.6900,146.8800,0.000103
FILLER_50_133,VGND,li1,68.0800,146.8800,0.000103
FILLER_50_121,VGND,li1,63.9400,146.8800,0.000095
FILLER_50_109,VGND,li1,58.4200,146.8800,0.000082
FILLER_50_97,VGND,li1,52.9000,146.8800,0.000074
FILLER_50_85,VGND,li1,47.3800,146.8800,0.000063
FILLER_50_83,VGND,li1,43.9300,146.8800,0.000053
FILLER_50_77,VGND,li1,42.3200,146.8800,0.000053
FILLER_50_65,VGND,li1,38.1800,146.8800,0.000045
FILLER_50_53,VGND,li1,32.6600,146.8800,0.000034
FILLER_50_41,VGND,li1,27.1400,146.8800,0.000023
FILLER_50_29,VGND,li1,21.6200,146.8800,0.000020
FILLER_50_27,VGND,li1,18.1700,146.8800,0.000020
FILLER_50_15,VGND,li1,15.1800,146.8800,0.000020
FILLER_50_3,VGND,li1,9.6600,146.8800,0.000020
FILLER_49_552,VGND,li1,260.1300,146.8800,0.000127
FILLER_49_540,VGND,li1,256.6800,146.8800,0.000127
FILLER_49_528,VGND,li1,251.1600,146.8800,0.000127
FILLER_49_516,VGND,li1,245.6400,146.8800,0.000127
FILLER_49_496,VGND,li1,235.5200,146.8800,0.000127
FILLER_49_458,VGND,li1,216.4300,146.8800,0.000124
FILLER_49_442,VGND,li1,210.2200,146.8800,0.000120
FILLER_49_337,VGND,li1,161.9200,146.8800,0.000081
FILLER_49_332,VGND,li1,159.1600,146.8800,0.000085
FILLER_49_315,VGND,li1,153.1800,146.8800,0.000095
FILLER_49_289,VGND,li1,138.9200,146.8800,0.000117
FILLER_49_281,VGND,li1,136.6200,146.8800,0.000120
FILLER_49_278,VGND,li1,133.8600,146.8800,0.000127
FILLER_49_233,VGND,li1,113.1600,146.8800,0.000145
FILLER_49_225,VGND,li1,110.8600,146.8800,0.000144
FILLER_49_223,VGND,li1,108.3300,146.8800,0.000143
FILLER_49_219,VGND,li1,107.1800,146.8800,0.000143
FILLER_49_206,VGND,li1,101.2000,146.8800,0.000141
FILLER_49_194,VGND,li1,97.5200,146.8800,0.000136
FILLER_49_167,VGND,li1,82.5700,146.8800,0.000125
FILLER_49_137,VGND,li1,69.4600,146.8800,0.000103
FILLER_49_125,VGND,li1,65.7800,146.8800,0.000099
FILLER_49_113,VGND,li1,60.2600,146.8800,0.000088
FILLER_49_111,VGND,li1,56.8100,146.8800,0.000078
FILLER_49_105,VGND,li1,55.2000,146.8800,0.000078
FILLER_49_93,VGND,li1,51.0600,146.8800,0.000070
FILLER_49_81,VGND,li1,45.5400,146.8800,0.000057
FILLER_49_69,VGND,li1,40.0200,146.8800,0.000049
FILLER_49_57,VGND,li1,34.5000,146.8800,0.000038
FILLER_49_55,VGND,li1,31.0500,146.8800,0.000029
FILLER_49_51,VGND,li1,29.9000,146.8800,0.000029
FILLER_49_39,VGND,li1,26.2200,146.8800,0.000020
FILLER_49_27,VGND,li1,20.7000,146.8800,0.000020
FILLER_49_15,VGND,li1,15.1800,146.8800,0.000020
FILLER_49_3,VGND,li1,9.6600,146.8800,0.000020
FILLER_48_554,VGND,li1,260.5900,141.4400,0.000169
FILLER_48_550,VGND,li1,259.4400,141.4400,0.000169
FILLER_48_521,VGND,li1,245.6400,141.4400,0.000165
FILLER_48_509,VGND,li1,242.4200,141.4400,0.000164
FILLER_48_497,VGND,li1,236.9000,141.4400,0.000160
FILLER_48_465,VGND,li1,219.8800,141.4400,0.000143
FILLER_48_453,VGND,li1,216.6600,141.4400,0.000137
FILLER_48_441,VGND,li1,211.1400,141.4400,0.000125
FILLER_48_419,VGND,li1,198.4900,141.4400,0.000101
FILLER_48_413,VGND,li1,196.8800,141.4400,0.000096
FILLER_48_383,VGND,li1,181.9300,141.4400,0.000057
FILLER_48_377,VGND,li1,180.3200,141.4400,0.000049
FILLER_48_365,VGND,li1,174.1100,141.4400,0.000060
FILLER_48_361,VGND,li1,172.2700,141.4400,0.000064
FILLER_48_339,VGND,li1,161.9200,141.4400,0.000080
FILLER_48_330,VGND,li1,157.5500,141.4400,0.000086
FILLER_48_317,VGND,li1,152.2600,141.4400,0.000091
FILLER_48_278,VGND,li1,134.0900,141.4400,0.000103
FILLER_48_253,VGND,li1,122.3600,141.4400,0.000105
FILLER_48_251,VGND,li1,121.2100,141.4400,0.000106
FILLER_48_239,VGND,li1,118.2200,141.4400,0.000106
FILLER_48_227,VGND,li1,112.7000,141.4400,0.000108
FILLER_48_197,VGND,li1,96.6000,141.4400,0.000108
FILLER_48_195,VGND,li1,95.4500,141.4400,0.000108
FILLER_48_139,VGND,li1,69.6900,141.4400,0.000081
FILLER_48_133,VGND,li1,68.0800,141.4400,0.000081
FILLER_48_121,VGND,li1,63.9400,141.4400,0.000075
FILLER_48_109,VGND,li1,58.4200,141.4400,0.000065
FILLER_48_97,VGND,li1,52.9000,141.4400,0.000058
FILLER_48_85,VGND,li1,47.3800,141.4400,0.000050
FILLER_48_83,VGND,li1,43.9300,141.4400,0.000042
FILLER_48_77,VGND,li1,42.3200,141.4400,0.000042
FILLER_48_65,VGND,li1,38.1800,141.4400,0.000035
FILLER_48_53,VGND,li1,32.6600,141.4400,0.000027
FILLER_48_41,VGND,li1,27.1400,141.4400,0.000018
FILLER_48_29,VGND,li1,21.6200,141.4400,0.000015
FILLER_48_27,VGND,li1,18.1700,141.4400,0.000015
FILLER_48_15,VGND,li1,15.1800,141.4400,0.000015
FILLER_48_3,VGND,li1,9.6600,141.4400,0.000015
FILLER_47_551,VGND,li1,259.2100,141.4400,0.000169
FILLER_47_505,VGND,li1,238.0500,141.4400,0.000161
FILLER_47_496,VGND,li1,235.5200,141.4400,0.000160
FILLER_47_458,VGND,li1,217.5800,141.4400,0.000137
FILLER_47_440,VGND,li1,209.7600,141.4400,0.000125
FILLER_47_428,VGND,li1,205.1600,141.4400,0.000114
FILLER_47_419,VGND,li1,198.4900,141.4400,0.000101
FILLER_47_410,VGND,li1,194.3500,141.4400,0.000091
FILLER_47_388,VGND,li1,184.9200,141.4400,0.000068
FILLER_47_376,VGND,li1,181.2400,141.4400,0.000057
FILLER_47_355,VGND,li1,169.0500,141.4400,0.000069
FILLER_47_345,VGND,li1,164.4500,141.4400,0.000076
FILLER_47_337,VGND,li1,162.3800,141.4400,0.000080
FILLER_47_310,VGND,li1,149.5000,141.4400,0.000094
FILLER_47_279,VGND,li1,134.0900,141.4400,0.000103
FILLER_47_267,VGND,li1,131.1000,141.4400,0.000104
FILLER_47_255,VGND,li1,125.5800,141.4400,0.000105
FILLER_47_243,VGND,li1,120.0600,141.4400,0.000106
FILLER_47_231,VGND,li1,114.5400,141.4400,0.000107
FILLER_47_221,VGND,li1,107.8700,141.4400,0.000109
FILLER_47_216,VGND,li1,105.3400,141.4400,0.000109
FILLER_47_205,VGND,li1,100.2800,141.4400,0.000110
FILLER_47_193,VGND,li1,97.0600,141.4400,0.000108
FILLER_47_181,VGND,li1,89.4700,141.4400,0.000104
FILLER_47_166,VGND,li1,82.3400,141.4400,0.000099
FILLER_47_156,VGND,li1,77.7400,141.4400,0.000094
FILLER_47_149,VGND,li1,74.5200,141.4400,0.000091
FILLER_47_137,VGND,li1,71.3000,141.4400,0.000085
FILLER_47_125,VGND,li1,65.7800,141.4400,0.000078
FILLER_47_113,VGND,li1,60.2600,141.4400,0.000069
FILLER_47_111,VGND,li1,56.8100,141.4400,0.000062
FILLER_47_105,VGND,li1,55.2000,141.4400,0.000062
FILLER_47_93,VGND,li1,51.0600,141.4400,0.000055
FILLER_47_81,VGND,li1,45.5400,141.4400,0.000045
FILLER_47_69,VGND,li1,40.0200,141.4400,0.000038
FILLER_47_57,VGND,li1,34.5000,141.4400,0.000030
FILLER_47_55,VGND,li1,31.0500,141.4400,0.000023
FILLER_47_51,VGND,li1,29.9000,141.4400,0.000023
FILLER_47_39,VGND,li1,26.2200,141.4400,0.000015
FILLER_47_27,VGND,li1,20.7000,141.4400,0.000015
FILLER_47_15,VGND,li1,15.1800,141.4400,0.000015
FILLER_47_3,VGND,li1,9.6600,141.4400,0.000015
FILLER_46_553,VGND,li1,260.3600,136.0000,0.000229
FILLER_46_526,VGND,li1,247.7100,136.0000,0.000224
FILLER_46_522,VGND,li1,246.5600,136.0000,0.000224
FILLER_46_501,VGND,li1,236.2100,136.0000,0.000210
FILLER_46_497,VGND,li1,235.0600,136.0000,0.000210
FILLER_46_485,VGND,li1,231.3800,136.0000,0.000204
FILLER_46_473,VGND,li1,223.7900,136.0000,0.000190
FILLER_46_465,VGND,li1,221.2600,136.0000,0.000186
FILLER_46_453,VGND,li1,216.6600,136.0000,0.000178
FILLER_46_429,VGND,li1,203.5500,136.0000,0.000144
FILLER_46_421,VGND,li1,201.0200,136.0000,0.000136
FILLER_46_401,VGND,li1,190.6700,136.0000,0.000103
FILLER_46_383,VGND,li1,181.9300,136.0000,0.000069
FILLER_46_371,VGND,li1,178.9400,136.0000,0.000059
FILLER_46_361,VGND,li1,172.2700,136.0000,0.000071
FILLER_46_345,VGND,li1,164.4500,136.0000,0.000082
FILLER_46_321,VGND,li1,154.1000,136.0000,0.000092
FILLER_46_280,VGND,li1,134.5500,136.0000,0.000097
FILLER_46_272,VGND,li1,132.4800,136.0000,0.000097
FILLER_46_260,VGND,li1,127.8800,136.0000,0.000097
FILLER_46_249,VGND,li1,120.7500,136.0000,0.000096
FILLER_46_237,VGND,li1,117.3000,136.0000,0.000095
FILLER_46_194,VGND,li1,95.2200,136.0000,0.000089
FILLER_46_166,VGND,li1,82.8000,136.0000,0.000081
FILLER_46_156,VGND,li1,77.7400,136.0000,0.000078
FILLER_46_147,VGND,li1,73.3700,136.0000,0.000075
FILLER_46_141,VGND,li1,71.7600,136.0000,0.000070
FILLER_46_139,VGND,li1,69.6900,136.0000,0.000068
FILLER_46_133,VGND,li1,68.0800,136.0000,0.000068
FILLER_46_121,VGND,li1,63.9400,136.0000,0.000062
FILLER_46_109,VGND,li1,58.4200,136.0000,0.000054
FILLER_46_97,VGND,li1,52.9000,136.0000,0.000048
FILLER_46_85,VGND,li1,47.3800,136.0000,0.000041
FILLER_46_83,VGND,li1,43.9300,136.0000,0.000035
FILLER_46_77,VGND,li1,42.3200,136.0000,0.000035
FILLER_46_65,VGND,li1,38.1800,136.0000,0.000030
FILLER_46_53,VGND,li1,32.6600,136.0000,0.000022
FILLER_46_41,VGND,li1,27.1400,136.0000,0.000015
FILLER_46_29,VGND,li1,21.6200,136.0000,0.000013
FILLER_46_27,VGND,li1,18.1700,136.0000,0.000013
FILLER_46_15,VGND,li1,15.1800,136.0000,0.000013
FILLER_46_3,VGND,li1,9.6600,136.0000,0.000013
FILLER_45_553,VGND,li1,260.3600,136.0000,0.000229
FILLER_45_503,VGND,li1,237.1300,136.0000,0.000214
FILLER_45_497,VGND,li1,235.5200,136.0000,0.000210
FILLER_45_485,VGND,li1,231.3800,136.0000,0.000204
FILLER_45_449,VGND,li1,212.2900,136.0000,0.000166
FILLER_45_440,VGND,li1,209.7600,136.0000,0.000160
FILLER_45_428,VGND,li1,205.1600,136.0000,0.000144
FILLER_45_393,VGND,li1,186.7600,136.0000,0.000086
FILLER_45_371,VGND,li1,176.4100,136.0000,0.000066
FILLER_45_346,VGND,li1,164.9100,136.0000,0.000082
FILLER_45_335,VGND,li1,159.8500,136.0000,0.000089
FILLER_45_331,VGND,li1,158.7000,136.0000,0.000089
FILLER_45_319,VGND,li1,153.6400,136.0000,0.000093
FILLER_45_306,VGND,li1,147.2000,136.0000,0.000095
FILLER_45_293,VGND,li1,141.2200,136.0000,0.000098
FILLER_45_281,VGND,li1,137.5400,136.0000,0.000098
FILLER_45_279,VGND,li1,134.0900,136.0000,0.000097
FILLER_45_268,VGND,li1,129.7200,136.0000,0.000097
FILLER_45_258,VGND,li1,124.8900,136.0000,0.000096
FILLER_45_250,VGND,li1,122.3600,136.0000,0.000096
FILLER_45_238,VGND,li1,117.7600,136.0000,0.000095
FILLER_45_221,VGND,li1,107.8700,136.0000,0.000094
FILLER_45_197,VGND,li1,96.3700,136.0000,0.000090
FILLER_45_189,VGND,li1,94.3000,136.0000,0.000089
FILLER_45_169,VGND,li1,83.9500,136.0000,0.000081
FILLER_45_136,VGND,li1,68.7700,136.0000,0.000068
FILLER_45_125,VGND,li1,63.7100,136.0000,0.000062
FILLER_45_113,VGND,li1,58.4200,136.0000,0.000054
FILLER_45_111,VGND,li1,56.8100,136.0000,0.000051
FILLER_45_105,VGND,li1,55.2000,136.0000,0.000051
FILLER_45_93,VGND,li1,51.0600,136.0000,0.000046
FILLER_45_81,VGND,li1,45.5400,136.0000,0.000037
FILLER_45_69,VGND,li1,40.0200,136.0000,0.000032
FILLER_45_57,VGND,li1,34.5000,136.0000,0.000025
FILLER_45_55,VGND,li1,31.0500,136.0000,0.000019
FILLER_45_51,VGND,li1,29.9000,136.0000,0.000019
FILLER_45_39,VGND,li1,26.2200,136.0000,0.000013
FILLER_45_27,VGND,li1,20.7000,136.0000,0.000013
FILLER_45_15,VGND,li1,15.1800,136.0000,0.000013
FILLER_45_3,VGND,li1,9.6600,136.0000,0.000013
FILLER_44_552,VGND,li1,260.1300,130.5600,0.000352
FILLER_44_544,VGND,li1,257.6000,130.5600,0.000352
FILLER_44_520,VGND,li1,245.1800,130.5600,0.000327
FILLER_44_512,VGND,li1,242.8800,130.5600,0.000321
FILLER_44_501,VGND,li1,236.4400,130.5600,0.000299
FILLER_44_489,VGND,li1,233.2200,130.5600,0.000291
FILLER_44_468,VGND,li1,221.7200,130.5600,0.000247
FILLER_44_458,VGND,li1,216.4300,130.5600,0.000230
FILLER_44_446,VGND,li1,213.4400,130.5600,0.000219
FILLER_44_434,VGND,li1,207.9200,130.5600,0.000198
FILLER_44_418,VGND,li1,198.2600,130.5600,0.000163
FILLER_44_397,VGND,li1,188.6000,130.5600,0.000120
FILLER_44_373,VGND,li1,178.0200,130.5600,0.000073
FILLER_44_340,VGND,li1,162.6100,130.5600,0.000108
FILLER_44_306,VGND,li1,146.7400,130.5600,0.000133
FILLER_44_295,VGND,li1,141.6800,130.5600,0.000136
FILLER_44_287,VGND,li1,139.3800,130.5600,0.000138
FILLER_44_273,VGND,li1,132.4800,130.5600,0.000143
FILLER_44_253,VGND,li1,123.2800,130.5600,0.000149
FILLER_44_251,VGND,li1,121.2100,130.5600,0.000150
FILLER_44_247,VGND,li1,120.0600,130.5600,0.000150
FILLER_44_215,VGND,li1,104.8800,130.5600,0.000159
FILLER_44_197,VGND,li1,96.3700,130.5600,0.000165
FILLER_44_195,VGND,li1,95.4500,130.5600,0.000165
FILLER_44_191,VGND,li1,94.3000,130.5600,0.000165
FILLER_44_117,VGND,li1,60.7200,130.5600,0.000145
FILLER_44_83,VGND,li1,43.9300,130.5600,0.000093
FILLER_44_77,VGND,li1,42.3200,130.5600,0.000093
FILLER_44_65,VGND,li1,38.1800,130.5600,0.000079
FILLER_44_53,VGND,li1,32.6600,130.5600,0.000060
FILLER_44_41,VGND,li1,27.1400,130.5600,0.000041
FILLER_44_29,VGND,li1,21.6200,130.5600,0.000034
FILLER_44_27,VGND,li1,18.1700,130.5600,0.000034
FILLER_44_15,VGND,li1,15.1800,130.5600,0.000034
FILLER_44_3,VGND,li1,9.6600,130.5600,0.000034
FILLER_43_551,VGND,li1,259.9000,130.5600,0.000352
FILLER_43_520,VGND,li1,244.9500,130.5600,0.000327
FILLER_43_514,VGND,li1,243.3400,130.5600,0.000321
FILLER_43_498,VGND,li1,235.9800,130.5600,0.000299
FILLER_43_445,VGND,li1,210.9100,130.5600,0.000210
FILLER_43_437,VGND,li1,208.3800,130.5600,0.000198
FILLER_43_402,VGND,li1,190.9000,130.5600,0.000131
FILLER_43_389,VGND,li1,185.1500,130.5600,0.000106
FILLER_43_371,VGND,li1,176.4100,130.5600,0.000079
FILLER_43_367,VGND,li1,175.2600,130.5600,0.000079
FILLER_43_337,VGND,li1,160.7700,130.5600,0.000114
FILLER_43_333,VGND,li1,159.3900,130.5600,0.000114
FILLER_43_318,VGND,li1,153.1800,130.5600,0.000126
FILLER_43_285,VGND,li1,136.8500,130.5600,0.000140
FILLER_43_281,VGND,li1,135.7000,130.5600,0.000140
FILLER_43_272,VGND,li1,131.1000,130.5600,0.000143
FILLER_43_264,VGND,li1,128.8000,130.5600,0.000144
FILLER_43_232,VGND,li1,113.1600,130.5600,0.000154
FILLER_43_186,VGND,li1,91.5400,130.5600,0.000165
FILLER_43_180,VGND,li1,88.5500,130.5600,0.000165
FILLER_43_169,VGND,li1,83.4900,130.5600,0.000165
FILLER_43_142,VGND,li1,71.3000,130.5600,0.000158
FILLER_43_130,VGND,li1,68.0800,130.5600,0.000156
FILLER_43_113,VGND,li1,57.7300,130.5600,0.000135
FILLER_43_110,VGND,li1,56.5800,130.5600,0.000135
FILLER_43_94,VGND,li1,50.6000,130.5600,0.000120
FILLER_43_89,VGND,li1,46.9200,130.5600,0.000109
FILLER_43_81,VGND,li1,44.6200,130.5600,0.000100
FILLER_43_69,VGND,li1,40.0200,130.5600,0.000085
FILLER_43_57,VGND,li1,34.5000,130.5600,0.000066
FILLER_43_55,VGND,li1,31.0500,130.5600,0.000051
FILLER_43_51,VGND,li1,29.9000,130.5600,0.000051
FILLER_43_39,VGND,li1,26.2200,130.5600,0.000034
FILLER_43_27,VGND,li1,20.7000,130.5600,0.000034
FILLER_43_15,VGND,li1,15.1800,130.5600,0.000034
FILLER_43_3,VGND,li1,9.6600,130.5600,0.000034
FILLER_42_551,VGND,li1,259.9000,125.1200,0.000234
FILLER_42_530,VGND,li1,249.7800,125.1200,0.000234
FILLER_42_518,VGND,li1,244.0300,125.1200,0.000234
FILLER_42_497,VGND,li1,234.3700,125.1200,0.000233
FILLER_42_437,VGND,li1,206.7700,125.1200,0.000187
FILLER_42_433,VGND,li1,205.6200,125.1200,0.000179
FILLER_42_419,VGND,li1,198.4900,125.1200,0.000162
FILLER_42_410,VGND,li1,194.3500,125.1200,0.000149
FILLER_42_404,VGND,li1,191.8200,125.1200,0.000143
FILLER_42_382,VGND,li1,181.4700,125.1200,0.000110
FILLER_42_343,VGND,li1,163.5300,125.1200,0.000153
FILLER_42_339,VGND,li1,162.3800,125.1200,0.000153
FILLER_42_317,VGND,li1,151.8000,125.1200,0.000169
FILLER_42_309,VGND,li1,149.5000,125.1200,0.000172
FILLER_42_305,VGND,li1,146.5100,125.1200,0.000175
FILLER_42_284,VGND,li1,136.3900,125.1200,0.000187
FILLER_42_261,VGND,li1,126.2700,125.1200,0.000196
FILLER_42_253,VGND,li1,123.7400,125.1200,0.000197
FILLER_42_249,VGND,li1,120.7500,125.1200,0.000199
FILLER_42_241,VGND,li1,116.6100,125.1200,0.000202
FILLER_42_237,VGND,li1,115.4600,125.1200,0.000202
FILLER_42_229,VGND,li1,111.0900,125.1200,0.000206
FILLER_42_195,VGND,li1,95.4500,125.1200,0.000206
FILLER_42_183,VGND,li1,92.4600,125.1200,0.000204
FILLER_42_177,VGND,li1,87.1700,125.1200,0.000202
FILLER_42_171,VGND,li1,85.5600,125.1200,0.000199
FILLER_42_159,VGND,li1,81.4200,125.1200,0.000195
FILLER_42_149,VGND,li1,74.2900,125.1200,0.000186
FILLER_42_141,VGND,li1,72.2200,125.1200,0.000184
FILLER_42_139,VGND,li1,69.6900,125.1200,0.000181
FILLER_42_133,VGND,li1,68.0800,125.1200,0.000179
FILLER_42_121,VGND,li1,63.9400,125.1200,0.000173
FILLER_42_109,VGND,li1,58.4200,125.1200,0.000166
FILLER_42_97,VGND,li1,52.9000,125.1200,0.000157
FILLER_42_85,VGND,li1,47.3800,125.1200,0.000148
FILLER_42_83,VGND,li1,43.9300,125.1200,0.000133
FILLER_42_77,VGND,li1,42.3200,125.1200,0.000133
FILLER_42_65,VGND,li1,38.1800,125.1200,0.000112
FILLER_42_53,VGND,li1,32.6600,125.1200,0.000086
FILLER_42_41,VGND,li1,27.1400,125.1200,0.000059
FILLER_42_29,VGND,li1,21.6200,125.1200,0.000049
FILLER_42_27,VGND,li1,18.1700,125.1200,0.000049
FILLER_42_15,VGND,li1,15.1800,125.1200,0.000049
FILLER_42_3,VGND,li1,9.6600,125.1200,0.000049
FILLER_41_547,VGND,li1,258.9800,125.1200,0.000234
FILLER_41_521,VGND,li1,245.4100,125.1200,0.000234
FILLER_41_517,VGND,li1,244.2600,125.1200,0.000234
FILLER_41_505,VGND,li1,240.5800,125.1200,0.000234
FILLER_41_496,VGND,li1,235.5200,125.1200,0.000233
FILLER_41_447,VGND,li1,211.3700,125.1200,0.000200
FILLER_41_443,VGND,li1,210.2200,125.1200,0.000192
FILLER_41_431,VGND,li1,204.7000,125.1200,0.000179
FILLER_41_411,VGND,li1,195.0400,125.1200,0.000149
FILLER_41_405,VGND,li1,192.5100,125.1200,0.000143
FILLER_41_393,VGND,li1,189.0600,125.1200,0.000135
FILLER_41_390,VGND,li1,185.3800,125.1200,0.000124
FILLER_41_361,VGND,li1,171.8100,125.1200,0.000134
FILLER_41_357,VGND,li1,170.6600,125.1200,0.000134
FILLER_41_316,VGND,li1,151.5700,125.1200,0.000169
FILLER_41_306,VGND,li1,146.5100,125.1200,0.000175
FILLER_41_292,VGND,li1,141.2200,125.1200,0.000181
FILLER_41_281,VGND,li1,135.2400,125.1200,0.000190
FILLER_41_278,VGND,li1,133.8600,125.1200,0.000190
FILLER_41_266,VGND,li1,128.5700,125.1200,0.000195
FILLER_41_254,VGND,li1,125.1200,125.1200,0.000197
FILLER_41_242,VGND,li1,119.6000,125.1200,0.000201
FILLER_41_230,VGND,li1,114.0800,125.1200,0.000204
FILLER_41_202,VGND,li1,98.9000,125.1200,0.000208
FILLER_41_194,VGND,li1,96.6000,125.1200,0.000206
FILLER_41_182,VGND,li1,92.0000,125.1200,0.000204
FILLER_41_175,VGND,li1,86.2500,125.1200,0.000199
FILLER_41_169,VGND,li1,84.6400,125.1200,0.000199
FILLER_41_164,VGND,li1,81.8800,125.1200,0.000195
FILLER_41_152,VGND,li1,78.2000,125.1200,0.000189
FILLER_41_140,VGND,li1,72.6800,125.1200,0.000184
FILLER_41_130,VGND,li1,65.5500,125.1200,0.000176
FILLER_41_113,VGND,li1,59.3400,125.1200,0.000166
FILLER_41_108,VGND,li1,56.1200,125.1200,0.000162
FILLER_41_98,VGND,li1,51.0600,125.1200,0.000154
FILLER_41_90,VGND,li1,48.7600,125.1200,0.000148
FILLER_41_69,VGND,li1,37.9500,125.1200,0.000112
FILLER_41_57,VGND,li1,34.5000,125.1200,0.000095
FILLER_41_55,VGND,li1,31.0500,125.1200,0.000073
FILLER_41_51,VGND,li1,29.9000,125.1200,0.000073
FILLER_41_39,VGND,li1,26.2200,125.1200,0.000049
FILLER_41_27,VGND,li1,20.7000,125.1200,0.000049
FILLER_41_15,VGND,li1,15.1800,125.1200,0.000049
FILLER_41_3,VGND,li1,9.6600,125.1200,0.000049
FILLER_40_553,VGND,li1,260.3600,119.6800,0.000401
FILLER_40_514,VGND,li1,242.4200,119.6800,0.000386
FILLER_40_506,VGND,li1,240.1200,119.6800,0.000384
FILLER_40_494,VGND,li1,235.5200,119.6800,0.000379
FILLER_40_457,VGND,li1,215.9700,119.6800,0.000348
FILLER_40_449,VGND,li1,213.9000,119.6800,0.000339
FILLER_40_434,VGND,li1,205.6200,119.6800,0.000304
FILLER_40_426,VGND,li1,203.3200,119.6800,0.000288
FILLER_40_416,VGND,li1,197.8000,119.6800,0.000264
FILLER_40_404,VGND,li1,194.1200,119.6800,0.000241
FILLER_40_392,VGND,li1,186.0700,119.6800,0.000192
FILLER_40_386,VGND,li1,184.4600,119.6800,0.000192
FILLER_40_361,VGND,li1,172.2700,119.6800,0.000188
FILLER_40_353,VGND,li1,169.7400,119.6800,0.000209
FILLER_40_341,VGND,li1,165.1400,119.6800,0.000231
FILLER_40_329,VGND,li1,159.6200,119.6800,0.000265
FILLER_40_302,VGND,li1,145.8200,119.6800,0.000354
FILLER_40_271,VGND,li1,132.0200,119.6800,0.000385
FILLER_40_261,VGND,li1,126.5000,119.6800,0.000398
FILLER_40_250,VGND,li1,120.9800,119.6800,0.000406
FILLER_40_242,VGND,li1,118.6800,119.6800,0.000409
FILLER_40_233,VGND,li1,112.9300,119.6800,0.000418
FILLER_40_221,VGND,li1,109.9400,119.6800,0.000423
FILLER_40_209,VGND,li1,104.4200,119.6800,0.000432
FILLER_40_197,VGND,li1,98.9000,119.6800,0.000440
FILLER_40_195,VGND,li1,95.4500,119.6800,0.000445
FILLER_40_173,VGND,li1,85.7900,119.6800,0.000444
FILLER_40_164,VGND,li1,81.1900,119.6800,0.000425
FILLER_40_158,VGND,li1,79.5800,119.6800,0.000425
FILLER_40_120,VGND,li1,60.9500,119.6800,0.000346
FILLER_40_116,VGND,li1,59.8000,119.6800,0.000346
FILLER_40_104,VGND,li1,54.2800,119.6800,0.000308
FILLER_40_85,VGND,li1,45.3100,119.6800,0.000242
FILLER_40_82,VGND,li1,43.7000,119.6800,0.000221
FILLER_40_70,VGND,li1,40.4800,119.6800,0.000199
FILLER_40_61,VGND,li1,33.8100,119.6800,0.000150
FILLER_40_53,VGND,li1,31.7400,119.6800,0.000131
FILLER_40_41,VGND,li1,27.1400,119.6800,0.000096
FILLER_40_29,VGND,li1,21.6200,119.6800,0.000080
FILLER_40_27,VGND,li1,18.1700,119.6800,0.000080
FILLER_40_15,VGND,li1,15.1800,119.6800,0.000080
FILLER_40_3,VGND,li1,9.6600,119.6800,0.000080
FILLER_39_549,VGND,li1,259.4400,119.6800,0.000401
FILLER_39_526,VGND,li1,248.1700,119.6800,0.000393
FILLER_39_513,VGND,li1,241.7300,119.6800,0.000386
FILLER_39_505,VGND,li1,239.6600,119.6800,0.000384
FILLER_39_500,VGND,li1,236.4400,119.6800,0.000379
FILLER_39_488,VGND,li1,232.7600,119.6800,0.000375
FILLER_39_476,VGND,li1,227.2400,119.6800,0.000369
FILLER_39_464,VGND,li1,221.7200,119.6800,0.000363
FILLER_39_427,VGND,li1,202.1700,119.6800,0.000288
FILLER_39_423,VGND,li1,201.0200,119.6800,0.000279
FILLER_39_411,VGND,li1,197.3400,119.6800,0.000264
FILLER_39_400,VGND,li1,189.9800,119.6800,0.000229
FILLER_39_389,VGND,li1,185.1500,119.6800,0.000192
FILLER_39_377,VGND,li1,181.7000,119.6800,0.000170
FILLER_39_367,VGND,li1,174.5700,119.6800,0.000173
FILLER_39_361,VGND,li1,172.9600,119.6800,0.000188
FILLER_39_349,VGND,li1,168.8200,119.6800,0.000209
FILLER_39_337,VGND,li1,163.3000,119.6800,0.000243
FILLER_39_334,VGND,li1,159.6200,119.6800,0.000265
FILLER_39_316,VGND,li1,151.1100,119.6800,0.000318
FILLER_39_308,VGND,li1,149.0400,119.6800,0.000338
FILLER_39_293,VGND,li1,141.2200,119.6800,0.000363
FILLER_39_281,VGND,li1,137.5400,119.6800,0.000373
FILLER_39_240,VGND,li1,116.6100,119.6800,0.000415
FILLER_39_225,VGND,li1,110.4000,119.6800,0.000423
FILLER_39_218,VGND,li1,107.1800,119.6800,0.000427
FILLER_39_185,VGND,li1,90.8500,119.6800,0.000451
FILLER_39_167,VGND,li1,82.5700,119.6800,0.000434
FILLER_39_140,VGND,li1,70.1500,119.6800,0.000395
FILLER_39_113,VGND,li1,58.1900,119.6800,0.000326
FILLER_39_111,VGND,li1,56.8100,119.6800,0.000326
FILLER_39_107,VGND,li1,55.6600,119.6800,0.000308
FILLER_39_79,VGND,li1,42.7800,119.6800,0.000221
FILLER_39_67,VGND,li1,37.2600,119.6800,0.000166
FILLER_39_57,VGND,li1,31.9700,119.6800,0.000131
FILLER_39_47,VGND,li1,27.3700,119.6800,0.000096
FILLER_39_39,VGND,li1,25.3000,119.6800,0.000080
FILLER_39_27,VGND,li1,20.7000,119.6800,0.000080
FILLER_39_15,VGND,li1,15.1800,119.6800,0.000080
FILLER_39_3,VGND,li1,9.6600,119.6800,0.000080
FILLER_38_553,VGND,li1,260.3600,114.2400,0.000114
FILLER_38_545,VGND,li1,258.0600,114.2400,0.000114
FILLER_38_533,VGND,li1,253.4600,114.2400,0.000114
FILLER_38_531,VGND,li1,250.0100,114.2400,0.000114
FILLER_38_523,VGND,li1,247.9400,114.2400,0.000114
FILLER_38_515,VGND,li1,243.1100,114.2400,0.000114
FILLER_38_499,VGND,li1,235.5200,114.2400,0.000114
FILLER_38_491,VGND,li1,233.2200,114.2400,0.000114
FILLER_38_475,VGND,li1,224.2500,114.2400,0.000114
FILLER_38_467,VGND,li1,222.1800,114.2400,0.000114
FILLER_38_458,VGND,li1,216.6600,114.2400,0.000114
FILLER_38_434,VGND,li1,205.3900,114.2400,0.000110
FILLER_38_430,VGND,li1,204.2400,114.2400,0.000110
FILLER_38_412,VGND,li1,196.8800,114.2400,0.000105
FILLER_38_391,VGND,li1,185.6100,114.2400,0.000086
FILLER_38_358,VGND,li1,171.5800,114.2400,0.000093
FILLER_38_346,VGND,li1,167.4400,114.2400,0.000110
FILLER_38_315,VGND,li1,151.3400,114.2400,0.000171
FILLER_38_305,VGND,li1,146.5100,114.2400,0.000182
FILLER_38_296,VGND,li1,141.9100,114.2400,0.000194
FILLER_38_281,VGND,li1,136.6200,114.2400,0.000206
FILLER_38_269,VGND,li1,132.0200,114.2400,0.000216
FILLER_38_259,VGND,li1,124.8900,114.2400,0.000230
FILLER_38_253,VGND,li1,123.2800,114.2400,0.000233
FILLER_38_211,VGND,li1,102.8100,114.2400,0.000242
FILLER_38_207,VGND,li1,101.6600,114.2400,0.000242
FILLER_38_197,VGND,li1,96.3700,114.2400,0.000240
FILLER_38_185,VGND,li1,91.0800,114.2400,0.000238
FILLER_38_160,VGND,li1,79.3500,114.2400,0.000229
FILLER_38_114,VGND,li1,58.1900,114.2400,0.000181
FILLER_38_95,VGND,li1,49.9100,114.2400,0.000159
FILLER_38_85,VGND,li1,44.8500,114.2400,0.000137
FILLER_38_49,VGND,li1,28.2900,114.2400,0.000072
FILLER_38_41,VGND,li1,26.2200,114.2400,0.000062
FILLER_38_29,VGND,li1,21.6200,114.2400,0.000050
FILLER_38_27,VGND,li1,18.1700,114.2400,0.000050
FILLER_38_15,VGND,li1,15.1800,114.2400,0.000050
FILLER_38_3,VGND,li1,9.6600,114.2400,0.000050
FILLER_37_543,VGND,li1,258.0600,114.2400,0.000114
FILLER_37_531,VGND,li1,252.5400,114.2400,0.000114
FILLER_37_519,VGND,li1,247.0200,114.2400,0.000114
FILLER_37_502,VGND,li1,236.9000,114.2400,0.000114
FILLER_37_458,VGND,li1,217.5800,114.2400,0.000114
FILLER_37_447,VGND,li1,211.3700,114.2400,0.000114
FILLER_37_443,VGND,li1,210.2200,114.2400,0.000114
FILLER_37_391,VGND,li1,185.6100,114.2400,0.000086
FILLER_37_385,VGND,li1,184.0000,114.2400,0.000081
FILLER_37_363,VGND,li1,172.9600,114.2400,0.000093
FILLER_37_349,VGND,li1,166.2900,114.2400,0.000119
FILLER_37_345,VGND,li1,165.1400,114.2400,0.000119
FILLER_37_334,VGND,li1,159.6200,114.2400,0.000140
FILLER_37_302,VGND,li1,145.3600,114.2400,0.000189
FILLER_37_281,VGND,li1,135.0100,114.2400,0.000211
FILLER_37_278,VGND,li1,133.8600,114.2400,0.000211
FILLER_37_268,VGND,li1,129.0300,114.2400,0.000220
FILLER_37_245,VGND,li1,118.9100,114.2400,0.000237
FILLER_37_222,VGND,li1,108.1000,114.2400,0.000244
FILLER_37_190,VGND,li1,93.3800,114.2400,0.000239
FILLER_37_151,VGND,li1,75.2100,114.2400,0.000222
FILLER_37_111,VGND,li1,56.8100,114.2400,0.000181
FILLER_37_82,VGND,li1,44.1600,114.2400,0.000137
FILLER_37_57,VGND,li1,32.6600,114.2400,0.000091
FILLER_37_39,VGND,li1,23.6900,114.2400,0.000050
FILLER_37_27,VGND,li1,20.7000,114.2400,0.000050
FILLER_37_15,VGND,li1,15.1800,114.2400,0.000050
FILLER_37_3,VGND,li1,9.6600,114.2400,0.000050
FILLER_36_553,VGND,li1,260.3600,108.8000,0.000103
FILLER_36_545,VGND,li1,258.0600,108.8000,0.000103
FILLER_36_533,VGND,li1,253.4600,108.8000,0.000103
FILLER_36_529,VGND,li1,249.5500,108.8000,0.000103
FILLER_36_521,VGND,li1,247.0200,108.8000,0.000103
FILLER_36_509,VGND,li1,242.4200,108.8000,0.000103
FILLER_36_501,VGND,li1,236.2100,108.8000,0.000103
FILLER_36_489,VGND,li1,233.2200,108.8000,0.000103
FILLER_36_477,VGND,li1,227.7000,108.8000,0.000103
FILLER_36_475,VGND,li1,224.2500,108.8000,0.000103
FILLER_36_452,VGND,li1,214.1300,108.8000,0.000099
FILLER_36_444,VGND,li1,211.6000,108.8000,0.000097
FILLER_36_414,VGND,li1,197.3400,108.8000,0.000086
FILLER_36_405,VGND,li1,192.0500,108.8000,0.000080
FILLER_36_365,VGND,li1,174.1100,108.8000,0.000086
FILLER_36_362,VGND,li1,172.5000,108.8000,0.000098
FILLER_36_319,VGND,li1,152.7200,108.8000,0.000177
FILLER_36_309,VGND,li1,147.8900,108.8000,0.000198
FILLER_36_306,VGND,li1,146.7400,108.8000,0.000198
FILLER_36_286,VGND,li1,137.5400,108.8000,0.000236
FILLER_36_262,VGND,li1,126.2700,108.8000,0.000267
FILLER_36_250,VGND,li1,120.9800,108.8000,0.000280
FILLER_36_229,VGND,li1,111.7800,108.8000,0.000275
FILLER_36_201,VGND,li1,98.2100,108.8000,0.000266
FILLER_36_197,VGND,li1,97.0600,108.8000,0.000263
FILLER_36_170,VGND,li1,83.9500,108.8000,0.000236
FILLER_36_141,VGND,li1,71.3000,108.8000,0.000201
FILLER_36_138,VGND,li1,69.4600,108.8000,0.000195
FILLER_36_121,VGND,li1,61.4100,108.8000,0.000169
FILLER_36_85,VGND,li1,46.0000,108.8000,0.000116
FILLER_36_78,VGND,li1,42.7800,108.8000,0.000106
FILLER_36_45,VGND,li1,26.4500,108.8000,0.000048
FILLER_36_41,VGND,li1,25.3000,108.8000,0.000040
FILLER_36_29,VGND,li1,21.6200,108.8000,0.000040
FILLER_36_27,VGND,li1,18.1700,108.8000,0.000040
FILLER_36_15,VGND,li1,15.1800,108.8000,0.000040
FILLER_36_3,VGND,li1,9.6600,108.8000,0.000040
FILLER_35_547,VGND,li1,258.9800,108.8000,0.000103
FILLER_35_535,VGND,li1,254.3800,108.8000,0.000103
FILLER_35_523,VGND,li1,248.8600,108.8000,0.000103
FILLER_35_511,VGND,li1,243.3400,108.8000,0.000103
FILLER_35_503,VGND,li1,237.1300,108.8000,0.000103
FILLER_35_495,VGND,li1,235.0600,108.8000,0.000103
FILLER_35_483,VGND,li1,230.4600,108.8000,0.000103
FILLER_35_471,VGND,li1,224.9400,108.8000,0.000103
FILLER_35_453,VGND,li1,214.1300,108.8000,0.000099
FILLER_35_449,VGND,li1,212.9800,108.8000,0.000099
FILLER_35_447,VGND,li1,211.3700,108.8000,0.000097
FILLER_35_443,VGND,li1,210.2200,108.8000,0.000097
FILLER_35_434,VGND,li1,205.3900,108.8000,0.000094
FILLER_35_417,VGND,li1,199.1800,108.8000,0.000089
FILLER_35_405,VGND,li1,194.5800,108.8000,0.000083
FILLER_35_393,VGND,li1,189.0600,108.8000,0.000077
FILLER_35_390,VGND,li1,185.3800,108.8000,0.000072
FILLER_35_381,VGND,li1,181.0100,108.8000,0.000067
FILLER_35_377,VGND,li1,179.8600,108.8000,0.000065
FILLER_35_363,VGND,li1,172.7300,108.8000,0.000098
FILLER_35_359,VGND,li1,171.5800,108.8000,0.000098
FILLER_35_293,VGND,li1,140.5300,108.8000,0.000226
FILLER_35_287,VGND,li1,138.9200,108.8000,0.000226
FILLER_35_278,VGND,li1,133.8600,108.8000,0.000244
FILLER_35_242,VGND,li1,117.7600,108.8000,0.000279
FILLER_35_233,VGND,li1,112.9300,108.8000,0.000277
FILLER_35_225,VGND,li1,110.8600,108.8000,0.000275
FILLER_35_218,VGND,li1,107.1800,108.8000,0.000273
FILLER_35_192,VGND,li1,94.0700,108.8000,0.000259
FILLER_35_186,VGND,li1,92.4600,108.8000,0.000256
FILLER_35_155,VGND,li1,77.7400,108.8000,0.000222
FILLER_35_146,VGND,li1,72.9100,108.8000,0.000208
FILLER_35_140,VGND,li1,71.3000,108.8000,0.000201
FILLER_35_122,VGND,li1,61.8700,108.8000,0.000176
FILLER_35_113,VGND,li1,57.7300,108.8000,0.000157
FILLER_35_110,VGND,li1,56.5800,108.8000,0.000157
FILLER_35_100,VGND,li1,51.7500,108.8000,0.000141
FILLER_35_94,VGND,li1,50.1400,108.8000,0.000133
FILLER_35_82,VGND,li1,46.0000,108.8000,0.000116
FILLER_35_57,VGND,li1,33.5800,108.8000,0.000077
FILLER_35_52,VGND,li1,30.3600,108.8000,0.000064
FILLER_35_43,VGND,li1,25.5300,108.8000,0.000040
FILLER_35_39,VGND,li1,24.3800,108.8000,0.000040
FILLER_35_27,VGND,li1,20.7000,108.8000,0.000040
FILLER_35_15,VGND,li1,15.1800,108.8000,0.000040
FILLER_35_3,VGND,li1,9.6600,108.8000,0.000040
FILLER_34_553,VGND,li1,260.3600,103.3600,0.000241
FILLER_34_545,VGND,li1,258.0600,103.3600,0.000241
FILLER_34_533,VGND,li1,253.4600,103.3600,0.000241
FILLER_34_531,VGND,li1,250.0100,103.3600,0.000241
FILLER_34_525,VGND,li1,248.4000,103.3600,0.000241
FILLER_34_508,VGND,li1,239.4300,103.3600,0.000241
FILLER_34_489,VGND,li1,231.8400,103.3600,0.000241
FILLER_34_477,VGND,li1,227.7000,103.3600,0.000241
FILLER_34_475,VGND,li1,224.2500,103.3600,0.000241
FILLER_34_454,VGND,li1,214.5900,103.3600,0.000238
FILLER_34_450,VGND,li1,213.4400,103.3600,0.000238
FILLER_34_408,VGND,li1,195.9600,103.3600,0.000215
FILLER_34_387,VGND,li1,183.7700,103.3600,0.000162
FILLER_34_369,VGND,li1,175.4900,103.3600,0.000122
FILLER_34_365,VGND,li1,174.3400,103.3600,0.000130
FILLER_34_363,VGND,li1,172.7300,103.3600,0.000130
FILLER_34_357,VGND,li1,171.1200,103.3600,0.000138
FILLER_34_348,VGND,li1,165.8300,103.3600,0.000150
FILLER_34_344,VGND,li1,164.6800,103.3600,0.000155
FILLER_34_330,VGND,li1,157.5500,103.3600,0.000174
FILLER_34_317,VGND,li1,152.2600,103.3600,0.000189
FILLER_34_300,VGND,li1,144.2100,103.3600,0.000212
FILLER_34_279,VGND,li1,134.0900,103.3600,0.000243
FILLER_34_246,VGND,li1,120.0600,103.3600,0.000271
FILLER_34_214,VGND,li1,104.6500,103.3600,0.000296
FILLER_34_197,VGND,li1,96.3700,103.3600,0.000306
FILLER_34_195,VGND,li1,95.4500,103.3600,0.000306
FILLER_34_183,VGND,li1,92.4600,103.3600,0.000311
FILLER_34_164,VGND,li1,81.6500,103.3600,0.000321
FILLER_34_141,VGND,li1,72.2200,103.3600,0.000318
FILLER_34_132,VGND,li1,68.0800,103.3600,0.000313
FILLER_34_102,VGND,li1,53.1300,103.3600,0.000254
FILLER_34_78,VGND,li1,42.7800,103.3600,0.000200
FILLER_34_45,VGND,li1,26.4500,103.3600,0.000086
FILLER_34_27,VGND,li1,18.1700,103.3600,0.000090
FILLER_34_15,VGND,li1,15.1800,103.3600,0.000090
FILLER_34_3,VGND,li1,9.6600,103.3600,0.000090
FILLER_33_547,VGND,li1,258.9800,103.3600,0.000241
FILLER_33_535,VGND,li1,254.3800,103.3600,0.000241
FILLER_33_523,VGND,li1,248.8600,103.3600,0.000241
FILLER_33_490,VGND,li1,232.7600,103.3600,0.000241
FILLER_33_469,VGND,li1,222.1800,103.3600,0.000241
FILLER_33_457,VGND,li1,218.5000,103.3600,0.000241
FILLER_33_446,VGND,li1,211.1400,103.3600,0.000237
FILLER_33_422,VGND,li1,200.5600,103.3600,0.000223
FILLER_33_399,VGND,li1,189.2900,103.3600,0.000205
FILLER_33_386,VGND,li1,183.3100,103.3600,0.000162
FILLER_33_363,VGND,li1,173.1900,103.3600,0.000130
FILLER_33_351,VGND,li1,169.7400,103.3600,0.000138
FILLER_33_337,VGND,li1,160.7700,103.3600,0.000167
FILLER_33_335,VGND,li1,159.8500,103.3600,0.000167
FILLER_33_331,VGND,li1,158.7000,103.3600,0.000174
FILLER_33_319,VGND,li1,155.0200,103.3600,0.000181
FILLER_33_297,VGND,li1,142.3700,103.3600,0.000218
FILLER_33_289,VGND,li1,140.3000,103.3600,0.000228
FILLER_33_274,VGND,li1,132.9400,103.3600,0.000243
FILLER_33_261,VGND,li1,126.5000,103.3600,0.000256
FILLER_33_235,VGND,li1,115.0000,103.3600,0.000280
FILLER_33_225,VGND,li1,109.2500,103.3600,0.000291
FILLER_33_212,VGND,li1,103.9600,103.3600,0.000296
FILLER_33_199,VGND,li1,97.2900,103.3600,0.000304
FILLER_33_178,VGND,li1,88.3200,103.3600,0.000315
FILLER_33_133,VGND,li1,66.9300,103.3600,0.000313
FILLER_33_113,VGND,li1,58.4200,103.3600,0.000282
FILLER_33_100,VGND,li1,52.2100,103.3600,0.000254
FILLER_33_23,VGND,li1,16.3300,103.3600,0.000090
FILLER_33_15,VGND,li1,14.2600,103.3600,0.000090
FILLER_33_3,VGND,li1,9.6600,103.3600,0.000090
FILLER_32_553,VGND,li1,260.3600,97.9200,0.000344
FILLER_32_545,VGND,li1,258.0600,97.9200,0.000344
FILLER_32_533,VGND,li1,253.4600,97.9200,0.000344
FILLER_32_530,VGND,li1,249.7800,97.9200,0.000344
FILLER_32_489,VGND,li1,230.6900,97.9200,0.000327
FILLER_32_477,VGND,li1,227.7000,97.9200,0.000321
FILLER_32_473,VGND,li1,223.7900,97.9200,0.000314
FILLER_32_419,VGND,li1,198.4900,97.9200,0.000230
FILLER_32_415,VGND,li1,197.3400,97.9200,0.000230
FILLER_32_365,VGND,li1,174.8000,97.9200,0.000121
FILLER_32_362,VGND,li1,172.5000,97.9200,0.000133
FILLER_32_309,VGND,li1,148.1200,97.9200,0.000257
FILLER_32_307,VGND,li1,146.9700,97.9200,0.000257
FILLER_32_295,VGND,li1,143.9800,97.9200,0.000277
FILLER_32_253,VGND,li1,123.2800,97.9200,0.000373
FILLER_32_241,VGND,li1,116.8400,97.9200,0.000391
FILLER_32_218,VGND,li1,106.4900,97.9200,0.000422
FILLER_32_192,VGND,li1,94.7600,97.9200,0.000449
FILLER_32_173,VGND,li1,85.7900,97.9200,0.000462
FILLER_32_139,VGND,li1,69.6900,97.9200,0.000423
FILLER_32_106,VGND,li1,54.9700,97.9200,0.000334
FILLER_32_67,VGND,li1,36.5700,97.9200,0.000197
FILLER_32_63,VGND,li1,35.4200,97.9200,0.000197
FILLER_32_29,VGND,li1,19.7800,97.9200,0.000127
FILLER_32_27,VGND,li1,18.1700,97.9200,0.000127
FILLER_32_15,VGND,li1,15.1800,97.9200,0.000127
FILLER_32_3,VGND,li1,9.6600,97.9200,0.000127
FILLER_31_549,VGND,li1,259.4400,97.9200,0.000344
FILLER_31_537,VGND,li1,255.3000,97.9200,0.000344
FILLER_31_525,VGND,li1,249.7800,97.9200,0.000344
FILLER_31_494,VGND,li1,232.9900,97.9200,0.000331
FILLER_31_486,VGND,li1,230.9200,97.9200,0.000327
FILLER_31_444,VGND,li1,210.6800,97.9200,0.000284
FILLER_31_380,VGND,li1,183.0800,97.9200,0.000144
FILLER_31_344,VGND,li1,163.9900,97.9200,0.000174
FILLER_31_335,VGND,li1,159.8500,97.9200,0.000202
FILLER_31_329,VGND,li1,158.2400,97.9200,0.000202
FILLER_31_298,VGND,li1,142.8300,97.9200,0.000277
FILLER_31_278,VGND,li1,133.8600,97.9200,0.000321
FILLER_31_270,VGND,li1,131.5600,97.9200,0.000340
FILLER_31_249,VGND,li1,120.2900,97.9200,0.000382
FILLER_31_245,VGND,li1,119.1400,97.9200,0.000382
FILLER_31_211,VGND,li1,103.5000,97.9200,0.000429
FILLER_31_178,VGND,li1,87.6300,97.9200,0.000460
FILLER_31_129,VGND,li1,65.3200,97.9200,0.000394
FILLER_31_97,VGND,li1,51.5200,97.9200,0.000312
FILLER_31_57,VGND,li1,33.5800,97.9200,0.000182
FILLER_31_55,VGND,li1,31.0500,97.9200,0.000162
FILLER_31_15,VGND,li1,15.1800,97.9200,0.000127
FILLER_31_3,VGND,li1,9.6600,97.9200,0.000127
FILLER_30_553,VGND,li1,260.3600,92.4800,0.000362
FILLER_30_545,VGND,li1,258.0600,92.4800,0.000362
FILLER_30_533,VGND,li1,253.4600,92.4800,0.000362
FILLER_30_531,VGND,li1,250.0100,92.4800,0.000362
FILLER_30_519,VGND,li1,247.0200,92.4800,0.000362
FILLER_30_498,VGND,li1,234.8300,92.4800,0.000344
FILLER_30_494,VGND,li1,233.6800,92.4800,0.000337
FILLER_30_466,VGND,li1,220.1100,92.4800,0.000289
FILLER_30_460,VGND,li1,218.5000,92.4800,0.000279
FILLER_30_428,VGND,li1,203.3200,92.4800,0.000214
FILLER_30_419,VGND,li1,198.4900,92.4800,0.000190
FILLER_30_383,VGND,li1,181.9300,92.4800,0.000108
FILLER_30_377,VGND,li1,180.3200,92.4800,0.000091
FILLER_30_365,VGND,li1,176.1800,92.4800,0.000100
FILLER_30_360,VGND,li1,172.0400,92.4800,0.000116
FILLER_30_346,VGND,li1,164.9100,92.4800,0.000142
FILLER_30_342,VGND,li1,163.7600,92.4800,0.000151
FILLER_30_330,VGND,li1,160.0800,92.4800,0.000165
FILLER_30_318,VGND,li1,152.4900,92.4800,0.000188
FILLER_30_307,VGND,li1,146.9700,92.4800,0.000205
FILLER_30_297,VGND,li1,142.3700,92.4800,0.000221
FILLER_30_293,VGND,li1,141.2200,92.4800,0.000221
FILLER_30_265,VGND,li1,129.2600,92.4800,0.000247
FILLER_30_253,VGND,li1,122.5900,92.4800,0.000263
FILLER_30_251,VGND,li1,121.2100,92.4800,0.000263
FILLER_30_243,VGND,li1,119.1400,92.4800,0.000270
FILLER_30_222,VGND,li1,107.8700,92.4800,0.000283
FILLER_30_214,VGND,li1,105.8000,92.4800,0.000286
FILLER_30_174,VGND,li1,86.9400,92.4800,0.000304
FILLER_30_157,VGND,li1,77.9700,92.4800,0.000277
FILLER_30_139,VGND,li1,69.6900,92.4800,0.000244
FILLER_30_133,VGND,li1,68.0800,92.4800,0.000244
FILLER_30_96,VGND,li1,50.3700,92.4800,0.000170
FILLER_30_85,VGND,li1,45.0800,92.4800,0.000141
FILLER_30_83,VGND,li1,43.9300,92.4800,0.000141
FILLER_30_65,VGND,li1,35.6500,92.4800,0.000099
FILLER_30_61,VGND,li1,34.5000,92.4800,0.000099
FILLER_30_52,VGND,li1,29.6700,92.4800,0.000070
FILLER_30_46,VGND,li1,28.0600,92.4800,0.000070
FILLER_30_27,VGND,li1,18.1700,92.4800,0.000059
FILLER_30_15,VGND,li1,15.1800,92.4800,0.000059
FILLER_30_3,VGND,li1,9.6600,92.4800,0.000059
FILLER_29_554,VGND,li1,260.5900,92.4800,0.000362
FILLER_29_548,VGND,li1,258.9800,92.4800,0.000362
FILLER_29_536,VGND,li1,254.8400,92.4800,0.000362
FILLER_29_524,VGND,li1,249.3200,92.4800,0.000362
FILLER_29_493,VGND,li1,232.7600,92.4800,0.000337
FILLER_29_464,VGND,li1,219.1900,92.4800,0.000279
FILLER_29_458,VGND,li1,217.5800,92.4800,0.000279
FILLER_29_446,VGND,li1,211.1400,92.4800,0.000251
FILLER_29_434,VGND,li1,207.9200,92.4800,0.000236
FILLER_29_413,VGND,li1,195.7300,92.4800,0.000177
FILLER_29_405,VGND,li1,193.6600,92.4800,0.000165
FILLER_29_393,VGND,li1,189.0600,92.4800,0.000145
FILLER_29_380,VGND,li1,183.0800,92.4800,0.000108
FILLER_29_359,VGND,li1,172.5000,92.4800,0.000116
FILLER_29_335,VGND,li1,159.8500,92.4800,0.000165
FILLER_29_331,VGND,li1,158.7000,92.4800,0.000165
FILLER_29_281,VGND,li1,135.0100,92.4800,0.000238
FILLER_29_268,VGND,li1,131.5600,92.4800,0.000243
FILLER_29_259,VGND,li1,124.8900,92.4800,0.000256
FILLER_29_247,VGND,li1,121.9000,92.4800,0.000263
FILLER_29_225,VGND,li1,110.4000,92.4800,0.000280
FILLER_29_216,VGND,li1,106.7200,92.4800,0.000286
FILLER_29_204,VGND,li1,102.1200,92.4800,0.000290
FILLER_29_186,VGND,li1,91.3100,92.4800,0.000302
FILLER_29_180,VGND,li1,89.7000,92.4800,0.000302
FILLER_29_167,VGND,li1,82.5700,92.4800,0.000295
FILLER_29_157,VGND,li1,77.9700,92.4800,0.000277
FILLER_29_153,VGND,li1,76.8200,92.4800,0.000277
FILLER_29_142,VGND,li1,71.3000,92.4800,0.000253
FILLER_29_134,VGND,li1,69.0000,92.4800,0.000244
FILLER_29_125,VGND,li1,63.2500,92.4800,0.000221
FILLER_29_121,VGND,li1,62.1000,92.4800,0.000221
FILLER_29_110,VGND,li1,56.5800,92.4800,0.000198
FILLER_29_93,VGND,li1,48.5300,92.4800,0.000157
FILLER_29_89,VGND,li1,47.3800,92.4800,0.000157
FILLER_29_69,VGND,li1,37.9500,92.4800,0.000113
FILLER_29_41,VGND,li1,25.7600,92.4800,0.000055
FILLER_29_23,VGND,li1,16.5600,92.4800,0.000059
FILLER_29_15,VGND,li1,14.2600,92.4800,0.000059
FILLER_29_3,VGND,li1,9.6600,92.4800,0.000059
FILLER_28_553,VGND,li1,260.3600,87.0400,0.000214
FILLER_28_545,VGND,li1,258.0600,87.0400,0.000214
FILLER_28_533,VGND,li1,253.4600,87.0400,0.000214
FILLER_28_531,VGND,li1,250.0100,87.0400,0.000214
FILLER_28_527,VGND,li1,248.8600,87.0400,0.000214
FILLER_28_515,VGND,li1,245.1800,87.0400,0.000214
FILLER_28_494,VGND,li1,232.9900,87.0400,0.000206
FILLER_28_486,VGND,li1,230.9200,87.0400,0.000203
FILLER_28_455,VGND,li1,215.0500,87.0400,0.000178
FILLER_28_443,VGND,li1,212.0600,87.0400,0.000173
FILLER_28_411,VGND,li1,195.0400,87.0400,0.000131
FILLER_28_372,VGND,li1,177.5600,87.0400,0.000109
FILLER_28_362,VGND,li1,172.5000,87.0400,0.000140
FILLER_28_340,VGND,li1,162.3800,87.0400,0.000213
FILLER_28_309,VGND,li1,148.1200,87.0400,0.000299
FILLER_28_305,VGND,li1,146.5100,87.0400,0.000299
FILLER_28_295,VGND,li1,141.6800,87.0400,0.000315
FILLER_28_266,VGND,li1,128.1100,87.0400,0.000361
FILLER_28_262,VGND,li1,126.9600,87.0400,0.000361
FILLER_28_250,VGND,li1,120.9800,87.0400,0.000377
FILLER_28_230,VGND,li1,111.5500,87.0400,0.000380
FILLER_28_222,VGND,li1,109.4800,87.0400,0.000378
FILLER_28_213,VGND,li1,103.7300,87.0400,0.000372
FILLER_28_209,VGND,li1,102.5800,87.0400,0.000372
FILLER_28_195,VGND,li1,95.4500,87.0400,0.000362
FILLER_28_191,VGND,li1,94.3000,87.0400,0.000362
FILLER_28_163,VGND,li1,81.1900,87.0400,0.000338
FILLER_28_145,VGND,li1,72.4500,87.0400,0.000319
FILLER_28_141,VGND,li1,71.3000,87.0400,0.000313
FILLER_28_139,VGND,li1,69.6900,87.0400,0.000313
FILLER_28_105,VGND,li1,54.2800,87.0400,0.000272
FILLER_28_83,VGND,li1,43.9300,87.0400,0.000227
FILLER_28_77,VGND,li1,42.3200,87.0400,0.000203
FILLER_28_29,VGND,li1,19.3200,87.0400,0.000090
FILLER_28_15,VGND,li1,13.3400,87.0400,0.000090
FILLER_28_3,VGND,li1,9.6600,87.0400,0.000090
FILLER_27_549,VGND,li1,259.4400,87.0400,0.000214
FILLER_27_537,VGND,li1,255.3000,87.0400,0.000214
FILLER_27_525,VGND,li1,249.7800,87.0400,0.000214
FILLER_27_496,VGND,li1,235.5200,87.0400,0.000209
FILLER_27_478,VGND,li1,225.6300,87.0400,0.000196
FILLER_27_474,VGND,li1,224.4800,87.0400,0.000196
FILLER_27_453,VGND,li1,214.1300,87.0400,0.000178
FILLER_27_449,VGND,li1,212.9800,87.0400,0.000173
FILLER_27_442,VGND,li1,210.2200,87.0400,0.000169
FILLER_27_430,VGND,li1,206.0800,87.0400,0.000159
FILLER_27_413,VGND,li1,196.4200,87.0400,0.000137
FILLER_27_391,VGND,li1,185.6100,87.0400,0.000111
FILLER_27_387,VGND,li1,184.4600,87.0400,0.000107
FILLER_27_371,VGND,li1,176.8700,87.0400,0.000109
FILLER_27_337,VGND,li1,160.7700,87.0400,0.000235
FILLER_27_333,VGND,li1,159.3900,87.0400,0.000235
FILLER_27_306,VGND,li1,146.9700,87.0400,0.000299
FILLER_27_298,VGND,li1,144.4400,87.0400,0.000307
FILLER_27_288,VGND,li1,138.6900,87.0400,0.000330
FILLER_27_281,VGND,li1,135.4700,87.0400,0.000341
FILLER_27_279,VGND,li1,134.0900,87.0400,0.000341
FILLER_27_271,VGND,li1,132.0200,87.0400,0.000347
FILLER_27_241,VGND,li1,116.6100,87.0400,0.000387
FILLER_27_231,VGND,li1,112.0100,87.0400,0.000380
FILLER_27_225,VGND,li1,110.4000,87.0400,0.000380
FILLER_27_223,VGND,li1,108.3300,87.0400,0.000378
FILLER_27_219,VGND,li1,107.1800,87.0400,0.000376
FILLER_27_165,VGND,li1,82.1100,87.0400,0.000338
FILLER_27_145,VGND,li1,72.6800,87.0400,0.000319
FILLER_27_119,VGND,li1,60.4900,87.0400,0.000291
FILLER_27_113,VGND,li1,58.8800,87.0400,0.000282
FILLER_27_106,VGND,li1,55.6600,87.0400,0.000272
FILLER_27_66,VGND,li1,37.2600,87.0400,0.000178
FILLER_27_55,VGND,li1,31.0500,87.0400,0.000131
FILLER_27_36,VGND,li1,22.7700,87.0400,0.000088
FILLER_27_19,VGND,li1,14.4900,87.0400,0.000090
FILLER_27_15,VGND,li1,13.3400,87.0400,0.000090
FILLER_27_3,VGND,li1,9.6600,87.0400,0.000090
FILLER_26_553,VGND,li1,260.3600,81.6000,0.000144
FILLER_26_545,VGND,li1,258.0600,81.6000,0.000144
FILLER_26_533,VGND,li1,253.4600,81.6000,0.000144
FILLER_26_528,VGND,li1,249.3200,81.6000,0.000144
FILLER_26_501,VGND,li1,236.2100,81.6000,0.000141
FILLER_26_497,VGND,li1,235.0600,81.6000,0.000139
FILLER_26_464,VGND,li1,219.6500,81.6000,0.000124
FILLER_26_434,VGND,li1,207.0000,81.6000,0.000101
FILLER_26_410,VGND,li1,194.8100,81.6000,0.000080
FILLER_26_378,VGND,li1,182.1600,81.6000,0.000058
FILLER_26_352,VGND,li1,170.2000,81.6000,0.000083
FILLER_26_333,VGND,li1,161.4600,81.6000,0.000115
FILLER_26_315,VGND,li1,150.6500,81.6000,0.000152
FILLER_26_309,VGND,li1,149.0400,81.6000,0.000152
FILLER_26_296,VGND,li1,144.4400,81.6000,0.000165
FILLER_26_222,VGND,li1,107.8700,81.6000,0.000239
FILLER_26_179,VGND,li1,88.0900,81.6000,0.000238
FILLER_26_141,VGND,li1,70.6100,81.6000,0.000208
FILLER_26_106,VGND,li1,55.2000,81.6000,0.000167
FILLER_26_58,VGND,li1,32.4300,81.6000,0.000077
FILLER_26_50,VGND,li1,30.3600,81.6000,0.000067
FILLER_26_38,VGND,li1,25.7600,81.6000,0.000047
FILLER_26_29,VGND,li1,19.0900,81.6000,0.000047
FILLER_26_27,VGND,li1,18.1700,81.6000,0.000047
FILLER_26_15,VGND,li1,15.1800,81.6000,0.000047
FILLER_26_3,VGND,li1,9.6600,81.6000,0.000047
FILLER_25_549,VGND,li1,259.4400,81.6000,0.000144
FILLER_25_537,VGND,li1,255.3000,81.6000,0.000144
FILLER_25_525,VGND,li1,249.7800,81.6000,0.000144
FILLER_25_501,VGND,li1,236.6700,81.6000,0.000141
FILLER_25_493,VGND,li1,234.1400,81.6000,0.000139
FILLER_25_449,VGND,li1,213.9000,81.6000,0.000113
FILLER_25_446,VGND,li1,211.1400,81.6000,0.000109
FILLER_25_434,VGND,li1,207.9200,81.6000,0.000101
FILLER_25_418,VGND,li1,198.4900,81.6000,0.000084
FILLER_25_406,VGND,li1,195.0400,81.6000,0.000080
FILLER_25_391,VGND,li1,185.6100,81.6000,0.000064
FILLER_25_379,VGND,li1,182.6200,81.6000,0.000058
FILLER_25_367,VGND,li1,177.1000,81.6000,0.000060
FILLER_25_354,VGND,li1,169.7400,81.6000,0.000083
FILLER_25_328,VGND,li1,158.2400,81.6000,0.000127
FILLER_25_306,VGND,li1,146.7400,81.6000,0.000158
FILLER_25_254,VGND,li1,123.7400,81.6000,0.000218
FILLER_25_222,VGND,li1,108.1000,81.6000,0.000239
FILLER_25_166,VGND,li1,82.3400,81.6000,0.000231
FILLER_25_148,VGND,li1,74.0600,81.6000,0.000218
FILLER_25_139,VGND,li1,69.6900,81.6000,0.000208
FILLER_25_122,VGND,li1,61.8700,81.6000,0.000187
FILLER_25_87,VGND,li1,45.7700,81.6000,0.000132
FILLER_25_57,VGND,li1,33.1200,81.6000,0.000077
FILLER_25_3,VGND,li1,7.5900,81.6000,0.000047
FILLER_24_553,VGND,li1,260.3600,76.1600,0.000160
FILLER_24_545,VGND,li1,258.0600,76.1600,0.000160
FILLER_24_533,VGND,li1,253.4600,76.1600,0.000160
FILLER_24_524,VGND,li1,248.4000,76.1600,0.000160
FILLER_24_511,VGND,li1,240.8100,76.1600,0.000160
FILLER_24_499,VGND,li1,235.7500,76.1600,0.000157
FILLER_24_487,VGND,li1,232.3000,76.1600,0.000155
FILLER_24_477,VGND,li1,225.4000,76.1600,0.000151
FILLER_24_475,VGND,li1,224.2500,76.1600,0.000149
FILLER_24_471,VGND,li1,223.1000,76.1600,0.000149
FILLER_24_459,VGND,li1,219.4200,76.1600,0.000145
FILLER_24_429,VGND,li1,203.3200,76.1600,0.000120
FILLER_24_421,VGND,li1,199.4100,76.1600,0.000107
FILLER_24_416,VGND,li1,197.8000,76.1600,0.000107
FILLER_24_404,VGND,li1,194.1200,76.1600,0.000098
FILLER_24_389,VGND,li1,184.9200,76.1600,0.000077
FILLER_24_377,VGND,li1,181.7000,76.1600,0.000069
FILLER_24_365,VGND,li1,176.1800,76.1600,0.000069
FILLER_24_363,VGND,li1,172.7300,76.1600,0.000082
FILLER_24_353,VGND,li1,168.5900,76.1600,0.000098
FILLER_24_345,VGND,li1,166.0600,76.1600,0.000109
FILLER_24_324,VGND,li1,154.7900,76.1600,0.000148
FILLER_24_318,VGND,li1,153.1800,76.1600,0.000155
FILLER_24_302,VGND,li1,145.8200,76.1600,0.000177
FILLER_24_290,VGND,li1,139.8400,76.1600,0.000193
FILLER_24_269,VGND,li1,129.4900,76.1600,0.000218
FILLER_24_261,VGND,li1,127.4200,76.1600,0.000222
FILLER_24_251,VGND,li1,121.2100,76.1600,0.000237
FILLER_24_245,VGND,li1,119.6000,76.1600,0.000237
FILLER_24_224,VGND,li1,108.7900,76.1600,0.000251
FILLER_24_218,VGND,li1,107.1800,76.1600,0.000251
FILLER_24_197,VGND,li1,96.6000,76.1600,0.000261
FILLER_24_194,VGND,li1,95.2200,76.1600,0.000261
FILLER_24_176,VGND,li1,87.4000,76.1600,0.000250
FILLER_24_149,VGND,li1,74.7500,76.1600,0.000214
FILLER_24_134,VGND,li1,68.5400,76.1600,0.000191
FILLER_24_106,VGND,li1,54.9700,76.1600,0.000152
FILLER_24_98,VGND,li1,52.4400,76.1600,0.000141
FILLER_24_85,VGND,li1,45.5400,76.1600,0.000118
FILLER_24_73,VGND,li1,39.7900,76.1600,0.000104
FILLER_24_29,VGND,li1,19.5500,76.1600,0.000052
FILLER_24_3,VGND,li1,7.1300,76.1600,0.000056
FILLER_23_549,VGND,li1,259.4400,76.1600,0.000160
FILLER_23_537,VGND,li1,255.3000,76.1600,0.000160
FILLER_23_525,VGND,li1,249.7800,76.1600,0.000160
FILLER_23_493,VGND,li1,232.7600,76.1600,0.000155
FILLER_23_427,VGND,li1,202.1700,76.1600,0.000115
FILLER_23_415,VGND,li1,199.1800,76.1600,0.000107
FILLER_23_408,VGND,li1,193.8900,76.1600,0.000098
FILLER_23_400,VGND,li1,191.3600,76.1600,0.000092
FILLER_23_389,VGND,li1,185.1500,76.1600,0.000077
FILLER_23_375,VGND,li1,178.2500,76.1600,0.000061
FILLER_23_360,VGND,li1,171.3500,76.1600,0.000089
FILLER_23_354,VGND,li1,169.7400,76.1600,0.000098
FILLER_23_342,VGND,li1,165.6000,76.1600,0.000109
FILLER_23_335,VGND,li1,159.8500,76.1600,0.000136
FILLER_23_331,VGND,li1,158.7000,76.1600,0.000136
FILLER_23_281,VGND,li1,136.1600,76.1600,0.000202
FILLER_23_274,VGND,li1,132.9400,76.1600,0.000211
FILLER_23_262,VGND,li1,128.8000,76.1600,0.000222
FILLER_23_241,VGND,li1,116.6100,76.1600,0.000241
FILLER_23_231,VGND,li1,112.0100,76.1600,0.000248
FILLER_23_225,VGND,li1,110.4000,76.1600,0.000248
FILLER_23_223,VGND,li1,108.3300,76.1600,0.000251
FILLER_23_181,VGND,li1,90.1600,76.1600,0.000256
FILLER_23_169,VGND,li1,83.9500,76.1600,0.000240
FILLER_23_159,VGND,li1,78.8900,76.1600,0.000227
FILLER_23_151,VGND,li1,76.8200,76.1600,0.000221
FILLER_23_139,VGND,li1,72.2200,76.1600,0.000206
FILLER_23_111,VGND,li1,56.8100,76.1600,0.000157
FILLER_23_105,VGND,li1,55.2000,76.1600,0.000152
FILLER_23_90,VGND,li1,48.3000,76.1600,0.000130
FILLER_23_41,VGND,li1,25.7600,76.1600,0.000056
FILLER_23_3,VGND,li1,7.1300,76.1600,0.000056
FILLER_22_553,VGND,li1,260.3600,70.7200,0.000146
FILLER_22_545,VGND,li1,258.0600,70.7200,0.000146
FILLER_22_533,VGND,li1,253.4600,70.7200,0.000146
FILLER_22_531,VGND,li1,250.0100,70.7200,0.000146
FILLER_22_527,VGND,li1,248.8600,70.7200,0.000146
FILLER_22_515,VGND,li1,245.1800,70.7200,0.000146
FILLER_22_494,VGND,li1,232.9900,70.7200,0.000144
FILLER_22_472,VGND,li1,223.5600,70.7200,0.000138
FILLER_22_433,VGND,li1,205.3900,70.7200,0.000117
FILLER_22_421,VGND,li1,201.9400,70.7200,0.000113
FILLER_22_419,VGND,li1,198.4900,70.7200,0.000109
FILLER_22_389,VGND,li1,185.8400,70.7200,0.000089
FILLER_22_372,VGND,li1,177.5600,70.7200,0.000076
FILLER_22_363,VGND,li1,172.7300,70.7200,0.000111
FILLER_22_359,VGND,li1,171.5800,70.7200,0.000111
FILLER_22_350,VGND,li1,166.7500,70.7200,0.000139
FILLER_22_338,VGND,li1,161.6900,70.7200,0.000167
FILLER_22_320,VGND,li1,153.4100,70.7200,0.000202
FILLER_22_309,VGND,li1,148.3500,70.7200,0.000213
FILLER_22_307,VGND,li1,146.9700,70.7200,0.000217
FILLER_22_301,VGND,li1,145.3600,70.7200,0.000217
FILLER_22_280,VGND,li1,134.5500,70.7200,0.000230
FILLER_22_274,VGND,li1,132.9400,70.7200,0.000232
FILLER_22_244,VGND,li1,119.6000,70.7200,0.000242
FILLER_22_224,VGND,li1,109.0200,70.7200,0.000242
FILLER_22_213,VGND,li1,104.1900,70.7200,0.000241
FILLER_22_165,VGND,li1,82.3400,70.7200,0.000221
FILLER_22_153,VGND,li1,76.5900,70.7200,0.000214
FILLER_22_136,VGND,li1,68.3100,70.7200,0.000198
FILLER_22_114,VGND,li1,58.1900,70.7200,0.000178
FILLER_22_108,VGND,li1,56.5800,70.7200,0.000173
FILLER_22_85,VGND,li1,46.0000,70.7200,0.000148
FILLER_22_73,VGND,li1,40.0200,70.7200,0.000136
FILLER_22_40,VGND,li1,24.1500,70.7200,0.000082
FILLER_22_27,VGND,li1,18.1700,70.7200,0.000099
FILLER_22_21,VGND,li1,16.5600,70.7200,0.000099
FILLER_22_3,VGND,li1,7.3600,70.7200,0.000102
FILLER_21_554,VGND,li1,260.5900,70.7200,0.000146
FILLER_21_546,VGND,li1,258.5200,70.7200,0.000146
FILLER_21_534,VGND,li1,253.9200,70.7200,0.000146
FILLER_21_522,VGND,li1,248.4000,70.7200,0.000146
FILLER_21_503,VGND,li1,237.1300,70.7200,0.000146
FILLER_21_495,VGND,li1,235.0600,70.7200,0.000145
FILLER_21_444,VGND,li1,210.6800,70.7200,0.000123
FILLER_21_393,VGND,li1,186.9900,70.7200,0.000092
FILLER_21_389,VGND,li1,185.1500,70.7200,0.000089
FILLER_21_381,VGND,li1,182.6200,70.7200,0.000083
FILLER_21_369,VGND,li1,178.0200,70.7200,0.000076
FILLER_21_357,VGND,li1,172.5000,70.7200,0.000111
FILLER_21_334,VGND,li1,159.6200,70.7200,0.000179
FILLER_21_319,VGND,li1,153.1800,70.7200,0.000202
FILLER_21_298,VGND,li1,142.8300,70.7200,0.000220
FILLER_21_272,VGND,li1,132.4800,70.7200,0.000232
FILLER_21_225,VGND,li1,109.2500,70.7200,0.000242
FILLER_21_221,VGND,li1,107.8700,70.7200,0.000242
FILLER_21_105,VGND,li1,54.0500,70.7200,0.000168
FILLER_21_88,VGND,li1,46.2300,70.7200,0.000152
FILLER_21_74,VGND,li1,40.9400,70.7200,0.000136
FILLER_21_3,VGND,li1,8.2800,70.7200,0.000102
FILLER_20_553,VGND,li1,260.3600,65.2800,0.000540
FILLER_20_545,VGND,li1,258.0600,65.2800,0.000540
FILLER_20_533,VGND,li1,253.4600,65.2800,0.000540
FILLER_20_531,VGND,li1,250.0100,65.2800,0.000540
FILLER_20_527,VGND,li1,248.8600,65.2800,0.000540
FILLER_20_515,VGND,li1,245.1800,65.2800,0.000540
FILLER_20_491,VGND,li1,232.3000,65.2800,0.000530
FILLER_20_477,VGND,li1,225.6300,65.2800,0.000516
FILLER_20_470,VGND,li1,223.1000,65.2800,0.000497
FILLER_20_449,VGND,li1,212.2900,65.2800,0.000453
FILLER_20_429,VGND,li1,203.5500,65.2800,0.000408
FILLER_20_421,VGND,li1,201.0200,65.2800,0.000392
FILLER_20_418,VGND,li1,198.2600,65.2800,0.000375
FILLER_20_401,VGND,li1,190.9000,65.2800,0.000331
FILLER_20_369,VGND,li1,175.4900,65.2800,0.000220
FILLER_20_365,VGND,li1,174.3400,65.2800,0.000232
FILLER_20_363,VGND,li1,172.7300,65.2800,0.000232
FILLER_20_355,VGND,li1,169.0500,65.2800,0.000253
FILLER_20_326,VGND,li1,155.7100,65.2800,0.000324
FILLER_20_306,VGND,li1,146.7400,65.2800,0.000358
FILLER_20_298,VGND,li1,144.4400,65.2800,0.000368
FILLER_20_288,VGND,li1,138.6900,65.2800,0.000395
FILLER_20_253,VGND,li1,123.2800,65.2800,0.000458
FILLER_20_249,VGND,li1,120.7500,65.2800,0.000466
FILLER_20_220,VGND,li1,106.9500,65.2800,0.000509
FILLER_20_216,VGND,li1,105.8000,65.2800,0.000509
FILLER_20_197,VGND,li1,96.8300,65.2800,0.000535
FILLER_20_191,VGND,li1,93.6100,65.2800,0.000540
FILLER_20_151,VGND,li1,75.2100,65.2800,0.000543
FILLER_20_85,VGND,li1,45.0800,65.2800,0.000333
FILLER_20_81,VGND,li1,43.4700,65.2800,0.000333
FILLER_20_56,VGND,li1,31.5100,65.2800,0.000195
FILLER_20_50,VGND,li1,29.9000,65.2800,0.000170
FILLER_20_38,VGND,li1,25.7600,65.2800,0.000119
FILLER_20_19,VGND,li1,14.4900,65.2800,0.000119
FILLER_20_15,VGND,li1,13.3400,65.2800,0.000119
FILLER_20_3,VGND,li1,9.6600,65.2800,0.000119
FILLER_19_549,VGND,li1,259.4400,65.2800,0.000540
FILLER_19_537,VGND,li1,255.3000,65.2800,0.000540
FILLER_19_525,VGND,li1,249.7800,65.2800,0.000540
FILLER_19_479,VGND,li1,227.7000,65.2800,0.000525
FILLER_19_469,VGND,li1,221.4900,65.2800,0.000497
FILLER_19_457,VGND,li1,218.5000,65.2800,0.000478
FILLER_19_445,VGND,li1,210.9100,65.2800,0.000443
FILLER_19_424,VGND,li1,200.7900,65.2800,0.000392
FILLER_19_412,VGND,li1,197.8000,65.2800,0.000375
FILLER_19_393,VGND,li1,187.2200,65.2800,0.000315
FILLER_19_357,VGND,li1,169.9700,65.2800,0.000253
FILLER_19_346,VGND,li1,166.0600,65.2800,0.000266
FILLER_19_334,VGND,li1,159.6200,65.2800,0.000299
FILLER_19_318,VGND,li1,152.0300,65.2800,0.000334
FILLER_19_314,VGND,li1,150.8800,65.2800,0.000344
FILLER_19_298,VGND,li1,144.4400,65.2800,0.000368
FILLER_19_279,VGND,li1,134.0900,65.2800,0.000423
FILLER_19_273,VGND,li1,132.4800,65.2800,0.000423
FILLER_19_249,VGND,li1,120.9800,65.2800,0.000466
FILLER_19_237,VGND,li1,115.9200,65.2800,0.000481
FILLER_19_225,VGND,li1,111.7800,65.2800,0.000493
FILLER_19_223,VGND,li1,108.3300,65.2800,0.000502
FILLER_19_217,VGND,li1,106.7200,65.2800,0.000509
FILLER_19_199,VGND,li1,97.2900,65.2800,0.000535
FILLER_19_195,VGND,li1,96.1400,65.2800,0.000535
FILLER_19_181,VGND,li1,90.1600,65.2800,0.000548
FILLER_19_169,VGND,li1,86.0200,65.2800,0.000554
FILLER_19_57,VGND,li1,32.4300,65.2800,0.000195
FILLER_19_48,VGND,li1,29.4400,65.2800,0.000170
FILLER_19_15,VGND,li1,14.2600,65.2800,0.000119
FILLER_19_3,VGND,li1,9.6600,65.2800,0.000119
FILLER_18_553,VGND,li1,260.3600,59.8400,0.000269
FILLER_18_545,VGND,li1,258.0600,59.8400,0.000269
FILLER_18_533,VGND,li1,253.4600,59.8400,0.000269
FILLER_18_531,VGND,li1,250.0100,59.8400,0.000269
FILLER_18_523,VGND,li1,247.9400,59.8400,0.000269
FILLER_18_494,VGND,li1,232.9900,59.8400,0.000259
FILLER_18_474,VGND,li1,224.0200,59.8400,0.000249
FILLER_18_462,VGND,li1,220.8000,59.8400,0.000245
FILLER_18_443,VGND,li1,210.2200,59.8400,0.000227
FILLER_18_433,VGND,li1,204.9300,59.8400,0.000219
FILLER_18_421,VGND,li1,201.9400,59.8400,0.000202
FILLER_18_408,VGND,li1,195.9600,59.8400,0.000177
FILLER_18_393,VGND,li1,186.7600,59.8400,0.000133
FILLER_18_360,VGND,li1,172.0400,59.8400,0.000119
FILLER_18_342,VGND,li1,163.0700,59.8400,0.000158
FILLER_18_334,VGND,li1,161.0000,59.8400,0.000166
FILLER_18_322,VGND,li1,156.4000,59.8400,0.000184
FILLER_18_306,VGND,li1,146.7400,59.8400,0.000222
FILLER_18_298,VGND,li1,144.4400,59.8400,0.000231
FILLER_18_286,VGND,li1,139.8400,59.8400,0.000251
FILLER_18_265,VGND,li1,127.6500,59.8400,0.000296
FILLER_18_253,VGND,li1,124.6600,59.8400,0.000305
FILLER_18_248,VGND,li1,120.5200,59.8400,0.000319
FILLER_18_239,VGND,li1,115.6900,59.8400,0.000318
FILLER_18_235,VGND,li1,114.5400,59.8400,0.000318
FILLER_18_224,VGND,li1,109.4800,59.8400,0.000313
FILLER_18_212,VGND,li1,105.8000,59.8400,0.000310
FILLER_18_194,VGND,li1,95.2200,59.8400,0.000301
FILLER_18_182,VGND,li1,92.0000,59.8400,0.000299
FILLER_18_176,VGND,li1,86.9400,59.8400,0.000294
FILLER_18_148,VGND,li1,73.8300,59.8400,0.000285
FILLER_18_139,VGND,li1,69.6900,59.8400,0.000273
FILLER_18_106,VGND,li1,54.5100,59.8400,0.000203
FILLER_18_94,VGND,li1,51.5200,59.8400,0.000185
FILLER_18_45,VGND,li1,26.6800,59.8400,0.000067
FILLER_18_3,VGND,li1,8.7400,59.8400,0.000075
FILLER_17_543,VGND,li1,258.0600,59.8400,0.000269
FILLER_17_531,VGND,li1,252.5400,59.8400,0.000269
FILLER_17_514,VGND,li1,242.8800,59.8400,0.000267
FILLER_17_491,VGND,li1,232.3000,59.8400,0.000259
FILLER_17_457,VGND,li1,217.1200,59.8400,0.000238
FILLER_17_421,VGND,li1,199.4100,59.8400,0.000191
FILLER_17_413,VGND,li1,197.3400,59.8400,0.000177
FILLER_17_401,VGND,li1,192.7400,59.8400,0.000162
FILLER_17_389,VGND,li1,185.1500,59.8400,0.000124
FILLER_17_381,VGND,li1,182.6200,59.8400,0.000109
FILLER_17_369,VGND,li1,178.0200,59.8400,0.000092
FILLER_17_357,VGND,li1,172.5000,59.8400,0.000119
FILLER_17_332,VGND,li1,159.1600,59.8400,0.000174
FILLER_17_310,VGND,li1,148.5800,59.8400,0.000215
FILLER_17_295,VGND,li1,141.4500,59.8400,0.000243
FILLER_17_287,VGND,li1,139.3800,59.8400,0.000251
FILLER_17_271,VGND,li1,131.1000,59.8400,0.000284
FILLER_17_259,VGND,li1,127.4200,59.8400,0.000296
FILLER_17_225,VGND,li1,109.7100,59.8400,0.000313
FILLER_17_220,VGND,li1,107.6400,59.8400,0.000312
FILLER_17_186,VGND,li1,91.7700,59.8400,0.000299
FILLER_17_167,VGND,li1,82.5700,59.8400,0.000291
FILLER_17_121,VGND,li1,61.8700,59.8400,0.000238
FILLER_17_113,VGND,li1,59.3400,59.8400,0.000227
FILLER_17_109,VGND,li1,56.3500,59.8400,0.000214
FILLER_17_90,VGND,li1,47.3800,59.8400,0.000171
FILLER_17_55,VGND,li1,31.0500,59.8400,0.000091
FILLER_17_49,VGND,li1,29.4400,59.8400,0.000091
FILLER_17_11,VGND,li1,10.8100,59.8400,0.000075
FILLER_17_3,VGND,li1,8.7400,59.8400,0.000075
FILLER_16_553,VGND,li1,260.3600,54.4000,0.000377
FILLER_16_545,VGND,li1,258.0600,54.4000,0.000377
FILLER_16_533,VGND,li1,253.4600,54.4000,0.000377
FILLER_16_529,VGND,li1,249.5500,54.4000,0.000377
FILLER_16_517,VGND,li1,243.5700,54.4000,0.000367
FILLER_16_513,VGND,li1,242.4200,54.4000,0.000367
FILLER_16_492,VGND,li1,232.0700,54.4000,0.000338
FILLER_16_486,VGND,li1,230.4600,54.4000,0.000329
FILLER_16_421,VGND,li1,200.5600,54.4000,0.000207
FILLER_16_419,VGND,li1,198.4900,54.4000,0.000196
FILLER_16_389,VGND,li1,184.9200,54.4000,0.000118
FILLER_16_377,VGND,li1,181.7000,54.4000,0.000099
FILLER_16_365,VGND,li1,176.1800,54.4000,0.000087
FILLER_16_358,VGND,li1,171.5800,54.4000,0.000095
FILLER_16_346,VGND,li1,167.4400,54.4000,0.000107
FILLER_16_337,VGND,li1,160.7700,54.4000,0.000119
FILLER_16_329,VGND,li1,157.0900,54.4000,0.000129
FILLER_16_288,VGND,li1,138.6900,54.4000,0.000169
FILLER_16_253,VGND,li1,124.6600,54.4000,0.000196
FILLER_16_223,VGND,li1,108.3300,54.4000,0.000220
FILLER_16_217,VGND,li1,106.7200,54.4000,0.000223
FILLER_16_184,VGND,li1,90.3900,54.4000,0.000228
FILLER_16_141,VGND,li1,70.8400,54.4000,0.000208
FILLER_16_133,VGND,li1,67.3900,54.4000,0.000205
FILLER_16_123,VGND,li1,62.3300,54.4000,0.000195
FILLER_16_111,VGND,li1,59.3400,54.4000,0.000187
FILLER_16_85,VGND,li1,45.0800,54.4000,0.000145
FILLER_16_83,VGND,li1,43.9300,54.4000,0.000136
FILLER_16_79,VGND,li1,42.7800,54.4000,0.000136
FILLER_16_61,VGND,li1,33.8100,54.4000,0.000097
FILLER_16_53,VGND,li1,31.7400,54.4000,0.000085
FILLER_16_11,VGND,li1,10.8100,54.4000,0.000061
FILLER_16_3,VGND,li1,8.7400,54.4000,0.000061
FILLER_15_554,VGND,li1,260.5900,54.4000,0.000377
FILLER_15_546,VGND,li1,258.5200,54.4000,0.000377
FILLER_15_534,VGND,li1,253.9200,54.4000,0.000377
FILLER_15_522,VGND,li1,248.4000,54.4000,0.000377
FILLER_15_503,VGND,li1,237.1300,54.4000,0.000350
FILLER_15_499,VGND,li1,235.9800,54.4000,0.000350
FILLER_15_458,VGND,li1,217.1200,54.4000,0.000285
FILLER_15_446,VGND,li1,211.1400,54.4000,0.000260
FILLER_15_417,VGND,li1,197.8000,54.4000,0.000185
FILLER_15_405,VGND,li1,194.5800,54.4000,0.000167
FILLER_15_393,VGND,li1,189.0600,54.4000,0.000142
FILLER_15_391,VGND,li1,185.6100,54.4000,0.000118
FILLER_15_379,VGND,li1,182.6200,54.4000,0.000099
FILLER_15_364,VGND,li1,173.1900,54.4000,0.000091
FILLER_15_356,VGND,li1,171.1200,54.4000,0.000095
FILLER_15_335,VGND,li1,159.8500,54.4000,0.000124
FILLER_15_329,VGND,li1,158.2400,54.4000,0.000124
FILLER_15_320,VGND,li1,153.4100,54.4000,0.000134
FILLER_15_291,VGND,li1,140.0700,54.4000,0.000164
FILLER_15_281,VGND,li1,135.2400,54.4000,0.000176
FILLER_15_253,VGND,li1,122.5900,54.4000,0.000201
FILLER_15_229,VGND,li1,111.3200,54.4000,0.000218
FILLER_15_225,VGND,li1,109.2500,54.4000,0.000220
FILLER_15_223,VGND,li1,108.3300,54.4000,0.000220
FILLER_15_211,VGND,li1,105.3400,54.4000,0.000223
FILLER_15_190,VGND,li1,93.1500,54.4000,0.000228
FILLER_15_151,VGND,li1,75.2100,54.4000,0.000219
FILLER_15_117,VGND,li1,59.5700,54.4000,0.000187
FILLER_15_113,VGND,li1,58.4200,54.4000,0.000182
FILLER_15_108,VGND,li1,56.1200,54.4000,0.000176
FILLER_15_75,VGND,li1,40.2500,54.4000,0.000124
FILLER_15_65,VGND,li1,35.8800,54.4000,0.000107
FILLER_15_54,VGND,li1,30.8200,54.4000,0.000085
FILLER_15_44,VGND,li1,25.9900,54.4000,0.000064
FILLER_15_34,VGND,li1,21.3900,54.4000,0.000057
FILLER_15_24,VGND,li1,16.7900,54.4000,0.000060
FILLER_15_3,VGND,li1,7.8200,54.4000,0.000061
FILLER_14_553,VGND,li1,260.3600,48.9600,0.000155
FILLER_14_545,VGND,li1,258.0600,48.9600,0.000155
FILLER_14_533,VGND,li1,253.4600,48.9600,0.000155
FILLER_14_524,VGND,li1,248.4000,48.9600,0.000155
FILLER_14_512,VGND,li1,243.8000,48.9600,0.000155
FILLER_14_489,VGND,li1,231.1500,48.9600,0.000151
FILLER_14_477,VGND,li1,227.7000,48.9600,0.000150
FILLER_14_421,VGND,li1,200.5600,48.9600,0.000120
FILLER_14_417,VGND,li1,198.0300,48.9600,0.000115
FILLER_14_409,VGND,li1,195.5000,48.9600,0.000111
FILLER_14_388,VGND,li1,184.2300,48.9600,0.000089
FILLER_14_384,VGND,li1,183.0800,48.9600,0.000089
FILLER_14_356,VGND,li1,169.5100,48.9600,0.000146
FILLER_14_352,VGND,li1,168.3600,48.9600,0.000146
FILLER_14_321,VGND,li1,153.6400,48.9600,0.000203
FILLER_14_306,VGND,li1,146.7400,48.9600,0.000217
FILLER_14_270,VGND,li1,129.9500,48.9600,0.000242
FILLER_14_258,VGND,li1,124.4300,48.9600,0.000244
FILLER_14_248,VGND,li1,119.8300,48.9600,0.000245
FILLER_14_239,VGND,li1,115.6900,48.9600,0.000246
FILLER_14_217,VGND,li1,106.0300,48.9600,0.000245
FILLER_14_205,VGND,li1,102.5800,48.9600,0.000244
FILLER_14_188,VGND,li1,93.8400,48.9600,0.000241
FILLER_14_153,VGND,li1,76.3600,48.9600,0.000232
FILLER_14_145,VGND,li1,74.0600,48.9600,0.000229
FILLER_14_115,VGND,li1,59.3400,48.9600,0.000206
FILLER_14_83,VGND,li1,43.9300,48.9600,0.000167
FILLER_14_79,VGND,li1,42.7800,48.9600,0.000167
FILLER_14_53,VGND,li1,30.1300,48.9600,0.000132
FILLER_14_9,VGND,li1,9.8900,48.9600,0.000152
FILLER_14_3,VGND,li1,8.2800,48.9600,0.000152
FILLER_13_553,VGND,li1,260.3600,48.9600,0.000155
FILLER_13_541,VGND,li1,257.1400,48.9600,0.000155
FILLER_13_529,VGND,li1,251.6200,48.9600,0.000155
FILLER_13_517,VGND,li1,246.1000,48.9600,0.000155
FILLER_13_505,VGND,li1,240.5800,48.9600,0.000155
FILLER_13_501,VGND,li1,236.6700,48.9600,0.000155
FILLER_13_493,VGND,li1,234.1400,48.9600,0.000153
FILLER_13_481,VGND,li1,229.5400,48.9600,0.000151
FILLER_13_469,VGND,li1,224.0200,48.9600,0.000148
FILLER_13_457,VGND,li1,218.5000,48.9600,0.000144
FILLER_13_447,VGND,li1,211.3700,48.9600,0.000136
FILLER_13_425,VGND,li1,201.4800,48.9600,0.000120
FILLER_13_417,VGND,li1,199.1800,48.9600,0.000115
FILLER_13_393,VGND,li1,186.9900,48.9600,0.000096
FILLER_13_389,VGND,li1,185.1500,48.9600,0.000093
FILLER_13_381,VGND,li1,181.2400,48.9600,0.000086
FILLER_13_348,VGND,li1,166.9800,48.9600,0.000163
FILLER_13_332,VGND,li1,159.1600,48.9600,0.000190
FILLER_13_316,VGND,li1,151.5700,48.9600,0.000207
FILLER_13_290,VGND,li1,139.6100,48.9600,0.000229
FILLER_13_257,VGND,li1,124.2000,48.9600,0.000244
FILLER_13_223,VGND,li1,108.3300,48.9600,0.000245
FILLER_13_215,VGND,li1,106.2600,48.9600,0.000245
FILLER_13_206,VGND,li1,100.5100,48.9600,0.000243
FILLER_13_189,VGND,li1,93.3800,48.9600,0.000241
FILLER_13_177,VGND,li1,89.7000,48.9600,0.000240
FILLER_13_167,VGND,li1,82.5700,48.9600,0.000237
FILLER_13_155,VGND,li1,79.5800,48.9600,0.000234
FILLER_13_113,VGND,li1,57.7300,48.9600,0.000200
FILLER_13_110,VGND,li1,56.5800,48.9600,0.000200
FILLER_13_93,VGND,li1,48.5300,48.9600,0.000182
FILLER_13_78,VGND,li1,42.7800,48.9600,0.000167
FILLER_13_37,VGND,li1,23.2300,48.9600,0.000130
FILLER_13_20,VGND,li1,16.1000,48.9600,0.000149
FILLER_13_3,VGND,li1,7.1300,48.9600,0.000152
FILLER_12_553,VGND,li1,260.3600,43.5200,0.000041
FILLER_12_545,VGND,li1,258.0600,43.5200,0.000041
FILLER_12_533,VGND,li1,253.4600,43.5200,0.000041
FILLER_12_531,VGND,li1,250.0100,43.5200,0.000041
FILLER_12_525,VGND,li1,248.4000,43.5200,0.000041
FILLER_12_513,VGND,li1,244.2600,43.5200,0.000041
FILLER_12_501,VGND,li1,238.7400,43.5200,0.000041
FILLER_12_489,VGND,li1,233.2200,43.5200,0.000041
FILLER_12_477,VGND,li1,227.7000,43.5200,0.000041
FILLER_12_472,VGND,li1,223.5600,43.5200,0.000041
FILLER_12_460,VGND,li1,219.8800,43.5200,0.000041
FILLER_12_448,VGND,li1,214.3600,43.5200,0.000041
FILLER_12_439,VGND,li1,207.6900,43.5200,0.000041
FILLER_12_433,VGND,li1,206.0800,43.5200,0.000041
FILLER_12_421,VGND,li1,201.9400,43.5200,0.000041
FILLER_12_389,VGND,li1,185.1500,43.5200,0.000036
FILLER_12_373,VGND,li1,177.7900,43.5200,0.000032
FILLER_12_361,VGND,li1,172.2700,43.5200,0.000046
FILLER_12_315,VGND,li1,151.8000,43.5200,0.000087
FILLER_12_305,VGND,li1,146.5100,43.5200,0.000093
FILLER_12_281,VGND,li1,137.5400,43.5200,0.000100
FILLER_12_275,VGND,li1,132.2500,43.5200,0.000106
FILLER_12_271,VGND,li1,131.1000,43.5200,0.000106
FILLER_12_259,VGND,li1,127.4200,43.5200,0.000109
FILLER_12_253,VGND,li1,122.1300,43.5200,0.000114
FILLER_12_225,VGND,li1,109.4800,43.5200,0.000125
FILLER_12_217,VGND,li1,107.1800,43.5200,0.000127
FILLER_12_192,VGND,li1,94.7600,43.5200,0.000130
FILLER_12_183,VGND,li1,89.9300,43.5200,0.000129
FILLER_12_171,VGND,li1,84.8700,43.5200,0.000126
FILLER_12_163,VGND,li1,82.3400,43.5200,0.000122
FILLER_12_149,VGND,li1,74.2900,43.5200,0.000116
FILLER_12_127,VGND,li1,64.8600,43.5200,0.000106
FILLER_12_109,VGND,li1,56.1200,43.5200,0.000097
FILLER_12_98,VGND,li1,51.0600,43.5200,0.000090
FILLER_12_89,VGND,li1,46.6900,43.5200,0.000082
FILLER_12_85,VGND,li1,45.5400,43.5200,0.000082
FILLER_12_83,VGND,li1,43.9300,43.5200,0.000077
FILLER_12_11,VGND,li1,10.8100,43.5200,0.000062
FILLER_12_3,VGND,li1,8.7400,43.5200,0.000062
FILLER_11_553,VGND,li1,260.3600,43.5200,0.000041
FILLER_11_541,VGND,li1,257.1400,43.5200,0.000041
FILLER_11_529,VGND,li1,251.6200,43.5200,0.000041
FILLER_11_517,VGND,li1,246.1000,43.5200,0.000041
FILLER_11_505,VGND,li1,240.5800,43.5200,0.000041
FILLER_11_503,VGND,li1,237.1300,43.5200,0.000041
FILLER_11_497,VGND,li1,235.5200,43.5200,0.000041
FILLER_11_485,VGND,li1,231.3800,43.5200,0.000041
FILLER_11_473,VGND,li1,225.8600,43.5200,0.000041
FILLER_11_461,VGND,li1,220.3400,43.5200,0.000041
FILLER_11_449,VGND,li1,214.8200,43.5200,0.000041
FILLER_11_445,VGND,li1,210.9100,43.5200,0.000041
FILLER_11_433,VGND,li1,207.4600,43.5200,0.000041
FILLER_11_421,VGND,li1,201.9400,43.5200,0.000041
FILLER_11_357,VGND,li1,170.2000,43.5200,0.000051
FILLER_11_345,VGND,li1,164.9100,43.5200,0.000064
FILLER_11_337,VGND,li1,162.3800,43.5200,0.000069
FILLER_11_326,VGND,li1,155.7100,43.5200,0.000083
FILLER_11_322,VGND,li1,154.5600,43.5200,0.000083
FILLER_11_293,VGND,li1,141.6800,43.5200,0.000097
FILLER_11_281,VGND,li1,137.5400,43.5200,0.000100
FILLER_11_279,VGND,li1,134.0900,43.5200,0.000104
FILLER_11_273,VGND,li1,132.4800,43.5200,0.000106
FILLER_11_261,VGND,li1,128.3400,43.5200,0.000109
FILLER_11_254,VGND,li1,123.2800,43.5200,0.000114
FILLER_11_242,VGND,li1,119.6000,43.5200,0.000115
FILLER_11_229,VGND,li1,112.2400,43.5200,0.000122
FILLER_11_223,VGND,li1,108.3300,43.5200,0.000125
FILLER_11_190,VGND,li1,93.8400,43.5200,0.000130
FILLER_11_169,VGND,li1,83.4900,43.5200,0.000124
FILLER_11_157,VGND,li1,78.2000,43.5200,0.000119
FILLER_11_148,VGND,li1,74.0600,43.5200,0.000116
FILLER_11_108,VGND,li1,56.1200,43.5200,0.000097
FILLER_11_92,VGND,li1,49.6800,43.5200,0.000086
FILLER_11_84,VGND,li1,44.3900,43.5200,0.000077
FILLER_11_69,VGND,li1,38.1800,43.5200,0.000071
FILLER_11_57,VGND,li1,32.4300,43.5200,0.000060
FILLER_11_39,VGND,li1,23.6900,43.5200,0.000048
FILLER_11_35,VGND,li1,22.5400,43.5200,0.000048
FILLER_10_553,VGND,li1,260.3600,38.0800,0.000014
FILLER_10_545,VGND,li1,258.0600,38.0800,0.000014
FILLER_10_533,VGND,li1,253.4600,38.0800,0.000014
FILLER_10_531,VGND,li1,250.0100,38.0800,0.000014
FILLER_10_525,VGND,li1,248.4000,38.0800,0.000014
FILLER_10_513,VGND,li1,244.2600,38.0800,0.000014
FILLER_10_501,VGND,li1,238.7400,38.0800,0.000014
FILLER_10_489,VGND,li1,233.2200,38.0800,0.000014
FILLER_10_477,VGND,li1,227.7000,38.0800,0.000014
FILLER_10_475,VGND,li1,224.2500,38.0800,0.000014
FILLER_10_469,VGND,li1,222.6400,38.0800,0.000014
FILLER_10_457,VGND,li1,218.5000,38.0800,0.000014
FILLER_10_445,VGND,li1,212.9800,38.0800,0.000014
FILLER_10_433,VGND,li1,207.4600,38.0800,0.000014
FILLER_10_421,VGND,li1,201.9400,38.0800,0.000014
FILLER_10_412,VGND,li1,196.8800,38.0800,0.000014
FILLER_10_400,VGND,li1,189.7500,38.0800,0.000014
FILLER_10_396,VGND,li1,188.6000,38.0800,0.000014
FILLER_10_373,VGND,li1,177.7900,38.0800,0.000014
FILLER_10_365,VGND,li1,175.2600,38.0800,0.000018
FILLER_10_363,VGND,li1,172.7300,38.0800,0.000024
FILLER_10_357,VGND,li1,171.1200,38.0800,0.000024
FILLER_10_345,VGND,li1,166.9800,38.0800,0.000032
FILLER_10_335,VGND,li1,161.0000,38.0800,0.000039
FILLER_10_321,VGND,li1,154.5600,38.0800,0.000049
FILLER_10_309,VGND,li1,150.4200,38.0800,0.000054
FILLER_10_302,VGND,li1,145.8200,38.0800,0.000061
FILLER_10_290,VGND,li1,141.6800,38.0800,0.000067
FILLER_10_281,VGND,li1,135.4700,38.0800,0.000075
FILLER_10_270,VGND,li1,130.4100,38.0800,0.000083
FILLER_10_262,VGND,li1,127.8800,38.0800,0.000085
FILLER_10_253,VGND,li1,122.5900,38.0800,0.000089
FILLER_10_251,VGND,li1,121.2100,38.0800,0.000091
FILLER_10_247,VGND,li1,120.0600,38.0800,0.000091
FILLER_10_226,VGND,li1,109.7100,38.0800,0.000094
FILLER_10_218,VGND,li1,107.6400,38.0800,0.000095
FILLER_10_195,VGND,li1,95.4500,38.0800,0.000094
FILLER_10_189,VGND,li1,93.8400,38.0800,0.000093
FILLER_10_160,VGND,li1,79.3500,38.0800,0.000086
FILLER_10_153,VGND,li1,76.1300,38.0800,0.000081
FILLER_10_141,VGND,li1,73.1400,38.0800,0.000080
FILLER_10_139,VGND,li1,69.6900,38.0800,0.000076
FILLER_10_135,VGND,li1,68.5400,38.0800,0.000076
FILLER_10_126,VGND,li1,63.9400,38.0800,0.000072
FILLER_10_114,VGND,li1,60.7200,38.0800,0.000069
FILLER_10_102,VGND,li1,55.2000,38.0800,0.000060
FILLER_10_93,VGND,li1,49.6800,38.0800,0.000051
FILLER_10_85,VGND,li1,45.3100,38.0800,0.000044
FILLER_10_82,VGND,li1,43.7000,38.0800,0.000042
FILLER_10_71,VGND,li1,38.4100,38.0800,0.000035
FILLER_10_46,VGND,li1,26.9100,38.0800,0.000019
FILLER_10_27,VGND,li1,18.1700,38.0800,0.000015
FILLER_10_15,VGND,li1,13.3400,38.0800,0.000015
FILLER_10_3,VGND,li1,9.6600,38.0800,0.000015
FILLER_9_553,VGND,li1,260.3600,38.0800,0.000014
FILLER_9_541,VGND,li1,257.1400,38.0800,0.000014
FILLER_9_529,VGND,li1,251.6200,38.0800,0.000014
FILLER_9_517,VGND,li1,246.1000,38.0800,0.000014
FILLER_9_505,VGND,li1,240.5800,38.0800,0.000014
FILLER_9_503,VGND,li1,237.1300,38.0800,0.000014
FILLER_9_497,VGND,li1,235.5200,38.0800,0.000014
FILLER_9_485,VGND,li1,231.3800,38.0800,0.000014
FILLER_9_473,VGND,li1,225.8600,38.0800,0.000014
FILLER_9_461,VGND,li1,220.3400,38.0800,0.000014
FILLER_9_449,VGND,li1,214.8200,38.0800,0.000014
FILLER_9_447,VGND,li1,211.3700,38.0800,0.000014
FILLER_9_441,VGND,li1,209.7600,38.0800,0.000014
FILLER_9_429,VGND,li1,205.6200,38.0800,0.000014
FILLER_9_417,VGND,li1,200.1000,38.0800,0.000014
FILLER_9_405,VGND,li1,194.5800,38.0800,0.000014
FILLER_9_393,VGND,li1,189.0600,38.0800,0.000014
FILLER_9_390,VGND,li1,185.3800,38.0800,0.000014
FILLER_9_382,VGND,li1,183.0800,38.0800,0.000014
FILLER_9_370,VGND,li1,178.4800,38.0800,0.000014
FILLER_9_337,VGND,li1,160.7700,38.0800,0.000039
FILLER_9_326,VGND,li1,155.9400,38.0800,0.000046
FILLER_9_317,VGND,li1,151.5700,38.0800,0.000054
FILLER_9_313,VGND,li1,150.4200,38.0800,0.000054
FILLER_9_298,VGND,li1,143.5200,38.0800,0.000063
FILLER_9_289,VGND,li1,138.6900,38.0800,0.000072
FILLER_9_222,VGND,li1,108.1000,38.0800,0.000095
FILLER_9_201,VGND,li1,98.2100,38.0800,0.000094
FILLER_9_193,VGND,li1,96.1400,38.0800,0.000094
FILLER_9_181,VGND,li1,89.7000,38.0800,0.000092
FILLER_9_169,VGND,li1,86.0200,38.0800,0.000091
FILLER_9_165,VGND,li1,82.1100,38.0800,0.000088
FILLER_9_149,VGND,li1,74.7500,38.0800,0.000081
FILLER_9_102,VGND,li1,52.9000,38.0800,0.000057
FILLER_9_94,VGND,li1,48.9900,38.0800,0.000051
FILLER_9_75,VGND,li1,40.4800,38.0800,0.000039
FILLER_9_66,VGND,li1,36.1100,38.0800,0.000032
FILLER_9_53,VGND,li1,30.5900,38.0800,0.000022
FILLER_9_43,VGND,li1,25.5300,38.0800,0.000015
FILLER_9_39,VGND,li1,24.3800,38.0800,0.000015
FILLER_9_27,VGND,li1,18.8600,38.0800,0.000015
FILLER_9_15,VGND,li1,15.1800,38.0800,0.000015
FILLER_9_3,VGND,li1,9.6600,38.0800,0.000015
FILLER_8_553,VGND,li1,260.3600,32.6400,0.000073
FILLER_8_545,VGND,li1,258.0600,32.6400,0.000073
FILLER_8_533,VGND,li1,253.4600,32.6400,0.000073
FILLER_8_531,VGND,li1,250.0100,32.6400,0.000073
FILLER_8_525,VGND,li1,248.4000,32.6400,0.000073
FILLER_8_513,VGND,li1,244.2600,32.6400,0.000073
FILLER_8_501,VGND,li1,238.7400,32.6400,0.000073
FILLER_8_489,VGND,li1,233.2200,32.6400,0.000073
FILLER_8_477,VGND,li1,227.7000,32.6400,0.000073
FILLER_8_475,VGND,li1,224.2500,32.6400,0.000073
FILLER_8_469,VGND,li1,222.6400,32.6400,0.000073
FILLER_8_457,VGND,li1,218.5000,32.6400,0.000073
FILLER_8_445,VGND,li1,212.9800,32.6400,0.000073
FILLER_8_433,VGND,li1,207.4600,32.6400,0.000073
FILLER_8_421,VGND,li1,201.9400,32.6400,0.000073
FILLER_8_419,VGND,li1,198.4900,32.6400,0.000073
FILLER_8_413,VGND,li1,196.8800,32.6400,0.000073
FILLER_8_401,VGND,li1,192.7400,32.6400,0.000073
FILLER_8_389,VGND,li1,187.2200,32.6400,0.000073
FILLER_8_377,VGND,li1,181.7000,32.6400,0.000073
FILLER_8_365,VGND,li1,176.1800,32.6400,0.000096
FILLER_8_363,VGND,li1,172.7300,32.6400,0.000113
FILLER_8_359,VGND,li1,171.5800,32.6400,0.000113
FILLER_8_318,VGND,li1,152.0300,32.6400,0.000183
FILLER_8_261,VGND,li1,126.0400,32.6400,0.000220
FILLER_8_224,VGND,li1,110.4000,32.6400,0.000220
FILLER_8_214,VGND,li1,104.4200,32.6400,0.000219
FILLER_8_186,VGND,li1,91.3100,32.6400,0.000214
FILLER_8_182,VGND,li1,90.1600,32.6400,0.000214
FILLER_8_171,VGND,li1,84.6400,32.6400,0.000209
FILLER_8_138,VGND,li1,69.4600,32.6400,0.000187
FILLER_8_91,VGND,li1,47.8400,32.6400,0.000134
FILLER_8_80,VGND,li1,43.2400,32.6400,0.000118
FILLER_8_33,VGND,li1,20.9300,32.6400,0.000049
FILLER_8_29,VGND,li1,19.7800,32.6400,0.000049
FILLER_8_27,VGND,li1,18.1700,32.6400,0.000049
FILLER_8_15,VGND,li1,15.1800,32.6400,0.000049
FILLER_8_3,VGND,li1,9.6600,32.6400,0.000049
FILLER_7_553,VGND,li1,260.3600,32.6400,0.000073
FILLER_7_541,VGND,li1,257.1400,32.6400,0.000073
FILLER_7_529,VGND,li1,251.6200,32.6400,0.000073
FILLER_7_517,VGND,li1,246.1000,32.6400,0.000073
FILLER_7_505,VGND,li1,240.5800,32.6400,0.000073
FILLER_7_503,VGND,li1,237.1300,32.6400,0.000073
FILLER_7_497,VGND,li1,235.5200,32.6400,0.000073
FILLER_7_485,VGND,li1,231.3800,32.6400,0.000073
FILLER_7_473,VGND,li1,225.8600,32.6400,0.000073
FILLER_7_461,VGND,li1,220.3400,32.6400,0.000073
FILLER_7_449,VGND,li1,214.8200,32.6400,0.000073
FILLER_7_447,VGND,li1,211.3700,32.6400,0.000073
FILLER_7_441,VGND,li1,209.7600,32.6400,0.000073
FILLER_7_429,VGND,li1,205.6200,32.6400,0.000073
FILLER_7_417,VGND,li1,200.1000,32.6400,0.000073
FILLER_7_405,VGND,li1,194.5800,32.6400,0.000073
FILLER_7_393,VGND,li1,189.0600,32.6400,0.000073
FILLER_7_391,VGND,li1,185.6100,32.6400,0.000073
FILLER_7_387,VGND,li1,184.4600,32.6400,0.000073
FILLER_7_375,VGND,li1,180.7800,32.6400,0.000073
FILLER_7_342,VGND,li1,163.3000,32.6400,0.000145
FILLER_7_323,VGND,li1,154.3300,32.6400,0.000177
FILLER_7_319,VGND,li1,153.1800,32.6400,0.000177
FILLER_7_258,VGND,li1,124.6600,32.6400,0.000221
FILLER_7_246,VGND,li1,121.4400,32.6400,0.000221
FILLER_7_233,VGND,li1,114.0800,32.6400,0.000222
FILLER_7_229,VGND,li1,111.0900,32.6400,0.000221
FILLER_7_225,VGND,li1,109.9400,32.6400,0.000220
FILLER_7_223,VGND,li1,108.3300,32.6400,0.000220
FILLER_7_219,VGND,li1,107.1800,32.6400,0.000220
FILLER_7_167,VGND,li1,82.5700,32.6400,0.000207
FILLER_7_146,VGND,li1,72.9100,32.6400,0.000195
FILLER_7_129,VGND,li1,65.3200,32.6400,0.000179
FILLER_7_109,VGND,li1,56.3500,32.6400,0.000159
FILLER_7_77,VGND,li1,41.1700,32.6400,0.000109
FILLER_7_73,VGND,li1,40.0200,32.6400,0.000109
FILLER_7_27,VGND,li1,18.8600,32.6400,0.000049
FILLER_7_15,VGND,li1,15.1800,32.6400,0.000049
FILLER_7_3,VGND,li1,9.6600,32.6400,0.000049
FILLER_6_553,VGND,li1,260.3600,27.2000,0.000083
FILLER_6_545,VGND,li1,258.0600,27.2000,0.000083
FILLER_6_533,VGND,li1,253.4600,27.2000,0.000083
FILLER_6_531,VGND,li1,250.0100,27.2000,0.000083
FILLER_6_525,VGND,li1,248.4000,27.2000,0.000083
FILLER_6_513,VGND,li1,244.2600,27.2000,0.000083
FILLER_6_501,VGND,li1,238.7400,27.2000,0.000083
FILLER_6_489,VGND,li1,233.2200,27.2000,0.000083
FILLER_6_477,VGND,li1,227.7000,27.2000,0.000083
FILLER_6_475,VGND,li1,224.2500,27.2000,0.000083
FILLER_6_469,VGND,li1,222.6400,27.2000,0.000083
FILLER_6_457,VGND,li1,218.5000,27.2000,0.000083
FILLER_6_445,VGND,li1,212.9800,27.2000,0.000083
FILLER_6_433,VGND,li1,207.4600,27.2000,0.000083
FILLER_6_421,VGND,li1,201.9400,27.2000,0.000083
FILLER_6_408,VGND,li1,195.9600,27.2000,0.000083
FILLER_6_396,VGND,li1,190.4400,27.2000,0.000083
FILLER_6_384,VGND,li1,184.9200,27.2000,0.000083
FILLER_6_372,VGND,li1,179.4000,27.2000,0.000083
FILLER_6_362,VGND,li1,172.5000,27.2000,0.000121
FILLER_6_346,VGND,li1,164.9100,27.2000,0.000186
FILLER_6_340,VGND,li1,162.1500,27.2000,0.000206
FILLER_6_332,VGND,li1,160.0800,27.2000,0.000227
FILLER_6_320,VGND,li1,155.4800,27.2000,0.000258
FILLER_6_300,VGND,li1,143.7500,27.2000,0.000339
FILLER_6_296,VGND,li1,142.6000,27.2000,0.000339
FILLER_6_284,VGND,li1,138.9200,27.2000,0.000362
FILLER_6_275,VGND,li1,132.2500,27.2000,0.000396
FILLER_6_269,VGND,li1,129.4900,27.2000,0.000408
FILLER_6_265,VGND,li1,128.3400,27.2000,0.000408
FILLER_6_253,VGND,li1,124.6600,27.2000,0.000430
FILLER_6_249,VGND,li1,120.7500,27.2000,0.000443
FILLER_6_241,VGND,li1,118.2200,27.2000,0.000456
FILLER_6_228,VGND,li1,110.8600,27.2000,0.000480
FILLER_6_213,VGND,li1,103.7300,27.2000,0.000485
FILLER_6_205,VGND,li1,101.6600,27.2000,0.000488
FILLER_6_190,VGND,li1,94.3000,27.2000,0.000492
FILLER_6_158,VGND,li1,78.4300,27.2000,0.000485
FILLER_6_141,VGND,li1,71.0700,27.2000,0.000455
FILLER_6_133,VGND,li1,66.9300,27.2000,0.000444
FILLER_6_115,VGND,li1,58.6500,27.2000,0.000409
FILLER_6_111,VGND,li1,57.5000,27.2000,0.000409
FILLER_6_85,VGND,li1,45.0800,27.2000,0.000326
FILLER_6_70,VGND,li1,39.1000,27.2000,0.000278
FILLER_6_45,VGND,li1,26.4500,27.2000,0.000139
FILLER_6_41,VGND,li1,25.3000,27.2000,0.000139
FILLER_6_29,VGND,li1,21.6200,27.2000,0.000117
FILLER_6_27,VGND,li1,18.1700,27.2000,0.000117
FILLER_6_15,VGND,li1,15.1800,27.2000,0.000117
FILLER_6_3,VGND,li1,9.6600,27.2000,0.000117
FILLER_5_553,VGND,li1,260.3600,27.2000,0.000083
FILLER_5_541,VGND,li1,257.1400,27.2000,0.000083
FILLER_5_529,VGND,li1,251.6200,27.2000,0.000083
FILLER_5_517,VGND,li1,246.1000,27.2000,0.000083
FILLER_5_505,VGND,li1,240.5800,27.2000,0.000083
FILLER_5_503,VGND,li1,237.1300,27.2000,0.000083
FILLER_5_497,VGND,li1,235.5200,27.2000,0.000083
FILLER_5_485,VGND,li1,231.3800,27.2000,0.000083
FILLER_5_473,VGND,li1,225.8600,27.2000,0.000083
FILLER_5_461,VGND,li1,220.3400,27.2000,0.000083
FILLER_5_449,VGND,li1,214.8200,27.2000,0.000083
FILLER_5_447,VGND,li1,211.3700,27.2000,0.000083
FILLER_5_441,VGND,li1,209.7600,27.2000,0.000083
FILLER_5_429,VGND,li1,205.6200,27.2000,0.000083
FILLER_5_417,VGND,li1,200.1000,27.2000,0.000083
FILLER_5_405,VGND,li1,194.5800,27.2000,0.000083
FILLER_5_393,VGND,li1,189.0600,27.2000,0.000083
FILLER_5_391,VGND,li1,185.6100,27.2000,0.000083
FILLER_5_379,VGND,li1,182.6200,27.2000,0.000083
FILLER_5_367,VGND,li1,177.1000,27.2000,0.000083
FILLER_5_343,VGND,li1,163.5300,27.2000,0.000206
FILLER_5_337,VGND,li1,161.9200,27.2000,0.000206
FILLER_5_327,VGND,li1,157.3200,27.2000,0.000243
FILLER_5_315,VGND,li1,153.1800,27.2000,0.000277
FILLER_5_308,VGND,li1,147.4300,27.2000,0.000315
FILLER_5_300,VGND,li1,145.3600,27.2000,0.000326
FILLER_5_295,VGND,li1,141.4500,27.2000,0.000352
FILLER_5_289,VGND,li1,139.8400,27.2000,0.000352
FILLER_5_285,VGND,li1,136.8500,27.2000,0.000372
FILLER_5_281,VGND,li1,135.7000,27.2000,0.000372
FILLER_5_279,VGND,li1,134.0900,27.2000,0.000381
FILLER_5_267,VGND,li1,131.1000,27.2000,0.000396
FILLER_5_232,VGND,li1,112.4700,27.2000,0.000478
FILLER_5_223,VGND,li1,108.3300,27.2000,0.000483
FILLER_5_205,VGND,li1,100.0500,27.2000,0.000488
FILLER_5_193,VGND,li1,97.0600,27.2000,0.000490
FILLER_5_163,VGND,li1,80.7300,27.2000,0.000494
FILLER_5_154,VGND,li1,76.5900,27.2000,0.000478
FILLER_5_139,VGND,li1,70.8400,27.2000,0.000455
FILLER_5_100,VGND,li1,51.7500,27.2000,0.000380
FILLER_5_52,VGND,li1,30.3600,27.2000,0.000198
FILLER_5_27,VGND,li1,19.7800,27.2000,0.000117
FILLER_5_15,VGND,li1,15.1800,27.2000,0.000117
FILLER_5_3,VGND,li1,9.6600,27.2000,0.000117
FILLER_4_553,VGND,li1,260.3600,21.7600,0.000023
FILLER_4_545,VGND,li1,258.0600,21.7600,0.000023
FILLER_4_533,VGND,li1,253.4600,21.7600,0.000023
FILLER_4_531,VGND,li1,250.0100,21.7600,0.000023
FILLER_4_525,VGND,li1,248.4000,21.7600,0.000023
FILLER_4_513,VGND,li1,244.2600,21.7600,0.000023
FILLER_4_501,VGND,li1,238.7400,21.7600,0.000023
FILLER_4_489,VGND,li1,233.2200,21.7600,0.000023
FILLER_4_477,VGND,li1,227.7000,21.7600,0.000023
FILLER_4_475,VGND,li1,224.2500,21.7600,0.000023
FILLER_4_469,VGND,li1,222.6400,21.7600,0.000023
FILLER_4_457,VGND,li1,218.5000,21.7600,0.000023
FILLER_4_445,VGND,li1,212.9800,21.7600,0.000023
FILLER_4_433,VGND,li1,207.4600,21.7600,0.000023
FILLER_4_421,VGND,li1,201.9400,21.7600,0.000023
FILLER_4_419,VGND,li1,198.4900,21.7600,0.000023
FILLER_4_413,VGND,li1,196.8800,21.7600,0.000023
FILLER_4_401,VGND,li1,192.7400,21.7600,0.000023
FILLER_4_389,VGND,li1,187.2200,21.7600,0.000023
FILLER_4_377,VGND,li1,181.7000,21.7600,0.000023
FILLER_4_365,VGND,li1,176.1800,21.7600,0.000029
FILLER_4_356,VGND,li1,171.1200,21.7600,0.000042
FILLER_4_333,VGND,li1,158.9300,21.7600,0.000068
FILLER_4_325,VGND,li1,155.9400,21.7600,0.000078
FILLER_4_313,VGND,li1,152.2600,21.7600,0.000083
FILLER_4_306,VGND,li1,146.7400,21.7600,0.000099
FILLER_4_267,VGND,li1,128.8000,21.7600,0.000128
FILLER_4_246,VGND,li1,118.9100,21.7600,0.000139
FILLER_4_193,VGND,li1,94.9900,21.7600,0.000132
FILLER_4_147,VGND,li1,73.3700,21.7600,0.000099
FILLER_4_141,VGND,li1,71.7600,21.7600,0.000099
FILLER_4_139,VGND,li1,69.6900,21.7600,0.000094
FILLER_4_135,VGND,li1,68.5400,21.7600,0.000094
FILLER_4_124,VGND,li1,63.0200,21.7600,0.000086
FILLER_4_85,VGND,li1,45.3100,21.7600,0.000058
FILLER_4_74,VGND,li1,39.7900,21.7600,0.000049
FILLER_4_70,VGND,li1,38.6400,21.7600,0.000049
FILLER_4_35,VGND,li1,21.8500,21.7600,0.000027
FILLER_4_29,VGND,li1,20.2400,21.7600,0.000027
FILLER_4_27,VGND,li1,18.1700,21.7600,0.000027
FILLER_4_15,VGND,li1,15.1800,21.7600,0.000027
FILLER_4_3,VGND,li1,9.6600,21.7600,0.000027
FILLER_3_553,VGND,li1,260.3600,21.7600,0.000023
FILLER_3_541,VGND,li1,257.1400,21.7600,0.000023
FILLER_3_529,VGND,li1,251.6200,21.7600,0.000023
FILLER_3_517,VGND,li1,246.1000,21.7600,0.000023
FILLER_3_505,VGND,li1,240.5800,21.7600,0.000023
FILLER_3_503,VGND,li1,237.1300,21.7600,0.000023
FILLER_3_497,VGND,li1,235.5200,21.7600,0.000023
FILLER_3_485,VGND,li1,231.3800,21.7600,0.000023
FILLER_3_473,VGND,li1,225.8600,21.7600,0.000023
FILLER_3_461,VGND,li1,220.3400,21.7600,0.000023
FILLER_3_449,VGND,li1,214.8200,21.7600,0.000023
FILLER_3_447,VGND,li1,211.3700,21.7600,0.000023
FILLER_3_441,VGND,li1,209.7600,21.7600,0.000023
FILLER_3_429,VGND,li1,205.6200,21.7600,0.000023
FILLER_3_417,VGND,li1,200.1000,21.7600,0.000023
FILLER_3_405,VGND,li1,194.5800,21.7600,0.000023
FILLER_3_393,VGND,li1,189.0600,21.7600,0.000023
FILLER_3_384,VGND,li1,184.0000,21.7600,0.000023
FILLER_3_372,VGND,li1,179.4000,21.7600,0.000023
FILLER_3_360,VGND,li1,173.8800,21.7600,0.000035
FILLER_3_328,VGND,li1,156.8600,21.7600,0.000073
FILLER_3_323,VGND,li1,154.3300,21.7600,0.000078
FILLER_3_225,VGND,li1,109.2500,21.7600,0.000141
FILLER_3_141,VGND,li1,71.7600,21.7600,0.000099
FILLER_3_119,VGND,li1,60.4900,21.7600,0.000082
FILLER_3_113,VGND,li1,58.8800,21.7600,0.000078
FILLER_3_78,VGND,li1,42.3200,21.7600,0.000055
FILLER_3_31,VGND,li1,20.0100,21.7600,0.000027
FILLER_3_27,VGND,li1,18.8600,21.7600,0.000027
FILLER_3_15,VGND,li1,15.1800,21.7600,0.000027
FILLER_3_3,VGND,li1,9.6600,21.7600,0.000027
FILLER_2_553,VGND,li1,260.3600,16.3200,0.000052
FILLER_2_545,VGND,li1,258.0600,16.3200,0.000052
FILLER_2_533,VGND,li1,253.4600,16.3200,0.000052
FILLER_2_531,VGND,li1,250.0100,16.3200,0.000052
FILLER_2_525,VGND,li1,248.4000,16.3200,0.000052
FILLER_2_513,VGND,li1,244.2600,16.3200,0.000052
FILLER_2_501,VGND,li1,238.7400,16.3200,0.000052
FILLER_2_489,VGND,li1,233.2200,16.3200,0.000052
FILLER_2_477,VGND,li1,227.7000,16.3200,0.000052
FILLER_2_475,VGND,li1,224.2500,16.3200,0.000052
FILLER_2_469,VGND,li1,222.6400,16.3200,0.000052
FILLER_2_457,VGND,li1,218.5000,16.3200,0.000052
FILLER_2_445,VGND,li1,212.9800,16.3200,0.000052
FILLER_2_433,VGND,li1,207.4600,16.3200,0.000052
FILLER_2_421,VGND,li1,201.9400,16.3200,0.000052
FILLER_2_419,VGND,li1,198.4900,16.3200,0.000052
FILLER_2_413,VGND,li1,196.8800,16.3200,0.000052
FILLER_2_401,VGND,li1,192.7400,16.3200,0.000052
FILLER_2_389,VGND,li1,187.2200,16.3200,0.000052
FILLER_2_377,VGND,li1,181.7000,16.3200,0.000052
FILLER_2_365,VGND,li1,176.1800,16.3200,0.000065
FILLER_2_363,VGND,li1,172.7300,16.3200,0.000091
FILLER_2_357,VGND,li1,171.1200,16.3200,0.000091
FILLER_2_281,VGND,li1,135.2400,16.3200,0.000222
FILLER_2_253,VGND,li1,122.3600,16.3200,0.000246
FILLER_2_244,VGND,li1,117.9900,16.3200,0.000254
FILLER_2_211,VGND,li1,102.8100,16.3200,0.000274
FILLER_2_203,VGND,li1,100.7400,16.3200,0.000277
FILLER_2_173,VGND,li1,85.5600,16.3200,0.000285
FILLER_2_136,VGND,li1,69.0000,16.3200,0.000266
FILLER_2_101,VGND,li1,52.6700,16.3200,0.000209
FILLER_2_35,VGND,li1,21.8500,16.3200,0.000064
FILLER_2_29,VGND,li1,20.2400,16.3200,0.000064
FILLER_2_27,VGND,li1,18.1700,16.3200,0.000064
FILLER_2_15,VGND,li1,15.1800,16.3200,0.000064
FILLER_2_3,VGND,li1,9.6600,16.3200,0.000064
FILLER_1_553,VGND,li1,260.3600,16.3200,0.000052
FILLER_1_541,VGND,li1,257.1400,16.3200,0.000052
FILLER_1_529,VGND,li1,251.6200,16.3200,0.000052
FILLER_1_517,VGND,li1,246.1000,16.3200,0.000052
FILLER_1_505,VGND,li1,240.5800,16.3200,0.000052
FILLER_1_503,VGND,li1,237.1300,16.3200,0.000052
FILLER_1_497,VGND,li1,235.5200,16.3200,0.000052
FILLER_1_485,VGND,li1,231.3800,16.3200,0.000052
FILLER_1_473,VGND,li1,225.8600,16.3200,0.000052
FILLER_1_461,VGND,li1,220.3400,16.3200,0.000052
FILLER_1_449,VGND,li1,214.8200,16.3200,0.000052
FILLER_1_447,VGND,li1,211.3700,16.3200,0.000052
FILLER_1_441,VGND,li1,209.7600,16.3200,0.000052
FILLER_1_429,VGND,li1,205.6200,16.3200,0.000052
FILLER_1_417,VGND,li1,200.1000,16.3200,0.000052
FILLER_1_405,VGND,li1,194.5800,16.3200,0.000052
FILLER_1_393,VGND,li1,189.0600,16.3200,0.000052
FILLER_1_384,VGND,li1,184.0000,16.3200,0.000052
FILLER_1_372,VGND,li1,179.4000,16.3200,0.000052
FILLER_1_360,VGND,li1,173.8800,16.3200,0.000080
FILLER_1_337,VGND,li1,161.2300,16.3200,0.000141
FILLER_1_335,VGND,li1,159.8500,16.3200,0.000148
FILLER_1_321,VGND,li1,153.4100,16.3200,0.000173
FILLER_1_290,VGND,li1,140.3000,16.3200,0.000208
FILLER_1_279,VGND,li1,134.0900,16.3200,0.000222
FILLER_1_271,VGND,li1,132.0200,16.3200,0.000226
FILLER_1_265,VGND,li1,128.1100,16.3200,0.000236
FILLER_1_254,VGND,li1,123.0500,16.3200,0.000246
FILLER_1_245,VGND,li1,119.6000,16.3200,0.000250
FILLER_1_241,VGND,li1,116.6100,16.3200,0.000254
FILLER_1_237,VGND,li1,114.7700,16.3200,0.000258
FILLER_1_225,VGND,li1,111.7800,16.3200,0.000262
FILLER_1_222,VGND,li1,108.1000,16.3200,0.000269
FILLER_1_214,VGND,li1,105.8000,16.3200,0.000271
FILLER_1_202,VGND,li1,101.2000,16.3200,0.000277
FILLER_1_169,VGND,li1,86.0200,16.3200,0.000285
FILLER_1_167,VGND,li1,82.5700,16.3200,0.000285
FILLER_1_132,VGND,li1,66.9300,16.3200,0.000261
FILLER_1_113,VGND,li1,58.1900,16.3200,0.000230
FILLER_1_111,VGND,li1,56.8100,16.3200,0.000223
FILLER_1_105,VGND,li1,55.2000,16.3200,0.000223
FILLER_1_63,VGND,li1,34.7300,16.3200,0.000120
FILLER_1_57,VGND,li1,33.1200,16.3200,0.000102
FILLER_1_39,VGND,li1,25.3000,16.3200,0.000064
FILLER_1_27,VGND,li1,20.7000,16.3200,0.000064
FILLER_1_15,VGND,li1,15.1800,16.3200,0.000064
FILLER_1_3,VGND,li1,9.6600,16.3200,0.000064
FILLER_0_553,VGND,li1,260.3600,10.8800,0.000000
FILLER_0_545,VGND,li1,258.0600,10.8800,0.000000
FILLER_0_533,VGND,li1,253.4600,10.8800,0.000000
FILLER_0_529,VGND,li1,249.5500,10.8800,0.000000
FILLER_0_517,VGND,li1,246.1000,10.8800,0.000000
FILLER_0_505,VGND,li1,240.5800,10.8800,0.000000
FILLER_0_501,VGND,li1,236.6700,10.8800,0.000000
FILLER_0_489,VGND,li1,233.2200,10.8800,0.000000
FILLER_0_477,VGND,li1,227.7000,10.8800,0.000000
FILLER_0_473,VGND,li1,223.7900,10.8800,0.000000
FILLER_0_461,VGND,li1,220.3400,10.8800,0.000000
FILLER_0_449,VGND,li1,214.8200,10.8800,0.000000
FILLER_0_445,VGND,li1,210.9100,10.8800,0.000000
FILLER_0_433,VGND,li1,207.4600,10.8800,0.000000
FILLER_0_421,VGND,li1,201.9400,10.8800,0.000000
FILLER_0_417,VGND,li1,198.0300,10.8800,0.000000
FILLER_0_405,VGND,li1,194.5800,10.8800,0.000000
FILLER_0_393,VGND,li1,189.0600,10.8800,0.000000
FILLER_0_389,VGND,li1,185.1500,10.8800,0.000000
FILLER_0_377,VGND,li1,181.7000,10.8800,0.000000
FILLER_0_365,VGND,li1,176.1800,10.8800,0.000000
FILLER_0_361,VGND,li1,172.2700,10.8800,0.000000
FILLER_0_349,VGND,li1,168.8200,10.8800,0.000000
FILLER_0_337,VGND,li1,163.3000,10.8800,0.000000
FILLER_0_333,VGND,li1,159.3900,10.8800,0.000000
FILLER_0_321,VGND,li1,155.9400,10.8800,0.000000
FILLER_0_309,VGND,li1,150.4200,10.8800,0.000000
FILLER_0_305,VGND,li1,146.5100,10.8800,0.000000
FILLER_0_297,VGND,li1,143.9800,10.8800,0.000000
FILLER_0_285,VGND,li1,139.3800,10.8800,0.000000
FILLER_0_277,VGND,li1,133.6300,10.8800,0.000000
FILLER_0_265,VGND,li1,130.1800,10.8800,0.000000
FILLER_0_253,VGND,li1,124.6600,10.8800,0.000000
FILLER_0_249,VGND,li1,120.7500,10.8800,0.000000
FILLER_0_237,VGND,li1,117.3000,10.8800,0.000000
FILLER_0_225,VGND,li1,111.7800,10.8800,0.000000
FILLER_0_221,VGND,li1,107.8700,10.8800,0.000000
FILLER_0_209,VGND,li1,104.4200,10.8800,0.000000
FILLER_0_197,VGND,li1,98.9000,10.8800,0.000000
FILLER_0_193,VGND,li1,94.9900,10.8800,0.000000
FILLER_0_181,VGND,li1,91.5400,10.8800,0.000000
FILLER_0_169,VGND,li1,86.0200,10.8800,0.000000
FILLER_0_165,VGND,li1,82.1100,10.8800,0.000000
FILLER_0_153,VGND,li1,78.6600,10.8800,0.000000
FILLER_0_141,VGND,li1,73.1400,10.8800,0.000000
FILLER_0_139,VGND,li1,69.6900,10.8800,0.000000
FILLER_0_133,VGND,li1,68.0800,10.8800,0.000000
FILLER_0_122,VGND,li1,62.3300,10.8800,0.000000
FILLER_0_113,VGND,li1,57.7300,10.8800,0.000000
FILLER_0_111,VGND,li1,56.8100,10.8800,0.000000
FILLER_0_105,VGND,li1,55.2000,10.8800,0.000000
FILLER_0_93,VGND,li1,51.0600,10.8800,0.000000
FILLER_0_83,VGND,li1,43.9300,10.8800,0.000000
FILLER_0_77,VGND,li1,42.3200,10.8800,0.000000
FILLER_0_65,VGND,li1,38.1800,10.8800,0.000000
FILLER_0_53,VGND,li1,30.5900,10.8800,0.000000
FILLER_0_41,VGND,li1,27.1400,10.8800,0.000000
FILLER_0_29,VGND,li1,21.6200,10.8800,0.000000
FILLER_0_27,VGND,li1,18.1700,10.8800,0.000000
FILLER_0_15,VGND,li1,15.1800,10.8800,0.000000
FILLER_0_3,VGND,li1,9.6600,10.8800,0.000000
ANTENNA_2,VGND,li1,152.2600,163.2000,0.000182
ANTENNA_1,VGND,li1,192.7400,146.8800,0.000096
hold499,VGND,li1,214.3600,255.6800,0.000136
hold498,VGND,li1,236.4400,206.7200,0.000095
hold497,VGND,li1,85.5600,130.5600,0.000165
hold496,VGND,li1,166.0600,21.7600,0.000052
hold495,VGND,li1,162.3800,21.7600,0.000063
hold494,VGND,li1,101.6600,59.8400,0.000307
hold493,VGND,li1,119.6000,54.4000,0.000204
hold492,VGND,li1,246.5600,212.1600,0.000170
hold491,VGND,li1,239.6600,239.3600,0.000223
hold490,VGND,li1,117.7600,48.9600,0.000246
hold489,VGND,li1,132.4800,54.4000,0.000181
hold488,VGND,li1,244.2600,141.4400,0.000165
hold487,VGND,li1,111.3200,21.7600,0.000141
hold486,VGND,li1,201.0200,239.3600,0.000177
hold485,VGND,li1,89.2400,146.8800,0.000131
hold484,VGND,li1,149.5000,21.7600,0.000089
hold483,VGND,li1,102.5800,130.5600,0.000161
hold482,VGND,li1,153.6400,38.0800,0.000049
hold481,VGND,li1,177.5600,223.0400,0.000116
hold480,VGND,li1,123.2800,157.7600,0.000392
hold479,VGND,li1,208.8400,250.2400,0.000242
hold478,VGND,li1,161.0000,21.7600,0.000063
hold477,VGND,li1,136.6200,38.0800,0.000075
hold476,VGND,li1,140.7600,38.0800,0.000067
hold475,VGND,li1,219.4200,195.8400,0.000141
hold474,VGND,li1,108.1000,141.4400,0.000109
hold473,VGND,li1,162.8400,38.0800,0.000036
hold472,VGND,li1,182.6200,201.2800,0.000091
hold471,VGND,li1,149.5000,244.8000,0.000267
hold470,VGND,li1,123.7400,152.3200,0.000288
hold469,VGND,li1,166.9800,27.2000,0.000165
hold468,VGND,li1,186.7600,261.1200,0.000113
hold467,VGND,li1,166.0600,217.6000,0.000248
hold466,VGND,li1,145.8200,21.7600,0.000099
hold465,VGND,li1,89.7000,212.1600,0.000282
hold464,VGND,li1,153.6400,239.3600,0.000224
hold463,VGND,li1,80.0400,141.4400,0.000097
hold462,VGND,li1,208.8400,212.1600,0.000148
hold461,VGND,li1,255.7600,223.0400,0.000223
hold460,VGND,li1,257.1400,141.4400,0.000169
hold459,VGND,li1,178.0200,228.4800,0.000117
hold458,VGND,li1,218.5000,190.4000,0.000305
hold457,VGND,li1,174.8000,255.6800,0.000111
hold456,VGND,li1,203.7800,228.4800,0.000262
hold455,VGND,li1,217.1200,201.2800,0.000166
hold454,VGND,li1,126.5000,163.2000,0.000254
hold453,VGND,li1,88.7800,152.3200,0.000254
hold452,VGND,li1,256.6800,141.4400,0.000169
hold451,VGND,li1,92.9200,146.8800,0.000134
hold450,VGND,li1,110.8600,157.7600,0.000403
hold449,VGND,li1,184.4600,206.7200,0.000057
hold448,VGND,li1,194.5800,228.4800,0.000217
hold447,VGND,li1,190.9000,130.5600,0.000131
hold446,VGND,li1,106.7200,157.7600,0.000405
hold445,VGND,li1,202.8600,244.8000,0.000145
hold444,VGND,li1,123.7400,32.6400,0.000221
hold443,VGND,li1,248.8600,136.0000,0.000225
hold442,VGND,li1,182.6200,152.3200,0.000158
hold441,VGND,li1,120.0600,168.6400,0.000232
hold440,VGND,li1,184.0000,146.8800,0.000075
hold439,VGND,li1,188.1400,195.8400,0.000089
hold438,VGND,li1,226.7800,184.9600,0.000291
hold437,VGND,li1,134.3200,27.2000,0.000381
hold436,VGND,li1,224.9400,195.8400,0.000145
hold435,VGND,li1,188.6000,184.9600,0.000157
hold434,VGND,li1,105.3400,136.0000,0.000094
hold433,VGND,li1,117.7600,59.8400,0.000318
hold432,VGND,li1,219.4200,174.0800,0.000097
hold431,VGND,li1,143.0600,228.4800,0.000271
hold430,VGND,li1,195.0400,190.4000,0.000231
hold429,VGND,li1,131.5600,190.4000,0.000336
hold428,VGND,li1,239.6600,184.9600,0.000330
hold427,VGND,li1,193.2000,92.4800,0.000165
hold426,VGND,li1,140.3000,21.7600,0.000112
hold425,VGND,li1,222.1800,206.7200,0.000087
hold424,VGND,li1,227.2400,206.7200,0.000090
hold423,VGND,li1,150.4200,152.3200,0.000227
hold422,VGND,li1,226.7800,146.8800,0.000127
hold421,VGND,li1,223.5600,136.0000,0.000190
hold420,VGND,li1,132.9400,38.0800,0.000079
hold419,VGND,li1,149.5000,16.3200,0.000181
hold418,VGND,li1,209.7600,43.5200,0.000041
hold417,VGND,li1,176.6400,43.5200,0.000038
hold416,VGND,li1,157.7800,38.0800,0.000043
hold415,VGND,li1,178.9400,163.2000,0.000080
hold414,VGND,li1,136.6200,163.2000,0.000228
hold413,VGND,li1,149.5000,206.7200,0.000110
hold412,VGND,li1,188.1400,136.0000,0.000093
hold411,VGND,li1,175.2600,48.9600,0.000104
hold410,VGND,li1,136.6200,195.8400,0.000170
hold409,VGND,li1,232.3000,206.7200,0.000093
hold408,VGND,li1,166.9800,206.7200,0.000077
hold407,VGND,li1,243.8000,168.6400,0.000134
hold406,VGND,li1,239.6600,195.8400,0.000154
hold405,VGND,li1,149.9600,168.6400,0.000150
hold404,VGND,li1,230.9200,163.2000,0.000229
hold403,VGND,li1,190.9000,43.5200,0.000039
hold402,VGND,li1,217.5800,81.6000,0.000119
hold401,VGND,li1,145.8200,184.9600,0.000268
hold400,VGND,li1,114.0800,38.0800,0.000093
hold399,VGND,li1,138.9200,206.7200,0.000124
hold398,VGND,li1,231.8400,146.8800,0.000127
hold397,VGND,li1,188.1400,43.5200,0.000037
hold396,VGND,li1,139.3800,87.0400,0.000323
hold395,VGND,li1,212.9800,59.8400,0.000231
hold394,VGND,li1,213.9000,48.9600,0.000138
hold393,VGND,li1,189.0600,163.2000,0.000113
hold392,VGND,li1,196.4200,141.4400,0.000096
hold391,VGND,li1,130.1800,233.9200,0.000200
hold390,VGND,li1,137.0800,81.6000,0.000186
hold389,VGND,li1,252.5400,163.2000,0.000254
hold388,VGND,li1,143.5200,244.8000,0.000297
hold387,VGND,li1,168.8200,70.7200,0.000127
hold386,VGND,li1,224.9400,223.0400,0.000204
hold385,VGND,li1,143.9800,87.0400,0.000307
hold384,VGND,li1,175.2600,43.5200,0.000038
hold383,VGND,li1,156.8600,81.6000,0.000127
hold382,VGND,li1,213.9000,59.8400,0.000234
hold381,VGND,li1,149.5000,103.3600,0.000197
hold380,VGND,li1,205.6200,76.1600,0.000125
hold379,VGND,li1,113.6200,255.6800,0.000193
hold378,VGND,li1,192.2800,141.4400,0.000086
hold377,VGND,li1,140.7600,65.2800,0.000385
hold376,VGND,li1,166.9800,65.2800,0.000266
hold375,VGND,li1,144.4400,81.6000,0.000165
hold374,VGND,li1,153.1800,119.6800,0.000305
hold373,VGND,li1,143.9800,114.2400,0.000189
hold372,VGND,li1,209.7600,59.8400,0.000227
hold371,VGND,li1,127.8800,244.8000,0.000366
hold370,VGND,li1,223.5600,152.3200,0.000401
hold369,VGND,li1,243.8000,54.4000,0.000367
hold368,VGND,li1,153.6400,168.6400,0.000138
hold367,VGND,li1,218.5000,97.9200,0.000301
hold366,VGND,li1,140.7600,70.7200,0.000225
hold365,VGND,li1,222.6400,228.4800,0.000358
hold364,VGND,li1,207.4600,108.8000,0.000096
hold363,VGND,li1,231.3800,70.7200,0.000143
hold362,VGND,li1,220.8000,70.7200,0.000135
hold361,VGND,li1,140.7600,97.9200,0.000287
hold360,VGND,li1,183.5400,114.2400,0.000081
hold359,VGND,li1,218.0400,97.9200,0.000301
hold358,VGND,li1,231.8400,168.6400,0.000134
hold357,VGND,li1,217.1200,70.7200,0.000131
hold356,VGND,li1,162.3800,54.4000,0.000115
hold355,VGND,li1,196.4200,70.7200,0.000107
hold354,VGND,li1,140.7600,81.6000,0.000177
hold353,VGND,li1,110.8600,266.5600,0.000000
hold352,VGND,li1,213.9000,103.3600,0.000238
hold351,VGND,li1,185.8400,108.8000,0.000072
hold350,VGND,li1,118.6800,108.8000,0.000279
hold349,VGND,li1,210.2200,65.2800,0.000443
hold348,VGND,li1,155.0200,97.9200,0.000224
hold347,VGND,li1,169.2800,59.8400,0.000132
hold346,VGND,li1,243.8000,70.7200,0.000146
hold345,VGND,li1,204.2400,152.3200,0.000294
hold344,VGND,li1,115.0000,119.6800,0.000415
hold343,VGND,li1,243.8000,157.7600,0.000585
hold342,VGND,li1,116.8400,261.1200,0.000218
hold341,VGND,li1,90.6200,38.0800,0.000092
hold340,VGND,li1,207.4600,125.1200,0.000187
hold339,VGND,li1,97.9800,32.6400,0.000217
hold338,VGND,li1,115.4600,233.9200,0.000192
hold337,VGND,li1,151.8000,174.0800,0.000134
hold336,VGND,li1,245.1800,103.3600,0.000241
hold335,VGND,li1,153.6400,65.2800,0.000334
hold334,VGND,li1,114.5400,244.8000,0.000378
hold333,VGND,li1,113.6200,87.0400,0.000384
hold332,VGND,li1,149.5000,141.4400,0.000094
hold331,VGND,li1,157.3200,114.2400,0.000151
hold330,VGND,li1,123.7400,119.6800,0.000401
hold329,VGND,li1,220.3400,244.8000,0.000166
hold328,VGND,li1,152.7200,76.1600,0.000155
hold327,VGND,li1,106.7200,103.3600,0.000293
hold326,VGND,li1,145.8200,179.5200,0.000226
hold325,VGND,li1,208.3800,239.3600,0.000195
hold324,VGND,li1,154.1000,125.1200,0.000166
hold323,VGND,li1,200.5600,141.4400,0.000106
hold322,VGND,li1,162.3800,108.8000,0.000139
hold321,VGND,li1,162.3800,114.2400,0.000129
hold320,VGND,li1,242.8800,76.1600,0.000160
hold319,VGND,li1,136.6200,103.3600,0.000233
hold318,VGND,li1,97.9800,27.2000,0.000490
hold317,VGND,li1,164.6800,261.1200,0.000123
hold316,VGND,li1,118.2200,65.2800,0.000475
hold315,VGND,li1,244.7200,92.4800,0.000362
hold314,VGND,li1,230.9200,92.4800,0.000328
hold313,VGND,li1,229.5400,59.8400,0.000256
hold312,VGND,li1,230.9200,59.8400,0.000256
hold311,VGND,li1,162.3800,92.4800,0.000151
hold310,VGND,li1,229.0800,103.3600,0.000241
hold309,VGND,li1,183.0800,125.1200,0.000110
hold308,VGND,li1,227.2400,250.2400,0.000289
hold307,VGND,li1,177.5600,103.3600,0.000116
hold306,VGND,li1,92.0000,43.5200,0.000130
hold305,VGND,li1,182.6200,130.5600,0.000095
hold304,VGND,li1,162.3800,223.0400,0.000239
hold303,VGND,li1,144.4400,125.1200,0.000177
hold302,VGND,li1,132.4800,119.6800,0.000385
hold301,VGND,li1,127.8800,70.7200,0.000236
hold300,VGND,li1,159.6200,141.4400,0.000083
hold299,VGND,li1,216.2000,146.8800,0.000124
hold298,VGND,li1,230.4600,92.4800,0.000328
hold297,VGND,li1,246.5600,81.6000,0.000144
hold296,VGND,li1,131.5600,108.8000,0.000252
hold295,VGND,li1,227.7000,76.1600,0.000152
hold294,VGND,li1,230.9200,70.7200,0.000143
hold293,VGND,li1,244.2600,59.8400,0.000267
hold292,VGND,li1,106.7200,32.6400,0.000220
hold291,VGND,li1,102.5800,48.9600,0.000244
hold290,VGND,li1,194.1200,108.8000,0.000083
hold289,VGND,li1,221.2600,233.9200,0.000422
hold288,VGND,li1,135.7000,130.5600,0.000140
hold287,VGND,li1,115.0000,108.8000,0.000278
hold286,VGND,li1,171.1200,141.4400,0.000064
hold285,VGND,li1,92.4600,38.0800,0.000093
hold284,VGND,li1,208.3800,233.9200,0.000367
hold283,VGND,li1,216.2000,108.8000,0.000101
hold282,VGND,li1,241.5000,103.3600,0.000241
hold281,VGND,li1,230.4600,81.6000,0.000137
hold280,VGND,li1,233.2200,54.4000,0.000338
hold279,VGND,li1,224.9400,114.2400,0.000114
hold278,VGND,li1,97.9800,48.9600,0.000243
hold277,VGND,li1,140.7600,233.9200,0.000199
hold276,VGND,li1,126.9600,92.4800,0.000252
hold275,VGND,li1,167.9000,103.3600,0.000144
hold274,VGND,li1,231.8400,87.0400,0.000203
hold273,VGND,li1,166.5200,81.6000,0.000096
hold272,VGND,li1,247.4800,125.1200,0.000234
hold271,VGND,li1,149.5000,136.0000,0.000094
hold270,VGND,li1,169.2800,130.5600,0.000094
hold269,VGND,li1,234.6000,184.9600,0.000314
hold268,VGND,li1,175.2600,130.5600,0.000079
hold267,VGND,li1,235.9800,244.8000,0.000173
hold266,VGND,li1,168.8200,244.8000,0.000156
hold265,VGND,li1,230.0000,244.8000,0.000173
hold264,VGND,li1,213.9000,119.6800,0.000339
hold263,VGND,li1,123.7400,76.1600,0.000229
hold262,VGND,li1,16.1000,38.0800,0.000015
hold261,VGND,li1,93.3800,119.6800,0.000448
hold260,VGND,li1,81.8800,250.2400,0.000373
hold259,VGND,li1,78.2000,250.2400,0.000366
hold258,VGND,li1,39.1000,228.4800,0.000114
hold257,VGND,li1,47.3800,223.0400,0.000229
hold256,VGND,li1,55.2000,250.2400,0.000279
hold255,VGND,li1,103.9600,184.9600,0.000361
hold254,VGND,li1,51.0600,223.0400,0.000252
hold253,VGND,li1,104.4200,250.2400,0.000368
hold252,VGND,li1,28.0600,233.9200,0.000033
hold251,VGND,li1,231.3800,65.2800,0.000530
hold250,VGND,li1,32.2000,217.6000,0.000181
hold249,VGND,li1,25.7600,81.6000,0.000047
hold248,VGND,li1,34.5000,250.2400,0.000135
hold247,VGND,li1,42.3200,261.1200,0.000109
hold246,VGND,li1,102.1200,92.4800,0.000290
hold245,VGND,li1,67.6200,27.2000,0.000444
hold244,VGND,li1,91.5400,190.4000,0.000394
hold243,VGND,li1,62.5600,206.7200,0.000117
hold242,VGND,li1,55.2000,266.5600,0.000000
hold241,VGND,li1,51.9800,16.3200,0.000209
hold240,VGND,li1,76.8200,266.5600,0.000000
hold239,VGND,li1,72.2200,97.9200,0.000437
hold238,VGND,li1,80.9600,76.1600,0.000234
hold237,VGND,li1,46.4600,184.9600,0.000190
hold236,VGND,li1,63.4800,184.9600,0.000282
hold235,VGND,li1,79.1200,223.0400,0.000382
hold234,VGND,li1,103.9600,119.6800,0.000432
hold233,VGND,li1,75.9000,168.6400,0.000159
hold232,VGND,li1,90.6200,266.5600,0.000000
hold231,VGND,li1,35.8800,217.6000,0.000219
hold230,VGND,li1,105.8000,81.6000,0.000240
hold229,VGND,li1,35.8800,119.6800,0.000166
hold228,VGND,li1,59.3400,250.2400,0.000305
hold227,VGND,li1,76.3600,119.6800,0.000414
hold226,VGND,li1,67.1600,206.7200,0.000125
hold225,VGND,li1,43.2400,228.4800,0.000129
hold224,VGND,li1,43.7000,244.8000,0.000231
hold223,VGND,li1,16.5600,76.1600,0.000053
hold222,VGND,li1,87.8600,103.3600,0.000315
hold221,VGND,li1,83.2600,119.6800,0.000434
hold220,VGND,li1,101.2000,255.6800,0.000192
hold219,VGND,li1,33.5800,54.4000,0.000097
hold218,VGND,li1,93.8400,233.9200,0.000159
hold217,VGND,li1,53.8200,217.6000,0.000351
hold216,VGND,li1,80.5000,266.5600,0.000000
hold215,VGND,li1,51.9800,233.9200,0.000092
hold214,VGND,li1,44.6200,92.4800,0.000141
hold213,VGND,li1,87.4000,244.8000,0.000361
hold212,VGND,li1,85.1000,48.9600,0.000239
hold211,VGND,li1,10.1200,81.6000,0.000047
hold210,VGND,li1,28.5200,206.7200,0.000043
hold209,VGND,li1,48.7600,206.7200,0.000091
hold208,VGND,li1,96.6000,233.9200,0.000165
hold207,VGND,li1,72.2200,76.1600,0.000206
hold206,VGND,li1,38.1800,54.4000,0.000117
hold205,VGND,li1,35.8800,27.2000,0.000244
hold204,VGND,li1,45.5400,119.6800,0.000242
hold203,VGND,li1,48.3000,266.5600,0.000000
hold202,VGND,li1,63.4800,174.0800,0.000169
hold201,VGND,li1,41.8600,184.9600,0.000160
hold200,VGND,li1,68.0800,119.6800,0.000388
hold199,VGND,li1,73.1400,54.4000,0.000216
hold198,VGND,li1,72.2200,168.6400,0.000151
hold197,VGND,li1,97.5200,92.4800,0.000296
hold196,VGND,li1,49.6800,190.4000,0.000268
hold195,VGND,li1,41.4000,108.8000,0.000106
hold194,VGND,li1,12.4200,59.8400,0.000075
hold193,VGND,li1,39.1000,190.4000,0.000206
hold192,VGND,li1,50.6000,168.6400,0.000102
hold191,VGND,li1,60.7200,119.6800,0.000346
hold190,VGND,li1,84.6400,233.9200,0.000145
hold189,VGND,li1,38.1800,168.6400,0.000070
hold188,VGND,li1,28.0600,250.2400,0.000087
hold187,VGND,li1,89.7000,250.2400,0.000390
hold186,VGND,li1,39.5600,103.3600,0.000170
hold185,VGND,li1,59.8000,10.8800,0.000000
hold184,VGND,li1,72.2200,228.4800,0.000245
hold183,VGND,li1,93.3800,261.1200,0.000224
hold182,VGND,li1,55.2000,81.6000,0.000167
hold181,VGND,li1,22.0800,21.7600,0.000027
hold180,VGND,li1,67.1600,250.2400,0.000342
hold179,VGND,li1,102.1200,103.3600,0.000298
hold178,VGND,li1,65.7800,217.6000,0.000420
hold177,VGND,li1,57.5000,168.6400,0.000117
hold176,VGND,li1,49.2200,70.7200,0.000160
hold175,VGND,li1,39.5600,201.2800,0.000053
hold174,VGND,li1,21.6200,38.0800,0.000015
hold173,VGND,li1,53.3600,125.1200,0.000157
hold172,VGND,li1,110.8600,201.2800,0.000123
hold171,VGND,li1,66.7000,38.0800,0.000073
hold170,VGND,li1,55.2000,206.7200,0.000105
hold169,VGND,li1,109.9400,184.9600,0.000351
hold168,VGND,li1,76.3600,27.2000,0.000478
hold167,VGND,li1,74.9800,195.8400,0.000196
hold166,VGND,li1,113.1600,179.5200,0.000287
hold165,VGND,li1,54.2800,92.4800,0.000182
hold164,VGND,li1,92.4600,201.2800,0.000114
hold163,VGND,li1,38.1800,184.9600,0.000143
hold162,VGND,li1,115.0000,212.1600,0.000312
hold161,VGND,li1,22.0800,81.6000,0.000047
hold160,VGND,li1,37.7200,92.4800,0.000113
hold159,VGND,li1,103.5000,65.2800,0.000516
hold158,VGND,li1,63.9400,223.0400,0.000327
hold157,VGND,li1,80.0400,239.3600,0.000281
hold156,VGND,li1,67.6200,201.2800,0.000093
hold155,VGND,li1,36.8000,174.0800,0.000086
hold154,VGND,li1,38.6400,250.2400,0.000169
hold153,VGND,li1,33.5800,10.8800,0.000000
hold152,VGND,li1,31.7400,92.4800,0.000085
hold151,VGND,li1,33.5800,239.3600,0.000111
hold150,VGND,li1,41.8600,206.7200,0.000077
hold149,VGND,li1,72.2200,43.5200,0.000114
hold148,VGND,li1,37.7200,70.7200,0.000129
hold147,VGND,li1,42.3200,76.1600,0.000112
hold146,VGND,li1,36.3400,81.6000,0.000092
hold145,VGND,li1,100.2800,119.6800,0.000440
hold144,VGND,li1,102.1200,157.7600,0.000408
hold143,VGND,li1,89.2400,21.7600,0.000124
hold142,VGND,li1,66.2400,239.3600,0.000244
hold141,VGND,li1,51.0600,261.1200,0.000139
hold140,VGND,li1,80.9600,168.6400,0.000171
hold139,VGND,li1,79.5800,184.9600,0.000360
hold138,VGND,li1,79.5800,174.0800,0.000199
hold137,VGND,li1,59.8000,108.8000,0.000169
hold136,VGND,li1,54.7400,27.2000,0.000399
hold135,VGND,li1,116.8400,190.4000,0.000384
hold134,VGND,li1,97.9800,87.0400,0.000368
hold133,VGND,li1,42.3200,27.2000,0.000310
hold132,VGND,li1,25.7600,65.2800,0.000119
hold131,VGND,li1,85.1000,168.6400,0.000180
hold130,VGND,li1,82.8000,190.4000,0.000375
hold129,VGND,li1,73.6000,157.7600,0.000363
hold128,VGND,li1,74.5200,87.0400,0.000323
hold127,VGND,li1,40.0200,206.7200,0.000073
hold126,VGND,li1,38.6400,261.1200,0.000094
hold125,VGND,li1,54.2800,152.3200,0.000138
hold124,VGND,li1,107.1800,168.6400,0.000220
hold123,VGND,li1,63.4800,114.2400,0.000199
hold122,VGND,li1,84.6400,59.8400,0.000292
hold121,VGND,li1,32.6600,38.0800,0.000025
hold120,VGND,li1,43.2400,157.7600,0.000188
hold119,VGND,li1,89.2400,59.8400,0.000296
hold118,VGND,li1,67.6200,190.4000,0.000335
hold117,VGND,li1,92.4600,179.5200,0.000297
hold116,VGND,li1,66.2400,233.9200,0.000119
hold115,VGND,li1,96.6000,174.0800,0.000209
hold114,VGND,li1,53.8200,59.8400,0.000203
hold113,VGND,li1,28.9800,97.9200,0.000145
hold112,VGND,li1,28.9800,38.0800,0.000022
hold111,VGND,li1,101.2000,76.1600,0.000256
hold110,VGND,li1,92.9200,168.6400,0.000197
hold109,VGND,li1,76.3600,163.2000,0.000278
hold108,VGND,li1,82.3400,261.1200,0.000215
hold107,VGND,li1,60.7200,59.8400,0.000227
hold106,VGND,li1,64.4000,184.9600,0.000282
hold105,VGND,li1,100.7400,250.2400,0.000378
hold104,VGND,li1,44.6200,201.2800,0.000063
hold103,VGND,li1,10.5800,54.4000,0.000061
hold102,VGND,li1,50.6000,103.3600,0.000238
hold101,VGND,li1,58.4200,233.9200,0.000103
hold100,VGND,li1,59.3400,168.6400,0.000123
hold99,VGND,li1,94.3000,157.7600,0.000411
hold98,VGND,li1,55.2000,38.0800,0.000060
hold97,VGND,li1,67.6200,174.0800,0.000178
hold96,VGND,li1,103.5000,168.6400,0.000215
hold95,VGND,li1,40.0200,54.4000,0.000124
hold94,VGND,li1,54.7400,54.4000,0.000176
hold93,VGND,li1,24.8400,92.4800,0.000055
hold92,VGND,li1,92.4600,233.9200,0.000159
hold91,VGND,li1,78.6600,27.2000,0.000485
hold90,VGND,li1,59.3400,76.1600,0.000165
hold89,VGND,li1,63.9400,87.0400,0.000300
hold88,VGND,li1,97.5200,76.1600,0.000259
hold87,VGND,li1,89.2400,108.8000,0.000250
hold86,VGND,li1,85.1000,250.2400,0.000381
hold85,VGND,li1,62.5600,266.5600,0.000000
hold84,VGND,li1,29.4400,81.6000,0.000067
hold83,VGND,li1,38.1800,223.0400,0.000160
hold82,VGND,li1,51.5200,250.2400,0.000256
hold81,VGND,li1,24.8400,38.0800,0.000015
hold80,VGND,li1,110.8600,174.0800,0.000201
hold79,VGND,li1,119.6000,195.8400,0.000203
hold78,VGND,li1,60.2600,70.7200,0.000182
hold77,VGND,li1,32.6600,201.2800,0.000038
hold76,VGND,li1,45.0800,59.8400,0.000161
hold75,VGND,li1,67.6200,59.8400,0.000264
hold74,VGND,li1,27.6000,108.8000,0.000048
hold73,VGND,li1,23.4600,27.2000,0.000117
hold72,VGND,li1,65.3200,92.4800,0.000231
hold71,VGND,li1,85.1000,233.9200,0.000148
hold70,VGND,li1,66.2400,266.5600,0.000000
hold69,VGND,li1,68.0800,108.8000,0.000195
hold68,VGND,li1,44.1600,70.7200,0.000143
hold67,VGND,li1,53.3600,190.4000,0.000286
hold66,VGND,li1,77.7400,179.5200,0.000295
hold65,VGND,li1,17.9400,65.2800,0.000119
hold64,VGND,li1,98.4400,168.6400,0.000208
hold63,VGND,li1,52.9000,228.4800,0.000176
hold62,VGND,li1,48.7600,43.5200,0.000086
hold61,VGND,li1,47.3800,174.0800,0.000124
hold60,VGND,li1,63.9400,174.0800,0.000169
hold59,VGND,li1,93.3800,65.2800,0.000540
hold58,VGND,li1,90.1600,48.9600,0.000240
hold57,VGND,li1,50.6000,179.5200,0.000215
hold56,VGND,li1,33.5800,65.2800,0.000219
hold55,VGND,li1,16.5600,65.2800,0.000119
hold54,VGND,li1,47.8400,250.2400,0.000232
hold53,VGND,li1,21.1600,81.6000,0.000047
hold52,VGND,li1,57.0400,119.6800,0.000326
hold51,VGND,li1,98.4400,103.3600,0.000304
hold50,VGND,li1,76.3600,119.6800,0.000414
hold49,VGND,li1,38.1800,38.0800,0.000035
hold48,VGND,li1,71.7600,81.6000,0.000212
hold47,VGND,li1,53.3600,43.5200,0.000093
hold46,VGND,li1,90.1600,233.9200,0.000156
hold45,VGND,li1,97.9800,201.2800,0.000117
hold44,VGND,li1,46.4600,228.4800,0.000147
hold43,VGND,li1,41.8600,43.5200,0.000074
hold42,VGND,li1,91.5400,87.0400,0.000358
hold41,VGND,li1,40.0200,119.6800,0.000199
hold40,VGND,li1,51.5200,244.8000,0.000262
hold39,VGND,li1,84.1800,103.3600,0.000319
hold38,VGND,li1,74.9800,108.8000,0.000214
hold37,VGND,li1,43.2400,76.1600,0.000112
hold36,VGND,li1,55.2000,223.0400,0.000277
hold35,VGND,li1,95.2200,103.3600,0.000306
hold34,VGND,li1,64.8600,27.2000,0.000432
hold33,VGND,li1,105.8000,87.0400,0.000376
hold32,VGND,li1,50.6000,92.4800,0.000170
hold31,VGND,li1,111.3200,168.6400,0.000224
hold30,VGND,li1,64.8600,10.8800,0.000000
hold29,VGND,li1,59.3400,92.4800,0.000208
hold28,VGND,li1,101.6600,201.2800,0.000118
hold27,VGND,li1,110.4000,201.2800,0.000123
hold26,VGND,li1,36.8000,16.3200,0.000133
hold25,VGND,li1,67.6200,87.0400,0.000308
hold24,VGND,li1,75.9000,184.9600,0.000344
hold23,VGND,li1,123.7400,206.7200,0.000146
hold22,VGND,li1,107.6400,108.8000,0.000273
hold21,VGND,li1,29.4400,119.6800,0.000115
hold20,VGND,li1,36.3400,38.0800,0.000032
hold19,VGND,li1,101.6600,223.0400,0.000396
hold18,VGND,li1,106.7200,70.7200,0.000242
hold17,VGND,li1,123.7400,201.2800,0.000124
hold16,VGND,li1,67.6200,32.6400,0.000184
hold15,VGND,li1,77.2800,76.1600,0.000221
hold14,VGND,li1,53.3600,21.7600,0.000072
hold13,VGND,li1,63.9400,43.5200,0.000106
hold12,VGND,li1,83.7200,21.7600,0.000116
hold11,VGND,li1,87.8600,87.0400,0.000350
hold10,VGND,li1,46.4600,10.8800,0.000000
hold9,VGND,li1,92.9200,174.0800,0.000209
hold8,VGND,li1,28.0600,54.4000,0.000073
hold7,VGND,li1,35.8800,103.3600,0.000157
hold6,VGND,li1,35.4200,92.4800,0.000099
hold5,VGND,li1,255.7600,201.2800,0.000204
hold4,VGND,li1,61.1800,136.0000,0.000059
hold3,VGND,li1,54.2800,130.5600,0.000130
hold2,VGND,li1,66.2400,136.0000,0.000065
hold1,VGND,li1,75.4400,136.0000,0.000076
clkload64,VGND,li1,250.9300,233.9200,0.000479
clkload63,VGND,li1,221.4900,250.2400,0.000287
clkload62,VGND,li1,216.4300,233.9200,0.000409
clkload61,VGND,li1,207.2300,223.0400,0.000188
clkload60,VGND,li1,184.0000,233.9200,0.000189
clkload59,VGND,li1,165.1400,261.1200,0.000123
clkload58,VGND,li1,153.1800,223.0400,0.000308
clkload57,VGND,li1,178.7100,201.2800,0.000078
clkload56,VGND,li1,197.1100,184.9600,0.000191
clkload55,VGND,li1,217.5800,157.7600,0.000474
clkload54,VGND,li1,246.1000,157.7600,0.000594
clkload53,VGND,li1,246.3300,190.4000,0.000357
clkload52,VGND,li1,158.7000,184.9600,0.000221
clkload51,VGND,li1,139.6100,157.7600,0.000365
clkload50,VGND,li1,103.2700,212.1600,0.000303
clkload49,VGND,li1,118.4500,212.1600,0.000315
clkload48,VGND,li1,127.4200,239.3600,0.000338
clkload47,VGND,li1,68.3100,223.0400,0.000351
clkload46,VGND,li1,68.3100,250.2400,0.000342
clkload45,VGND,li1,37.7200,250.2400,0.000151
clkload44,VGND,li1,28.9800,217.6000,0.000130
clkload43,VGND,li1,124.8900,168.6400,0.000220
clkload42,VGND,li1,46.2300,184.9600,0.000190
clkload41,VGND,li1,54.0500,168.6400,0.000111
clkload40,VGND,li1,67.8500,184.9600,0.000298
clkload39,VGND,li1,81.1900,152.3200,0.000231
clkload38,VGND,li1,107.4100,157.7600,0.000405
clkload37,VGND,li1,149.0400,114.2400,0.000176
clkload36,VGND,li1,248.6300,130.5600,0.000339
clkload35,VGND,li1,223.7900,125.1200,0.000226
clkload34,VGND,li1,205.8500,97.9200,0.000270
clkload33,VGND,li1,187.9100,119.6800,0.000219
clkload32,VGND,li1,179.8600,125.1200,0.000101
clkload31,VGND,li1,156.4000,136.0000,0.000091
clkload30,VGND,li1,159.8500,87.0400,0.000235
clkload29,VGND,li1,159.3900,70.7200,0.000179
clkload28,VGND,li1,155.2500,48.9600,0.000203
clkload27,VGND,li1,145.5900,27.2000,0.000326
clkload26,VGND,li1,175.0300,27.2000,0.000100
clkload25,VGND,li1,199.8700,54.4000,0.000196
clkload24,VGND,li1,246.7900,59.8400,0.000269
clkload23,VGND,li1,117.5300,92.4800,0.000270
clkload22,VGND,li1,119.6000,108.8000,0.000280
clkload21,VGND,li1,87.8600,125.1200,0.000202
clkload20,VGND,li1,85.3300,103.3600,0.000319
clkload19,VGND,li1,54.9700,103.3600,0.000270
clkload18,VGND,li1,63.2500,125.1200,0.000173
clkload17,VGND,li1,40.2500,125.1200,0.000124
clkload16,VGND,li1,20.9300,92.4800,0.000059
clkload15,VGND,li1,24.1500,70.7200,0.000082
clkload14,VGND,li1,24.3800,48.9600,0.000130
clkload13,VGND,li1,38.4100,27.2000,0.000279
clkload12,VGND,li1,46.6900,21.7600,0.000062
clkload11,VGND,li1,69.0000,54.4000,0.000205
clkload10,VGND,li1,87.1700,21.7600,0.000122
clkload9,VGND,li1,118.6800,65.2800,0.000475
clkload8,VGND,li1,89.0100,76.1600,0.000256
clkload7,VGND,li1,42.5500,70.7200,0.000143
clkload6,VGND,li1,194.3500,217.6000,0.000362
clkload5,VGND,li1,192.0500,179.5200,0.000239
clkload4,VGND,li1,86.0200,223.0400,0.000390
clkload3,VGND,li1,81.1900,184.9600,0.000360
clkload2,VGND,li1,187.6800,103.3600,0.000185
clkload1,VGND,li1,184.4600,65.2800,0.000300
clkload0,VGND,li1,76.5900,103.3600,0.000323
clkbuf_3_7__f_clk,VGND,li1,194.1200,217.6000,0.000362
clkbuf_3_6__f_clk,VGND,li1,194.1200,179.5200,0.000255
clkbuf_3_5__f_clk,VGND,li1,89.2400,217.6000,0.000554
clkbuf_3_4__f_clk,VGND,li1,88.7800,184.9600,0.000395
clkbuf_3_3__f_clk,VGND,li1,188.6000,103.3600,0.000205
clkbuf_3_2__f_clk,VGND,li1,181.2400,65.2800,0.000269
clkbuf_3_1__f_clk,VGND,li1,78.6600,97.9200,0.000468
clkbuf_3_0__f_clk,VGND,li1,78.2000,65.2800,0.000566
clkbuf_0_clk,VGND,li1,139.3800,141.4400,0.000102
clkbuf_leaf_66_clk,VGND,li1,21.3900,70.7200,0.000093
clkbuf_leaf_65_clk,VGND,li1,20.0100,48.9600,0.000148
clkbuf_leaf_64_clk,VGND,li1,34.2700,27.2000,0.000244
clkbuf_leaf_63_clk,VGND,li1,54.5100,27.2000,0.000399
clkbuf_leaf_62_clk,VGND,li1,73.3700,59.8400,0.000283
clkbuf_leaf_61_clk,VGND,li1,81.1900,27.2000,0.000494
clkbuf_leaf_60_clk,VGND,li1,113.8500,27.2000,0.000478
clkbuf_leaf_59_clk,VGND,li1,122.1300,59.8400,0.000319
clkbuf_leaf_58_clk,VGND,li1,92.2300,76.1600,0.000264
clkbuf_leaf_57_clk,VGND,li1,117.9900,87.0400,0.000387
clkbuf_leaf_56_clk,VGND,li1,123.0500,108.8000,0.000281
clkbuf_leaf_55_clk,VGND,li1,144.6700,119.6800,0.000354
clkbuf_leaf_54_clk,VGND,li1,153.8700,87.0400,0.000277
clkbuf_leaf_52_clk,VGND,li1,156.6300,70.7200,0.000196
clkbuf_leaf_51_clk,VGND,li1,163.0700,48.9600,0.000177
clkbuf_leaf_50_clk,VGND,li1,150.1900,27.2000,0.000301
clkbuf_leaf_49_clk,VGND,li1,175.4900,32.6400,0.000096
clkbuf_leaf_48_clk,VGND,li1,205.3900,59.8400,0.000219
clkbuf_leaf_47_clk,VGND,li1,246.3300,54.4000,0.000377
clkbuf_leaf_46_clk,VGND,li1,228.8500,65.2800,0.000525
clkbuf_leaf_45_clk,VGND,li1,240.3500,92.4800,0.000362
clkbuf_leaf_44_clk,VGND,li1,253.2300,130.5600,0.000352
clkbuf_leaf_43_clk,VGND,li1,218.7300,119.6800,0.000360
clkbuf_leaf_42_clk,VGND,li1,201.7100,97.9200,0.000256
clkbuf_leaf_41_clk,VGND,li1,188.8300,119.6800,0.000219
clkbuf_leaf_40_clk,VGND,li1,175.9500,125.1200,0.000118
clkbuf_leaf_39_clk,VGND,li1,159.3900,130.5600,0.000114
clkbuf_leaf_38_clk,VGND,li1,179.1700,152.3200,0.000135
clkbuf_leaf_37_clk,VGND,li1,198.0300,190.4000,0.000249
clkbuf_leaf_36_clk,VGND,li1,214.5900,157.7600,0.000461
clkbuf_leaf_35_clk,VGND,li1,243.1100,152.3200,0.000494
clkbuf_leaf_34_clk,VGND,li1,245.4100,184.9600,0.000347
clkbuf_leaf_33_clk,VGND,li1,225.1700,206.7200,0.000088
clkbuf_leaf_32_clk,VGND,li1,251.3900,228.4800,0.000476
clkbuf_leaf_31_clk,VGND,li1,217.8100,250.2400,0.000284
clkbuf_leaf_30_clk,VGND,li1,214.5900,233.9200,0.000404
clkbuf_leaf_29_clk,VGND,li1,206.7700,217.6000,0.000415
clkbuf_leaf_28_clk,VGND,li1,188.8300,233.9200,0.000235
clkbuf_leaf_27_clk,VGND,li1,166.2900,255.6800,0.000154
clkbuf_leaf_26_clk,VGND,li1,148.8100,228.4800,0.000266
clkbuf_leaf_25_clk,VGND,li1,177.7900,201.2800,0.000078
clkbuf_leaf_24_clk,VGND,li1,154.7900,184.9600,0.000244
clkbuf_leaf_23_clk,VGND,li1,144.6700,157.7600,0.000354
clkbuf_leaf_22_clk,VGND,li1,118.9100,168.6400,0.000232
clkbuf_leaf_21_clk,VGND,li1,103.2700,190.4000,0.000419
clkbuf_leaf_20_clk,VGND,li1,102.8100,217.6000,0.000546
clkbuf_leaf_19_clk,VGND,li1,119.3700,212.1600,0.000315
clkbuf_leaf_18_clk,VGND,li1,123.5100,244.8000,0.000378
clkbuf_leaf_17_clk,VGND,li1,93.1500,250.2400,0.000397
clkbuf_leaf_16_clk,VGND,li1,72.9100,223.0400,0.000375
clkbuf_leaf_15_clk,VGND,li1,64.1700,250.2400,0.000330
clkbuf_leaf_14_clk,VGND,li1,41.6300,244.8000,0.000222
clkbuf_leaf_13_clk,VGND,li1,39.7900,217.6000,0.000260
clkbuf_leaf_12_clk,VGND,li1,43.4700,190.4000,0.000242
clkbuf_leaf_11_clk,VGND,li1,47.1500,163.2000,0.000231
clkbuf_leaf_10_clk,VGND,li1,67.3900,179.5200,0.000291
clkbuf_leaf_9_clk,VGND,li1,85.7900,157.7600,0.000413
clkbuf_leaf_8_clk,VGND,li1,113.8500,152.3200,0.000308
clkbuf_leaf_7_clk,VGND,li1,89.0100,119.6800,0.000453
clkbuf_leaf_6_clk,VGND,li1,85.7900,92.4800,0.000304
clkbuf_leaf_5_clk,VGND,li1,63.7100,103.3600,0.000309
clkbuf_leaf_4_clk,VGND,li1,63.7100,119.6800,0.000373
clkbuf_leaf_3_clk,VGND,li1,44.3900,125.1200,0.000143
clkbuf_leaf_2_clk,VGND,li1,20.4700,97.9200,0.000127
clkbuf_leaf_1_clk,VGND,li1,47.1500,87.0400,0.000246
clkbuf_leaf_0_clk,VGND,li1,47.1500,65.2800,0.000373
_3745__156,VGND,li1,48.0700,130.5600,0.000109
fanout155,VGND,li1,183.5400,168.6400,0.000073
fanout154,VGND,li1,116.3800,223.0400,0.000388
fanout153,VGND,li1,67.8500,217.6000,0.000434
fanout152,VGND,li1,114.5400,206.7200,0.000152
fanout151,VGND,li1,67.8500,201.2800,0.000093
fanout150,VGND,li1,119.6000,223.0400,0.000384
fanout149,VGND,li1,84.6400,244.8000,0.000353
fanout148,VGND,li1,122.8200,212.1600,0.000305
fanout147,VGND,li1,71.7600,195.8400,0.000187
fanout146,VGND,li1,110.4000,228.4800,0.000292
fanout145,VGND,li1,101.2000,233.9200,0.000172
fanout144,VGND,li1,172.5000,212.1600,0.000100
fanout143,VGND,li1,215.7400,217.6000,0.000426
fanout142,VGND,li1,205.1600,239.3600,0.000184
fanout141,VGND,li1,249.3200,212.1600,0.000170
fanout140,VGND,li1,213.4400,217.6000,0.000422
fanout139,VGND,li1,196.4200,239.3600,0.000166
fanout138,VGND,li1,169.2800,233.9200,0.000161
fanout137,VGND,li1,200.1000,206.7200,0.000073
fanout136,VGND,li1,170.2000,212.1600,0.000111
fanout135,VGND,li1,172.0400,146.8800,0.000065
fanout134,VGND,li1,253.9200,179.5200,0.000320
fanout133,VGND,li1,217.5800,174.0800,0.000095
fanout132,VGND,li1,238.7400,157.7600,0.000561
fanout131,VGND,li1,230.0000,146.8800,0.000127
fanout130,VGND,li1,167.4400,146.8800,0.000072
fanout129,VGND,li1,194.5800,179.5200,0.000255
fanout128,VGND,li1,172.9600,174.0800,0.000072
fanout127,VGND,li1,169.7400,146.8800,0.000069
fanout126,VGND,li1,78.6600,152.3200,0.000225
fanout125,VGND,li1,129.2600,217.6000,0.000430
fanout124,VGND,li1,148.5800,233.9200,0.000194
fanout123,VGND,li1,127.4200,233.9200,0.000199
fanout122,VGND,li1,130.1800,217.6000,0.000430
fanout121,VGND,li1,115.4600,228.4800,0.000291
fanout120,VGND,li1,82.8000,212.1600,0.000268
fanout119,VGND,li1,149.5000,146.8800,0.000100
fanout118,VGND,li1,123.2800,179.5200,0.000278
fanout117,VGND,li1,147.2000,146.8800,0.000104
fanout116,VGND,li1,80.5000,152.3200,0.000231
fanout115,VGND,li1,80.9600,141.4400,0.000097
fanout114,VGND,li1,80.9600,136.0000,0.000080
fanout113,VGND,li1,172.0400,130.5600,0.000087
fanout112,VGND,li1,220.3400,125.1200,0.000221
fanout111,VGND,li1,213.4400,130.5600,0.000219
fanout110,VGND,li1,238.2800,103.3600,0.000241
fanout109,VGND,li1,221.7200,97.9200,0.000310
fanout108,VGND,li1,175.2600,136.0000,0.000066
fanout107,VGND,li1,166.0600,136.0000,0.000082
fanout106,VGND,li1,174.8000,136.0000,0.000066
fanout105,VGND,li1,245.6400,76.1600,0.000160
fanout104,VGND,li1,217.5800,76.1600,0.000143
fanout103,VGND,li1,195.5000,76.1600,0.000098
fanout102,VGND,li1,183.0800,43.5200,0.000035
fanout101,VGND,li1,79.1200,136.0000,0.000078
fanout100,VGND,li1,152.2600,136.0000,0.000093
fanout99,VGND,li1,132.9400,130.5600,0.000142
fanout98,VGND,li1,132.4800,103.3600,0.000243
fanout97,VGND,li1,136.1600,108.8000,0.000236
fanout96,VGND,li1,72.6800,130.5600,0.000161
fanout95,VGND,li1,97.9800,136.0000,0.000092
fanout94,VGND,li1,130.6400,70.7200,0.000233
fanout93,VGND,li1,129.2600,70.7200,0.000236
fanout92,VGND,li1,149.0400,43.5200,0.000091
fanout91,VGND,li1,124.6600,38.0800,0.000088
fanout90,VGND,li1,84.6400,70.7200,0.000225
fanout89,VGND,li1,109.9400,43.5200,0.000125
fanout88,VGND,li1,73.1400,27.2000,0.000466
fanout87,VGND,li1,242.4200,201.2800,0.000199
fanout86,VGND,li1,240.5800,201.2800,0.000197
fanout85,VGND,li1,109.9400,261.1200,0.000221
fanout84,VGND,li1,51.0600,266.5600,0.000000
fanout83,VGND,li1,110.4000,255.6800,0.000194
fanout82,VGND,li1,84.1800,266.5600,0.000000
fanout81,VGND,li1,128.3400,228.4800,0.000287
fanout80,VGND,li1,43.2400,223.0400,0.000196
fanout79,VGND,li1,111.7800,244.8000,0.000378
fanout78,VGND,li1,55.2000,239.3600,0.000212
fanout77,VGND,li1,65.7800,261.1200,0.000182
fanout76,VGND,li1,113.6200,266.5600,0.000000
fanout75,VGND,li1,106.0300,228.4800,0.000291
fanout74,VGND,li1,111.7800,239.3600,0.000331
fanout73,VGND,li1,101.2000,244.8000,0.000375
fanout72,VGND,li1,127.4200,233.9200,0.000199
fanout71,VGND,li1,143.5200,233.9200,0.000199
fanout70,VGND,li1,97.0600,261.1200,0.000225
fanout69,VGND,li1,102.5800,76.1600,0.000256
fanout68,VGND,li1,55.6600,70.7200,0.000173
fanout67,VGND,li1,92.0000,21.7600,0.000128
fanout66,VGND,li1,95.6800,21.7600,0.000132
fanout65,VGND,li1,107.1800,76.1600,0.000251
fanout64,VGND,li1,63.4800,70.7200,0.000189
fanout63,VGND,li1,81.8800,27.2000,0.000494
fanout62,VGND,li1,97.5200,16.3200,0.000282
fanout61,VGND,li1,80.0400,38.0800,0.000086
fanout60,VGND,li1,84.1800,27.2000,0.000494
fanout59,VGND,li1,155.4800,261.1200,0.000145
fanout58,VGND,li1,94.3000,239.3600,0.000308
fanout57,VGND,li1,133.4000,54.4000,0.000181
fanout56,VGND,li1,197.3400,43.5200,0.000041
fanout55,VGND,li1,183.0800,48.9600,0.000089
fanout54,VGND,li1,137.0800,87.0400,0.000330
fanout53,VGND,li1,140.3000,81.6000,0.000177
fanout52,VGND,li1,168.3600,54.4000,0.000101
fanout51,VGND,li1,136.1600,59.8400,0.000264
fanout50,VGND,li1,122.8200,48.9600,0.000244
fanout49,VGND,li1,99.3600,48.9600,0.000243
max_cap48,VGND,li1,244.9500,125.1200,0.000234
max_cap47,VGND,li1,94.0700,136.0000,0.000089
max_cap46,VGND,li1,113.8500,136.0000,0.000095
max_cap45,VGND,li1,131.7900,152.3200,0.000270
fanout44,VGND,li1,80.9600,146.8800,0.000125
fanout43,VGND,li1,93.8400,152.3200,0.000266
fanout42,VGND,li1,137.5400,184.9600,0.000290
fanout41,VGND,li1,174.3400,179.5200,0.000139
fanout40,VGND,li1,125.1200,184.9600,0.000316
fanout39,VGND,li1,175.7200,190.4000,0.000141
fanout38,VGND,li1,115.9200,184.9600,0.000338
fanout37,VGND,li1,161.4600,168.6400,0.000114
fanout36,VGND,li1,123.2800,184.9600,0.000320
fanout35,VGND,li1,128.8000,201.2800,0.000124
fanout34,VGND,li1,106.7200,81.6000,0.000240
fanout33,VGND,li1,100.7400,87.0400,0.000371
fanout32,VGND,li1,104.8800,76.1600,0.000253
fanout31,VGND,li1,94.7600,65.2800,0.000540
fanout30,VGND,li1,84.1800,97.9200,0.000464
fanout29,VGND,li1,80.0400,103.3600,0.000322
fanout28,VGND,li1,102.3500,103.3600,0.000298
fanout27,VGND,li1,71.3000,48.9600,0.000225
fanout26,VGND,li1,110.1700,108.8000,0.000275
fanout25,VGND,li1,88.3200,59.8400,0.000296
fanout24,VGND,li1,78.4300,114.2400,0.000229
fanout23,VGND,li1,46.0000,76.1600,0.000118
fanout22,VGND,li1,88.3200,81.6000,0.000238
fanout21,VGND,li1,32.6600,92.4800,0.000085
fanout20,VGND,li1,89.7000,114.2400,0.000237
fanout19,VGND,li1,80.5000,114.2400,0.000231
fanout18,VGND,li1,184.4600,152.3200,0.000171
fanout17,VGND,li1,235.9800,103.3600,0.000241
fanout16,VGND,li1,174.3400,141.4400,0.000060
fanout15,VGND,li1,177.1000,141.4400,0.000053
fanout14,VGND,li1,177.1000,174.0800,0.000058
fanout13,VGND,li1,179.8600,174.0800,0.000052
fanout12,VGND,li1,185.3800,174.0800,0.000063
fanout11,VGND,li1,211.1400,119.6800,0.000327
fanout10,VGND,li1,239.2000,108.8000,0.000103
fanout9,VGND,li1,172.0400,163.2000,0.000110
fanout8,VGND,li1,178.9400,157.7600,0.000155
fanout7,VGND,li1,128.8000,119.6800,0.000392
fanout6,VGND,li1,143.0600,21.7600,0.000104
max_cap5,VGND,li1,163.3000,184.9600,0.000199
fanout4,VGND,li1,182.3900,212.1600,0.000086
fanout3,VGND,li1,180.3200,212.1600,0.000080
output2,VGND,li1,135.7000,10.8800,0.000000
input1,VGND,li1,260.1300,141.4400,0.000169
TAP_TAPCELL_ROW_93_1099,VGND,li1,250.4700,266.2680,0.000000
TAP_TAPCELL_ROW_93_1098,VGND,li1,237.5900,266.2680,0.000000
TAP_TAPCELL_ROW_93_1097,VGND,li1,224.7100,266.2680,0.000000
TAP_TAPCELL_ROW_93_1096,VGND,li1,211.8300,266.2680,0.000000
TAP_TAPCELL_ROW_93_1095,VGND,li1,198.9500,266.2680,0.000000
TAP_TAPCELL_ROW_93_1094,VGND,li1,186.0700,266.2680,0.000000
TAP_TAPCELL_ROW_93_1093,VGND,li1,173.1900,266.2680,0.000000
TAP_TAPCELL_ROW_93_1092,VGND,li1,160.3100,266.2680,0.000000
TAP_TAPCELL_ROW_93_1091,VGND,li1,147.4300,266.2680,0.000000
TAP_TAPCELL_ROW_93_1090,VGND,li1,134.5500,266.2680,0.000000
TAP_TAPCELL_ROW_93_1089,VGND,li1,121.6700,266.2680,0.000000
TAP_TAPCELL_ROW_93_1088,VGND,li1,108.7900,266.2680,0.000000
TAP_TAPCELL_ROW_93_1087,VGND,li1,95.9100,266.2680,0.000000
TAP_TAPCELL_ROW_93_1086,VGND,li1,83.0300,266.2680,0.000000
TAP_TAPCELL_ROW_93_1085,VGND,li1,70.1500,266.2680,0.000000
TAP_TAPCELL_ROW_93_1084,VGND,li1,57.2700,266.2680,0.000000
TAP_TAPCELL_ROW_93_1083,VGND,li1,44.3900,266.2680,0.000000
TAP_TAPCELL_ROW_93_1082,VGND,li1,31.5100,266.2680,0.000000
TAP_TAPCELL_ROW_93_1081,VGND,li1,18.6300,266.2680,0.000000
TAP_TAPCELL_ROW_92_1080,VGND,li1,250.4700,261.4110,0.000144
TAP_TAPCELL_ROW_92_1079,VGND,li1,224.7100,261.4110,0.000144
TAP_TAPCELL_ROW_92_1078,VGND,li1,198.9500,261.4110,0.000131
TAP_TAPCELL_ROW_92_1077,VGND,li1,173.1900,261.4110,0.000103
TAP_TAPCELL_ROW_92_1076,VGND,li1,147.4300,261.4110,0.000164
TAP_TAPCELL_ROW_92_1075,VGND,li1,121.6700,261.4110,0.000212
TAP_TAPCELL_ROW_92_1074,VGND,li1,95.9100,261.4110,0.000225
TAP_TAPCELL_ROW_92_1073,VGND,li1,70.1500,261.4110,0.000192
TAP_TAPCELL_ROW_92_1072,VGND,li1,44.3900,261.4110,0.000117
TAP_TAPCELL_ROW_92_1071,VGND,li1,18.6300,261.4110,0.000040
TAP_TAPCELL_ROW_91_1070,VGND,li1,237.5900,260.8280,0.000144
TAP_TAPCELL_ROW_91_1069,VGND,li1,211.8300,260.8280,0.000144
TAP_TAPCELL_ROW_91_1068,VGND,li1,186.0700,260.8280,0.000107
TAP_TAPCELL_ROW_91_1067,VGND,li1,160.3100,260.8280,0.000136
TAP_TAPCELL_ROW_91_1066,VGND,li1,134.5500,260.8280,0.000193
TAP_TAPCELL_ROW_91_1065,VGND,li1,108.7900,260.8280,0.000223
TAP_TAPCELL_ROW_91_1064,VGND,li1,83.0300,260.8280,0.000215
TAP_TAPCELL_ROW_91_1063,VGND,li1,57.2700,260.8280,0.000160
TAP_TAPCELL_ROW_91_1062,VGND,li1,31.5100,260.8280,0.000059
TAP_TAPCELL_ROW_90_1061,VGND,li1,250.4700,255.9710,0.000138
TAP_TAPCELL_ROW_90_1060,VGND,li1,224.7100,255.9710,0.000138
TAP_TAPCELL_ROW_90_1059,VGND,li1,198.9500,255.9710,0.000125
TAP_TAPCELL_ROW_90_1058,VGND,li1,173.1900,255.9710,0.000125
TAP_TAPCELL_ROW_90_1057,VGND,li1,147.4300,255.9710,0.000173
TAP_TAPCELL_ROW_90_1056,VGND,li1,121.6700,255.9710,0.000190
TAP_TAPCELL_ROW_90_1055,VGND,li1,95.9100,255.9710,0.000187
TAP_TAPCELL_ROW_90_1054,VGND,li1,70.1500,255.9710,0.000152
TAP_TAPCELL_ROW_90_1053,VGND,li1,44.3900,255.9710,0.000103
TAP_TAPCELL_ROW_90_1052,VGND,li1,18.6300,255.9710,0.000037
TAP_TAPCELL_ROW_89_1051,VGND,li1,237.5900,255.3880,0.000138
TAP_TAPCELL_ROW_89_1050,VGND,li1,211.8300,255.3880,0.000133
TAP_TAPCELL_ROW_89_1049,VGND,li1,186.0700,255.3880,0.000108
TAP_TAPCELL_ROW_89_1048,VGND,li1,160.3100,255.3880,0.000160
TAP_TAPCELL_ROW_89_1047,VGND,li1,134.5500,255.3880,0.000186
TAP_TAPCELL_ROW_89_1046,VGND,li1,108.7900,255.3880,0.000194
TAP_TAPCELL_ROW_89_1045,VGND,li1,83.0300,255.3880,0.000172
TAP_TAPCELL_ROW_89_1044,VGND,li1,57.2700,255.3880,0.000134
TAP_TAPCELL_ROW_89_1043,VGND,li1,31.5100,255.3880,0.000055
TAP_TAPCELL_ROW_88_1042,VGND,li1,250.4700,250.5310,0.000289
TAP_TAPCELL_ROW_88_1041,VGND,li1,224.7100,250.5310,0.000289
TAP_TAPCELL_ROW_88_1040,VGND,li1,198.9500,250.5310,0.000198
TAP_TAPCELL_ROW_88_1039,VGND,li1,173.1900,250.5310,0.000127
TAP_TAPCELL_ROW_88_1038,VGND,li1,147.4300,250.5310,0.000238
TAP_TAPCELL_ROW_88_1037,VGND,li1,121.6700,250.5310,0.000324
TAP_TAPCELL_ROW_88_1036,VGND,li1,95.9100,250.5310,0.000393
TAP_TAPCELL_ROW_88_1035,VGND,li1,70.1500,250.5310,0.000349
TAP_TAPCELL_ROW_88_1034,VGND,li1,44.3900,250.5310,0.000208
TAP_TAPCELL_ROW_88_1033,VGND,li1,18.6300,250.5310,0.000071
TAP_TAPCELL_ROW_87_1032,VGND,li1,237.5900,249.9480,0.000289
TAP_TAPCELL_ROW_87_1031,VGND,li1,211.8300,249.9480,0.000255
TAP_TAPCELL_ROW_87_1030,VGND,li1,186.0700,249.9480,0.000133
TAP_TAPCELL_ROW_87_1029,VGND,li1,160.3100,249.9480,0.000186
TAP_TAPCELL_ROW_87_1028,VGND,li1,134.5500,249.9480,0.000280
TAP_TAPCELL_ROW_87_1027,VGND,li1,108.7900,249.9480,0.000361
TAP_TAPCELL_ROW_87_1026,VGND,li1,83.0300,249.9480,0.000373
TAP_TAPCELL_ROW_87_1025,VGND,li1,57.2700,249.9480,0.000292
TAP_TAPCELL_ROW_87_1024,VGND,li1,31.5100,249.9480,0.000112
TAP_TAPCELL_ROW_86_1023,VGND,li1,250.4700,245.0910,0.000173
TAP_TAPCELL_ROW_86_1022,VGND,li1,224.7100,245.0910,0.000169
TAP_TAPCELL_ROW_86_1021,VGND,li1,198.9500,245.0910,0.000141
TAP_TAPCELL_ROW_86_1020,VGND,li1,173.1900,245.0910,0.000138
TAP_TAPCELL_ROW_86_1019,VGND,li1,147.4300,245.0910,0.000284
TAP_TAPCELL_ROW_86_1018,VGND,li1,121.6700,245.0910,0.000378
TAP_TAPCELL_ROW_86_1017,VGND,li1,95.9100,245.0910,0.000370
TAP_TAPCELL_ROW_86_1016,VGND,li1,70.1500,245.0910,0.000320
TAP_TAPCELL_ROW_86_1015,VGND,li1,44.3900,245.0910,0.000231
TAP_TAPCELL_ROW_86_1014,VGND,li1,18.6300,245.0910,0.000088
TAP_TAPCELL_ROW_85_1013,VGND,li1,237.5900,244.5080,0.000173
TAP_TAPCELL_ROW_85_1012,VGND,li1,211.8300,244.5080,0.000154
TAP_TAPCELL_ROW_85_1011,VGND,li1,186.0700,244.5080,0.000118
TAP_TAPCELL_ROW_85_1010,VGND,li1,160.3100,244.5080,0.000209
TAP_TAPCELL_ROW_85_1009,VGND,li1,134.5500,244.5080,0.000338
TAP_TAPCELL_ROW_85_1008,VGND,li1,108.7900,244.5080,0.000378
TAP_TAPCELL_ROW_85_1007,VGND,li1,83.0300,244.5080,0.000353
TAP_TAPCELL_ROW_85_1006,VGND,li1,57.2700,244.5080,0.000283
TAP_TAPCELL_ROW_85_1005,VGND,li1,31.5100,244.5080,0.000142
TAP_TAPCELL_ROW_84_1004,VGND,li1,250.4700,239.6510,0.000223
TAP_TAPCELL_ROW_84_1003,VGND,li1,224.7100,239.6510,0.000218
TAP_TAPCELL_ROW_84_1002,VGND,li1,198.9500,239.6510,0.000172
TAP_TAPCELL_ROW_84_1001,VGND,li1,173.1900,239.6510,0.000139
TAP_TAPCELL_ROW_84_1000,VGND,li1,147.4300,239.6510,0.000257
TAP_TAPCELL_ROW_84_999,VGND,li1,121.6700,239.6510,0.000337
TAP_TAPCELL_ROW_84_998,VGND,li1,95.9100,239.6510,0.000308
TAP_TAPCELL_ROW_84_997,VGND,li1,70.1500,239.6510,0.000256
TAP_TAPCELL_ROW_84_996,VGND,li1,44.3900,239.6510,0.000167
TAP_TAPCELL_ROW_84_995,VGND,li1,18.6300,239.6510,0.000061
TAP_TAPCELL_ROW_83_994,VGND,li1,237.5900,239.0680,0.000222
TAP_TAPCELL_ROW_83_993,VGND,li1,211.8300,239.0680,0.000199
TAP_TAPCELL_ROW_83_992,VGND,li1,186.0700,239.0680,0.000133
TAP_TAPCELL_ROW_83_991,VGND,li1,160.3100,239.0680,0.000192
TAP_TAPCELL_ROW_83_990,VGND,li1,134.5500,239.0680,0.000307
TAP_TAPCELL_ROW_83_989,VGND,li1,108.7900,239.0680,0.000328
TAP_TAPCELL_ROW_83_988,VGND,li1,83.0300,239.0680,0.000286
TAP_TAPCELL_ROW_83_987,VGND,li1,57.2700,239.0680,0.000220
TAP_TAPCELL_ROW_83_986,VGND,li1,31.5100,239.0680,0.000090
TAP_TAPCELL_ROW_82_985,VGND,li1,250.4700,234.2110,0.000479
TAP_TAPCELL_ROW_82_984,VGND,li1,224.7100,234.2110,0.000428
TAP_TAPCELL_ROW_82_983,VGND,li1,198.9500,234.2110,0.000302
TAP_TAPCELL_ROW_82_982,VGND,li1,173.1900,234.2110,0.000150
TAP_TAPCELL_ROW_82_981,VGND,li1,147.4300,234.2110,0.000196
TAP_TAPCELL_ROW_82_980,VGND,li1,121.6700,234.2110,0.000197
TAP_TAPCELL_ROW_82_979,VGND,li1,95.9100,234.2110,0.000162
TAP_TAPCELL_ROW_82_978,VGND,li1,70.1500,234.2110,0.000123
TAP_TAPCELL_ROW_82_977,VGND,li1,44.3900,234.2110,0.000075
TAP_TAPCELL_ROW_82_976,VGND,li1,18.6300,234.2110,0.000027
TAP_TAPCELL_ROW_81_975,VGND,li1,237.5900,233.6280,0.000461
TAP_TAPCELL_ROW_81_974,VGND,li1,211.8300,233.6280,0.000382
TAP_TAPCELL_ROW_81_973,VGND,li1,186.0700,233.6280,0.000210
TAP_TAPCELL_ROW_81_972,VGND,li1,160.3100,233.6280,0.000179
TAP_TAPCELL_ROW_81_971,VGND,li1,134.5500,233.6280,0.000201
TAP_TAPCELL_ROW_81_970,VGND,li1,108.7900,233.6280,0.000182
TAP_TAPCELL_ROW_81_969,VGND,li1,83.0300,233.6280,0.000145
TAP_TAPCELL_ROW_81_968,VGND,li1,57.2700,233.6280,0.000103
TAP_TAPCELL_ROW_81_967,VGND,li1,31.5100,233.6280,0.000042
TAP_TAPCELL_ROW_80_966,VGND,li1,250.4700,228.7710,0.000476
TAP_TAPCELL_ROW_80_965,VGND,li1,224.7100,228.7710,0.000373
TAP_TAPCELL_ROW_80_964,VGND,li1,198.9500,228.7710,0.000242
TAP_TAPCELL_ROW_80_963,VGND,li1,173.1900,228.7710,0.000141
TAP_TAPCELL_ROW_80_962,VGND,li1,147.4300,228.7710,0.000266
TAP_TAPCELL_ROW_80_961,VGND,li1,121.6700,228.7710,0.000290
TAP_TAPCELL_ROW_80_960,VGND,li1,95.9100,228.7710,0.000284
TAP_TAPCELL_ROW_80_959,VGND,li1,70.1500,228.7710,0.000240
TAP_TAPCELL_ROW_80_958,VGND,li1,44.3900,228.7710,0.000138
TAP_TAPCELL_ROW_80_957,VGND,li1,18.6300,228.7710,0.000051
TAP_TAPCELL_ROW_79_956,VGND,li1,237.5900,228.1880,0.000427
TAP_TAPCELL_ROW_79_955,VGND,li1,211.8300,228.1880,0.000304
TAP_TAPCELL_ROW_79_954,VGND,li1,186.0700,228.1880,0.000163
TAP_TAPCELL_ROW_79_953,VGND,li1,160.3100,228.1880,0.000206
TAP_TAPCELL_ROW_79_952,VGND,li1,134.5500,228.1880,0.000283
TAP_TAPCELL_ROW_79_951,VGND,li1,108.7900,228.1880,0.000292
TAP_TAPCELL_ROW_79_950,VGND,li1,83.0300,228.1880,0.000269
TAP_TAPCELL_ROW_79_949,VGND,li1,57.2700,228.1880,0.000191
TAP_TAPCELL_ROW_79_948,VGND,li1,31.5100,228.1880,0.000080
TAP_TAPCELL_ROW_78_947,VGND,li1,250.4700,223.3310,0.000220
TAP_TAPCELL_ROW_78_946,VGND,li1,224.7100,223.3310,0.000204
TAP_TAPCELL_ROW_78_945,VGND,li1,198.9500,223.3310,0.000169
TAP_TAPCELL_ROW_78_944,VGND,li1,173.1900,223.3310,0.000151
TAP_TAPCELL_ROW_78_943,VGND,li1,147.4300,223.3310,0.000331
TAP_TAPCELL_ROW_78_942,VGND,li1,121.6700,223.3310,0.000381
TAP_TAPCELL_ROW_78_941,VGND,li1,95.9100,223.3310,0.000396
TAP_TAPCELL_ROW_78_940,VGND,li1,70.1500,223.3310,0.000360
TAP_TAPCELL_ROW_78_939,VGND,li1,44.3900,223.3310,0.000211
TAP_TAPCELL_ROW_78_938,VGND,li1,18.6300,223.3310,0.000078
TAP_TAPCELL_ROW_77_937,VGND,li1,237.5900,222.7480,0.000212
TAP_TAPCELL_ROW_77_936,VGND,li1,211.8300,222.7480,0.000193
TAP_TAPCELL_ROW_77_935,VGND,li1,186.0700,222.7480,0.000140
TAP_TAPCELL_ROW_77_934,VGND,li1,160.3100,222.7480,0.000263
TAP_TAPCELL_ROW_77_933,VGND,li1,134.5500,222.7480,0.000359
TAP_TAPCELL_ROW_77_932,VGND,li1,108.7900,222.7480,0.000395
TAP_TAPCELL_ROW_77_931,VGND,li1,83.0300,222.7480,0.000385
TAP_TAPCELL_ROW_77_930,VGND,li1,57.2700,222.7480,0.000290
TAP_TAPCELL_ROW_77_929,VGND,li1,31.5100,222.7480,0.000113
TAP_TAPCELL_ROW_76_928,VGND,li1,250.4700,217.8910,0.000455
TAP_TAPCELL_ROW_76_927,VGND,li1,224.7100,217.8910,0.000437
TAP_TAPCELL_ROW_76_926,VGND,li1,198.9500,217.8910,0.000378
TAP_TAPCELL_ROW_76_925,VGND,li1,173.1900,217.8910,0.000204
TAP_TAPCELL_ROW_76_924,VGND,li1,147.4300,217.8910,0.000340
TAP_TAPCELL_ROW_76_923,VGND,li1,121.6700,217.8910,0.000469
TAP_TAPCELL_ROW_76_922,VGND,li1,95.9100,217.8910,0.000551
TAP_TAPCELL_ROW_76_921,VGND,li1,70.1500,217.8910,0.000444
TAP_TAPCELL_ROW_76_920,VGND,li1,44.3900,217.8910,0.000284
TAP_TAPCELL_ROW_76_919,VGND,li1,18.6300,217.8910,0.000106
TAP_TAPCELL_ROW_75_918,VGND,li1,237.5900,217.3080,0.000450
TAP_TAPCELL_ROW_75_917,VGND,li1,211.8300,217.3080,0.000422
TAP_TAPCELL_ROW_75_916,VGND,li1,186.0700,217.3080,0.000259
TAP_TAPCELL_ROW_75_915,VGND,li1,160.3100,217.3080,0.000279
TAP_TAPCELL_ROW_75_914,VGND,li1,134.5500,217.3080,0.000408
TAP_TAPCELL_ROW_75_913,VGND,li1,108.7900,217.3080,0.000523
TAP_TAPCELL_ROW_75_912,VGND,li1,83.0300,217.3080,0.000513
TAP_TAPCELL_ROW_75_911,VGND,li1,57.2700,217.3080,0.000367
TAP_TAPCELL_ROW_75_910,VGND,li1,31.5100,217.3080,0.000157
TAP_TAPCELL_ROW_74_909,VGND,li1,250.4700,212.4510,0.000170
TAP_TAPCELL_ROW_74_908,VGND,li1,224.7100,212.4510,0.000165
TAP_TAPCELL_ROW_74_907,VGND,li1,198.9500,212.4510,0.000129
TAP_TAPCELL_ROW_74_906,VGND,li1,173.1900,212.4510,0.000100
TAP_TAPCELL_ROW_74_905,VGND,li1,147.4300,212.4510,0.000216
TAP_TAPCELL_ROW_74_904,VGND,li1,121.6700,212.4510,0.000305
TAP_TAPCELL_ROW_74_903,VGND,li1,95.9100,212.4510,0.000294
TAP_TAPCELL_ROW_74_902,VGND,li1,70.1500,212.4510,0.000239
TAP_TAPCELL_ROW_74_901,VGND,li1,44.3900,212.4510,0.000152
TAP_TAPCELL_ROW_74_900,VGND,li1,18.6300,212.4510,0.000060
TAP_TAPCELL_ROW_73_899,VGND,li1,237.5900,211.8680,0.000170
TAP_TAPCELL_ROW_73_898,VGND,li1,211.8300,211.8680,0.000151
TAP_TAPCELL_ROW_73_897,VGND,li1,186.0700,211.8680,0.000093
TAP_TAPCELL_ROW_73_896,VGND,li1,160.3100,211.8680,0.000152
TAP_TAPCELL_ROW_73_895,VGND,li1,134.5500,211.8680,0.000259
TAP_TAPCELL_ROW_73_894,VGND,li1,108.7900,211.8680,0.000308
TAP_TAPCELL_ROW_73_893,VGND,li1,83.0300,211.8680,0.000268
TAP_TAPCELL_ROW_73_892,VGND,li1,57.2700,211.8680,0.000204
TAP_TAPCELL_ROW_73_891,VGND,li1,31.5100,211.8680,0.000093
TAP_TAPCELL_ROW_72_890,VGND,li1,250.4700,207.0110,0.000099
TAP_TAPCELL_ROW_72_889,VGND,li1,224.7100,207.0110,0.000088
TAP_TAPCELL_ROW_72_888,VGND,li1,198.9500,207.0110,0.000073
TAP_TAPCELL_ROW_72_887,VGND,li1,173.1900,207.0110,0.000063
TAP_TAPCELL_ROW_72_886,VGND,li1,147.4300,207.0110,0.000114
TAP_TAPCELL_ROW_72_885,VGND,li1,121.6700,207.0110,0.000148
TAP_TAPCELL_ROW_72_884,VGND,li1,95.9100,207.0110,0.000155
TAP_TAPCELL_ROW_72_883,VGND,li1,70.1500,207.0110,0.000128
TAP_TAPCELL_ROW_72_882,VGND,li1,44.3900,207.0110,0.000081
TAP_TAPCELL_ROW_72_881,VGND,li1,18.6300,207.0110,0.000033
TAP_TAPCELL_ROW_71_880,VGND,li1,237.5900,206.4280,0.000095
TAP_TAPCELL_ROW_71_879,VGND,li1,211.8300,206.4280,0.000080
TAP_TAPCELL_ROW_71_878,VGND,li1,186.0700,206.4280,0.000057
TAP_TAPCELL_ROW_71_877,VGND,li1,160.3100,206.4280,0.000091
TAP_TAPCELL_ROW_71_876,VGND,li1,134.5500,206.4280,0.000130
TAP_TAPCELL_ROW_71_875,VGND,li1,108.7900,206.4280,0.000157
TAP_TAPCELL_ROW_71_874,VGND,li1,83.0300,206.4280,0.000145
TAP_TAPCELL_ROW_71_873,VGND,li1,57.2700,206.4280,0.000109
TAP_TAPCELL_ROW_71_872,VGND,li1,31.5100,206.4280,0.000050
TAP_TAPCELL_ROW_70_871,VGND,li1,250.4700,201.5710,0.000204
TAP_TAPCELL_ROW_70_870,VGND,li1,224.7100,201.5710,0.000178
TAP_TAPCELL_ROW_70_869,VGND,li1,198.9500,201.5710,0.000127
TAP_TAPCELL_ROW_70_868,VGND,li1,173.1900,201.5710,0.000085
TAP_TAPCELL_ROW_70_867,VGND,li1,147.4300,201.5710,0.000115
TAP_TAPCELL_ROW_70_866,VGND,li1,121.6700,201.5710,0.000124
TAP_TAPCELL_ROW_70_865,VGND,li1,95.9100,201.5710,0.000116
TAP_TAPCELL_ROW_70_864,VGND,li1,70.1500,201.5710,0.000095
TAP_TAPCELL_ROW_70_863,VGND,li1,44.3900,201.5710,0.000063
TAP_TAPCELL_ROW_70_862,VGND,li1,18.6300,201.5710,0.000022
TAP_TAPCELL_ROW_69_861,VGND,li1,237.5900,200.9880,0.000193
TAP_TAPCELL_ROW_69_860,VGND,li1,211.8300,200.9880,0.000153
TAP_TAPCELL_ROW_69_859,VGND,li1,186.0700,200.9880,0.000097
TAP_TAPCELL_ROW_69_858,VGND,li1,160.3100,200.9880,0.000101
TAP_TAPCELL_ROW_69_857,VGND,li1,134.5500,200.9880,0.000123
TAP_TAPCELL_ROW_69_856,VGND,li1,108.7900,200.9880,0.000122
TAP_TAPCELL_ROW_69_855,VGND,li1,83.0300,200.9880,0.000107
TAP_TAPCELL_ROW_69_854,VGND,li1,57.2700,200.9880,0.000082
TAP_TAPCELL_ROW_69_853,VGND,li1,31.5100,200.9880,0.000032
TAP_TAPCELL_ROW_68_852,VGND,li1,250.4700,196.1310,0.000159
TAP_TAPCELL_ROW_68_851,VGND,li1,224.7100,196.1310,0.000145
TAP_TAPCELL_ROW_68_850,VGND,li1,198.9500,196.1310,0.000113
TAP_TAPCELL_ROW_68_849,VGND,li1,173.1900,196.1310,0.000075
TAP_TAPCELL_ROW_68_848,VGND,li1,147.4300,196.1310,0.000142
TAP_TAPCELL_ROW_68_847,VGND,li1,121.6700,196.1310,0.000200
TAP_TAPCELL_ROW_68_846,VGND,li1,95.9100,196.1310,0.000220
TAP_TAPCELL_ROW_68_845,VGND,li1,70.1500,196.1310,0.000187
TAP_TAPCELL_ROW_68_844,VGND,li1,44.3900,196.1310,0.000119
TAP_TAPCELL_ROW_68_843,VGND,li1,18.6300,196.1310,0.000044
TAP_TAPCELL_ROW_67_842,VGND,li1,237.5900,195.5480,0.000153
TAP_TAPCELL_ROW_67_841,VGND,li1,211.8300,195.5480,0.000131
TAP_TAPCELL_ROW_67_840,VGND,li1,186.0700,195.5480,0.000081
TAP_TAPCELL_ROW_67_839,VGND,li1,160.3100,195.5480,0.000110
TAP_TAPCELL_ROW_67_838,VGND,li1,134.5500,195.5480,0.000178
TAP_TAPCELL_ROW_67_837,VGND,li1,108.7900,195.5480,0.000216
TAP_TAPCELL_ROW_67_836,VGND,li1,83.0300,195.5480,0.000208
TAP_TAPCELL_ROW_67_835,VGND,li1,57.2700,195.5480,0.000155
TAP_TAPCELL_ROW_67_834,VGND,li1,31.5100,195.5480,0.000071
TAP_TAPCELL_ROW_66_833,VGND,li1,250.4700,190.6910,0.000357
TAP_TAPCELL_ROW_66_832,VGND,li1,224.7100,190.6910,0.000323
TAP_TAPCELL_ROW_66_831,VGND,li1,198.9500,190.6910,0.000249
TAP_TAPCELL_ROW_66_830,VGND,li1,173.1900,190.6910,0.000155
TAP_TAPCELL_ROW_66_829,VGND,li1,147.4300,190.6910,0.000276
TAP_TAPCELL_ROW_66_828,VGND,li1,121.6700,190.6910,0.000370
TAP_TAPCELL_ROW_66_827,VGND,li1,95.9100,190.6910,0.000401
TAP_TAPCELL_ROW_66_826,VGND,li1,70.1500,190.6910,0.000340
TAP_TAPCELL_ROW_66_825,VGND,li1,44.3900,190.6910,0.000242
TAP_TAPCELL_ROW_66_824,VGND,li1,18.6300,190.6910,0.000091
TAP_TAPCELL_ROW_65_823,VGND,li1,237.5900,190.1080,0.000348
TAP_TAPCELL_ROW_65_822,VGND,li1,211.8300,190.1080,0.000289
TAP_TAPCELL_ROW_65_821,VGND,li1,186.0700,190.1080,0.000177
TAP_TAPCELL_ROW_65_820,VGND,li1,160.3100,190.1080,0.000219
TAP_TAPCELL_ROW_65_819,VGND,li1,134.5500,190.1080,0.000328
TAP_TAPCELL_ROW_65_818,VGND,li1,108.7900,190.1080,0.000410
TAP_TAPCELL_ROW_65_817,VGND,li1,83.0300,190.1080,0.000375
TAP_TAPCELL_ROW_65_816,VGND,li1,57.2700,190.1080,0.000296
TAP_TAPCELL_ROW_65_815,VGND,li1,31.5100,190.1080,0.000135
TAP_TAPCELL_ROW_64_814,VGND,li1,250.4700,185.2510,0.000347
TAP_TAPCELL_ROW_64_813,VGND,li1,224.7100,185.2510,0.000280
TAP_TAPCELL_ROW_64_812,VGND,li1,198.9500,185.2510,0.000198
TAP_TAPCELL_ROW_64_811,VGND,li1,173.1900,185.2510,0.000132
TAP_TAPCELL_ROW_64_810,VGND,li1,147.4300,185.2510,0.000268
TAP_TAPCELL_ROW_64_809,VGND,li1,121.6700,185.2510,0.000324
TAP_TAPCELL_ROW_64_808,VGND,li1,95.9100,185.2510,0.000378
TAP_TAPCELL_ROW_64_807,VGND,li1,70.1500,185.2510,0.000315
TAP_TAPCELL_ROW_64_806,VGND,li1,44.3900,185.2510,0.000177
TAP_TAPCELL_ROW_64_805,VGND,li1,18.6300,185.2510,0.000062
TAP_TAPCELL_ROW_63_804,VGND,li1,237.5900,184.6680,0.000321
TAP_TAPCELL_ROW_63_803,VGND,li1,211.8300,184.6680,0.000244
TAP_TAPCELL_ROW_63_802,VGND,li1,186.0700,184.6680,0.000145
TAP_TAPCELL_ROW_63_801,VGND,li1,160.3100,184.6680,0.000221
TAP_TAPCELL_ROW_63_800,VGND,li1,134.5500,184.6680,0.000297
TAP_TAPCELL_ROW_63_799,VGND,li1,108.7900,184.6680,0.000351
TAP_TAPCELL_ROW_63_798,VGND,li1,83.0300,184.6680,0.000374
TAP_TAPCELL_ROW_63_797,VGND,li1,57.2700,184.6680,0.000247
TAP_TAPCELL_ROW_63_796,VGND,li1,31.5100,184.6680,0.000092
TAP_TAPCELL_ROW_62_795,VGND,li1,250.4700,179.8110,0.000320
TAP_TAPCELL_ROW_62_794,VGND,li1,224.7100,179.8110,0.000303
TAP_TAPCELL_ROW_62_793,VGND,li1,198.9500,179.8110,0.000264
TAP_TAPCELL_ROW_62_792,VGND,li1,173.1900,179.8110,0.000139
TAP_TAPCELL_ROW_62_791,VGND,li1,147.4300,179.8110,0.000226
TAP_TAPCELL_ROW_62_790,VGND,li1,121.6700,179.8110,0.000278
TAP_TAPCELL_ROW_62_789,VGND,li1,95.9100,179.8110,0.000298
TAP_TAPCELL_ROW_62_788,VGND,li1,70.1500,179.8110,0.000293
TAP_TAPCELL_ROW_62_787,VGND,li1,44.3900,179.8110,0.000175
TAP_TAPCELL_ROW_62_786,VGND,li1,18.6300,179.8110,0.000065
TAP_TAPCELL_ROW_61_785,VGND,li1,237.5900,179.2280,0.000315
TAP_TAPCELL_ROW_61_784,VGND,li1,211.8300,179.2280,0.000284
TAP_TAPCELL_ROW_61_783,VGND,li1,186.0700,179.2280,0.000182
TAP_TAPCELL_ROW_61_782,VGND,li1,160.3100,179.2280,0.000186
TAP_TAPCELL_ROW_61_781,VGND,li1,134.5500,179.2280,0.000253
TAP_TAPCELL_ROW_61_780,VGND,li1,108.7900,179.2280,0.000291
TAP_TAPCELL_ROW_61_779,VGND,li1,83.0300,179.2280,0.000296
TAP_TAPCELL_ROW_61_778,VGND,li1,57.2700,179.2280,0.000243
TAP_TAPCELL_ROW_61_777,VGND,li1,31.5100,179.2280,0.000104
TAP_TAPCELL_ROW_60_776,VGND,li1,250.4700,174.3710,0.000111
TAP_TAPCELL_ROW_60_775,VGND,li1,224.7100,174.3710,0.000100
TAP_TAPCELL_ROW_60_774,VGND,li1,198.9500,174.3710,0.000081
TAP_TAPCELL_ROW_60_773,VGND,li1,173.1900,174.3710,0.000072
TAP_TAPCELL_ROW_60_772,VGND,li1,147.4300,174.3710,0.000144
TAP_TAPCELL_ROW_60_771,VGND,li1,121.6700,174.3710,0.000188
TAP_TAPCELL_ROW_60_770,VGND,li1,95.9100,174.3710,0.000209
TAP_TAPCELL_ROW_60_769,VGND,li1,70.1500,174.3710,0.000182
TAP_TAPCELL_ROW_60_768,VGND,li1,44.3900,174.3710,0.000113
TAP_TAPCELL_ROW_60_767,VGND,li1,18.6300,174.3710,0.000041
TAP_TAPCELL_ROW_59_766,VGND,li1,237.5900,173.7880,0.000107
TAP_TAPCELL_ROW_59_765,VGND,li1,211.8300,173.7880,0.000092
TAP_TAPCELL_ROW_59_764,VGND,li1,186.0700,173.7880,0.000063
TAP_TAPCELL_ROW_59_763,VGND,li1,160.3100,173.7880,0.000111
TAP_TAPCELL_ROW_59_762,VGND,li1,134.5500,173.7880,0.000169
TAP_TAPCELL_ROW_59_761,VGND,li1,108.7900,173.7880,0.000203
TAP_TAPCELL_ROW_59_760,VGND,li1,83.0300,173.7880,0.000202
TAP_TAPCELL_ROW_59_759,VGND,li1,57.2700,173.7880,0.000153
TAP_TAPCELL_ROW_59_758,VGND,li1,31.5100,173.7880,0.000060
TAP_TAPCELL_ROW_58_757,VGND,li1,250.4700,168.9310,0.000134
TAP_TAPCELL_ROW_58_756,VGND,li1,224.7100,168.9310,0.000132
TAP_TAPCELL_ROW_58_755,VGND,li1,198.9500,168.9310,0.000099
TAP_TAPCELL_ROW_58_754,VGND,li1,173.1900,168.9310,0.000078
TAP_TAPCELL_ROW_58_753,VGND,li1,147.4300,168.9310,0.000158
TAP_TAPCELL_ROW_58_752,VGND,li1,121.6700,168.9310,0.000226
TAP_TAPCELL_ROW_58_751,VGND,li1,95.9100,168.9310,0.000202
TAP_TAPCELL_ROW_58_750,VGND,li1,70.1500,168.9310,0.000147
TAP_TAPCELL_ROW_58_749,VGND,li1,44.3900,168.9310,0.000086
TAP_TAPCELL_ROW_58_748,VGND,li1,18.6300,168.9310,0.000030
TAP_TAPCELL_ROW_57_747,VGND,li1,237.5900,168.3480,0.000134
TAP_TAPCELL_ROW_57_746,VGND,li1,211.8300,168.3480,0.000121
TAP_TAPCELL_ROW_57_745,VGND,li1,186.0700,168.3480,0.000077
TAP_TAPCELL_ROW_57_744,VGND,li1,160.3100,168.3480,0.000119
TAP_TAPCELL_ROW_57_743,VGND,li1,134.5500,168.3480,0.000196
TAP_TAPCELL_ROW_57_742,VGND,li1,108.7900,168.3480,0.000220
TAP_TAPCELL_ROW_57_741,VGND,li1,83.0300,168.3480,0.000175
TAP_TAPCELL_ROW_57_740,VGND,li1,57.2700,168.3480,0.000117
TAP_TAPCELL_ROW_57_739,VGND,li1,31.5100,168.3480,0.000045
TAP_TAPCELL_ROW_56_738,VGND,li1,250.4700,163.4910,0.000252
TAP_TAPCELL_ROW_56_737,VGND,li1,224.7100,163.4910,0.000218
TAP_TAPCELL_ROW_56_736,VGND,li1,198.9500,163.4910,0.000144
TAP_TAPCELL_ROW_56_735,VGND,li1,173.1900,163.4910,0.000099
TAP_TAPCELL_ROW_56_734,VGND,li1,147.4300,163.4910,0.000197
TAP_TAPCELL_ROW_56_733,VGND,li1,121.6700,163.4910,0.000267
TAP_TAPCELL_ROW_56_732,VGND,li1,95.9100,163.4910,0.000288
TAP_TAPCELL_ROW_56_731,VGND,li1,70.1500,163.4910,0.000272
TAP_TAPCELL_ROW_56_730,VGND,li1,44.3900,163.4910,0.000215
TAP_TAPCELL_ROW_56_729,VGND,li1,18.6300,163.4910,0.000077
TAP_TAPCELL_ROW_55_728,VGND,li1,237.5900,162.9080,0.000238
TAP_TAPCELL_ROW_55_727,VGND,li1,211.8300,162.9080,0.000182
TAP_TAPCELL_ROW_55_726,VGND,li1,186.0700,162.9080,0.000106
TAP_TAPCELL_ROW_55_725,VGND,li1,160.3100,162.9080,0.000156
TAP_TAPCELL_ROW_55_724,VGND,li1,134.5500,162.9080,0.000235
TAP_TAPCELL_ROW_55_723,VGND,li1,108.7900,162.9080,0.000280
TAP_TAPCELL_ROW_55_722,VGND,li1,83.0300,162.9080,0.000283
TAP_TAPCELL_ROW_55_721,VGND,li1,57.2700,162.9080,0.000254
TAP_TAPCELL_ROW_55_720,VGND,li1,31.5100,162.9080,0.000114
TAP_TAPCELL_ROW_54_719,VGND,li1,250.4700,158.0510,0.000594
TAP_TAPCELL_ROW_54_718,VGND,li1,224.7100,158.0510,0.000504
TAP_TAPCELL_ROW_54_717,VGND,li1,198.9500,158.0510,0.000325
TAP_TAPCELL_ROW_54_716,VGND,li1,173.1900,158.0510,0.000188
TAP_TAPCELL_ROW_54_715,VGND,li1,147.4300,158.0510,0.000338
TAP_TAPCELL_ROW_54_714,VGND,li1,121.6700,158.0510,0.000392
TAP_TAPCELL_ROW_54_713,VGND,li1,95.9100,158.0510,0.000410
TAP_TAPCELL_ROW_54_712,VGND,li1,70.1500,158.0510,0.000343
TAP_TAPCELL_ROW_54_711,VGND,li1,44.3900,158.0510,0.000188
TAP_TAPCELL_ROW_54_710,VGND,li1,18.6300,158.0510,0.000069
TAP_TAPCELL_ROW_53_709,VGND,li1,237.5900,157.4680,0.000561
TAP_TAPCELL_ROW_53_708,VGND,li1,211.8300,157.4680,0.000439
TAP_TAPCELL_ROW_53_707,VGND,li1,186.0700,157.4680,0.000222
TAP_TAPCELL_ROW_53_706,VGND,li1,160.3100,157.4680,0.000265
TAP_TAPCELL_ROW_53_705,VGND,li1,134.5500,157.4680,0.000375
TAP_TAPCELL_ROW_53_704,VGND,li1,108.7900,157.4680,0.000404
TAP_TAPCELL_ROW_53_703,VGND,li1,83.0300,157.4680,0.000398
TAP_TAPCELL_ROW_53_702,VGND,li1,57.2700,157.4680,0.000267
TAP_TAPCELL_ROW_53_701,VGND,li1,31.5100,157.4680,0.000111
TAP_TAPCELL_ROW_52_700,VGND,li1,250.4700,152.6110,0.000503
TAP_TAPCELL_ROW_52_699,VGND,li1,224.7100,152.6110,0.000401
TAP_TAPCELL_ROW_52_698,VGND,li1,198.9500,152.6110,0.000262
TAP_TAPCELL_ROW_52_697,VGND,li1,173.1900,152.6110,0.000155
TAP_TAPCELL_ROW_52_696,VGND,li1,147.4300,152.6110,0.000234
TAP_TAPCELL_ROW_52_695,VGND,li1,121.6700,152.6110,0.000292
TAP_TAPCELL_ROW_52_694,VGND,li1,95.9100,152.6110,0.000272
TAP_TAPCELL_ROW_52_693,VGND,li1,70.1500,152.6110,0.000189
TAP_TAPCELL_ROW_52_692,VGND,li1,44.3900,152.6110,0.000103
TAP_TAPCELL_ROW_52_691,VGND,li1,18.6300,152.6110,0.000035
TAP_TAPCELL_ROW_51_690,VGND,li1,237.5900,152.0280,0.000465
TAP_TAPCELL_ROW_51_689,VGND,li1,211.8300,152.0280,0.000329
TAP_TAPCELL_ROW_51_688,VGND,li1,186.0700,152.0280,0.000171
TAP_TAPCELL_ROW_51_687,VGND,li1,160.3100,152.0280,0.000202
TAP_TAPCELL_ROW_51_686,VGND,li1,134.5500,152.0280,0.000265
TAP_TAPCELL_ROW_51_685,VGND,li1,108.7900,152.0280,0.000301
TAP_TAPCELL_ROW_51_684,VGND,li1,83.0300,152.0280,0.000239
TAP_TAPCELL_ROW_51_683,VGND,li1,57.2700,152.0280,0.000147
TAP_TAPCELL_ROW_51_682,VGND,li1,31.5100,152.0280,0.000052
TAP_TAPCELL_ROW_50_681,VGND,li1,250.4700,147.1710,0.000127
TAP_TAPCELL_ROW_50_680,VGND,li1,224.7100,147.1710,0.000127
TAP_TAPCELL_ROW_50_679,VGND,li1,198.9500,147.1710,0.000105
TAP_TAPCELL_ROW_50_678,VGND,li1,173.1900,147.1710,0.000065
TAP_TAPCELL_ROW_50_677,VGND,li1,147.4300,147.1710,0.000104
TAP_TAPCELL_ROW_50_676,VGND,li1,121.6700,147.1710,0.000141
TAP_TAPCELL_ROW_50_675,VGND,li1,95.9100,147.1710,0.000136
TAP_TAPCELL_ROW_50_674,VGND,li1,70.1500,147.1710,0.000107
TAP_TAPCELL_ROW_50_673,VGND,li1,44.3900,147.1710,0.000057
TAP_TAPCELL_ROW_50_672,VGND,li1,18.6300,147.1710,0.000020
TAP_TAPCELL_ROW_49_671,VGND,li1,237.5900,146.5880,0.000127
TAP_TAPCELL_ROW_49_670,VGND,li1,211.8300,146.5880,0.000121
TAP_TAPCELL_ROW_49_669,VGND,li1,186.0700,146.5880,0.000081
TAP_TAPCELL_ROW_49_668,VGND,li1,160.3100,146.5880,0.000085
TAP_TAPCELL_ROW_49_667,VGND,li1,134.5500,146.5880,0.000124
TAP_TAPCELL_ROW_49_666,VGND,li1,108.7900,146.5880,0.000143
TAP_TAPCELL_ROW_49_665,VGND,li1,83.0300,146.5880,0.000126
TAP_TAPCELL_ROW_49_664,VGND,li1,57.2700,146.5880,0.000082
TAP_TAPCELL_ROW_49_663,VGND,li1,31.5100,146.5880,0.000029
TAP_TAPCELL_ROW_48_662,VGND,li1,250.4700,141.7310,0.000169
TAP_TAPCELL_ROW_48_661,VGND,li1,224.7100,141.7310,0.000150
TAP_TAPCELL_ROW_48_660,VGND,li1,198.9500,141.7310,0.000101
TAP_TAPCELL_ROW_48_659,VGND,li1,173.1900,141.7310,0.000060
TAP_TAPCELL_ROW_48_658,VGND,li1,147.4300,141.7310,0.000095
TAP_TAPCELL_ROW_48_657,VGND,li1,121.6700,141.7310,0.000106
TAP_TAPCELL_ROW_48_656,VGND,li1,95.9100,141.7310,0.000108
TAP_TAPCELL_ROW_48_655,VGND,li1,70.1500,141.7310,0.000085
TAP_TAPCELL_ROW_48_654,VGND,li1,44.3900,141.7310,0.000045
TAP_TAPCELL_ROW_48_653,VGND,li1,18.6300,141.7310,0.000015
TAP_TAPCELL_ROW_47_652,VGND,li1,237.5900,141.1480,0.000161
TAP_TAPCELL_ROW_47_651,VGND,li1,211.8300,141.1480,0.000128
TAP_TAPCELL_ROW_47_650,VGND,li1,186.0700,141.1480,0.000068
TAP_TAPCELL_ROW_47_649,VGND,li1,160.3100,141.1480,0.000083
TAP_TAPCELL_ROW_47_648,VGND,li1,134.5500,141.1480,0.000103
TAP_TAPCELL_ROW_47_647,VGND,li1,108.7900,141.1480,0.000109
TAP_TAPCELL_ROW_47_646,VGND,li1,83.0300,141.1480,0.000099
TAP_TAPCELL_ROW_47_645,VGND,li1,57.2700,141.1480,0.000065
TAP_TAPCELL_ROW_47_644,VGND,li1,31.5100,141.1480,0.000023
TAP_TAPCELL_ROW_46_643,VGND,li1,250.4700,136.2910,0.000225
TAP_TAPCELL_ROW_46_642,VGND,li1,224.7100,136.2910,0.000190
TAP_TAPCELL_ROW_46_641,VGND,li1,198.9500,136.2910,0.000130
TAP_TAPCELL_ROW_46_640,VGND,li1,173.1900,136.2910,0.000071
TAP_TAPCELL_ROW_46_639,VGND,li1,147.4300,136.2910,0.000095
TAP_TAPCELL_ROW_46_638,VGND,li1,121.6700,136.2910,0.000096
TAP_TAPCELL_ROW_46_637,VGND,li1,95.9100,136.2910,0.000090
TAP_TAPCELL_ROW_46_636,VGND,li1,70.1500,136.2910,0.000070
TAP_TAPCELL_ROW_46_635,VGND,li1,44.3900,136.2910,0.000037
TAP_TAPCELL_ROW_46_634,VGND,li1,18.6300,136.2910,0.000013
TAP_TAPCELL_ROW_45_633,VGND,li1,237.5900,135.7080,0.000214
TAP_TAPCELL_ROW_45_632,VGND,li1,211.8300,135.7080,0.000166
TAP_TAPCELL_ROW_45_631,VGND,li1,186.0700,135.7080,0.000086
TAP_TAPCELL_ROW_45_630,VGND,li1,160.3100,135.7080,0.000089
TAP_TAPCELL_ROW_45_629,VGND,li1,134.5500,135.7080,0.000097
TAP_TAPCELL_ROW_45_628,VGND,li1,108.7900,135.7080,0.000094
TAP_TAPCELL_ROW_45_627,VGND,li1,83.0300,135.7080,0.000081
TAP_TAPCELL_ROW_45_626,VGND,li1,57.2700,135.7080,0.000054
TAP_TAPCELL_ROW_45_625,VGND,li1,31.5100,135.7080,0.000019
TAP_TAPCELL_ROW_44_624,VGND,li1,250.4700,130.8510,0.000344
TAP_TAPCELL_ROW_44_623,VGND,li1,224.7100,130.8510,0.000257
TAP_TAPCELL_ROW_44_622,VGND,li1,198.9500,130.8510,0.000163
TAP_TAPCELL_ROW_44_621,VGND,li1,173.1900,130.8510,0.000087
TAP_TAPCELL_ROW_44_620,VGND,li1,147.4300,130.8510,0.000133
TAP_TAPCELL_ROW_44_619,VGND,li1,121.6700,130.8510,0.000150
TAP_TAPCELL_ROW_44_618,VGND,li1,95.9100,130.8510,0.000165
TAP_TAPCELL_ROW_44_617,VGND,li1,70.1500,130.8510,0.000158
TAP_TAPCELL_ROW_44_616,VGND,li1,44.3900,130.8510,0.000100
TAP_TAPCELL_ROW_44_615,VGND,li1,18.6300,130.8510,0.000034
TAP_TAPCELL_ROW_43_614,VGND,li1,237.5900,130.2680,0.000299
TAP_TAPCELL_ROW_43_613,VGND,li1,211.8300,130.2680,0.000210
TAP_TAPCELL_ROW_43_612,VGND,li1,186.0700,130.2680,0.000106
TAP_TAPCELL_ROW_43_611,VGND,li1,160.3100,130.2680,0.000114
TAP_TAPCELL_ROW_43_610,VGND,li1,134.5500,130.2680,0.000142
TAP_TAPCELL_ROW_43_609,VGND,li1,108.7900,130.2680,0.000157
TAP_TAPCELL_ROW_43_608,VGND,li1,83.0300,130.2680,0.000165
TAP_TAPCELL_ROW_43_607,VGND,li1,57.2700,130.2680,0.000135
TAP_TAPCELL_ROW_43_606,VGND,li1,31.5100,130.2680,0.000051
TAP_TAPCELL_ROW_42_605,VGND,li1,250.4700,125.4110,0.000234
TAP_TAPCELL_ROW_42_604,VGND,li1,224.7100,125.4110,0.000227
TAP_TAPCELL_ROW_42_603,VGND,li1,198.9500,125.4110,0.000162
TAP_TAPCELL_ROW_42_602,VGND,li1,173.1900,125.4110,0.000126
TAP_TAPCELL_ROW_42_601,VGND,li1,147.4300,125.4110,0.000175
TAP_TAPCELL_ROW_42_600,VGND,li1,121.6700,125.4110,0.000199
TAP_TAPCELL_ROW_42_599,VGND,li1,95.9100,125.4110,0.000206
TAP_TAPCELL_ROW_42_598,VGND,li1,70.1500,125.4110,0.000181
TAP_TAPCELL_ROW_42_597,VGND,li1,44.3900,125.4110,0.000143
TAP_TAPCELL_ROW_42_596,VGND,li1,18.6300,125.4110,0.000049
TAP_TAPCELL_ROW_41_595,VGND,li1,237.5900,124.8280,0.000234
TAP_TAPCELL_ROW_41_594,VGND,li1,211.8300,124.8280,0.000200
TAP_TAPCELL_ROW_41_593,VGND,li1,186.0700,124.8280,0.000124
TAP_TAPCELL_ROW_41_592,VGND,li1,160.3100,124.8280,0.000157
TAP_TAPCELL_ROW_41_591,VGND,li1,134.5500,124.8280,0.000190
TAP_TAPCELL_ROW_41_590,VGND,li1,108.7900,124.8280,0.000207
TAP_TAPCELL_ROW_41_589,VGND,li1,83.0300,124.8280,0.000195
TAP_TAPCELL_ROW_41_588,VGND,li1,57.2700,124.8280,0.000162
TAP_TAPCELL_ROW_41_587,VGND,li1,31.5100,124.8280,0.000073
TAP_TAPCELL_ROW_40_586,VGND,li1,250.4700,119.9710,0.000396
TAP_TAPCELL_ROW_40_585,VGND,li1,224.7100,119.9710,0.000367
TAP_TAPCELL_ROW_40_584,VGND,li1,198.9500,119.9710,0.000264
TAP_TAPCELL_ROW_40_583,VGND,li1,173.1900,119.9710,0.000188
TAP_TAPCELL_ROW_40_582,VGND,li1,147.4300,119.9710,0.000338
TAP_TAPCELL_ROW_40_581,VGND,li1,121.6700,119.9710,0.000406
TAP_TAPCELL_ROW_40_580,VGND,li1,95.9100,119.9710,0.000445
TAP_TAPCELL_ROW_40_579,VGND,li1,70.1500,119.9710,0.000395
TAP_TAPCELL_ROW_40_578,VGND,li1,44.3900,119.9710,0.000221
TAP_TAPCELL_ROW_40_577,VGND,li1,18.6300,119.9710,0.000080
TAP_TAPCELL_ROW_39_576,VGND,li1,237.5900,119.3880,0.000382
TAP_TAPCELL_ROW_39_575,VGND,li1,211.8300,119.3880,0.000327
TAP_TAPCELL_ROW_39_574,VGND,li1,186.0700,119.3880,0.000192
TAP_TAPCELL_ROW_39_573,VGND,li1,160.3100,119.3880,0.000265
TAP_TAPCELL_ROW_39_572,VGND,li1,134.5500,119.3880,0.000381
TAP_TAPCELL_ROW_39_571,VGND,li1,108.7900,119.3880,0.000427
TAP_TAPCELL_ROW_39_570,VGND,li1,83.0300,119.3880,0.000434
TAP_TAPCELL_ROW_39_569,VGND,li1,57.2700,119.3880,0.000326
TAP_TAPCELL_ROW_39_568,VGND,li1,31.5100,119.3880,0.000131
TAP_TAPCELL_ROW_38_567,VGND,li1,250.4700,114.5310,0.000114
TAP_TAPCELL_ROW_38_566,VGND,li1,224.7100,114.5310,0.000114
TAP_TAPCELL_ROW_38_565,VGND,li1,198.9500,114.5310,0.000107
TAP_TAPCELL_ROW_38_564,VGND,li1,173.1900,114.5310,0.000093
TAP_TAPCELL_ROW_38_563,VGND,li1,147.4300,114.5310,0.000182
TAP_TAPCELL_ROW_38_562,VGND,li1,121.6700,114.5310,0.000233
TAP_TAPCELL_ROW_38_561,VGND,li1,95.9100,114.5310,0.000240
TAP_TAPCELL_ROW_38_560,VGND,li1,70.1500,114.5310,0.000214
TAP_TAPCELL_ROW_38_559,VGND,li1,44.3900,114.5310,0.000137
TAP_TAPCELL_ROW_38_558,VGND,li1,18.6300,114.5310,0.000050
TAP_TAPCELL_ROW_37_557,VGND,li1,237.5900,113.9480,0.000114
TAP_TAPCELL_ROW_37_556,VGND,li1,211.8300,113.9480,0.000114
TAP_TAPCELL_ROW_37_555,VGND,li1,186.0700,113.9480,0.000086
TAP_TAPCELL_ROW_37_554,VGND,li1,160.3100,113.9480,0.000140
TAP_TAPCELL_ROW_37_553,VGND,li1,134.5500,113.9480,0.000211
TAP_TAPCELL_ROW_37_552,VGND,li1,108.7900,113.9480,0.000244
TAP_TAPCELL_ROW_37_551,VGND,li1,83.0300,113.9480,0.000234
TAP_TAPCELL_ROW_37_550,VGND,li1,57.2700,113.9480,0.000181
TAP_TAPCELL_ROW_37_549,VGND,li1,31.5100,113.9480,0.000082
TAP_TAPCELL_ROW_36_548,VGND,li1,250.4700,109.0910,0.000103
TAP_TAPCELL_ROW_36_547,VGND,li1,224.7100,109.0910,0.000103
TAP_TAPCELL_ROW_36_546,VGND,li1,198.9500,109.0910,0.000086
TAP_TAPCELL_ROW_36_545,VGND,li1,173.1900,109.0910,0.000098
TAP_TAPCELL_ROW_36_544,VGND,li1,147.4300,109.0910,0.000198
TAP_TAPCELL_ROW_36_543,VGND,li1,121.6700,109.0910,0.000281
TAP_TAPCELL_ROW_36_542,VGND,li1,95.9100,109.0910,0.000263
TAP_TAPCELL_ROW_36_541,VGND,li1,70.1500,109.0910,0.000201
TAP_TAPCELL_ROW_36_540,VGND,li1,44.3900,109.0910,0.000116
TAP_TAPCELL_ROW_36_539,VGND,li1,18.6300,109.0910,0.000040
TAP_TAPCELL_ROW_35_538,VGND,li1,237.5900,108.5080,0.000103
TAP_TAPCELL_ROW_35_537,VGND,li1,211.8300,108.5080,0.000097
TAP_TAPCELL_ROW_35_536,VGND,li1,186.0700,108.5080,0.000072
TAP_TAPCELL_ROW_35_535,VGND,li1,160.3100,108.5080,0.000149
TAP_TAPCELL_ROW_35_534,VGND,li1,134.5500,108.5080,0.000244
TAP_TAPCELL_ROW_35_533,VGND,li1,108.7900,108.5080,0.000273
TAP_TAPCELL_ROW_35_532,VGND,li1,83.0300,108.5080,0.000236
TAP_TAPCELL_ROW_35_531,VGND,li1,57.2700,108.5080,0.000157
TAP_TAPCELL_ROW_35_530,VGND,li1,31.5100,108.5080,0.000064
TAP_TAPCELL_ROW_34_529,VGND,li1,250.4700,103.6510,0.000241
TAP_TAPCELL_ROW_34_528,VGND,li1,224.7100,103.6510,0.000241
TAP_TAPCELL_ROW_34_527,VGND,li1,198.9500,103.6510,0.000223
TAP_TAPCELL_ROW_34_526,VGND,li1,173.1900,103.6510,0.000130
TAP_TAPCELL_ROW_34_525,VGND,li1,147.4300,103.6510,0.000207
TAP_TAPCELL_ROW_34_524,VGND,li1,121.6700,103.6510,0.000271
TAP_TAPCELL_ROW_34_523,VGND,li1,95.9100,103.6510,0.000306
TAP_TAPCELL_ROW_34_522,VGND,li1,70.1500,103.6510,0.000315
TAP_TAPCELL_ROW_34_521,VGND,li1,44.3900,103.6510,0.000200
TAP_TAPCELL_ROW_34_520,VGND,li1,18.6300,103.6510,0.000090
TAP_TAPCELL_ROW_33_519,VGND,li1,237.5900,103.0680,0.000241
TAP_TAPCELL_ROW_33_518,VGND,li1,211.8300,103.0680,0.000237
TAP_TAPCELL_ROW_33_517,VGND,li1,186.0700,103.0680,0.000185
TAP_TAPCELL_ROW_33_516,VGND,li1,160.3100,103.0680,0.000167
TAP_TAPCELL_ROW_33_515,VGND,li1,134.5500,103.0680,0.000238
TAP_TAPCELL_ROW_33_514,VGND,li1,108.7900,103.0680,0.000291
TAP_TAPCELL_ROW_33_513,VGND,li1,83.0300,103.0680,0.000321
TAP_TAPCELL_ROW_33_512,VGND,li1,57.2700,103.0680,0.000282
TAP_TAPCELL_ROW_33_511,VGND,li1,31.5100,103.0680,0.000123
TAP_TAPCELL_ROW_32_510,VGND,li1,250.4700,98.2110,0.000344
TAP_TAPCELL_ROW_32_509,VGND,li1,224.7100,98.2110,0.000314
TAP_TAPCELL_ROW_32_508,VGND,li1,198.9500,98.2110,0.000230
TAP_TAPCELL_ROW_32_507,VGND,li1,173.1900,98.2110,0.000133
TAP_TAPCELL_ROW_32_506,VGND,li1,147.4300,98.2110,0.000257
TAP_TAPCELL_ROW_32_505,VGND,li1,121.6700,98.2110,0.000373
TAP_TAPCELL_ROW_32_504,VGND,li1,95.9100,98.2110,0.000449
TAP_TAPCELL_ROW_32_503,VGND,li1,70.1500,98.2110,0.000423
TAP_TAPCELL_ROW_32_502,VGND,li1,44.3900,98.2110,0.000265
TAP_TAPCELL_ROW_32_501,VGND,li1,18.6300,98.2110,0.000127
TAP_TAPCELL_ROW_31_500,VGND,li1,237.5900,97.6280,0.000337
TAP_TAPCELL_ROW_31_499,VGND,li1,211.8300,97.6280,0.000284
TAP_TAPCELL_ROW_31_498,VGND,li1,186.0700,97.6280,0.000162
TAP_TAPCELL_ROW_31_497,VGND,li1,160.3100,97.6280,0.000192
TAP_TAPCELL_ROW_31_496,VGND,li1,134.5500,97.6280,0.000321
TAP_TAPCELL_ROW_31_495,VGND,li1,108.7900,97.6280,0.000416
TAP_TAPCELL_ROW_31_494,VGND,li1,83.0300,97.6280,0.000464
TAP_TAPCELL_ROW_31_493,VGND,li1,57.2700,97.6280,0.000349
TAP_TAPCELL_ROW_31_492,VGND,li1,31.5100,97.6280,0.000162
TAP_TAPCELL_ROW_30_491,VGND,li1,250.4700,92.7710,0.000362
TAP_TAPCELL_ROW_30_490,VGND,li1,224.7100,92.7710,0.000307
TAP_TAPCELL_ROW_30_489,VGND,li1,198.9500,92.7710,0.000190
TAP_TAPCELL_ROW_30_488,VGND,li1,173.1900,92.7710,0.000116
TAP_TAPCELL_ROW_30_487,VGND,li1,147.4300,92.7710,0.000205
TAP_TAPCELL_ROW_30_486,VGND,li1,121.6700,92.7710,0.000263
TAP_TAPCELL_ROW_30_485,VGND,li1,95.9100,92.7710,0.000296
TAP_TAPCELL_ROW_30_484,VGND,li1,70.1500,92.7710,0.000253
TAP_TAPCELL_ROW_30_483,VGND,li1,44.3900,92.7710,0.000141
TAP_TAPCELL_ROW_30_482,VGND,li1,18.6300,92.7710,0.000059
TAP_TAPCELL_ROW_29_481,VGND,li1,237.5900,92.1880,0.000354
TAP_TAPCELL_ROW_29_480,VGND,li1,211.8300,92.1880,0.000251
TAP_TAPCELL_ROW_29_479,VGND,li1,186.0700,92.1880,0.000131
TAP_TAPCELL_ROW_29_478,VGND,li1,160.3100,92.1880,0.000165
TAP_TAPCELL_ROW_29_477,VGND,li1,134.5500,92.1880,0.000238
TAP_TAPCELL_ROW_29_476,VGND,li1,108.7900,92.1880,0.000283
TAP_TAPCELL_ROW_29_475,VGND,li1,83.0300,92.1880,0.000295
TAP_TAPCELL_ROW_29_474,VGND,li1,57.2700,92.1880,0.000198
TAP_TAPCELL_ROW_29_473,VGND,li1,31.5100,92.1880,0.000085
TAP_TAPCELL_ROW_28_472,VGND,li1,250.4700,87.3310,0.000214
TAP_TAPCELL_ROW_28_471,VGND,li1,224.7100,87.3310,0.000196
TAP_TAPCELL_ROW_28_470,VGND,li1,198.9500,87.3310,0.000143
TAP_TAPCELL_ROW_28_469,VGND,li1,173.1900,87.3310,0.000140
TAP_TAPCELL_ROW_28_468,VGND,li1,147.4300,87.3310,0.000299
TAP_TAPCELL_ROW_28_467,VGND,li1,121.6700,87.3310,0.000377
TAP_TAPCELL_ROW_28_466,VGND,li1,95.9100,87.3310,0.000362
TAP_TAPCELL_ROW_28_465,VGND,li1,70.1500,87.3310,0.000313
TAP_TAPCELL_ROW_28_464,VGND,li1,44.3900,87.3310,0.000227
TAP_TAPCELL_ROW_28_463,VGND,li1,18.6300,87.3310,0.000090
TAP_TAPCELL_ROW_27_462,VGND,li1,237.5900,86.7480,0.000211
TAP_TAPCELL_ROW_27_461,VGND,li1,211.8300,86.7480,0.000169
TAP_TAPCELL_ROW_27_460,VGND,li1,186.0700,86.7480,0.000111
TAP_TAPCELL_ROW_27_459,VGND,li1,160.3100,86.7480,0.000235
TAP_TAPCELL_ROW_27_458,VGND,li1,134.5500,86.7480,0.000341
TAP_TAPCELL_ROW_27_457,VGND,li1,108.7900,86.7480,0.000378
TAP_TAPCELL_ROW_27_456,VGND,li1,83.0300,86.7480,0.000342
TAP_TAPCELL_ROW_27_455,VGND,li1,57.2700,86.7480,0.000282
TAP_TAPCELL_ROW_27_454,VGND,li1,31.5100,86.7480,0.000131
TAP_TAPCELL_ROW_26_453,VGND,li1,250.4700,81.8910,0.000144
TAP_TAPCELL_ROW_26_452,VGND,li1,224.7100,81.8910,0.000131
TAP_TAPCELL_ROW_26_451,VGND,li1,198.9500,81.8910,0.000087
TAP_TAPCELL_ROW_26_450,VGND,li1,173.1900,81.8910,0.000072
TAP_TAPCELL_ROW_26_449,VGND,li1,147.4300,81.8910,0.000158
TAP_TAPCELL_ROW_26_448,VGND,li1,121.6700,81.8910,0.000222
TAP_TAPCELL_ROW_26_447,VGND,li1,95.9100,81.8910,0.000243
TAP_TAPCELL_ROW_26_446,VGND,li1,70.1500,81.8910,0.000208
TAP_TAPCELL_ROW_26_445,VGND,li1,44.3900,81.8910,0.000132
TAP_TAPCELL_ROW_26_444,VGND,li1,18.6300,81.8910,0.000047
TAP_TAPCELL_ROW_25_443,VGND,li1,237.5900,81.3080,0.000141
TAP_TAPCELL_ROW_25_442,VGND,li1,211.8300,81.3080,0.000109
TAP_TAPCELL_ROW_25_441,VGND,li1,186.0700,81.3080,0.000064
TAP_TAPCELL_ROW_25_440,VGND,li1,160.3100,81.3080,0.000115
TAP_TAPCELL_ROW_25_439,VGND,li1,134.5500,81.3080,0.000197
TAP_TAPCELL_ROW_25_438,VGND,li1,108.7900,81.3080,0.000239
TAP_TAPCELL_ROW_25_437,VGND,li1,83.0300,81.3080,0.000231
TAP_TAPCELL_ROW_25_436,VGND,li1,57.2700,81.3080,0.000173
TAP_TAPCELL_ROW_25_435,VGND,li1,31.5100,81.3080,0.000077
TAP_TAPCELL_ROW_24_434,VGND,li1,250.4700,76.4510,0.000160
TAP_TAPCELL_ROW_24_433,VGND,li1,224.7100,76.4510,0.000149
TAP_TAPCELL_ROW_24_432,VGND,li1,198.9500,76.4510,0.000107
TAP_TAPCELL_ROW_24_431,VGND,li1,173.1900,76.4510,0.000082
TAP_TAPCELL_ROW_24_430,VGND,li1,147.4300,76.4510,0.000177
TAP_TAPCELL_ROW_24_429,VGND,li1,121.6700,76.4510,0.000234
TAP_TAPCELL_ROW_24_428,VGND,li1,95.9100,76.4510,0.000261
TAP_TAPCELL_ROW_24_427,VGND,li1,70.1500,76.4510,0.000200
TAP_TAPCELL_ROW_24_426,VGND,li1,44.3900,76.4510,0.000118
TAP_TAPCELL_ROW_24_425,VGND,li1,18.6300,76.4510,0.000052
TAP_TAPCELL_ROW_23_424,VGND,li1,237.5900,75.8680,0.000158
TAP_TAPCELL_ROW_23_423,VGND,li1,211.8300,75.8680,0.000136
TAP_TAPCELL_ROW_23_422,VGND,li1,186.0700,75.8680,0.000077
TAP_TAPCELL_ROW_23_421,VGND,li1,160.3100,75.8680,0.000136
TAP_TAPCELL_ROW_23_420,VGND,li1,134.5500,75.8680,0.000211
TAP_TAPCELL_ROW_23_419,VGND,li1,108.7900,75.8680,0.000251
TAP_TAPCELL_ROW_23_418,VGND,li1,83.0300,75.8680,0.000240
TAP_TAPCELL_ROW_23_417,VGND,li1,57.2700,75.8680,0.000157
TAP_TAPCELL_ROW_23_416,VGND,li1,31.5100,75.8680,0.000077
TAP_TAPCELL_ROW_22_415,VGND,li1,250.4700,71.0110,0.000146
TAP_TAPCELL_ROW_22_414,VGND,li1,224.7100,71.0110,0.000138
TAP_TAPCELL_ROW_22_413,VGND,li1,198.9500,71.0110,0.000109
TAP_TAPCELL_ROW_22_412,VGND,li1,173.1900,71.0110,0.000111
TAP_TAPCELL_ROW_22_411,VGND,li1,147.4300,71.0110,0.000213
TAP_TAPCELL_ROW_22_410,VGND,li1,121.6700,71.0110,0.000241
TAP_TAPCELL_ROW_22_409,VGND,li1,95.9100,71.0110,0.000238
TAP_TAPCELL_ROW_22_408,VGND,li1,70.1500,71.0110,0.000202
TAP_TAPCELL_ROW_22_407,VGND,li1,44.3900,71.0110,0.000148
TAP_TAPCELL_ROW_22_406,VGND,li1,18.6300,71.0110,0.000096
TAP_TAPCELL_ROW_21_405,VGND,li1,237.5900,70.4280,0.000146
TAP_TAPCELL_ROW_21_404,VGND,li1,211.8300,70.4280,0.000123
TAP_TAPCELL_ROW_21_403,VGND,li1,186.0700,70.4280,0.000089
TAP_TAPCELL_ROW_21_402,VGND,li1,160.3100,70.4280,0.000179
TAP_TAPCELL_ROW_21_401,VGND,li1,134.5500,70.4280,0.000230
TAP_TAPCELL_ROW_21_400,VGND,li1,108.7900,70.4280,0.000242
TAP_TAPCELL_ROW_21_399,VGND,li1,83.0300,70.4280,0.000221
TAP_TAPCELL_ROW_21_398,VGND,li1,57.2700,70.4280,0.000173
TAP_TAPCELL_ROW_21_397,VGND,li1,31.5100,70.4280,0.000110
TAP_TAPCELL_ROW_20_396,VGND,li1,250.4700,65.5710,0.000540
TAP_TAPCELL_ROW_20_395,VGND,li1,224.7100,65.5710,0.000508
TAP_TAPCELL_ROW_20_394,VGND,li1,198.9500,65.5710,0.000375
TAP_TAPCELL_ROW_20_393,VGND,li1,173.1900,65.5710,0.000232
TAP_TAPCELL_ROW_20_392,VGND,li1,147.4300,65.5710,0.000358
TAP_TAPCELL_ROW_20_391,VGND,li1,121.6700,65.5710,0.000466
TAP_TAPCELL_ROW_20_390,VGND,li1,95.9100,65.5710,0.000535
TAP_TAPCELL_ROW_20_389,VGND,li1,70.1500,65.5710,0.000519
TAP_TAPCELL_ROW_20_388,VGND,li1,44.3900,65.5710,0.000333
TAP_TAPCELL_ROW_20_387,VGND,li1,18.6300,65.5710,0.000119
TAP_TAPCELL_ROW_19_386,VGND,li1,237.5900,64.9880,0.000537
TAP_TAPCELL_ROW_19_385,VGND,li1,211.8300,64.9880,0.000443
TAP_TAPCELL_ROW_19_384,VGND,li1,186.0700,64.9880,0.000300
TAP_TAPCELL_ROW_19_383,VGND,li1,160.3100,64.9880,0.000299
TAP_TAPCELL_ROW_19_382,VGND,li1,134.5500,64.9880,0.000414
TAP_TAPCELL_ROW_19_381,VGND,li1,108.7900,64.9880,0.000502
TAP_TAPCELL_ROW_19_380,VGND,li1,83.0300,64.9880,0.000559
TAP_TAPCELL_ROW_19_379,VGND,li1,57.2700,64.9880,0.000442
TAP_TAPCELL_ROW_19_378,VGND,li1,31.5100,64.9880,0.000195
TAP_TAPCELL_ROW_18_377,VGND,li1,250.4700,60.1310,0.000269
TAP_TAPCELL_ROW_18_376,VGND,li1,224.7100,60.1310,0.000249
TAP_TAPCELL_ROW_18_375,VGND,li1,198.9500,60.1310,0.000191
TAP_TAPCELL_ROW_18_374,VGND,li1,173.1900,60.1310,0.000119
TAP_TAPCELL_ROW_18_373,VGND,li1,147.4300,60.1310,0.000222
TAP_TAPCELL_ROW_18_372,VGND,li1,121.6700,60.1310,0.000319
TAP_TAPCELL_ROW_18_371,VGND,li1,95.9100,60.1310,0.000302
TAP_TAPCELL_ROW_18_370,VGND,li1,70.1500,60.1310,0.000273
TAP_TAPCELL_ROW_18_369,VGND,li1,44.3900,60.1310,0.000161
TAP_TAPCELL_ROW_18_368,VGND,li1,18.6300,60.1310,0.000073
TAP_TAPCELL_ROW_17_367,VGND,li1,237.5900,59.5480,0.000264
TAP_TAPCELL_ROW_17_366,VGND,li1,211.8300,59.5480,0.000231
TAP_TAPCELL_ROW_17_365,VGND,li1,186.0700,59.5480,0.000124
TAP_TAPCELL_ROW_17_364,VGND,li1,160.3100,59.5480,0.000174
TAP_TAPCELL_ROW_17_363,VGND,li1,134.5500,59.5480,0.000275
TAP_TAPCELL_ROW_17_362,VGND,li1,108.7900,59.5480,0.000312
TAP_TAPCELL_ROW_17_361,VGND,li1,83.0300,59.5480,0.000292
TAP_TAPCELL_ROW_17_360,VGND,li1,57.2700,59.5480,0.000214
TAP_TAPCELL_ROW_17_359,VGND,li1,31.5100,59.5480,0.000102
TAP_TAPCELL_ROW_16_358,VGND,li1,250.4700,54.6910,0.000377
TAP_TAPCELL_ROW_16_357,VGND,li1,224.7100,54.6910,0.000314
TAP_TAPCELL_ROW_16_356,VGND,li1,198.9500,54.6910,0.000196
TAP_TAPCELL_ROW_16_355,VGND,li1,173.1900,54.6910,0.000091
TAP_TAPCELL_ROW_16_354,VGND,li1,147.4300,54.6910,0.000148
TAP_TAPCELL_ROW_16_353,VGND,li1,121.6700,54.6910,0.000201
TAP_TAPCELL_ROW_16_352,VGND,li1,95.9100,54.6910,0.000229
TAP_TAPCELL_ROW_16_351,VGND,li1,70.1500,54.6910,0.000208
TAP_TAPCELL_ROW_16_350,VGND,li1,44.3900,54.6910,0.000136
TAP_TAPCELL_ROW_16_349,VGND,li1,18.6300,54.6910,0.000059
TAP_TAPCELL_ROW_15_348,VGND,li1,237.5900,54.1080,0.000350
TAP_TAPCELL_ROW_15_347,VGND,li1,211.8300,54.1080,0.000260
TAP_TAPCELL_ROW_15_346,VGND,li1,186.0700,54.1080,0.000118
TAP_TAPCELL_ROW_15_345,VGND,li1,160.3100,54.1080,0.000119
TAP_TAPCELL_ROW_15_344,VGND,li1,134.5500,54.1080,0.000176
TAP_TAPCELL_ROW_15_343,VGND,li1,108.7900,54.1080,0.000220
TAP_TAPCELL_ROW_15_342,VGND,li1,83.0300,54.1080,0.000227
TAP_TAPCELL_ROW_15_341,VGND,li1,57.2700,54.1080,0.000182
TAP_TAPCELL_ROW_15_340,VGND,li1,31.5100,54.1080,0.000085
TAP_TAPCELL_ROW_14_339,VGND,li1,250.4700,49.2510,0.000155
TAP_TAPCELL_ROW_14_338,VGND,li1,224.7100,49.2510,0.000148
TAP_TAPCELL_ROW_14_337,VGND,li1,198.9500,49.2510,0.000115
TAP_TAPCELL_ROW_14_336,VGND,li1,173.1900,49.2510,0.000117
TAP_TAPCELL_ROW_14_335,VGND,li1,147.4300,49.2510,0.000217
TAP_TAPCELL_ROW_14_334,VGND,li1,121.6700,49.2510,0.000244
TAP_TAPCELL_ROW_14_333,VGND,li1,95.9100,49.2510,0.000242
TAP_TAPCELL_ROW_14_332,VGND,li1,70.1500,49.2510,0.000225
TAP_TAPCELL_ROW_14_331,VGND,li1,44.3900,49.2510,0.000167
TAP_TAPCELL_ROW_14_330,VGND,li1,18.6300,49.2510,0.000148
TAP_TAPCELL_ROW_13_329,VGND,li1,237.5900,48.6680,0.000155
TAP_TAPCELL_ROW_13_328,VGND,li1,211.8300,48.6680,0.000136
TAP_TAPCELL_ROW_13_327,VGND,li1,186.0700,48.6680,0.000093
TAP_TAPCELL_ROW_13_326,VGND,li1,160.3100,48.6680,0.000190
TAP_TAPCELL_ROW_13_325,VGND,li1,134.5500,48.6680,0.000238
TAP_TAPCELL_ROW_13_324,VGND,li1,108.7900,48.6680,0.000245
TAP_TAPCELL_ROW_13_323,VGND,li1,83.0300,48.6680,0.000237
TAP_TAPCELL_ROW_13_322,VGND,li1,57.2700,48.6680,0.000200
TAP_TAPCELL_ROW_13_321,VGND,li1,31.5100,48.6680,0.000132
TAP_TAPCELL_ROW_12_320,VGND,li1,250.4700,43.8110,0.000041
TAP_TAPCELL_ROW_12_319,VGND,li1,224.7100,43.8110,0.000041
TAP_TAPCELL_ROW_12_318,VGND,li1,198.9500,43.8110,0.000041
TAP_TAPCELL_ROW_12_317,VGND,li1,173.1900,43.8110,0.000046
TAP_TAPCELL_ROW_12_316,VGND,li1,147.4300,43.8110,0.000093
TAP_TAPCELL_ROW_12_315,VGND,li1,121.6700,43.8110,0.000114
TAP_TAPCELL_ROW_12_314,VGND,li1,95.9100,43.8110,0.000131
TAP_TAPCELL_ROW_12_313,VGND,li1,70.1500,43.8110,0.000111
TAP_TAPCELL_ROW_12_312,VGND,li1,44.3900,43.8110,0.000077
TAP_TAPCELL_ROW_12_311,VGND,li1,18.6300,43.8110,0.000056
TAP_TAPCELL_ROW_11_310,VGND,li1,237.5900,43.2280,0.000041
TAP_TAPCELL_ROW_11_309,VGND,li1,211.8300,43.2280,0.000041
TAP_TAPCELL_ROW_11_308,VGND,li1,186.0700,43.2280,0.000036
TAP_TAPCELL_ROW_11_307,VGND,li1,160.3100,43.2280,0.000073
TAP_TAPCELL_ROW_11_306,VGND,li1,134.5500,43.2280,0.000104
TAP_TAPCELL_ROW_11_305,VGND,li1,108.7900,43.2280,0.000125
TAP_TAPCELL_ROW_11_304,VGND,li1,83.0300,43.2280,0.000124
TAP_TAPCELL_ROW_11_303,VGND,li1,57.2700,43.2280,0.000097
TAP_TAPCELL_ROW_11_302,VGND,li1,31.5100,43.2280,0.000057
TAP_TAPCELL_ROW_10_301,VGND,li1,250.4700,38.3710,0.000014
TAP_TAPCELL_ROW_10_300,VGND,li1,224.7100,38.3710,0.000014
TAP_TAPCELL_ROW_10_299,VGND,li1,198.9500,38.3710,0.000014
TAP_TAPCELL_ROW_10_298,VGND,li1,173.1900,38.3710,0.000021
TAP_TAPCELL_ROW_10_297,VGND,li1,147.4300,38.3710,0.000058
TAP_TAPCELL_ROW_10_296,VGND,li1,121.6700,38.3710,0.000091
TAP_TAPCELL_ROW_10_295,VGND,li1,95.9100,38.3710,0.000094
TAP_TAPCELL_ROW_10_294,VGND,li1,70.1500,38.3710,0.000076
TAP_TAPCELL_ROW_10_293,VGND,li1,44.3900,38.3710,0.000044
TAP_TAPCELL_ROW_10_292,VGND,li1,18.6300,38.3710,0.000015
TAP_TAPCELL_ROW_9_291,VGND,li1,237.5900,37.7880,0.000014
TAP_TAPCELL_ROW_9_290,VGND,li1,211.8300,37.7880,0.000014
TAP_TAPCELL_ROW_9_289,VGND,li1,186.0700,37.7880,0.000014
TAP_TAPCELL_ROW_9_288,VGND,li1,160.3100,37.7880,0.000039
TAP_TAPCELL_ROW_9_287,VGND,li1,134.5500,37.7880,0.000079
TAP_TAPCELL_ROW_9_286,VGND,li1,108.7900,37.7880,0.000095
TAP_TAPCELL_ROW_9_285,VGND,li1,83.0300,37.7880,0.000088
TAP_TAPCELL_ROW_9_284,VGND,li1,57.2700,37.7880,0.000064
TAP_TAPCELL_ROW_9_283,VGND,li1,31.5100,37.7880,0.000025
TAP_TAPCELL_ROW_8_282,VGND,li1,250.4700,32.9310,0.000073
TAP_TAPCELL_ROW_8_281,VGND,li1,224.7100,32.9310,0.000073
TAP_TAPCELL_ROW_8_280,VGND,li1,198.9500,32.9310,0.000073
TAP_TAPCELL_ROW_8_279,VGND,li1,173.1900,32.9310,0.000113
TAP_TAPCELL_ROW_8_278,VGND,li1,147.4300,32.9310,0.000192
TAP_TAPCELL_ROW_8_277,VGND,li1,121.6700,32.9310,0.000221
TAP_TAPCELL_ROW_8_276,VGND,li1,95.9100,32.9310,0.000217
TAP_TAPCELL_ROW_8_275,VGND,li1,70.1500,32.9310,0.000187
TAP_TAPCELL_ROW_8_274,VGND,li1,44.3900,32.9310,0.000118
TAP_TAPCELL_ROW_8_273,VGND,li1,18.6300,32.9310,0.000049
TAP_TAPCELL_ROW_7_272,VGND,li1,237.5900,32.3480,0.000073
TAP_TAPCELL_ROW_7_271,VGND,li1,211.8300,32.3480,0.000073
TAP_TAPCELL_ROW_7_270,VGND,li1,186.0700,32.3480,0.000073
TAP_TAPCELL_ROW_7_269,VGND,li1,160.3100,32.3480,0.000155
TAP_TAPCELL_ROW_7_268,VGND,li1,134.5500,32.3480,0.000216
TAP_TAPCELL_ROW_7_267,VGND,li1,108.7900,32.3480,0.000220
TAP_TAPCELL_ROW_7_266,VGND,li1,83.0300,32.3480,0.000207
TAP_TAPCELL_ROW_7_265,VGND,li1,57.2700,32.3480,0.000159
TAP_TAPCELL_ROW_7_264,VGND,li1,31.5100,32.3480,0.000080
TAP_TAPCELL_ROW_6_263,VGND,li1,250.4700,27.4910,0.000083
TAP_TAPCELL_ROW_6_262,VGND,li1,224.7100,27.4910,0.000083
TAP_TAPCELL_ROW_6_261,VGND,li1,198.9500,27.4910,0.000083
TAP_TAPCELL_ROW_6_260,VGND,li1,173.1900,27.4910,0.000121
TAP_TAPCELL_ROW_6_259,VGND,li1,147.4300,27.4910,0.000315
TAP_TAPCELL_ROW_6_258,VGND,li1,121.6700,27.4910,0.000443
TAP_TAPCELL_ROW_6_257,VGND,li1,95.9100,27.4910,0.000492
TAP_TAPCELL_ROW_6_256,VGND,li1,70.1500,27.4910,0.000455
TAP_TAPCELL_ROW_6_255,VGND,li1,44.3900,27.4910,0.000326
TAP_TAPCELL_ROW_6_254,VGND,li1,18.6300,27.4910,0.000117
TAP_TAPCELL_ROW_5_253,VGND,li1,237.5900,26.9080,0.000083
TAP_TAPCELL_ROW_5_252,VGND,li1,211.8300,26.9080,0.000083
TAP_TAPCELL_ROW_5_251,VGND,li1,186.0700,26.9080,0.000083
TAP_TAPCELL_ROW_5_250,VGND,li1,160.3100,26.9080,0.000227
TAP_TAPCELL_ROW_5_249,VGND,li1,134.5500,26.9080,0.000381
TAP_TAPCELL_ROW_5_248,VGND,li1,108.7900,26.9080,0.000481
TAP_TAPCELL_ROW_5_247,VGND,li1,83.0300,26.9080,0.000494
TAP_TAPCELL_ROW_5_246,VGND,li1,57.2700,26.9080,0.000409
TAP_TAPCELL_ROW_5_245,VGND,li1,31.5100,26.9080,0.000198
TAP_TAPCELL_ROW_4_244,VGND,li1,250.4700,22.0510,0.000023
TAP_TAPCELL_ROW_4_243,VGND,li1,224.7100,22.0510,0.000023
TAP_TAPCELL_ROW_4_242,VGND,li1,198.9500,22.0510,0.000023
TAP_TAPCELL_ROW_4_241,VGND,li1,173.1900,22.0510,0.000035
TAP_TAPCELL_ROW_4_240,VGND,li1,147.4300,22.0510,0.000094
TAP_TAPCELL_ROW_4_239,VGND,li1,121.6700,22.0510,0.000136
TAP_TAPCELL_ROW_4_238,VGND,li1,95.9100,22.0510,0.000132
TAP_TAPCELL_ROW_4_237,VGND,li1,70.1500,22.0510,0.000094
TAP_TAPCELL_ROW_4_236,VGND,li1,44.3900,22.0510,0.000058
TAP_TAPCELL_ROW_4_235,VGND,li1,18.6300,22.0510,0.000027
TAP_TAPCELL_ROW_3_234,VGND,li1,237.5900,21.4680,0.000023
TAP_TAPCELL_ROW_3_233,VGND,li1,211.8300,21.4680,0.000023
TAP_TAPCELL_ROW_3_232,VGND,li1,186.0700,21.4680,0.000023
TAP_TAPCELL_ROW_3_231,VGND,li1,160.3100,21.4680,0.000068
TAP_TAPCELL_ROW_3_230,VGND,li1,134.5500,21.4680,0.000120
TAP_TAPCELL_ROW_3_229,VGND,li1,108.7900,21.4680,0.000141
TAP_TAPCELL_ROW_3_228,VGND,li1,83.0300,21.4680,0.000116
TAP_TAPCELL_ROW_3_227,VGND,li1,57.2700,21.4680,0.000078
TAP_TAPCELL_ROW_3_226,VGND,li1,31.5100,21.4680,0.000038
TAP_TAPCELL_ROW_2_225,VGND,li1,250.4700,16.6110,0.000052
TAP_TAPCELL_ROW_2_224,VGND,li1,224.7100,16.6110,0.000052
TAP_TAPCELL_ROW_2_223,VGND,li1,198.9500,16.6110,0.000052
TAP_TAPCELL_ROW_2_222,VGND,li1,173.1900,16.6110,0.000080
TAP_TAPCELL_ROW_2_221,VGND,li1,147.4300,16.6110,0.000192
TAP_TAPCELL_ROW_2_220,VGND,li1,121.6700,16.6110,0.000246
TAP_TAPCELL_ROW_2_219,VGND,li1,95.9100,16.6110,0.000282
TAP_TAPCELL_ROW_2_218,VGND,li1,70.1500,16.6110,0.000266
TAP_TAPCELL_ROW_2_217,VGND,li1,44.3900,16.6110,0.000175
TAP_TAPCELL_ROW_2_216,VGND,li1,18.6300,16.6110,0.000064
TAP_TAPCELL_ROW_1_215,VGND,li1,237.5900,16.0280,0.000052
TAP_TAPCELL_ROW_1_214,VGND,li1,211.8300,16.0280,0.000052
TAP_TAPCELL_ROW_1_213,VGND,li1,186.0700,16.0280,0.000052
TAP_TAPCELL_ROW_1_212,VGND,li1,160.3100,16.0280,0.000141
TAP_TAPCELL_ROW_1_211,VGND,li1,134.5500,16.0280,0.000222
TAP_TAPCELL_ROW_1_210,VGND,li1,108.7900,16.0280,0.000269
TAP_TAPCELL_ROW_1_209,VGND,li1,83.0300,16.0280,0.000285
TAP_TAPCELL_ROW_1_208,VGND,li1,57.2700,16.0280,0.000230
TAP_TAPCELL_ROW_1_207,VGND,li1,31.5100,16.0280,0.000102
TAP_TAPCELL_ROW_0_206,VGND,li1,250.4700,11.1710,0.000000
TAP_TAPCELL_ROW_0_205,VGND,li1,237.5900,11.1710,0.000000
TAP_TAPCELL_ROW_0_204,VGND,li1,224.7100,11.1710,0.000000
TAP_TAPCELL_ROW_0_203,VGND,li1,211.8300,11.1710,0.000000
TAP_TAPCELL_ROW_0_202,VGND,li1,198.9500,11.1710,0.000000
TAP_TAPCELL_ROW_0_201,VGND,li1,186.0700,11.1710,0.000000
TAP_TAPCELL_ROW_0_200,VGND,li1,173.1900,11.1710,0.000000
TAP_TAPCELL_ROW_0_199,VGND,li1,160.3100,11.1710,0.000000
TAP_TAPCELL_ROW_0_198,VGND,li1,147.4300,11.1710,0.000000
TAP_TAPCELL_ROW_0_197,VGND,li1,134.5500,11.1710,0.000000
TAP_TAPCELL_ROW_0_196,VGND,li1,121.6700,11.1710,0.000000
TAP_TAPCELL_ROW_0_195,VGND,li1,108.7900,11.1710,0.000000
TAP_TAPCELL_ROW_0_194,VGND,li1,95.9100,11.1710,0.000000
TAP_TAPCELL_ROW_0_193,VGND,li1,83.0300,11.1710,0.000000
TAP_TAPCELL_ROW_0_192,VGND,li1,70.1500,11.1710,0.000000
TAP_TAPCELL_ROW_0_191,VGND,li1,57.2700,11.1710,0.000000
TAP_TAPCELL_ROW_0_190,VGND,li1,44.3900,11.1710,0.000000
TAP_TAPCELL_ROW_0_189,VGND,li1,31.5100,11.1710,0.000000
TAP_TAPCELL_ROW_0_188,VGND,li1,18.6300,11.1710,0.000000
PHY_EDGE_ROW_93_Left_187,VGND,li1,6.2100,266.5600,0.000000
PHY_EDGE_ROW_92_Left_186,VGND,li1,6.2100,261.1200,0.000040
PHY_EDGE_ROW_91_Left_185,VGND,li1,6.2100,261.1200,0.000040
PHY_EDGE_ROW_90_Left_184,VGND,li1,6.2100,255.6800,0.000037
PHY_EDGE_ROW_89_Left_183,VGND,li1,6.2100,255.6800,0.000037
PHY_EDGE_ROW_88_Left_182,VGND,li1,6.2100,250.2400,0.000071
PHY_EDGE_ROW_87_Left_181,VGND,li1,6.2100,250.2400,0.000071
PHY_EDGE_ROW_86_Left_180,VGND,li1,6.2100,244.8000,0.000088
PHY_EDGE_ROW_85_Left_179,VGND,li1,6.2100,244.8000,0.000088
PHY_EDGE_ROW_84_Left_178,VGND,li1,6.2100,239.3600,0.000061
PHY_EDGE_ROW_83_Left_177,VGND,li1,6.2100,239.3600,0.000061
PHY_EDGE_ROW_82_Left_176,VGND,li1,6.2100,233.9200,0.000027
PHY_EDGE_ROW_81_Left_175,VGND,li1,6.2100,233.9200,0.000027
PHY_EDGE_ROW_80_Left_174,VGND,li1,6.2100,228.4800,0.000051
PHY_EDGE_ROW_79_Left_173,VGND,li1,6.2100,228.4800,0.000051
PHY_EDGE_ROW_78_Left_172,VGND,li1,6.2100,223.0400,0.000078
PHY_EDGE_ROW_77_Left_171,VGND,li1,6.2100,223.0400,0.000078
PHY_EDGE_ROW_76_Left_170,VGND,li1,6.2100,217.6000,0.000106
PHY_EDGE_ROW_75_Left_169,VGND,li1,6.2100,217.6000,0.000106
PHY_EDGE_ROW_74_Left_168,VGND,li1,6.2100,212.1600,0.000060
PHY_EDGE_ROW_73_Left_167,VGND,li1,6.2100,212.1600,0.000060
PHY_EDGE_ROW_72_Left_166,VGND,li1,6.2100,206.7200,0.000033
PHY_EDGE_ROW_71_Left_165,VGND,li1,6.2100,206.7200,0.000033
PHY_EDGE_ROW_70_Left_164,VGND,li1,6.2100,201.2800,0.000022
PHY_EDGE_ROW_69_Left_163,VGND,li1,6.2100,201.2800,0.000022
PHY_EDGE_ROW_68_Left_162,VGND,li1,6.2100,195.8400,0.000044
PHY_EDGE_ROW_67_Left_161,VGND,li1,6.2100,195.8400,0.000044
PHY_EDGE_ROW_66_Left_160,VGND,li1,6.2100,190.4000,0.000091
PHY_EDGE_ROW_65_Left_159,VGND,li1,6.2100,190.4000,0.000091
PHY_EDGE_ROW_64_Left_158,VGND,li1,6.2100,184.9600,0.000062
PHY_EDGE_ROW_63_Left_157,VGND,li1,6.2100,184.9600,0.000062
PHY_EDGE_ROW_62_Left_156,VGND,li1,6.2100,179.5200,0.000065
PHY_EDGE_ROW_61_Left_155,VGND,li1,6.2100,179.5200,0.000065
PHY_EDGE_ROW_60_Left_154,VGND,li1,6.2100,174.0800,0.000041
PHY_EDGE_ROW_59_Left_153,VGND,li1,6.2100,174.0800,0.000041
PHY_EDGE_ROW_58_Left_152,VGND,li1,6.2100,168.6400,0.000030
PHY_EDGE_ROW_57_Left_151,VGND,li1,6.2100,168.6400,0.000030
PHY_EDGE_ROW_56_Left_150,VGND,li1,6.2100,163.2000,0.000077
PHY_EDGE_ROW_55_Left_149,VGND,li1,6.2100,163.2000,0.000077
PHY_EDGE_ROW_54_Left_148,VGND,li1,6.2100,157.7600,0.000069
PHY_EDGE_ROW_53_Left_147,VGND,li1,6.2100,157.7600,0.000069
PHY_EDGE_ROW_52_Left_146,VGND,li1,6.2100,152.3200,0.000035
PHY_EDGE_ROW_51_Left_145,VGND,li1,6.2100,152.3200,0.000035
PHY_EDGE_ROW_50_Left_144,VGND,li1,6.2100,146.8800,0.000020
PHY_EDGE_ROW_49_Left_143,VGND,li1,6.2100,146.8800,0.000020
PHY_EDGE_ROW_48_Left_142,VGND,li1,6.2100,141.4400,0.000015
PHY_EDGE_ROW_47_Left_141,VGND,li1,6.2100,141.4400,0.000015
PHY_EDGE_ROW_46_Left_140,VGND,li1,6.2100,136.0000,0.000013
PHY_EDGE_ROW_45_Left_139,VGND,li1,6.2100,136.0000,0.000013
PHY_EDGE_ROW_44_Left_138,VGND,li1,6.2100,130.5600,0.000034
PHY_EDGE_ROW_43_Left_137,VGND,li1,6.2100,130.5600,0.000034
PHY_EDGE_ROW_42_Left_136,VGND,li1,6.2100,125.1200,0.000049
PHY_EDGE_ROW_41_Left_135,VGND,li1,6.2100,125.1200,0.000049
PHY_EDGE_ROW_40_Left_134,VGND,li1,6.2100,119.6800,0.000080
PHY_EDGE_ROW_39_Left_133,VGND,li1,6.2100,119.6800,0.000080
PHY_EDGE_ROW_38_Left_132,VGND,li1,6.2100,114.2400,0.000050
PHY_EDGE_ROW_37_Left_131,VGND,li1,6.2100,114.2400,0.000050
PHY_EDGE_ROW_36_Left_130,VGND,li1,6.2100,108.8000,0.000040
PHY_EDGE_ROW_35_Left_129,VGND,li1,6.2100,108.8000,0.000040
PHY_EDGE_ROW_34_Left_128,VGND,li1,6.2100,103.3600,0.000090
PHY_EDGE_ROW_33_Left_127,VGND,li1,6.2100,103.3600,0.000090
PHY_EDGE_ROW_32_Left_126,VGND,li1,6.2100,97.9200,0.000127
PHY_EDGE_ROW_31_Left_125,VGND,li1,6.2100,97.9200,0.000127
PHY_EDGE_ROW_30_Left_124,VGND,li1,6.2100,92.4800,0.000059
PHY_EDGE_ROW_29_Left_123,VGND,li1,6.2100,92.4800,0.000059
PHY_EDGE_ROW_28_Left_122,VGND,li1,6.2100,87.0400,0.000090
PHY_EDGE_ROW_27_Left_121,VGND,li1,6.2100,87.0400,0.000090
PHY_EDGE_ROW_26_Left_120,VGND,li1,6.2100,81.6000,0.000047
PHY_EDGE_ROW_25_Left_119,VGND,li1,6.2100,81.6000,0.000047
PHY_EDGE_ROW_24_Left_118,VGND,li1,6.2100,76.1600,0.000056
PHY_EDGE_ROW_23_Left_117,VGND,li1,6.2100,76.1600,0.000056
PHY_EDGE_ROW_22_Left_116,VGND,li1,6.2100,70.7200,0.000102
PHY_EDGE_ROW_21_Left_115,VGND,li1,6.2100,70.7200,0.000102
PHY_EDGE_ROW_20_Left_114,VGND,li1,6.2100,65.2800,0.000119
PHY_EDGE_ROW_19_Left_113,VGND,li1,6.2100,65.2800,0.000119
PHY_EDGE_ROW_18_Left_112,VGND,li1,6.2100,59.8400,0.000075
PHY_EDGE_ROW_17_Left_111,VGND,li1,6.2100,59.8400,0.000075
PHY_EDGE_ROW_16_Left_110,VGND,li1,6.2100,54.4000,0.000061
PHY_EDGE_ROW_15_Left_109,VGND,li1,6.2100,54.4000,0.000061
PHY_EDGE_ROW_14_Left_108,VGND,li1,6.2100,48.9600,0.000152
PHY_EDGE_ROW_13_Left_107,VGND,li1,6.2100,48.9600,0.000152
PHY_EDGE_ROW_12_Left_106,VGND,li1,6.2100,43.5200,0.000062
PHY_EDGE_ROW_11_Left_105,VGND,li1,6.2100,43.5200,0.000062
PHY_EDGE_ROW_10_Left_104,VGND,li1,6.2100,38.0800,0.000015
PHY_EDGE_ROW_9_Left_103,VGND,li1,6.2100,38.0800,0.000015
PHY_EDGE_ROW_8_Left_102,VGND,li1,6.2100,32.6400,0.000049
PHY_EDGE_ROW_7_Left_101,VGND,li1,6.2100,32.6400,0.000049
PHY_EDGE_ROW_6_Left_100,VGND,li1,6.2100,27.2000,0.000117
PHY_EDGE_ROW_5_Left_99,VGND,li1,6.2100,27.2000,0.000117
PHY_EDGE_ROW_4_Left_98,VGND,li1,6.2100,21.7600,0.000027
PHY_EDGE_ROW_3_Left_97,VGND,li1,6.2100,21.7600,0.000027
PHY_EDGE_ROW_2_Left_96,VGND,li1,6.2100,16.3200,0.000064
PHY_EDGE_ROW_1_Left_95,VGND,li1,6.2100,16.3200,0.000064
PHY_EDGE_ROW_0_Left_94,VGND,li1,6.2100,10.8800,0.000000
PHY_EDGE_ROW_93_Right_93,VGND,li1,261.5100,266.5600,0.000000
PHY_EDGE_ROW_92_Right_92,VGND,li1,261.5100,261.1200,0.000144
PHY_EDGE_ROW_91_Right_91,VGND,li1,261.5100,261.1200,0.000144
PHY_EDGE_ROW_90_Right_90,VGND,li1,261.5100,255.6800,0.000138
PHY_EDGE_ROW_89_Right_89,VGND,li1,261.5100,255.6800,0.000138
PHY_EDGE_ROW_88_Right_88,VGND,li1,261.5100,250.2400,0.000289
PHY_EDGE_ROW_87_Right_87,VGND,li1,261.5100,250.2400,0.000289
PHY_EDGE_ROW_86_Right_86,VGND,li1,261.5100,244.8000,0.000173
PHY_EDGE_ROW_85_Right_85,VGND,li1,261.5100,244.8000,0.000173
PHY_EDGE_ROW_84_Right_84,VGND,li1,261.5100,239.3600,0.000223
PHY_EDGE_ROW_83_Right_83,VGND,li1,261.5100,239.3600,0.000223
PHY_EDGE_ROW_82_Right_82,VGND,li1,261.5100,233.9200,0.000483
PHY_EDGE_ROW_81_Right_81,VGND,li1,261.5100,233.9200,0.000483
PHY_EDGE_ROW_80_Right_80,VGND,li1,261.5100,228.4800,0.000479
PHY_EDGE_ROW_79_Right_79,VGND,li1,261.5100,228.4800,0.000479
PHY_EDGE_ROW_78_Right_78,VGND,li1,261.5100,223.0400,0.000223
PHY_EDGE_ROW_77_Right_77,VGND,li1,261.5100,223.0400,0.000223
PHY_EDGE_ROW_76_Right_76,VGND,li1,261.5100,217.6000,0.000455
PHY_EDGE_ROW_75_Right_75,VGND,li1,261.5100,217.6000,0.000455
PHY_EDGE_ROW_74_Right_74,VGND,li1,261.5100,212.1600,0.000170
PHY_EDGE_ROW_73_Right_73,VGND,li1,261.5100,212.1600,0.000170
PHY_EDGE_ROW_72_Right_72,VGND,li1,261.5100,206.7200,0.000099
PHY_EDGE_ROW_71_Right_71,VGND,li1,261.5100,206.7200,0.000099
PHY_EDGE_ROW_70_Right_70,VGND,li1,261.5100,201.2800,0.000204
PHY_EDGE_ROW_69_Right_69,VGND,li1,261.5100,201.2800,0.000204
PHY_EDGE_ROW_68_Right_68,VGND,li1,261.5100,195.8400,0.000159
PHY_EDGE_ROW_67_Right_67,VGND,li1,261.5100,195.8400,0.000159
PHY_EDGE_ROW_66_Right_66,VGND,li1,261.5100,190.4000,0.000357
PHY_EDGE_ROW_65_Right_65,VGND,li1,261.5100,190.4000,0.000357
PHY_EDGE_ROW_64_Right_64,VGND,li1,261.5100,184.9600,0.000347
PHY_EDGE_ROW_63_Right_63,VGND,li1,261.5100,184.9600,0.000347
PHY_EDGE_ROW_62_Right_62,VGND,li1,261.5100,179.5200,0.000320
PHY_EDGE_ROW_61_Right_61,VGND,li1,261.5100,179.5200,0.000320
PHY_EDGE_ROW_60_Right_60,VGND,li1,261.5100,174.0800,0.000111
PHY_EDGE_ROW_59_Right_59,VGND,li1,261.5100,174.0800,0.000111
PHY_EDGE_ROW_58_Right_58,VGND,li1,261.5100,168.6400,0.000134
PHY_EDGE_ROW_57_Right_57,VGND,li1,261.5100,168.6400,0.000134
PHY_EDGE_ROW_56_Right_56,VGND,li1,261.5100,163.2000,0.000256
PHY_EDGE_ROW_55_Right_55,VGND,li1,261.5100,163.2000,0.000256
PHY_EDGE_ROW_54_Right_54,VGND,li1,261.5100,157.7600,0.000594
PHY_EDGE_ROW_53_Right_53,VGND,li1,261.5100,157.7600,0.000594
PHY_EDGE_ROW_52_Right_52,VGND,li1,261.5100,152.3200,0.000507
PHY_EDGE_ROW_51_Right_51,VGND,li1,261.5100,152.3200,0.000507
PHY_EDGE_ROW_50_Right_50,VGND,li1,261.5100,146.8800,0.000127
PHY_EDGE_ROW_49_Right_49,VGND,li1,261.5100,146.8800,0.000127
PHY_EDGE_ROW_48_Right_48,VGND,li1,261.5100,141.4400,0.000169
PHY_EDGE_ROW_47_Right_47,VGND,li1,261.5100,141.4400,0.000169
PHY_EDGE_ROW_46_Right_46,VGND,li1,261.5100,136.0000,0.000229
PHY_EDGE_ROW_45_Right_45,VGND,li1,261.5100,136.0000,0.000229
PHY_EDGE_ROW_44_Right_44,VGND,li1,261.5100,130.5600,0.000352
PHY_EDGE_ROW_43_Right_43,VGND,li1,261.5100,130.5600,0.000352
PHY_EDGE_ROW_42_Right_42,VGND,li1,261.5100,125.1200,0.000234
PHY_EDGE_ROW_41_Right_41,VGND,li1,261.5100,125.1200,0.000234
PHY_EDGE_ROW_40_Right_40,VGND,li1,261.5100,119.6800,0.000401
PHY_EDGE_ROW_39_Right_39,VGND,li1,261.5100,119.6800,0.000401
PHY_EDGE_ROW_38_Right_38,VGND,li1,261.5100,114.2400,0.000114
PHY_EDGE_ROW_37_Right_37,VGND,li1,261.5100,114.2400,0.000114
PHY_EDGE_ROW_36_Right_36,VGND,li1,261.5100,108.8000,0.000103
PHY_EDGE_ROW_35_Right_35,VGND,li1,261.5100,108.8000,0.000103
PHY_EDGE_ROW_34_Right_34,VGND,li1,261.5100,103.3600,0.000241
PHY_EDGE_ROW_33_Right_33,VGND,li1,261.5100,103.3600,0.000241
PHY_EDGE_ROW_32_Right_32,VGND,li1,261.5100,97.9200,0.000344
PHY_EDGE_ROW_31_Right_31,VGND,li1,261.5100,97.9200,0.000344
PHY_EDGE_ROW_30_Right_30,VGND,li1,261.5100,92.4800,0.000362
PHY_EDGE_ROW_29_Right_29,VGND,li1,261.5100,92.4800,0.000362
PHY_EDGE_ROW_28_Right_28,VGND,li1,261.5100,87.0400,0.000214
PHY_EDGE_ROW_27_Right_27,VGND,li1,261.5100,87.0400,0.000214
PHY_EDGE_ROW_26_Right_26,VGND,li1,261.5100,81.6000,0.000144
PHY_EDGE_ROW_25_Right_25,VGND,li1,261.5100,81.6000,0.000144
PHY_EDGE_ROW_24_Right_24,VGND,li1,261.5100,76.1600,0.000160
PHY_EDGE_ROW_23_Right_23,VGND,li1,261.5100,76.1600,0.000160
PHY_EDGE_ROW_22_Right_22,VGND,li1,261.5100,70.7200,0.000146
PHY_EDGE_ROW_21_Right_21,VGND,li1,261.5100,70.7200,0.000146
PHY_EDGE_ROW_20_Right_20,VGND,li1,261.5100,65.2800,0.000540
PHY_EDGE_ROW_19_Right_19,VGND,li1,261.5100,65.2800,0.000540
PHY_EDGE_ROW_18_Right_18,VGND,li1,261.5100,59.8400,0.000269
PHY_EDGE_ROW_17_Right_17,VGND,li1,261.5100,59.8400,0.000269
PHY_EDGE_ROW_16_Right_16,VGND,li1,261.5100,54.4000,0.000377
PHY_EDGE_ROW_15_Right_15,VGND,li1,261.5100,54.4000,0.000377
PHY_EDGE_ROW_14_Right_14,VGND,li1,261.5100,48.9600,0.000155
PHY_EDGE_ROW_13_Right_13,VGND,li1,261.5100,48.9600,0.000155
PHY_EDGE_ROW_12_Right_12,VGND,li1,261.5100,43.5200,0.000041
PHY_EDGE_ROW_11_Right_11,VGND,li1,261.5100,43.5200,0.000041
PHY_EDGE_ROW_10_Right_10,VGND,li1,261.5100,38.0800,0.000014
PHY_EDGE_ROW_9_Right_9,VGND,li1,261.5100,38.0800,0.000014
PHY_EDGE_ROW_8_Right_8,VGND,li1,261.5100,32.6400,0.000073
PHY_EDGE_ROW_7_Right_7,VGND,li1,261.5100,32.6400,0.000073
PHY_EDGE_ROW_6_Right_6,VGND,li1,261.5100,27.2000,0.000083
PHY_EDGE_ROW_5_Right_5,VGND,li1,261.5100,27.2000,0.000083
PHY_EDGE_ROW_4_Right_4,VGND,li1,261.5100,21.7600,0.000023
PHY_EDGE_ROW_3_Right_3,VGND,li1,261.5100,21.7600,0.000023
PHY_EDGE_ROW_2_Right_2,VGND,li1,261.5100,16.3200,0.000052
PHY_EDGE_ROW_1_Right_1,VGND,li1,261.5100,16.3200,0.000052
PHY_EDGE_ROW_0_Right_0,VGND,li1,261.5100,10.8800,0.000000
_3838_,VGND,li1,43.7000,27.2000,0.000310
_3837_,VGND,li1,27.6000,21.7600,0.000032
_3836_,VGND,li1,24.8400,32.6400,0.000049
_3835_,VGND,li1,51.9800,32.6400,0.000147
_3834_,VGND,li1,74.0600,16.3200,0.000277
_3833_,VGND,li1,27.6000,48.9600,0.000124
_3832_,VGND,li1,82.3400,54.4000,0.000227
_3831_,VGND,li1,57.0400,16.3200,0.000230
_3830_,VGND,li1,81.8800,92.4800,0.000289
_3829_,VGND,li1,85.1000,114.2400,0.000235
_3828_,VGND,li1,86.9400,87.0400,0.000350
_3827_,VGND,li1,101.2000,65.2800,0.000527
_3826_,VGND,li1,100.2800,81.6000,0.000243
_3825_,VGND,li1,74.0600,114.2400,0.000222
_3824_,VGND,li1,102.1200,108.8000,0.000271
_3823_,VGND,li1,98.9000,97.9200,0.000441
_3822_,VGND,li1,133.4000,233.9200,0.000201
_3821_,VGND,li1,117.3000,239.3600,0.000335
_3820_,VGND,li1,112.7000,233.9200,0.000188
_3819_,VGND,li1,115.4600,261.1200,0.000218
_3818_,VGND,li1,107.6400,244.8000,0.000378
_3817_,VGND,li1,126.5000,239.3600,0.000338
_3816_,VGND,li1,116.3800,250.2400,0.000337
_3815_,VGND,li1,109.9400,255.6800,0.000194
_3814_,VGND,li1,126.9600,223.0400,0.000374
_3813_,VGND,li1,151.5700,261.1200,0.000154
_3812_,VGND,li1,158.2400,255.6800,0.000162
_3811_,VGND,li1,75.6700,32.6400,0.000200
_3810_,VGND,li1,77.7400,32.6400,0.000203
_3809_,VGND,li1,93.6100,16.3200,0.000284
_3808_,VGND,li1,90.8500,16.3200,0.000286
_3807_,VGND,li1,230.2300,239.3600,0.000222
_3806_,VGND,li1,134.3200,228.4800,0.000283
_3805_,VGND,li1,121.9000,233.9200,0.000197
_3804_,VGND,li1,109.9400,228.4800,0.000292
_3803_,VGND,li1,103.9600,261.1200,0.000225
_3802_,VGND,li1,106.2600,239.3600,0.000326
_3801_,VGND,li1,124.6600,228.4800,0.000290
_3800_,VGND,li1,107.1800,250.2400,0.000361
_3799_,VGND,li1,100.7400,255.6800,0.000192
_3798_,VGND,li1,139.3800,261.1200,0.000183
_3797_,VGND,li1,129.4900,261.1200,0.000201
_3796_,VGND,li1,134.5500,255.6800,0.000186
_3795_,VGND,li1,216.6600,255.6800,0.000138
_3794_,VGND,li1,215.2800,250.2400,0.000274
_3793_,VGND,li1,212.0600,261.1200,0.000144
_3792_,VGND,li1,206.0800,261.1200,0.000141
_3791_,VGND,li1,203.7800,255.6800,0.000129
_3790_,VGND,li1,199.1800,244.8000,0.000141
_3789_,VGND,li1,193.2000,233.9200,0.000269
_3788_,VGND,li1,194.1200,239.3600,0.000160
_3787_,VGND,li1,190.9000,239.3600,0.000150
_3786_,VGND,li1,193.6600,255.6800,0.000121
_3785_,VGND,li1,190.9000,261.1200,0.000123
_3784_,VGND,li1,181.2400,261.1200,0.000097
_3783_,VGND,li1,178.0200,255.6800,0.000092
_3782_,VGND,li1,172.0400,261.1200,0.000103
_3781_,VGND,li1,178.4800,244.8000,0.000102
_3780_,VGND,li1,178.9400,239.3600,0.000105
_3779_,VGND,li1,166.5200,244.8000,0.000179
_3778_,VGND,li1,167.4400,255.6800,0.000154
_3777_,VGND,li1,154.5600,233.9200,0.000189
_3776_,VGND,li1,166.5200,233.9200,0.000166
_3775_,VGND,li1,154.1000,233.9200,0.000189
_3774_,VGND,li1,87.8600,261.1200,0.000221
_3773_,VGND,li1,89.2400,239.3600,0.000299
_3772_,VGND,li1,87.8600,228.4800,0.000274
_3771_,VGND,li1,56.5800,261.1200,0.000154
_3770_,VGND,li1,40.0200,233.9200,0.000067
_3769_,VGND,li1,48.3000,212.1600,0.000170
_3768_,VGND,li1,71.7600,255.6800,0.000157
_3767_,VGND,li1,38.6400,255.6800,0.000087
_3766_,VGND,li1,65.3200,190.4000,0.000329
_3765_,VGND,li1,56.1200,179.5200,0.000243
_3764_,VGND,li1,63.4800,163.2000,0.000266
_3763_,VGND,li1,53.3600,163.2000,0.000247
_3762_,VGND,li1,40.9400,184.9600,0.000160
_3761_,VGND,li1,38.6400,163.2000,0.000177
_3760_,VGND,li1,50.1400,201.2800,0.000075
_3759_,VGND,li1,36.3400,195.8400,0.000093
_3758_,VGND,li1,35.4200,59.8400,0.000121
_3757_,VGND,li1,11.5000,70.7200,0.000102
_3756_,VGND,li1,10.5800,43.5200,0.000062
_3755_,VGND,li1,14.7200,59.8400,0.000075
_3754_,VGND,li1,49.2200,54.4000,0.000160
_3753_,VGND,li1,28.0600,70.7200,0.000098
_3752_,VGND,li1,49.2200,65.2800,0.000388
_3751_,VGND,li1,63.4800,54.4000,0.000195
_3750_,VGND,li1,246.3300,195.8400,0.000159
_3749_,VGND,li1,249.0900,201.2800,0.000204
_3748_,VGND,li1,66.0100,130.5600,0.000154
_3747_,VGND,li1,61.6400,130.5600,0.000145
_3746_,VGND,li1,55.6600,130.5600,0.000130
_3745_,VGND,li1,48.3000,130.5600,0.000109
_3744_,VGND,li1,48.3000,16.3200,0.000194
_3743_,VGND,li1,33.1200,16.3200,0.000102
_3742_,VGND,li1,35.4200,32.6400,0.000094
_3741_,VGND,li1,61.1800,32.6400,0.000168
_3740_,VGND,li1,81.4200,16.3200,0.000285
_3739_,VGND,li1,36.3400,43.5200,0.000066
_3738_,VGND,li1,84.6400,48.9600,0.000239
_3737_,VGND,li1,64.4000,16.3200,0.000255
_3736_,VGND,li1,103.9600,21.7600,0.000141
_3735_,VGND,li1,100.7400,21.7600,0.000139
_3734_,VGND,li1,107.8700,16.3200,0.000269
_3733_,VGND,li1,225.4000,250.2400,0.000289
_3732_,VGND,li1,229.5400,244.8000,0.000173
_3731_,VGND,li1,223.5600,244.8000,0.000169
_3730_,VGND,li1,216.6600,239.3600,0.000211
_3729_,VGND,li1,219.4200,239.3600,0.000215
_3728_,VGND,li1,210.2200,239.3600,0.000199
_3727_,VGND,li1,208.8400,233.9200,0.000367
_3726_,VGND,li1,218.5000,223.0400,0.000201
_3725_,VGND,li1,218.5000,223.0400,0.000201
_3724_,VGND,li1,221.2600,228.4800,0.000358
_3723_,VGND,li1,230.4600,228.4800,0.000397
_3722_,VGND,li1,222.1800,212.1600,0.000164
_3721_,VGND,li1,231.3800,212.1600,0.000170
_3720_,VGND,li1,230.4600,201.2800,0.000186
_3719_,VGND,li1,232.3000,206.7200,0.000093
_3718_,VGND,li1,242.8800,206.7200,0.000099
_3717_,VGND,li1,242.8800,206.7200,0.000099
_3716_,VGND,li1,237.8200,217.6000,0.000453
_3715_,VGND,li1,242.4200,217.6000,0.000455
_3714_,VGND,li1,255.3000,223.0400,0.000223
_3713_,VGND,li1,255.3000,228.4800,0.000479
_3712_,VGND,li1,255.3000,233.9200,0.000483
_3711_,VGND,li1,242.4200,233.9200,0.000471
_3710_,VGND,li1,238.2800,233.9200,0.000461
_3709_,VGND,li1,127.6500,16.3200,0.000236
_3708_,VGND,li1,129.7200,32.6400,0.000219
_3707_,VGND,li1,129.7200,38.0800,0.000083
_3706_,VGND,li1,133.4000,32.6400,0.000216
_3705_,VGND,li1,142.6000,32.6400,0.000203
_3704_,VGND,li1,147.6600,32.6400,0.000192
_3703_,VGND,li1,156.8600,32.6400,0.000171
_3702_,VGND,li1,166.0600,32.6400,0.000136
_3701_,VGND,li1,168.3600,32.6400,0.000128
_3700_,VGND,li1,169.7400,27.2000,0.000143
_3699_,VGND,li1,166.5200,16.3200,0.000122
_3698_,VGND,li1,165.1400,16.3200,0.000122
_3697_,VGND,li1,155.9400,16.3200,0.000165
_3696_,VGND,li1,146.2800,16.3200,0.000192
_3695_,VGND,li1,142.6000,16.3200,0.000203
_3694_,VGND,li1,139.3800,21.7600,0.000112
_3693_,VGND,li1,133.8600,21.7600,0.000124
_3692_,VGND,li1,123.7400,27.2000,0.000430
_3691_,VGND,li1,120.5200,21.7600,0.000139
_3690_,VGND,li1,114.0800,21.7600,0.000141
_3689_,VGND,li1,79.1200,103.3600,0.000322
_3688_,VGND,li1,86.9400,119.6800,0.000444
_3687_,VGND,li1,82.8000,76.1600,0.000240
_3686_,VGND,li1,99.8200,70.7200,0.000240
_3685_,VGND,li1,98.4400,87.0400,0.000368
_3684_,VGND,li1,66.2400,114.2400,0.000206
_3683_,VGND,li1,97.9800,108.8000,0.000266
_3682_,VGND,li1,91.5400,97.9200,0.000458
_3681_,VGND,li1,40.4800,16.3200,0.000154
_3680_,VGND,li1,25.7600,21.7600,0.000027
_3679_,VGND,li1,23.4600,32.6400,0.000049
_3678_,VGND,li1,49.2200,27.2000,0.000362
_3677_,VGND,li1,71.3000,16.3200,0.000272
_3676_,VGND,li1,27.6000,43.5200,0.000050
_3675_,VGND,li1,74.9800,54.4000,0.000219
_3674_,VGND,li1,58.8800,21.7600,0.000078
_3673_,VGND,li1,46.4600,16.3200,0.000186
_3672_,VGND,li1,25.7600,16.3200,0.000064
_3671_,VGND,li1,30.3600,27.2000,0.000198
_3670_,VGND,li1,61.1800,38.0800,0.000069
_3669_,VGND,li1,78.6600,16.3200,0.000283
_3668_,VGND,li1,34.0400,48.9600,0.000144
_3667_,VGND,li1,79.1200,54.4000,0.000224
_3666_,VGND,li1,62.5600,16.3200,0.000250
_3665_,VGND,li1,114.3100,217.6000,0.000502
_3664_,VGND,li1,110.4000,223.0400,0.000394
_3663_,VGND,li1,113.8500,223.0400,0.000392
_3662_,VGND,li1,116.1500,217.6000,0.000494
_3661_,VGND,li1,75.2100,70.7200,0.000211
_3660_,VGND,li1,80.7300,65.2800,0.000563
_3659_,VGND,li1,97.9800,54.4000,0.000229
_3658_,VGND,li1,100.7400,54.4000,0.000228
_3657_,VGND,li1,120.5200,38.0800,0.000091
_3656_,VGND,li1,116.8400,32.6400,0.000223
_3655_,VGND,li1,113.6200,48.9600,0.000247
_3654_,VGND,li1,113.1600,54.4000,0.000215
_3653_,VGND,li1,115.0000,59.8400,0.000318
_3652_,VGND,li1,106.7200,152.3200,0.000299
_3651_,VGND,li1,101.6600,141.4400,0.000110
_3650_,VGND,li1,100.7400,136.0000,0.000094
_3649_,VGND,li1,101.6600,152.3200,0.000289
_3648_,VGND,li1,103.9600,146.8800,0.000143
_3647_,VGND,li1,96.6000,130.5600,0.000165
_3646_,VGND,li1,100.7400,125.1200,0.000209
_3645_,VGND,li1,103.9600,125.1200,0.000209
_3644_,VGND,li1,228.6200,168.6400,0.000134
_3643_,VGND,li1,238.7400,163.2000,0.000242
_3642_,VGND,li1,234.6000,157.7600,0.000550
_3641_,VGND,li1,245.6400,163.2000,0.000250
_3640_,VGND,li1,254.8400,163.2000,0.000256
_3639_,VGND,li1,232.7600,152.3200,0.000441
_3638_,VGND,li1,253.0000,152.3200,0.000506
_3637_,VGND,li1,255.3000,152.3200,0.000507
_3636_,VGND,li1,139.3800,179.5200,0.000243
_3635_,VGND,li1,139.3800,184.9600,0.000286
_3634_,VGND,li1,126.9600,190.4000,0.000353
_3633_,VGND,li1,129.2600,195.8400,0.000188
_3632_,VGND,li1,127.4200,195.8400,0.000192
_3631_,VGND,li1,128.3400,179.5200,0.000269
_3630_,VGND,li1,119.6000,174.0800,0.000192
_3629_,VGND,li1,119.1400,179.5200,0.000282
_3628_,VGND,li1,183.5400,130.5600,0.000095
_3627_,VGND,li1,186.7600,141.4400,0.000073
_3626_,VGND,li1,181.2400,136.0000,0.000069
_3625_,VGND,li1,190.9000,146.8800,0.000093
_3624_,VGND,li1,200.1000,146.8800,0.000109
_3623_,VGND,li1,197.8000,136.0000,0.000124
_3622_,VGND,li1,186.5300,125.1200,0.000124
_3621_,VGND,li1,198.7200,130.5600,0.000163
_3620_,VGND,li1,132.4800,157.7600,0.000379
_3619_,VGND,li1,116.8400,157.7600,0.000399
_3618_,VGND,li1,120.5200,163.2000,0.000267
_3617_,VGND,li1,116.8400,163.2000,0.000272
_3616_,VGND,li1,129.7200,163.2000,0.000249
_3615_,VGND,li1,116.8400,146.8800,0.000145
_3614_,VGND,li1,127.4200,146.8800,0.000135
_3613_,VGND,li1,118.2200,146.8800,0.000145
_3612_,VGND,li1,182.6200,163.2000,0.000097
_3611_,VGND,li1,178.0200,168.6400,0.000061
_3610_,VGND,li1,181.2400,168.6400,0.000069
_3609_,VGND,li1,192.2800,174.0800,0.000074
_3608_,VGND,li1,212.5200,168.6400,0.000121
_3607_,VGND,li1,200.1000,179.5200,0.000264
_3606_,VGND,li1,203.7800,174.0800,0.000087
_3605_,VGND,li1,216.6600,168.6400,0.000127
_3604_,VGND,li1,74.9800,146.8800,0.000116
_3603_,VGND,li1,81.4200,146.8800,0.000125
_3602_,VGND,li1,90.6200,141.4400,0.000107
_3601_,VGND,li1,87.8600,152.3200,0.000254
_3600_,VGND,li1,74.9800,141.4400,0.000091
_3599_,VGND,li1,74.0600,136.0000,0.000075
_3598_,VGND,li1,78.2000,130.5600,0.000166
_3597_,VGND,li1,74.9800,130.5600,0.000164
_3596_,VGND,li1,255.3000,136.0000,0.000229
_3595_,VGND,li1,241.0400,136.0000,0.000221
_3594_,VGND,li1,242.4200,136.0000,0.000221
_3593_,VGND,li1,250.7000,141.4400,0.000169
_3592_,VGND,li1,255.3000,136.0000,0.000229
_3591_,VGND,li1,239.2000,125.1200,0.000234
_3590_,VGND,li1,255.3000,119.6800,0.000401
_3589_,VGND,li1,253.4600,119.6800,0.000400
_3588_,VGND,li1,229.5400,179.5200,0.000310
_3587_,VGND,li1,230.9200,190.4000,0.000340
_3586_,VGND,li1,229.5400,179.5200,0.000310
_3585_,VGND,li1,231.3800,190.4000,0.000340
_3584_,VGND,li1,245.1800,190.4000,0.000357
_3583_,VGND,li1,240.1200,190.4000,0.000352
_3582_,VGND,li1,248.1700,179.5200,0.000320
_3581_,VGND,li1,245.6400,174.0800,0.000111
_3580_,VGND,li1,189.5200,195.8400,0.000089
_3579_,VGND,li1,180.3200,195.8400,0.000061
_3578_,VGND,li1,190.9000,184.9600,0.000167
_3577_,VGND,li1,188.6000,190.4000,0.000192
_3576_,VGND,li1,178.4800,190.4000,0.000126
_3575_,VGND,li1,171.1200,195.8400,0.000081
_3574_,VGND,li1,169.9700,190.4000,0.000173
_3573_,VGND,li1,168.3600,179.5200,0.000160
_3572_,VGND,li1,145.3600,174.0800,0.000148
_3571_,VGND,li1,143.5200,168.6400,0.000175
_3570_,VGND,li1,142.6000,152.3200,0.000247
_3569_,VGND,li1,145.8200,163.2000,0.000205
_3568_,VGND,li1,157.3200,163.2000,0.000167
_3567_,VGND,li1,166.5200,163.2000,0.000129
_3566_,VGND,li1,145.5900,157.7600,0.000354
_3565_,VGND,li1,159.1600,152.3200,0.000202
_3564_,VGND,li1,177.5600,146.8800,0.000057
_3563_,VGND,li1,178.0200,146.8800,0.000057
_3562_,VGND,li1,178.0200,157.7600,0.000155
_3561_,VGND,li1,172.9600,157.7600,0.000188
_3560_,VGND,li1,212.0600,157.7600,0.000439
_3559_,VGND,li1,203.7800,141.4400,0.000114
_3558_,VGND,li1,224.9400,163.2000,0.000218
_3557_,VGND,li1,219.8800,163.2000,0.000206
_3556_,VGND,li1,139.3800,141.4400,0.000102
_3555_,VGND,li1,126.5000,103.3600,0.000256
_3554_,VGND,li1,131.5600,125.1200,0.000193
_3553_,VGND,li1,126.0400,119.6800,0.000398
_3552_,VGND,li1,176.6400,125.1200,0.000118
_3551_,VGND,li1,207.0000,119.6800,0.000304
_3550_,VGND,li1,190.4400,114.2400,0.000097
_3549_,VGND,li1,200.5600,114.2400,0.000107
_3548_,VGND,li1,116.8400,114.2400,0.000240
_3547_,VGND,li1,120.9800,103.3600,0.000271
_3546_,VGND,li1,141.2200,125.1200,0.000181
_3545_,VGND,li1,107.6400,114.2400,0.000244
_3544_,VGND,li1,209.7600,146.8800,0.000120
_3543_,VGND,li1,237.8200,87.0400,0.000211
_3542_,VGND,li1,242.4200,97.9200,0.000343
_3541_,VGND,li1,219.4200,108.8000,0.000103
_3540_,VGND,li1,142.6000,136.0000,0.000098
_3539_,VGND,li1,109.9400,103.3600,0.000291
_3538_,VGND,li1,121.4400,87.0400,0.000377
_3537_,VGND,li1,113.6200,97.9200,0.000403
_3536_,VGND,li1,219.8800,87.0400,0.000190
_3535_,VGND,li1,224.9400,70.7200,0.000138
_3534_,VGND,li1,229.5400,81.6000,0.000137
_3533_,VGND,li1,224.4800,97.9200,0.000314
_3532_,VGND,li1,155.4800,141.4400,0.000089
_3531_,VGND,li1,166.9800,141.4400,0.000073
_3530_,VGND,li1,165.6000,130.5600,0.000103
_3529_,VGND,li1,156.8600,125.1200,0.000163
_3528_,VGND,li1,201.0200,152.3200,0.000275
_3527_,VGND,li1,242.4200,76.1600,0.000160
_3526_,VGND,li1,242.4200,81.6000,0.000144
_3525_,VGND,li1,235.5200,97.9200,0.000335
_3524_,VGND,li1,112.7000,81.6000,0.000237
_3523_,VGND,li1,113.6200,81.6000,0.000237
_3522_,VGND,li1,123.2800,70.7200,0.000241
_3521_,VGND,li1,111.7800,65.2800,0.000493
_3520_,VGND,li1,223.1000,59.8400,0.000249
_3519_,VGND,li1,242.4200,65.2800,0.000540
_3518_,VGND,li1,237.8200,59.8400,0.000264
_3517_,VGND,li1,222.6400,54.4000,0.000308
_3516_,VGND,li1,167.4400,206.7200,0.000077
_3515_,VGND,li1,178.0200,206.7200,0.000049
_3514_,VGND,li1,179.8600,206.7200,0.000052
_3513_,VGND,li1,184.9200,201.2800,0.000097
_3512_,VGND,li1,190.9000,212.1600,0.000108
_3511_,VGND,li1,197.3400,206.7200,0.000072
_3510_,VGND,li1,202.4000,212.1600,0.000135
_3509_,VGND,li1,209.3000,206.7200,0.000079
_3508_,VGND,li1,210.2200,212.1600,0.000148
_3507_,VGND,li1,204.2400,223.0400,0.000181
_3506_,VGND,li1,202.4000,228.4800,0.000262
_3505_,VGND,li1,189.9800,223.0400,0.000151
_3504_,VGND,li1,190.9000,228.4800,0.000189
_3503_,VGND,li1,171.1200,223.0400,0.000168
_3502_,VGND,li1,178.0200,223.0400,0.000116
_3501_,VGND,li1,176.6400,228.4800,0.000128
_3500_,VGND,li1,163.3000,223.0400,0.000239
_3499_,VGND,li1,153.6400,223.0400,0.000308
_3498_,VGND,li1,155.4800,217.6000,0.000305
_3497_,VGND,li1,156.4000,190.4000,0.000238
_3496_,VGND,li1,146.0500,190.4000,0.000285
_3495_,VGND,li1,155.7100,174.0800,0.000126
_3494_,VGND,li1,157.5500,179.5200,0.000194
_3493_,VGND,li1,219.8800,152.3200,0.000383
_3492_,VGND,li1,221.2600,146.8800,0.000127
_3491_,VGND,li1,217.1200,136.0000,0.000178
_3490_,VGND,li1,223.5600,141.4400,0.000147
_3489_,VGND,li1,229.5400,141.4400,0.000156
_3488_,VGND,li1,216.6600,125.1200,0.000215
_3487_,VGND,li1,214.8200,125.1200,0.000210
_3486_,VGND,li1,230.0000,130.5600,0.000280
_3485_,VGND,li1,146.5100,130.5600,0.000133
_3484_,VGND,li1,129.9500,97.9200,0.000340
_3483_,VGND,li1,139.1500,119.6800,0.000373
_3482_,VGND,li1,131.7900,108.8000,0.000252
_3481_,VGND,li1,178.2500,119.6800,0.000159
_3480_,VGND,li1,210.9100,114.2400,0.000114
_3479_,VGND,li1,191.1300,114.2400,0.000097
_3478_,VGND,li1,204.4700,108.8000,0.000093
_3477_,VGND,li1,124.2000,114.2400,0.000230
_3476_,VGND,li1,125.1200,97.9200,0.000360
_3475_,VGND,li1,152.2600,119.6800,0.000318
_3474_,VGND,li1,113.6200,114.2400,0.000243
_3473_,VGND,li1,209.0700,136.0000,0.000160
_3472_,VGND,li1,242.4200,87.0400,0.000214
_3471_,VGND,li1,239.6600,92.4800,0.000362
_3470_,VGND,li1,219.4200,103.3600,0.000241
_3469_,VGND,li1,152.2600,130.5600,0.000126
_3468_,VGND,li1,111.7800,97.9200,0.000408
_3467_,VGND,li1,126.5000,81.6000,0.000214
_3466_,VGND,li1,112.7000,92.4800,0.000278
_3465_,VGND,li1,218.9600,87.0400,0.000190
_3464_,VGND,li1,223.5600,76.1600,0.000150
_3463_,VGND,li1,224.0200,81.6000,0.000128
_3462_,VGND,li1,224.0200,92.4800,0.000299
_3461_,VGND,li1,159.6200,136.0000,0.000089
_3460_,VGND,li1,169.7400,136.0000,0.000076
_3459_,VGND,li1,168.3600,125.1200,0.000141
_3458_,VGND,li1,165.1400,125.1200,0.000148
_3457_,VGND,li1,187.2200,146.8800,0.000081
_3456_,VGND,li1,237.8200,65.2800,0.000537
_3455_,VGND,li1,237.8200,70.7200,0.000146
_3454_,VGND,li1,244.7200,97.9200,0.000344
_3453_,VGND,li1,121.4400,76.1600,0.000234
_3452_,VGND,li1,113.6200,76.1600,0.000245
_3451_,VGND,li1,126.5000,65.2800,0.000447
_3450_,VGND,li1,114.0800,70.7200,0.000244
_3449_,VGND,li1,219.8800,54.4000,0.000297
_3448_,VGND,li1,236.9000,54.4000,0.000350
_3447_,VGND,li1,236.4400,48.9600,0.000155
_3446_,VGND,li1,219.8800,48.9600,0.000144
_3445_,VGND,li1,176.1800,152.3200,0.000145
_3444_,VGND,li1,137.0800,244.8000,0.000331
_3443_,VGND,li1,146.7400,244.8000,0.000284
_3442_,VGND,li1,146.5100,255.6800,0.000173
_3441_,VGND,li1,142.6000,233.9200,0.000199
_3440_,VGND,li1,146.9700,239.3600,0.000257
_3439_,VGND,li1,92.0000,255.6800,0.000185
_3438_,VGND,li1,95.2200,250.2400,0.000393
_3437_,VGND,li1,99.8200,228.4800,0.000288
_3436_,VGND,li1,61.1800,261.1200,0.000171
_3435_,VGND,li1,46.4600,239.3600,0.000178
_3434_,VGND,li1,45.5400,223.0400,0.000211
_3433_,VGND,li1,76.8200,261.1200,0.000207
_3432_,VGND,li1,45.0800,261.1200,0.000117
_3431_,VGND,li1,88.3200,27.2000,0.000497
_3430_,VGND,li1,89.7000,27.2000,0.000497
_3429_,VGND,li1,92.0000,32.6400,0.000216
_3428_,VGND,li1,103.0400,38.0800,0.000096
_3427_,VGND,li1,84.1800,38.0800,0.000090
_3426_,VGND,li1,88.3200,43.5200,0.000128
_3425_,VGND,li1,100.7400,43.5200,0.000132
_3424_,VGND,li1,99.3600,43.5200,0.000132
_3423_,VGND,li1,108.5600,206.7200,0.000157
_3422_,VGND,li1,97.5200,179.5200,0.000298
_3421_,VGND,li1,97.5200,163.2000,0.000288
_3420_,VGND,li1,81.4200,157.7600,0.000398
_3419_,VGND,li1,71.7600,184.9600,0.000325
_3418_,VGND,li1,73.1400,174.0800,0.000192
_3417_,VGND,li1,104.8800,195.8400,0.000219
_3416_,VGND,li1,87.4000,201.2800,0.000113
_3415_,VGND,li1,69.4600,97.9200,0.000423
_3414_,VGND,li1,80.0400,108.8000,0.000229
_3413_,VGND,li1,74.5200,81.6000,0.000218
_3412_,VGND,li1,89.7000,65.2800,0.000548
_3411_,VGND,li1,92.9200,81.6000,0.000242
_3410_,VGND,li1,65.3200,108.8000,0.000184
_3409_,VGND,li1,92.0000,108.8000,0.000256
_3408_,VGND,li1,90.1600,97.9200,0.000458
_3407_,VGND,li1,148.3500,43.5200,0.000091
_3406_,VGND,li1,145.5900,48.9600,0.000222
_3405_,VGND,li1,135.0100,48.9600,0.000238
_3404_,VGND,li1,129.4900,48.9600,0.000242
_3403_,VGND,li1,153.1800,92.4800,0.000188
_3402_,VGND,li1,135.7000,92.4800,0.000235
_3401_,VGND,li1,150.8800,114.2400,0.000171
_3400_,VGND,li1,138.9200,103.3600,0.000228
_3399_,VGND,li1,179.4000,108.8000,0.000065
_3398_,VGND,li1,165.1400,59.8400,0.000150
_3397_,VGND,li1,186.7600,92.4800,0.000131
_3396_,VGND,li1,203.7800,103.3600,0.000231
_3395_,VGND,li1,143.9800,92.4800,0.000214
_3394_,VGND,li1,129.7200,81.6000,0.000207
_3393_,VGND,li1,156.8600,114.2400,0.000151
_3392_,VGND,li1,139.8400,114.2400,0.000199
_3391_,VGND,li1,178.0200,114.2400,0.000068
_3390_,VGND,li1,212.0600,76.1600,0.000136
_3389_,VGND,li1,210.6800,70.7200,0.000123
_3388_,VGND,li1,212.0600,97.9200,0.000284
_3387_,VGND,li1,146.2800,76.1600,0.000177
_3386_,VGND,li1,132.9400,87.0400,0.000347
_3385_,VGND,li1,151.8000,81.6000,0.000144
_3384_,VGND,li1,133.4000,65.2800,0.000423
_3383_,VGND,li1,206.5400,54.4000,0.000238
_3382_,VGND,li1,217.1200,65.2800,0.000478
_3381_,VGND,li1,207.0000,76.1600,0.000125
_3380_,VGND,li1,212.5200,92.4800,0.000251
_3379_,VGND,li1,153.1800,87.0400,0.000277
_3378_,VGND,li1,159.6200,76.1600,0.000136
_3377_,VGND,li1,167.4400,108.8000,0.000118
_3376_,VGND,li1,155.4800,108.8000,0.000169
_3375_,VGND,li1,178.4800,103.3600,0.000116
_3374_,VGND,li1,205.6200,65.2800,0.000420
_3373_,VGND,li1,192.2800,70.7200,0.000102
_3372_,VGND,li1,206.0800,103.3600,0.000234
_3371_,VGND,li1,139.3800,70.7200,0.000225
_3370_,VGND,li1,134.3200,76.1600,0.000211
_3369_,VGND,li1,147.6600,70.7200,0.000213
_3368_,VGND,li1,132.4800,59.8400,0.000284
_3367_,VGND,li1,206.5400,48.9600,0.000130
_3366_,VGND,li1,206.0800,54.4000,0.000238
_3365_,VGND,li1,206.5400,48.9600,0.000130
_3364_,VGND,li1,158.7000,48.9600,0.000190
_3363_,VGND,li1,165.1400,70.7200,0.000152
_3362_,VGND,li1,160.5400,65.2800,0.000299
_3361_,VGND,li1,172.9600,48.9600,0.000129
_3360_,VGND,li1,157.7800,43.5200,0.000078
_3359_,VGND,li1,183.0800,38.0800,0.000014
_3358_,VGND,li1,171.1200,38.0800,0.000024
_3357_,VGND,li1,194.5800,43.5200,0.000041
_3356_,VGND,li1,166.9800,43.5200,0.000060
_3355_,VGND,li1,216.6600,201.2800,0.000166
_3354_,VGND,li1,212.9800,195.8400,0.000134
_3353_,VGND,li1,217.5800,184.9600,0.000259
_3352_,VGND,li1,218.5000,195.8400,0.000141
_3351_,VGND,li1,216.6600,179.5200,0.000295
_3350_,VGND,li1,203.7800,190.4000,0.000265
_3349_,VGND,li1,199.8700,195.8400,0.000113
_3348_,VGND,li1,203.7800,195.8400,0.000123
_3347_,VGND,li1,74.0600,92.4800,0.000267
_3346_,VGND,li1,79.1200,114.2400,0.000229
_3345_,VGND,li1,78.2000,81.6000,0.000225
_3344_,VGND,li1,89.7000,70.7200,0.000232
_3343_,VGND,li1,92.0000,81.6000,0.000242
_3342_,VGND,li1,66.2400,119.6800,0.000382
_3341_,VGND,li1,94.7600,119.6800,0.000448
_3340_,VGND,li1,92.0000,92.4800,0.000301
_3339_,VGND,li1,46.4600,97.9200,0.000279
_3338_,VGND,li1,30.3600,103.3600,0.000123
_3337_,VGND,li1,37.2600,87.0400,0.000178
_3336_,VGND,li1,65.7800,81.6000,0.000197
_3335_,VGND,li1,49.6800,81.6000,0.000150
_3334_,VGND,li1,37.7200,108.8000,0.000092
_3333_,VGND,li1,54.2800,114.2400,0.000170
_3332_,VGND,li1,63.0200,103.3600,0.000309
_3331_,VGND,li1,151.3400,206.7200,0.000107
_3330_,VGND,li1,166.9800,174.0800,0.000094
_3329_,VGND,li1,152.4900,201.2800,0.000112
_3328_,VGND,li1,123.2800,206.7200,0.000146
_3327_,VGND,li1,107.6400,174.0800,0.000206
_3326_,VGND,li1,104.8800,163.2000,0.000285
_3325_,VGND,li1,88.7800,157.7600,0.000414
_3324_,VGND,li1,87.8600,184.9600,0.000395
_3323_,VGND,li1,87.4000,174.0800,0.000208
_3322_,VGND,li1,114.5400,190.4000,0.000396
_3321_,VGND,li1,99.8200,195.8400,0.000221
_3320_,VGND,li1,79.1200,244.8000,0.000347
_3319_,VGND,li1,64.8600,239.3600,0.000244
_3318_,VGND,li1,79.1200,228.4800,0.000260
_3317_,VGND,li1,61.1800,212.1600,0.000216
_3316_,VGND,li1,32.6600,223.0400,0.000133
_3315_,VGND,li1,36.3400,206.7200,0.000065
_3314_,VGND,li1,63.4800,228.4800,0.000217
_3313_,VGND,li1,35.4200,244.8000,0.000175
_3312_,VGND,li1,39.1000,65.2800,0.000285
_3311_,VGND,li1,11.0400,76.1600,0.000056
_3310_,VGND,li1,14.7200,43.5200,0.000060
_3309_,VGND,li1,22.5400,59.8400,0.000070
_3308_,VGND,li1,51.5200,54.4000,0.000167
_3307_,VGND,li1,31.2800,76.1600,0.000077
_3306_,VGND,li1,53.3600,65.2800,0.000417
_3305_,VGND,li1,65.7800,48.9600,0.000217
_3304_,VGND,li1,30.8200,59.8400,0.000091
_3303_,VGND,li1,11.0400,76.1600,0.000056
_3302_,VGND,li1,11.0400,48.9600,0.000152
_3301_,VGND,li1,14.7200,54.4000,0.000061
_3300_,VGND,li1,44.1600,54.4000,0.000136
_3299_,VGND,li1,23.9200,76.1600,0.000049
_3298_,VGND,li1,50.1400,70.7200,0.000160
_3297_,VGND,li1,60.2600,43.5200,0.000101
_3296_,VGND,li1,43.7000,103.3600,0.000200
_3295_,VGND,li1,27.6000,103.3600,0.000104
_3294_,VGND,li1,27.1400,87.0400,0.000102
_3293_,VGND,li1,64.4000,87.0400,0.000300
_3292_,VGND,li1,46.4600,87.0400,0.000246
_3291_,VGND,li1,36.3400,114.2400,0.000107
_3290_,VGND,li1,52.9000,114.2400,0.000170
_3289_,VGND,li1,61.1800,97.9200,0.000374
_3288_,VGND,li1,77.7400,195.8400,0.000201
_3287_,VGND,li1,58.4200,174.0800,0.000153
_3286_,VGND,li1,74.0600,157.7600,0.000363
_3285_,VGND,li1,53.3600,163.2000,0.000247
_3284_,VGND,li1,40.4800,179.5200,0.000161
_3283_,VGND,li1,40.9400,168.6400,0.000078
_3282_,VGND,li1,51.9800,195.8400,0.000143
_3281_,VGND,li1,38.1800,190.4000,0.000206
_3280_,VGND,li1,40.9400,65.2800,0.000306
_3279_,VGND,li1,17.4800,70.7200,0.000099
_3278_,VGND,li1,17.9400,43.5200,0.000056
_3277_,VGND,li1,22.5400,54.4000,0.000057
_3276_,VGND,li1,52.4400,48.9600,0.000192
_3275_,VGND,li1,35.4200,70.7200,0.000118
_3274_,VGND,li1,61.1800,65.2800,0.000467
_3273_,VGND,li1,73.1400,48.9600,0.000229
_3272_,VGND,li1,63.0200,195.8400,0.000170
_3271_,VGND,li1,53.3600,179.5200,0.000230
_3270_,VGND,li1,66.2400,157.7600,0.000321
_3269_,VGND,li1,51.5200,157.7600,0.000231
_3268_,VGND,li1,33.1200,179.5200,0.000117
_3267_,VGND,li1,30.8200,163.2000,0.000114
_3266_,VGND,li1,48.7600,190.4000,0.000268
_3265_,VGND,li1,30.8200,190.4000,0.000135
_3264_,VGND,li1,87.8600,261.1200,0.000221
_3263_,VGND,li1,89.7000,244.8000,0.000365
_3262_,VGND,li1,91.0800,223.0400,0.000393
_3261_,VGND,li1,54.2800,255.6800,0.000128
_3260_,VGND,li1,39.1000,239.3600,0.000141
_3259_,VGND,li1,40.4800,212.1600,0.000140
_3258_,VGND,li1,71.7600,261.1200,0.000192
_3257_,VGND,li1,40.4800,255.6800,0.000093
_3256_,VGND,li1,39.1000,97.9200,0.000227
_3255_,VGND,li1,22.5400,103.3600,0.000089
_3254_,VGND,li1,18.4000,87.0400,0.000090
_3253_,VGND,li1,58.4200,87.0400,0.000282
_3252_,VGND,li1,41.8600,81.6000,0.000119
_3251_,VGND,li1,27.6000,114.2400,0.000062
_3250_,VGND,li1,49.6800,119.6800,0.000277
_3249_,VGND,li1,57.5000,103.3600,0.000282
_3248_,VGND,li1,104.8800,206.7200,0.000158
_3247_,VGND,li1,100.2800,174.0800,0.000209
_3246_,VGND,li1,95.6800,168.6400,0.000202
_3245_,VGND,li1,79.1200,157.7600,0.000389
_3244_,VGND,li1,71.3000,179.5200,0.000293
_3243_,VGND,li1,74.0600,174.0800,0.000192
_3242_,VGND,li1,105.3400,190.4000,0.000415
_3241_,VGND,li1,82.3400,195.8400,0.000208
_3240_,VGND,li1,77.2800,244.8000,0.000342
_3239_,VGND,li1,61.1800,244.8000,0.000296
_3238_,VGND,li1,77.7400,228.4800,0.000260
_3237_,VGND,li1,61.1800,217.6000,0.000397
_3236_,VGND,li1,27.6000,228.4800,0.000063
_3235_,VGND,li1,30.8200,212.1600,0.000093
_3234_,VGND,li1,61.1800,233.9200,0.000112
_3233_,VGND,li1,30.8200,239.3600,0.000090
_3232_,VGND,li1,62.1000,190.4000,0.000319
_3231_,VGND,li1,51.0600,174.0800,0.000135
_3230_,VGND,li1,65.7800,163.2000,0.000269
_3229_,VGND,li1,46.0000,163.2000,0.000215
_3228_,VGND,li1,33.5800,174.0800,0.000074
_3227_,VGND,li1,32.6600,157.7600,0.000111
_3226_,VGND,li1,48.3000,201.2800,0.000072
_3225_,VGND,li1,27.6000,195.8400,0.000055
_3224_,VGND,li1,74.5200,239.3600,0.000268
_3223_,VGND,li1,57.5000,239.3600,0.000220
_3222_,VGND,li1,73.6000,223.0400,0.000375
_3221_,VGND,li1,57.5000,206.7200,0.000109
_3220_,VGND,li1,27.6000,228.4800,0.000063
_3219_,VGND,li1,27.6000,212.1600,0.000075
_3218_,VGND,li1,57.5000,223.0400,0.000290
_3217_,VGND,li1,27.6000,244.8000,0.000110
_3216_,VGND,li1,116.3800,201.2800,0.000125
_3215_,VGND,li1,104.8800,179.5200,0.000295
_3214_,VGND,li1,103.0400,168.6400,0.000215
_3213_,VGND,li1,86.9400,163.2000,0.000286
_3212_,VGND,li1,86.9400,190.4000,0.000385
_3211_,VGND,li1,86.9400,174.0800,0.000208
_3210_,VGND,li1,112.7000,195.8400,0.000212
_3209_,VGND,li1,93.8400,195.8400,0.000219
_3208_,VGND,li1,40.4800,97.9200,0.000227
_3207_,VGND,li1,20.2400,103.3600,0.000090
_3206_,VGND,li1,20.7000,92.4800,0.000059
_3205_,VGND,li1,59.3400,76.1600,0.000165
_3204_,VGND,li1,40.4800,81.6000,0.000119
_3203_,VGND,li1,30.3600,108.8000,0.000064
_3202_,VGND,li1,51.0600,119.6800,0.000277
_3201_,VGND,li1,58.8800,92.4800,0.000208
_3200_,VGND,li1,95.2200,261.1200,0.000225
_3199_,VGND,li1,97.0600,244.8000,0.000373
_3198_,VGND,li1,99.8200,223.0400,0.000397
_3197_,VGND,li1,62.1000,255.6800,0.000143
_3196_,VGND,li1,48.3000,239.3600,0.000186
_3195_,VGND,li1,48.3000,217.6000,0.000310
_3194_,VGND,li1,79.1200,261.1200,0.000211
_3193_,VGND,li1,48.3000,250.2400,0.000232
_3192_,VGND,li1,72.6800,250.2400,0.000356
_3191_,VGND,li1,53.3600,244.8000,0.000269
_3190_,VGND,li1,71.7600,228.4800,0.000240
_3189_,VGND,li1,53.3600,212.1600,0.000189
_3188_,VGND,li1,25.3000,223.0400,0.000078
_3187_,VGND,li1,28.0600,206.7200,0.000043
_3186_,VGND,li1,53.3600,228.4800,0.000176
_3185_,VGND,li1,27.6000,244.8000,0.000110
_3184_,VGND,li1,127.8800,54.4000,0.000191
_3183_,VGND,li1,80.7300,206.7200,0.000143
_3182_,VGND,li1,77.5100,212.1600,0.000258
_3181_,VGND,li1,91.0800,206.7200,0.000153
_3180_,VGND,li1,97.0600,212.1600,0.000294
_3179_,VGND,li1,145.8200,212.1600,0.000216
_3178_,VGND,li1,137.0800,201.2800,0.000122
_3177_,VGND,li1,126.5000,212.1600,0.000289
_3176_,VGND,li1,139.3800,223.0400,0.000350
_3175_,VGND,li1,142.6000,223.0400,0.000341
_3174_,VGND,li1,42.0900,21.7600,0.000055
_3173_,VGND,li1,29.2100,16.3200,0.000088
_3172_,VGND,li1,27.8300,38.0800,0.000019
_3171_,VGND,li1,53.1300,32.6400,0.000147
_3170_,VGND,li1,75.6700,21.7600,0.000105
_3169_,VGND,li1,30.5900,43.5200,0.000057
_3168_,VGND,li1,85.3300,59.8400,0.000294
_3167_,VGND,li1,54.9700,21.7600,0.000072
_3166_,VGND,li1,79.1200,59.8400,0.000288
_3165_,VGND,li1,85.3300,97.9200,0.000462
_3164_,VGND,li1,86.2500,108.8000,0.000241
_3163_,VGND,li1,85.3300,81.6000,0.000234
_3162_,VGND,li1,105.1100,70.7200,0.000241
_3161_,VGND,li1,104.1900,87.0400,0.000372
_3160_,VGND,li1,72.4500,119.6800,0.000402
_3159_,VGND,li1,103.7300,108.8000,0.000271
_3158_,VGND,li1,99.5900,103.3600,0.000301
_3157_,VGND,li1,85.3300,70.7200,0.000225
_3156_,VGND,li1,136.8500,239.3600,0.000296
_3155_,VGND,li1,119.3700,244.8000,0.000378
_3154_,VGND,li1,131.3300,244.8000,0.000354
_3153_,VGND,li1,116.6100,239.3600,0.000335
_3152_,VGND,li1,119.6000,239.3600,0.000336
_3151_,VGND,li1,120.7500,244.8000,0.000378
_3150_,VGND,li1,121.6700,261.1200,0.000212
_3149_,VGND,li1,119.1400,255.6800,0.000191
_3148_,VGND,li1,114.3100,244.8000,0.000378
_3147_,VGND,li1,125.8100,250.2400,0.000306
_3146_,VGND,li1,123.5100,244.8000,0.000378
_3145_,VGND,li1,126.5000,244.8000,0.000366
_3144_,VGND,li1,127.6500,250.2400,0.000300
_3143_,VGND,li1,120.2900,250.2400,0.000324
_3142_,VGND,li1,117.5300,250.2400,0.000337
_3141_,VGND,li1,123.5100,250.2400,0.000316
_3140_,VGND,li1,122.8200,250.2400,0.000316
_3139_,VGND,li1,129.0300,250.2400,0.000300
_3138_,VGND,li1,125.8100,250.2400,0.000306
_3137_,VGND,li1,123.5100,255.6800,0.000189
_3136_,VGND,li1,112.9300,261.1200,0.000219
_3135_,VGND,li1,127.6500,261.1200,0.000203
_3134_,VGND,li1,153.1800,261.1200,0.000154
_3133_,VGND,li1,157.3200,261.1200,0.000141
_3132_,VGND,li1,158.9300,261.1200,0.000141
_3131_,VGND,li1,167.4400,261.1200,0.000117
_3130_,VGND,li1,161.6900,261.1200,0.000130
_3129_,VGND,li1,169.9700,255.6800,0.000136
_3128_,VGND,li1,165.1400,244.8000,0.000179
_3127_,VGND,li1,159.6200,250.2400,0.000196
_3126_,VGND,li1,164.2200,239.3600,0.000174
_3125_,VGND,li1,159.1600,239.3600,0.000205
_3124_,VGND,li1,71.0700,32.6400,0.000187
_3123_,VGND,li1,68.5400,27.2000,0.000444
_3122_,VGND,li1,77.0500,38.0800,0.000083
_3121_,VGND,li1,82.5700,32.6400,0.000207
_3120_,VGND,li1,92.6900,21.7600,0.000128
_3119_,VGND,li1,98.2100,21.7600,0.000136
_3118_,VGND,li1,89.9300,21.7600,0.000124
_3117_,VGND,li1,93.6100,21.7600,0.000128
_3116_,VGND,li1,136.8500,233.9200,0.000200
_3115_,VGND,li1,123.9700,233.9200,0.000198
_3114_,VGND,li1,111.5500,233.9200,0.000188
_3113_,VGND,li1,103.2700,261.1200,0.000225
_3112_,VGND,li1,112.9300,239.3600,0.000331
_3111_,VGND,li1,125.3500,228.4800,0.000290
_3110_,VGND,li1,111.0900,250.2400,0.000351
_3109_,VGND,li1,107.4100,261.1200,0.000223
_3108_,VGND,li1,132.9400,255.6800,0.000186
_3107_,VGND,li1,140.9900,255.6800,0.000179
_3106_,VGND,li1,130.8700,255.6800,0.000187
_3105_,VGND,li1,127.8800,255.6800,0.000188
_3104_,VGND,li1,129.0300,255.6800,0.000188
_3103_,VGND,li1,122.5900,255.6800,0.000190
_3102_,VGND,li1,136.8500,255.6800,0.000182
_3101_,VGND,li1,145.8200,250.2400,0.000244
_3100_,VGND,li1,148.3500,250.2400,0.000238
_3099_,VGND,li1,218.0400,255.6800,0.000138
_3098_,VGND,li1,208.1500,255.6800,0.000132
_3097_,VGND,li1,215.9700,261.1200,0.000144
_3096_,VGND,li1,209.7600,250.2400,0.000242
_3095_,VGND,li1,213.6700,261.1200,0.000144
_3094_,VGND,li1,210.4500,255.6800,0.000133
_3093_,VGND,li1,206.3100,255.6800,0.000130
_3092_,VGND,li1,204.4700,261.1200,0.000138
_3091_,VGND,li1,203.7800,255.6800,0.000129
_3090_,VGND,li1,220.5700,255.6800,0.000138
_3089_,VGND,li1,205.8500,250.2400,0.000224
_3088_,VGND,li1,199.4100,255.6800,0.000125
_3087_,VGND,li1,194.8100,255.6800,0.000121
_3086_,VGND,li1,196.8800,244.8000,0.000137
_3085_,VGND,li1,199.8700,250.2400,0.000198
_3084_,VGND,li1,200.7900,250.2400,0.000206
_3083_,VGND,li1,193.4300,250.2400,0.000172
_3082_,VGND,li1,185.1500,239.3600,0.000126
_3081_,VGND,li1,203.7800,239.3600,0.000184
_3080_,VGND,li1,190.2100,244.8000,0.000125
_3079_,VGND,li1,193.2000,244.8000,0.000129
_3078_,VGND,li1,194.3500,244.8000,0.000133
_3077_,VGND,li1,188.3700,244.8000,0.000122
_3076_,VGND,li1,188.3700,239.3600,0.000141
_3075_,VGND,li1,186.5300,239.3600,0.000133
_3074_,VGND,li1,192.5100,244.8000,0.000129
_3073_,VGND,li1,190.6700,244.8000,0.000125
_3072_,VGND,li1,190.4400,261.1200,0.000119
_3071_,VGND,li1,191.1300,255.6800,0.000117
_3070_,VGND,li1,189.9800,250.2400,0.000156
_3069_,VGND,li1,186.9900,255.6800,0.000111
_3068_,VGND,li1,181.0100,250.2400,0.000113
_3067_,VGND,li1,179.4000,261.1200,0.000089
_3066_,VGND,li1,186.0700,250.2400,0.000133
_3065_,VGND,li1,183.3100,255.6800,0.000104
_3064_,VGND,li1,183.7700,255.6800,0.000104
_3063_,VGND,li1,171.3500,250.2400,0.000136
_3062_,VGND,li1,178.4800,250.2400,0.000101
_3061_,VGND,li1,180.7800,255.6800,0.000099
_3060_,VGND,li1,169.2800,250.2400,0.000150
_3059_,VGND,li1,178.0200,255.6800,0.000092
_3058_,VGND,li1,161.9200,250.2400,0.000186
_3057_,VGND,li1,179.6300,244.8000,0.000107
_3056_,VGND,li1,177.1000,244.8000,0.000102
_3055_,VGND,li1,175.4900,250.2400,0.000116
_3054_,VGND,li1,178.7100,250.2400,0.000101
_3053_,VGND,li1,173.6500,239.3600,0.000129
_3052_,VGND,li1,178.2500,239.3600,0.000104
_3051_,VGND,li1,168.3600,250.2400,0.000150
_3050_,VGND,li1,162.6100,250.2400,0.000176
_3049_,VGND,li1,162.1500,244.8000,0.000196
_3048_,VGND,li1,172.2700,244.8000,0.000138
_3047_,VGND,li1,167.6700,239.3600,0.000157
_3046_,VGND,li1,162.1500,233.9200,0.000175
_3045_,VGND,li1,160.3100,233.9200,0.000179
_3044_,VGND,li1,167.6700,239.3600,0.000157
_3043_,VGND,li1,164.9100,239.3600,0.000174
_3042_,VGND,li1,161.9200,239.3600,0.000192
_3041_,VGND,li1,158.0100,239.3600,0.000205
_3040_,VGND,li1,158.0100,250.2400,0.000196
_3039_,VGND,li1,175.0300,239.3600,0.000129
_3038_,VGND,li1,175.0300,244.8000,0.000125
_3037_,VGND,li1,155.7100,250.2400,0.000205
_3036_,VGND,li1,153.8700,250.2400,0.000214
_3035_,VGND,li1,158.4700,250.2400,0.000196
_3034_,VGND,li1,146.7400,250.2400,0.000238
_3033_,VGND,li1,87.6300,255.6800,0.000179
_3032_,VGND,li1,88.5500,239.3600,0.000299
_3031_,VGND,li1,89.9300,223.0400,0.000393
_3030_,VGND,li1,54.9700,261.1200,0.000154
_3029_,VGND,li1,41.6300,233.9200,0.000067
_3028_,VGND,li1,39.7900,223.0400,0.000180
_3027_,VGND,li1,72.9100,266.5600,0.000000
_3026_,VGND,li1,39.3300,261.1200,0.000094
_3025_,VGND,li1,87.1700,217.6000,0.000543
_3024_,VGND,li1,62.3300,195.8400,0.000170
_3023_,VGND,li1,59.5700,174.0800,0.000160
_3022_,VGND,li1,69.6900,157.7600,0.000343
_3021_,VGND,li1,54.5100,168.6400,0.000111
_3020_,VGND,li1,42.0900,174.0800,0.000103
_3019_,VGND,li1,40.2500,157.7600,0.000162
_3018_,VGND,li1,46.6900,195.8400,0.000125
_3017_,VGND,li1,36.1100,201.2800,0.000045
_3016_,VGND,li1,77.5100,201.2800,0.000101
_3015_,VGND,li1,41.1700,59.8400,0.000147
_3014_,VGND,li1,14.0300,81.6000,0.000047
_3013_,VGND,li1,14.4900,54.4000,0.000061
_3012_,VGND,li1,19.0900,54.4000,0.000059
_3011_,VGND,li1,49.9100,59.8400,0.000185
_3010_,VGND,li1,33.8100,70.7200,0.000118
_3009_,VGND,li1,53.1300,70.7200,0.000168
_3008_,VGND,li1,64.6300,54.4000,0.000200
_3007_,VGND,li1,70.3800,65.2800,0.000519
_3006_,VGND,li1,49.4500,21.7600,0.000066
_3005_,VGND,li1,35.6500,21.7600,0.000045
_3004_,VGND,li1,40.2500,32.6400,0.000109
_3003_,VGND,li1,66.9300,32.6400,0.000179
_3002_,VGND,li1,85.3300,21.7600,0.000119
_3001_,VGND,li1,39.7900,48.9600,0.000159
_3000_,VGND,li1,88.0900,54.4000,0.000228
_2999_,VGND,li1,65.5500,21.7600,0.000090
_2998_,VGND,li1,68.7700,59.8400,0.000264
_2997_,VGND,li1,107.4100,21.7600,0.000141
_2996_,VGND,li1,101.4300,27.2000,0.000488
_2995_,VGND,li1,103.9600,27.2000,0.000485
_2994_,VGND,li1,104.6500,27.2000,0.000485
_2993_,VGND,li1,106.7200,27.2000,0.000483
_2992_,VGND,li1,114.5400,21.7600,0.000141
_2991_,VGND,li1,116.8400,16.3200,0.000254
_2990_,VGND,li1,113.3900,27.2000,0.000478
_2989_,VGND,li1,223.3300,244.8000,0.000169
_2988_,VGND,li1,235.7500,244.8000,0.000173
_2987_,VGND,li1,217.3500,244.8000,0.000161
_2986_,VGND,li1,213.2100,228.4800,0.000317
_2985_,VGND,li1,213.2100,244.8000,0.000157
_2984_,VGND,li1,202.6300,239.3600,0.000177
_2983_,VGND,li1,208.6100,228.4800,0.000293
_2982_,VGND,li1,213.2100,223.0400,0.000193
_2981_,VGND,li1,219.4200,217.6000,0.000431
_2980_,VGND,li1,218.5000,228.4800,0.000344
_2979_,VGND,li1,216.6600,228.4800,0.000326
_2978_,VGND,li1,228.1600,223.0400,0.000207
_2977_,VGND,li1,226.0900,223.0400,0.000206
_2976_,VGND,li1,222.8700,233.9200,0.000422
_2975_,VGND,li1,227.2400,233.9200,0.000433
_2974_,VGND,li1,230.6900,233.9200,0.000446
_2973_,VGND,li1,231.6100,228.4800,0.000397
_2972_,VGND,li1,238.9700,228.4800,0.000427
_2971_,VGND,li1,241.2700,228.4800,0.000435
_2970_,VGND,li1,247.2500,228.4800,0.000464
_2969_,VGND,li1,218.9600,206.7200,0.000085
_2968_,VGND,li1,228.1600,217.6000,0.000441
_2967_,VGND,li1,226.3200,212.1600,0.000167
_2966_,VGND,li1,223.7900,212.1600,0.000165
_2965_,VGND,li1,226.0900,217.6000,0.000439
_2964_,VGND,li1,221.7200,206.7200,0.000087
_2963_,VGND,li1,229.7700,212.1600,0.000168
_2962_,VGND,li1,236.9000,212.1600,0.000170
_2961_,VGND,li1,232.3000,212.1600,0.000170
_2960_,VGND,li1,235.9800,201.2800,0.000193
_2959_,VGND,li1,238.7400,212.1600,0.000170
_2958_,VGND,li1,243.5700,212.1600,0.000170
_2957_,VGND,li1,248.4000,206.7200,0.000099
_2956_,VGND,li1,242.4200,212.1600,0.000170
_2955_,VGND,li1,241.0400,212.1600,0.000170
_2954_,VGND,li1,232.3000,217.6000,0.000444
_2953_,VGND,li1,241.7300,223.0400,0.000215
_2952_,VGND,li1,236.4400,223.0400,0.000212
_2951_,VGND,li1,239.2000,223.0400,0.000214
_2950_,VGND,li1,243.8000,223.0400,0.000217
_2949_,VGND,li1,248.8600,223.0400,0.000220
_2948_,VGND,li1,246.7900,223.0400,0.000218
_2947_,VGND,li1,250.4700,223.0400,0.000220
_2946_,VGND,li1,247.9400,233.9200,0.000476
_2945_,VGND,li1,255.0700,228.4800,0.000479
_2944_,VGND,li1,257.1400,228.4800,0.000479
_2943_,VGND,li1,254.3800,233.9200,0.000483
_2942_,VGND,li1,249.3200,233.9200,0.000479
_2941_,VGND,li1,243.8000,233.9200,0.000471
_2940_,VGND,li1,241.7300,228.4800,0.000443
_2939_,VGND,li1,239.6600,228.4800,0.000435
_2938_,VGND,li1,242.8800,239.3600,0.000223
_2937_,VGND,li1,232.7600,233.9200,0.000451
_2936_,VGND,li1,125.5800,16.3200,0.000240
_2935_,VGND,li1,110.6300,27.2000,0.000480
_2934_,VGND,li1,101.4300,32.6400,0.000218
_2933_,VGND,li1,106.7200,27.2000,0.000483
_2932_,VGND,li1,100.9700,38.0800,0.000095
_2931_,VGND,li1,127.6500,32.6400,0.000220
_2930_,VGND,li1,130.8700,27.2000,0.000396
_2929_,VGND,li1,137.5400,38.0800,0.000072
_2928_,VGND,li1,141.9100,32.6400,0.000203
_2927_,VGND,li1,147.4300,38.0800,0.000058
_2926_,VGND,li1,145.5900,38.0800,0.000061
_2925_,VGND,li1,148.8100,38.0800,0.000058
_2924_,VGND,li1,150.8800,32.6400,0.000183
_2923_,VGND,li1,148.8100,32.6400,0.000192
_2922_,VGND,li1,155.2500,32.6400,0.000171
_2921_,VGND,li1,165.6000,38.0800,0.000032
_2920_,VGND,li1,158.9300,38.0800,0.000043
_2919_,VGND,li1,157.0900,38.0800,0.000046
_2918_,VGND,li1,163.3000,38.0800,0.000036
_2917_,VGND,li1,161.6900,32.6400,0.000155
_2916_,VGND,li1,171.3500,27.2000,0.000143
_2915_,VGND,li1,169.7400,27.2000,0.000143
_2914_,VGND,li1,163.5300,27.2000,0.000206
_2913_,VGND,li1,164.4500,27.2000,0.000186
_2912_,VGND,li1,168.3600,21.7600,0.000046
_2911_,VGND,li1,163.9900,21.7600,0.000056
_2910_,VGND,li1,170.4300,21.7600,0.000042
_2909_,VGND,li1,168.8200,21.7600,0.000046
_2908_,VGND,li1,166.2900,21.7600,0.000052
_2907_,VGND,li1,159.3900,27.2000,0.000227
_2906_,VGND,li1,157.7800,21.7600,0.000073
_2905_,VGND,li1,158.4700,16.3200,0.000148
_2904_,VGND,li1,154.3300,16.3200,0.000165
_2903_,VGND,li1,155.4800,21.7600,0.000078
_2902_,VGND,li1,156.1700,16.3200,0.000158
_2901_,VGND,li1,152.0300,21.7600,0.000083
_2900_,VGND,li1,148.5800,21.7600,0.000094
_2899_,VGND,li1,152.0300,16.3200,0.000173
_2898_,VGND,li1,153.4100,21.7600,0.000083
_2897_,VGND,li1,142.6000,27.2000,0.000339
_2896_,VGND,li1,145.1300,21.7600,0.000099
_2895_,VGND,li1,137.7700,27.2000,0.000362
_2894_,VGND,li1,138.0000,16.3200,0.000213
_2893_,VGND,li1,136.8500,16.3200,0.000218
_2892_,VGND,li1,133.6300,16.3200,0.000226
_2891_,VGND,li1,132.4800,21.7600,0.000124
_2890_,VGND,li1,126.7300,21.7600,0.000130
_2889_,VGND,li1,135.9300,16.3200,0.000218
_2888_,VGND,li1,80.2700,92.4800,0.000289
_2887_,VGND,li1,85.3300,108.8000,0.000241
_2886_,VGND,li1,83.9500,87.0400,0.000342
_2885_,VGND,li1,99.5900,65.2800,0.000527
_2884_,VGND,li1,99.1300,76.1600,0.000259
_2883_,VGND,li1,72.4500,119.6800,0.000402
_2882_,VGND,li1,98.6700,114.2400,0.000241
_2881_,VGND,li1,98.2100,92.4800,0.000294
_2880_,VGND,li1,104.6500,76.1600,0.000253
_2879_,VGND,li1,40.7100,16.3200,0.000154
_2878_,VGND,li1,27.3700,27.2000,0.000163
_2877_,VGND,li1,29.2100,32.6400,0.000071
_2876_,VGND,li1,46.2300,32.6400,0.000128
_2875_,VGND,li1,74.2900,27.2000,0.000466
_2874_,VGND,li1,28.2900,54.4000,0.000073
_2873_,VGND,li1,77.9700,59.8400,0.000288
_2872_,VGND,li1,59.5700,27.2000,0.000417
_2871_,VGND,li1,64.6300,59.8400,0.000248
_2870_,VGND,li1,49.4500,27.2000,0.000362
_2869_,VGND,li1,31.5100,21.7600,0.000038
_2868_,VGND,li1,33.8100,38.0800,0.000029
_2867_,VGND,li1,60.9500,27.2000,0.000417
_2866_,VGND,li1,79.8100,21.7600,0.000111
_2865_,VGND,li1,35.1900,43.5200,0.000066
_2864_,VGND,li1,78.8900,48.9600,0.000234
_2863_,VGND,li1,63.7100,27.2000,0.000432
_2862_,VGND,li1,71.9900,59.8400,0.000283
_2861_,VGND,li1,64.1700,59.8400,0.000248
_2860_,VGND,li1,106.9500,217.6000,0.000530
_2859_,VGND,li1,105.1100,223.0400,0.000396
_2858_,VGND,li1,107.4100,223.0400,0.000395
_2857_,VGND,li1,105.1100,217.6000,0.000537
_2856_,VGND,li1,112.0100,228.4800,0.000292
_2855_,VGND,li1,111.7800,212.1600,0.000309
_2854_,VGND,li1,106.9500,217.6000,0.000530
_2853_,VGND,li1,109.7100,217.6000,0.000523
_2852_,VGND,li1,74.2900,65.2800,0.000543
_2851_,VGND,li1,69.2300,70.7200,0.000198
_2850_,VGND,li1,81.1900,59.8400,0.000291
_2849_,VGND,li1,74.7500,70.7200,0.000211
_2848_,VGND,li1,91.3100,54.4000,0.000228
_2847_,VGND,li1,93.8400,54.4000,0.000228
_2846_,VGND,li1,94.0700,59.8400,0.000301
_2845_,VGND,li1,117.0700,32.6400,0.000223
_2844_,VGND,li1,117.0700,38.0800,0.000092
_2843_,VGND,li1,110.6300,38.0800,0.000094
_2842_,VGND,li1,110.6300,38.0800,0.000094
_2841_,VGND,li1,120.0600,48.9600,0.000245
_2840_,VGND,li1,115.2300,43.5200,0.000120
_2839_,VGND,li1,113.3900,48.9600,0.000247
_2838_,VGND,li1,113.8500,43.5200,0.000120
_2837_,VGND,li1,117.0700,43.5200,0.000117
_2836_,VGND,li1,117.3000,54.4000,0.000208
_2835_,VGND,li1,113.8500,54.4000,0.000215
_2834_,VGND,li1,121.2100,54.4000,0.000204
_2833_,VGND,li1,110.1700,48.9600,0.000246
_2832_,VGND,li1,119.6000,54.4000,0.000204
_2831_,VGND,li1,120.7500,48.9600,0.000245
_2830_,VGND,li1,123.0500,48.9600,0.000244
_2829_,VGND,li1,112.0100,59.8400,0.000315
_2828_,VGND,li1,107.8700,48.9600,0.000245
_2827_,VGND,li1,110.1700,54.4000,0.000218
_2826_,VGND,li1,111.0900,43.5200,0.000122
_2825_,VGND,li1,114.0800,157.7600,0.000400
_2824_,VGND,li1,102.8100,141.4400,0.000110
_2823_,VGND,li1,101.4300,136.0000,0.000094
_2822_,VGND,li1,111.0900,152.3200,0.000305
_2821_,VGND,li1,104.1900,146.8800,0.000143
_2820_,VGND,li1,98.6700,130.5600,0.000163
_2819_,VGND,li1,103.2700,130.5600,0.000161
_2818_,VGND,li1,107.4100,125.1200,0.000207
_2817_,VGND,li1,111.0900,157.7600,0.000403
_2816_,VGND,li1,227.2400,168.6400,0.000134
_2815_,VGND,li1,239.8900,168.6400,0.000134
_2814_,VGND,li1,235.2900,157.7600,0.000550
_2813_,VGND,li1,245.4100,163.2000,0.000250
_2812_,VGND,li1,252.7700,157.7600,0.000594
_2811_,VGND,li1,233.9100,152.3200,0.000453
_2810_,VGND,li1,248.1700,152.3200,0.000500
_2809_,VGND,li1,253.6900,157.7600,0.000594
_2808_,VGND,li1,229.7700,174.0800,0.000103
_2807_,VGND,li1,138.0000,174.0800,0.000161
_2806_,VGND,li1,136.3900,179.5200,0.000250
_2805_,VGND,li1,127.6500,190.4000,0.000353
_2804_,VGND,li1,133.6300,190.4000,0.000328
_2803_,VGND,li1,127.1900,184.9600,0.000312
_2802_,VGND,li1,119.3700,179.5200,0.000282
_2801_,VGND,li1,121.6700,184.9600,0.000324
_2800_,VGND,li1,119.3700,174.0800,0.000192
_2799_,VGND,li1,139.6100,179.5200,0.000243
_2798_,VGND,li1,193.4300,130.5600,0.000139
_2797_,VGND,li1,188.3700,141.4400,0.000073
_2796_,VGND,li1,184.2300,136.0000,0.000080
_2795_,VGND,li1,193.4300,141.4400,0.000086
_2794_,VGND,li1,195.2700,146.8800,0.000100
_2793_,VGND,li1,196.6500,136.0000,0.000124
_2792_,VGND,li1,188.3700,130.5600,0.000120
_2791_,VGND,li1,201.2500,125.1200,0.000171
_2790_,VGND,li1,188.8300,157.7600,0.000246
_2789_,VGND,li1,139.8400,163.2000,0.000223
_2788_,VGND,li1,119.3700,157.7600,0.000395
_2787_,VGND,li1,123.9700,157.7600,0.000389
_2786_,VGND,li1,113.8500,163.2000,0.000275
_2785_,VGND,li1,131.3300,163.2000,0.000242
_2784_,VGND,li1,119.3700,152.3200,0.000296
_2783_,VGND,li1,123.5100,152.3200,0.000288
_2782_,VGND,li1,123.9700,146.8800,0.000138
_2781_,VGND,li1,134.5500,163.2000,0.000235
_2780_,VGND,li1,160.3100,184.9600,0.000221
_2779_,VGND,li1,182.8500,163.2000,0.000097
_2778_,VGND,li1,181.2400,184.9600,0.000124
_2777_,VGND,li1,176.8700,174.0800,0.000058
_2776_,VGND,li1,176.8700,179.5200,0.000129
_2775_,VGND,li1,183.0800,174.0800,0.000059
_2774_,VGND,li1,180.0900,174.0800,0.000052
_2773_,VGND,li1,177.7900,179.5200,0.000121
_2772_,VGND,li1,184.2300,184.9600,0.000134
_2771_,VGND,li1,182.6200,174.0800,0.000059
_2770_,VGND,li1,191.1300,174.0800,0.000074
_2769_,VGND,li1,182.6200,179.5200,0.000161
_2768_,VGND,li1,175.0300,184.9600,0.000120
_2767_,VGND,li1,183.5400,184.9600,0.000134
_2766_,VGND,li1,191.5900,184.9600,0.000167
_2765_,VGND,li1,186.0700,184.9600,0.000145
_2764_,VGND,li1,180.7800,184.9600,0.000114
_2763_,VGND,li1,180.5500,179.5200,0.000140
_2762_,VGND,li1,177.3300,184.9600,0.000106
_2761_,VGND,li1,184.0000,190.4000,0.000160
_2760_,VGND,li1,214.1300,174.0800,0.000094
_2759_,VGND,li1,207.0000,184.9600,0.000221
_2758_,VGND,li1,202.6300,179.5200,0.000270
_2757_,VGND,li1,205.3900,184.9600,0.000221
_2756_,VGND,li1,204.0100,174.0800,0.000087
_2755_,VGND,li1,206.3100,179.5200,0.000276
_2754_,VGND,li1,201.7100,184.9600,0.000205
_2753_,VGND,li1,209.9900,184.9600,0.000238
_2752_,VGND,li1,202.6300,174.0800,0.000087
_2751_,VGND,li1,213.6700,174.0800,0.000094
_2750_,VGND,li1,210.2200,179.5200,0.000284
_2749_,VGND,li1,204.4700,184.9600,0.000214
_2748_,VGND,li1,221.7200,190.4000,0.000312
_2747_,VGND,li1,224.2500,190.4000,0.000318
_2746_,VGND,li1,220.5700,190.4000,0.000312
_2745_,VGND,li1,210.2200,190.4000,0.000284
_2744_,VGND,li1,210.9100,184.9600,0.000238
_2743_,VGND,li1,207.6900,190.4000,0.000278
_2742_,VGND,li1,214.8200,190.4000,0.000297
_2741_,VGND,li1,76.1300,141.4400,0.000091
_2740_,VGND,li1,85.3300,146.8800,0.000128
_2739_,VGND,li1,92.2300,141.4400,0.000107
_2738_,VGND,li1,89.9300,146.8800,0.000131
_2737_,VGND,li1,74.7500,146.8800,0.000116
_2736_,VGND,li1,76.5900,125.1200,0.000189
_2735_,VGND,li1,81.6500,130.5600,0.000165
_2734_,VGND,li1,80.7300,136.0000,0.000080
_2733_,VGND,li1,115.6900,168.6400,0.000229
_2732_,VGND,li1,249.0900,136.0000,0.000225
_2731_,VGND,li1,240.3500,141.4400,0.000163
_2730_,VGND,li1,238.9700,130.5600,0.000309
_2729_,VGND,li1,252.7700,141.4400,0.000169
_2728_,VGND,li1,248.1700,141.4400,0.000168
_2727_,VGND,li1,239.8900,130.5600,0.000309
_2726_,VGND,li1,250.9300,125.1200,0.000234
_2725_,VGND,li1,255.0700,125.1200,0.000234
_2724_,VGND,li1,168.3600,168.6400,0.000095
_2723_,VGND,li1,223.5600,184.9600,0.000280
_2722_,VGND,li1,232.0700,195.8400,0.000150
_2721_,VGND,li1,230.6900,184.9600,0.000299
_2720_,VGND,li1,232.0700,184.9600,0.000307
_2719_,VGND,li1,240.8100,184.9600,0.000330
_2718_,VGND,li1,236.6700,184.9600,0.000321
_2717_,VGND,li1,246.7900,184.9600,0.000347
_2716_,VGND,li1,246.7900,179.5200,0.000320
_2715_,VGND,li1,223.3300,179.5200,0.000303
_2714_,VGND,li1,191.1300,195.8400,0.000096
_2713_,VGND,li1,175.4900,195.8400,0.000070
_2712_,VGND,li1,187.4500,179.5200,0.000201
_2711_,VGND,li1,188.3700,190.4000,0.000192
_2710_,VGND,li1,179.6300,195.8400,0.000061
_2709_,VGND,li1,170.8900,190.4000,0.000173
_2708_,VGND,li1,170.8900,184.9600,0.000146
_2707_,VGND,li1,170.8900,184.9600,0.000146
_2706_,VGND,li1,167.9000,179.5200,0.000160
_2705_,VGND,li1,145.8200,168.6400,0.000168
_2704_,VGND,li1,145.1300,163.2000,0.000205
_2703_,VGND,li1,149.7300,152.3200,0.000227
_2702_,VGND,li1,149.7300,163.2000,0.000190
_2701_,VGND,li1,156.6300,163.2000,0.000167
_2700_,VGND,li1,162.6100,163.2000,0.000144
_2699_,VGND,li1,149.7300,157.7600,0.000324
_2698_,VGND,li1,162.6100,157.7600,0.000249
_2697_,VGND,li1,148.8100,168.6400,0.000158
_2696_,VGND,li1,155.2500,174.0800,0.000126
_2695_,VGND,li1,176.8700,141.4400,0.000053
_2694_,VGND,li1,144.2100,146.8800,0.000109
_2693_,VGND,li1,140.9900,146.8800,0.000114
_2692_,VGND,li1,145.5900,141.4400,0.000097
_2691_,VGND,li1,123.5100,136.0000,0.000096
_2690_,VGND,li1,170.8900,146.8800,0.000069
_2689_,VGND,li1,164.9100,146.8800,0.000076
_2688_,VGND,li1,125.3500,130.5600,0.000147
_2687_,VGND,li1,112.9300,125.1200,0.000204
_2686_,VGND,li1,122.1300,130.5600,0.000149
_2685_,VGND,li1,175.0300,163.2000,0.000091
_2684_,VGND,li1,136.3900,136.0000,0.000098
_2683_,VGND,li1,132.2500,136.0000,0.000097
_2682_,VGND,li1,126.2700,130.5600,0.000147
_2681_,VGND,li1,129.4900,130.5600,0.000144
_2680_,VGND,li1,170.8900,157.7600,0.000200
_2679_,VGND,li1,127.1900,136.0000,0.000097
_2678_,VGND,li1,118.9100,130.5600,0.000151
_2677_,VGND,li1,118.4500,125.1200,0.000201
_2676_,VGND,li1,115.6900,130.5600,0.000153
_2675_,VGND,li1,209.5300,157.7600,0.000420
_2674_,VGND,li1,213.6700,152.3200,0.000347
_2673_,VGND,li1,208.6100,125.1200,0.000192
_2672_,VGND,li1,222.8700,119.6800,0.000363
_2671_,VGND,li1,210.4500,152.3200,0.000329
_2670_,VGND,li1,206.7700,146.8800,0.000117
_2669_,VGND,li1,217.3500,119.6800,0.000348
_2668_,VGND,li1,240.8100,114.2400,0.000114
_2667_,VGND,li1,238.0500,108.8000,0.000103
_2666_,VGND,li1,234.8300,114.2400,0.000114
_2665_,VGND,li1,227.0100,157.7600,0.000516
_2664_,VGND,li1,237.5900,114.2400,0.000114
_2663_,VGND,li1,239.4300,114.2400,0.000114
_2662_,VGND,li1,242.6500,114.2400,0.000114
_2661_,VGND,li1,229.7700,114.2400,0.000114
_2660_,VGND,li1,227.0100,163.2000,0.000222
_2659_,VGND,li1,226.5500,114.2400,0.000114
_2658_,VGND,li1,228.3900,114.2400,0.000114
_2657_,VGND,li1,231.6100,114.2400,0.000114
_2656_,VGND,li1,218.7300,114.2400,0.000114
_2655_,VGND,li1,146.0500,141.4400,0.000097
_2654_,VGND,li1,136.1600,146.8800,0.000124
_2653_,VGND,li1,127.6500,108.8000,0.000267
_2652_,VGND,li1,123.9700,141.4400,0.000105
_2651_,VGND,li1,127.1900,152.3200,0.000282
_2650_,VGND,li1,131.3300,125.1200,0.000193
_2649_,VGND,li1,132.2500,141.4400,0.000103
_2648_,VGND,li1,126.7300,141.4400,0.000105
_2647_,VGND,li1,133.1700,146.8800,0.000127
_2646_,VGND,li1,127.1900,114.2400,0.000224
_2645_,VGND,li1,129.7200,141.4400,0.000104
_2644_,VGND,li1,129.9500,146.8800,0.000131
_2643_,VGND,li1,129.9500,152.3200,0.000276
_2642_,VGND,li1,129.7200,157.7600,0.000382
_2641_,VGND,li1,132.7100,146.8800,0.000127
_2640_,VGND,li1,129.0300,152.3200,0.000276
_2639_,VGND,li1,132.9400,152.3200,0.000270
_2638_,VGND,li1,132.2500,157.7600,0.000379
_2637_,VGND,li1,127.1900,146.8800,0.000135
_2636_,VGND,li1,178.7100,130.5600,0.000073
_2635_,VGND,li1,192.7400,130.5600,0.000139
_2634_,VGND,li1,208.1500,119.6800,0.000315
_2633_,VGND,li1,202.6300,125.1200,0.000171
_2632_,VGND,li1,204.9300,130.5600,0.000187
_2631_,VGND,li1,192.5100,119.6800,0.000241
_2630_,VGND,li1,200.3300,119.6800,0.000279
_2629_,VGND,li1,197.1100,125.1200,0.000156
_2628_,VGND,li1,195.9600,130.5600,0.000153
_2627_,VGND,li1,201.2500,114.2400,0.000109
_2626_,VGND,li1,200.1000,125.1200,0.000162
_2625_,VGND,li1,196.4200,125.1200,0.000156
_2624_,VGND,li1,204.4700,130.5600,0.000180
_2623_,VGND,li1,192.9700,136.0000,0.000111
_2622_,VGND,li1,200.7900,130.5600,0.000172
_2621_,VGND,li1,204.0100,125.1200,0.000179
_2620_,VGND,li1,193.8900,125.1200,0.000149
_2619_,VGND,li1,203.0900,130.5600,0.000180
_2618_,VGND,li1,190.9000,136.0000,0.000103
_2617_,VGND,li1,193.2000,125.1200,0.000143
_2616_,VGND,li1,119.3700,119.6800,0.000409
_2615_,VGND,li1,133.4000,174.0800,0.000169
_2614_,VGND,li1,119.3700,97.9200,0.000382
_2613_,VGND,li1,130.6400,174.0800,0.000174
_2612_,VGND,li1,139.1500,130.5600,0.000138
_2611_,VGND,li1,133.1700,174.0800,0.000169
_2610_,VGND,li1,133.6300,179.5200,0.000258
_2609_,VGND,li1,130.1800,174.0800,0.000174
_2608_,VGND,li1,127.6500,174.0800,0.000178
_2607_,VGND,li1,128.1100,184.9600,0.000312
_2606_,VGND,li1,113.8500,119.6800,0.000418
_2605_,VGND,li1,126.2700,174.0800,0.000182
_2604_,VGND,li1,127.1900,179.5200,0.000269
_2603_,VGND,li1,123.0500,174.0800,0.000188
_2602_,VGND,li1,132.4800,179.5200,0.000258
_2601_,VGND,li1,131.7900,184.9600,0.000302
_2600_,VGND,li1,141.4500,179.5200,0.000238
_2599_,VGND,li1,135.7000,174.0800,0.000164
_2598_,VGND,li1,214.1300,146.8800,0.000123
_2597_,VGND,li1,235.5200,146.8800,0.000127
_2596_,VGND,li1,235.2900,92.4800,0.000344
_2595_,VGND,li1,239.2000,146.8800,0.000127
_2594_,VGND,li1,244.0300,103.3600,0.000241
_2593_,VGND,li1,241.7300,146.8800,0.000127
_2592_,VGND,li1,244.9500,146.8800,0.000127
_2591_,VGND,li1,247.4800,157.7600,0.000594
_2590_,VGND,li1,242.6500,146.8800,0.000127
_2589_,VGND,li1,244.4900,152.3200,0.000494
_2588_,VGND,li1,221.0300,114.2400,0.000114
_2587_,VGND,li1,238.9700,146.8800,0.000127
_2586_,VGND,li1,240.8100,152.3200,0.000478
_2585_,VGND,li1,239.4300,152.3200,0.000478
_2584_,VGND,li1,256.6800,157.7600,0.000594
_2583_,VGND,li1,248.1700,168.6400,0.000134
_2582_,VGND,li1,240.3500,163.2000,0.000242
_2581_,VGND,li1,247.0200,152.3200,0.000498
_2580_,VGND,li1,144.2100,136.0000,0.000097
_2579_,VGND,li1,110.4000,141.4400,0.000108
_2578_,VGND,li1,111.5500,103.3600,0.000286
_2577_,VGND,li1,110.1700,125.1200,0.000206
_2576_,VGND,li1,106.9500,130.5600,0.000158
_2575_,VGND,li1,123.9700,87.0400,0.000369
_2574_,VGND,li1,115.6900,130.5600,0.000153
_2573_,VGND,li1,110.6300,130.5600,0.000156
_2572_,VGND,li1,106.9500,130.5600,0.000158
_2571_,VGND,li1,106.4900,97.9200,0.000422
_2570_,VGND,li1,113.1600,130.5600,0.000154
_2569_,VGND,li1,110.1700,130.5600,0.000157
_2568_,VGND,li1,113.8500,136.0000,0.000095
_2567_,VGND,li1,111.3200,136.0000,0.000095
_2566_,VGND,li1,110.1700,125.1200,0.000206
_2565_,VGND,li1,107.4100,136.0000,0.000094
_2564_,VGND,li1,110.8600,136.0000,0.000095
_2563_,VGND,li1,106.4900,141.4400,0.000109
_2562_,VGND,li1,117.9900,130.5600,0.000151
_2561_,VGND,li1,222.4100,92.4800,0.000299
_2560_,VGND,li1,226.3200,119.6800,0.000367
_2559_,VGND,li1,230.2300,76.1600,0.000154
_2558_,VGND,li1,229.0800,119.6800,0.000372
_2557_,VGND,li1,227.9300,87.0400,0.000199
_2556_,VGND,li1,231.6100,119.6800,0.000375
_2555_,VGND,li1,225.6300,125.1200,0.000227
_2554_,VGND,li1,232.3000,125.1200,0.000231
_2553_,VGND,li1,232.0700,125.1200,0.000231
_2552_,VGND,li1,222.8700,125.1200,0.000226
_2551_,VGND,li1,225.1700,103.3600,0.000241
_2550_,VGND,li1,228.3900,125.1200,0.000229
_2549_,VGND,li1,227.0100,130.5600,0.000269
_2548_,VGND,li1,224.2500,130.5600,0.000257
_2547_,VGND,li1,226.7800,136.0000,0.000195
_2546_,VGND,li1,227.0100,136.0000,0.000195
_2545_,VGND,li1,232.9900,141.4400,0.000158
_2544_,VGND,li1,223.5600,130.5600,0.000257
_2543_,VGND,li1,155.2500,141.4400,0.000089
_2542_,VGND,li1,153.6400,152.3200,0.000218
_2541_,VGND,li1,166.7500,141.4400,0.000073
_2540_,VGND,li1,165.1400,152.3200,0.000182
_2539_,VGND,li1,165.3700,130.5600,0.000103
_2538_,VGND,li1,162.1500,146.8800,0.000081
_2537_,VGND,li1,156.6300,146.8800,0.000089
_2536_,VGND,li1,162.1500,152.3200,0.000192
_2535_,VGND,li1,155.7100,157.7600,0.000289
_2534_,VGND,li1,156.6300,130.5600,0.000119
_2533_,VGND,li1,159.6200,146.8800,0.000085
_2532_,VGND,li1,157.0900,152.3200,0.000207
_2531_,VGND,li1,158.4700,157.7600,0.000277
_2530_,VGND,li1,152.2600,163.2000,0.000182
_2529_,VGND,li1,157.0900,146.8800,0.000089
_2528_,VGND,li1,153.4100,157.7600,0.000304
_2527_,VGND,li1,150.6500,168.6400,0.000150
_2526_,VGND,li1,153.1800,157.7600,0.000304
_2525_,VGND,li1,207.6900,152.3200,0.000312
_2524_,VGND,li1,235.0600,174.0800,0.000106
_2523_,VGND,li1,235.2900,76.1600,0.000157
_2522_,VGND,li1,239.8900,174.0800,0.000108
_2521_,VGND,li1,239.4300,179.5200,0.000316
_2520_,VGND,li1,242.6500,81.6000,0.000144
_2519_,VGND,li1,238.9700,174.0800,0.000108
_2518_,VGND,li1,237.1300,174.0800,0.000107
_2517_,VGND,li1,235.7500,179.5200,0.000314
_2516_,VGND,li1,235.2900,103.3600,0.000241
_2515_,VGND,li1,234.1400,174.0800,0.000106
_2514_,VGND,li1,239.8900,179.5200,0.000316
_2513_,VGND,li1,251.8500,179.5200,0.000320
_2512_,VGND,li1,235.9800,179.5200,0.000314
_2511_,VGND,li1,242.6500,179.5200,0.000318
_2510_,VGND,li1,240.8100,174.0800,0.000109
_2509_,VGND,li1,242.8800,184.9600,0.000340
_2508_,VGND,li1,229.3100,184.9600,0.000299
_2507_,VGND,li1,242.4200,179.5200,0.000318
_2506_,VGND,li1,114.3100,87.0400,0.000384
_2505_,VGND,li1,92.0000,136.0000,0.000087
_2504_,VGND,li1,119.3700,81.6000,0.000226
_2503_,VGND,li1,88.5500,125.1200,0.000202
_2502_,VGND,li1,89.0100,130.5600,0.000165
_2501_,VGND,li1,123.9700,70.7200,0.000239
_2500_,VGND,li1,89.9300,130.5600,0.000165
_2499_,VGND,li1,85.3300,130.5600,0.000165
_2498_,VGND,li1,89.0100,136.0000,0.000085
_2497_,VGND,li1,111.5500,70.7200,0.000243
_2496_,VGND,li1,92.0000,130.5600,0.000165
_2495_,VGND,li1,86.2500,136.0000,0.000083
_2494_,VGND,li1,91.3100,136.0000,0.000087
_2493_,VGND,li1,84.1800,141.4400,0.000101
_2492_,VGND,li1,87.6300,130.5600,0.000165
_2491_,VGND,li1,85.3300,141.4400,0.000101
_2490_,VGND,li1,85.5600,136.0000,0.000083
_2489_,VGND,li1,88.0900,141.4400,0.000104
_2488_,VGND,li1,89.0100,136.0000,0.000085
_2487_,VGND,li1,223.7900,65.2800,0.000508
_2486_,VGND,li1,255.3000,125.1200,0.000234
_2485_,VGND,li1,235.2900,65.2800,0.000534
_2484_,VGND,li1,243.1100,119.6800,0.000386
_2483_,VGND,li1,247.2500,119.6800,0.000393
_2482_,VGND,li1,239.8900,59.8400,0.000266
_2481_,VGND,li1,244.9500,114.2400,0.000114
_2480_,VGND,li1,245.8700,119.6800,0.000389
_2479_,VGND,li1,247.2500,125.1200,0.000234
_2478_,VGND,li1,227.0100,59.8400,0.000253
_2477_,VGND,li1,244.2600,119.6800,0.000389
_2476_,VGND,li1,252.3100,125.1200,0.000234
_2475_,VGND,li1,246.3300,130.5600,0.000327
_2474_,VGND,li1,253.4600,130.5600,0.000352
_2473_,VGND,li1,249.5500,119.6800,0.000396
_2472_,VGND,li1,249.5500,130.5600,0.000339
_2471_,VGND,li1,257.1400,130.5600,0.000352
_2470_,VGND,li1,246.3300,130.5600,0.000327
_2469_,VGND,li1,257.8300,125.1200,0.000234
_2468_,VGND,li1,164.4500,168.6400,0.000108
_2467_,VGND,li1,170.4300,206.7200,0.000068
_2466_,VGND,li1,173.4200,206.7200,0.000063
_2465_,VGND,li1,167.9000,212.1600,0.000122
_2464_,VGND,li1,182.8500,212.1600,0.000086
_2463_,VGND,li1,178.2500,212.1600,0.000074
_2462_,VGND,li1,176.1800,212.1600,0.000083
_2461_,VGND,li1,187.6800,206.7200,0.000061
_2460_,VGND,li1,190.4400,206.7200,0.000063
_2459_,VGND,li1,189.5200,206.7200,0.000063
_2458_,VGND,li1,189.7500,212.1600,0.000108
_2457_,VGND,li1,185.1500,212.1600,0.000093
_2456_,VGND,li1,187.4500,212.1600,0.000101
_2455_,VGND,li1,184.6900,212.1600,0.000093
_2454_,VGND,li1,196.8800,206.7200,0.000072
_2453_,VGND,li1,194.1200,212.1600,0.000118
_2452_,VGND,li1,197.5700,212.1600,0.000123
_2451_,VGND,li1,200.3300,217.6000,0.000390
_2450_,VGND,li1,200.3300,217.6000,0.000390
_2449_,VGND,li1,196.6500,212.1600,0.000123
_2448_,VGND,li1,201.9400,206.7200,0.000075
_2447_,VGND,li1,203.5500,217.6000,0.000402
_2446_,VGND,li1,212.9800,212.1600,0.000153
_2445_,VGND,li1,214.8200,212.1600,0.000156
_2444_,VGND,li1,207.6900,217.6000,0.000415
_2443_,VGND,li1,206.0800,217.6000,0.000415
_2442_,VGND,li1,204.4700,212.1600,0.000141
_2441_,VGND,li1,209.9900,223.0400,0.000191
_2440_,VGND,li1,203.0900,223.0400,0.000181
_2439_,VGND,li1,203.0900,217.6000,0.000402
_2438_,VGND,li1,201.0200,223.0400,0.000176
_2437_,VGND,li1,196.8800,228.4800,0.000231
_2436_,VGND,li1,197.8000,223.0400,0.000169
_2435_,VGND,li1,184.2300,223.0400,0.000131
_2434_,VGND,li1,188.8300,217.6000,0.000286
_2433_,VGND,li1,195.7300,223.0400,0.000162
_2432_,VGND,li1,187.9100,223.0400,0.000145
_2431_,VGND,li1,190.4400,223.0400,0.000151
_2430_,VGND,li1,192.2800,223.0400,0.000156
_2429_,VGND,li1,173.1900,217.6000,0.000204
_2428_,VGND,li1,170.6600,217.6000,0.000216
_2427_,VGND,li1,181.0100,223.0400,0.000125
_2426_,VGND,li1,178.2500,217.6000,0.000174
_2425_,VGND,li1,171.1200,223.0400,0.000168
_2424_,VGND,li1,175.0300,217.6000,0.000192
_2423_,VGND,li1,171.1200,228.4800,0.000151
_2422_,VGND,li1,174.8000,228.4800,0.000141
_2421_,VGND,li1,163.9900,228.4800,0.000194
_2420_,VGND,li1,169.5100,228.4800,0.000166
_2419_,VGND,li1,168.1300,228.4800,0.000166
_2418_,VGND,li1,162.1500,217.6000,0.000263
_2417_,VGND,li1,159.1600,223.0400,0.000263
_2416_,VGND,li1,157.3200,217.6000,0.000290
_2415_,VGND,li1,167.2100,212.1600,0.000122
_2414_,VGND,li1,162.3800,217.6000,0.000263
_2413_,VGND,li1,163.0700,212.1600,0.000140
_2412_,VGND,li1,161.2300,212.1600,0.000152
_2411_,VGND,li1,165.3700,223.0400,0.000215
_2410_,VGND,li1,165.3700,212.1600,0.000130
_2409_,VGND,li1,165.8300,212.1600,0.000130
_2408_,VGND,li1,162.3800,190.4000,0.000209
_2407_,VGND,li1,162.3800,190.4000,0.000209
_2406_,VGND,li1,158.2400,190.4000,0.000229
_2405_,VGND,li1,150.8800,184.9600,0.000256
_2404_,VGND,li1,154.3300,190.4000,0.000247
_2403_,VGND,li1,151.8000,179.5200,0.000211
_2402_,VGND,li1,155.7100,179.5200,0.000199
_2401_,VGND,li1,156.1700,195.8400,0.000123
_2400_,VGND,li1,158.0100,195.8400,0.000114
_2399_,VGND,li1,160.0800,206.7200,0.000091
_2398_,VGND,li1,219.4200,152.3200,0.000371
_2397_,VGND,li1,222.4100,141.4400,0.000147
_2396_,VGND,li1,218.7300,130.5600,0.000239
_2395_,VGND,li1,227.9300,146.8800,0.000127
_2394_,VGND,li1,230.2300,141.4400,0.000156
_2393_,VGND,li1,221.0300,130.5600,0.000247
_2392_,VGND,li1,216.8900,130.5600,0.000230
_2391_,VGND,li1,228.3900,125.1200,0.000229
_2390_,VGND,li1,218.2700,157.7600,0.000474
_2389_,VGND,li1,167.2100,168.6400,0.000095
_2388_,VGND,li1,162.1500,184.9600,0.000199
_2387_,VGND,li1,151.1100,179.5200,0.000211
_2386_,VGND,li1,144.2100,130.5600,0.000135
_2385_,VGND,li1,129.4900,103.3600,0.000249
_2384_,VGND,li1,137.7700,125.1200,0.000187
_2383_,VGND,li1,131.3300,114.2400,0.000216
_2382_,VGND,li1,176.8700,119.6800,0.000159
_2381_,VGND,li1,214.1300,114.2400,0.000114
_2380_,VGND,li1,189.7500,108.8000,0.000077
_2379_,VGND,li1,207.2300,114.2400,0.000112
_2378_,VGND,li1,123.9700,108.8000,0.000274
_2377_,VGND,li1,125.3500,92.4800,0.000256
_2376_,VGND,li1,148.8100,125.1200,0.000172
_2375_,VGND,li1,114.7700,108.8000,0.000278
_2374_,VGND,li1,214.1300,141.4400,0.000132
_2373_,VGND,li1,238.5100,81.6000,0.000142
_2372_,VGND,li1,235.2900,97.9200,0.000335
_2371_,VGND,li1,220.1100,108.8000,0.000103
_2370_,VGND,li1,150.1900,136.0000,0.000094
_2369_,VGND,li1,116.6100,103.3600,0.000280
_2368_,VGND,li1,128.1100,87.0400,0.000361
_2367_,VGND,li1,113.8500,92.4800,0.000278
_2366_,VGND,li1,227.0100,87.0400,0.000199
_2365_,VGND,li1,227.0100,70.7200,0.000140
_2364_,VGND,li1,222.4100,81.6000,0.000128
_2363_,VGND,li1,227.0100,92.4800,0.000316
_2362_,VGND,li1,162.6100,136.0000,0.000085
_2361_,VGND,li1,169.5100,136.0000,0.000076
_2360_,VGND,li1,172.2700,130.5600,0.000087
_2359_,VGND,li1,158.0100,125.1200,0.000163
_2358_,VGND,li1,188.3700,152.3200,0.000196
_2357_,VGND,li1,239.8900,70.7200,0.000146
_2356_,VGND,li1,238.5100,76.1600,0.000158
_2355_,VGND,li1,239.8900,103.3600,0.000241
_2354_,VGND,li1,120.2900,81.6000,0.000226
_2353_,VGND,li1,114.3100,76.1600,0.000245
_2352_,VGND,li1,126.7300,65.2800,0.000447
_2351_,VGND,li1,115.6900,70.7200,0.000244
_2350_,VGND,li1,227.0100,54.4000,0.000322
_2349_,VGND,li1,235.2900,59.8400,0.000262
_2348_,VGND,li1,239.8900,54.4000,0.000360
_2347_,VGND,li1,229.3100,54.4000,0.000329
_2346_,VGND,li1,192.9700,157.7600,0.000280
_2345_,VGND,li1,203.5500,163.2000,0.000159
_2344_,VGND,li1,200.1000,168.6400,0.000099
_2343_,VGND,li1,203.3200,168.6400,0.000107
_2342_,VGND,li1,196.4200,163.2000,0.000137
_2341_,VGND,li1,200.7900,157.7600,0.000346
_2340_,VGND,li1,204.9300,163.2000,0.000159
_2339_,VGND,li1,192.5100,163.2000,0.000126
_2338_,VGND,li1,88.5500,250.2400,0.000385
_2337_,VGND,li1,98.2100,244.8000,0.000373
_2336_,VGND,li1,93.6100,228.4800,0.000282
_2335_,VGND,li1,55.4300,250.2400,0.000279
_2334_,VGND,li1,48.0700,233.9200,0.000084
_2333_,VGND,li1,54.0500,217.6000,0.000351
_2332_,VGND,li1,77.9700,250.2400,0.000366
_2331_,VGND,li1,50.8300,261.1200,0.000139
_2330_,VGND,li1,86.2500,212.1600,0.000272
_2329_,VGND,li1,87.1700,32.6400,0.000211
_2328_,VGND,li1,50.8300,38.0800,0.000054
_2327_,VGND,li1,49.6800,32.6400,0.000140
_2326_,VGND,li1,47.1500,38.0800,0.000049
_2325_,VGND,li1,39.3300,59.8400,0.000139
_2324_,VGND,li1,48.0700,21.7600,0.000062
_2323_,VGND,li1,53.1300,92.4800,0.000182
_2322_,VGND,li1,49.4500,97.9200,0.000298
_2321_,VGND,li1,77.9700,97.9200,0.000468
_2320_,VGND,li1,85.3300,32.6400,0.000209
_2319_,VGND,li1,42.5500,38.0800,0.000042
_2318_,VGND,li1,42.7800,32.6400,0.000118
_2317_,VGND,li1,39.7900,38.0800,0.000035
_2316_,VGND,li1,19.5500,76.1600,0.000052
_2315_,VGND,li1,36.5700,21.7600,0.000045
_2314_,VGND,li1,49.4500,103.3600,0.000238
_2313_,VGND,li1,29.6700,97.9200,0.000145
_2312_,VGND,li1,88.0900,114.2400,0.000237
_2311_,VGND,li1,93.6100,32.6400,0.000216
_2310_,VGND,li1,45.7700,38.0800,0.000044
_2309_,VGND,li1,46.0000,32.6400,0.000128
_2308_,VGND,li1,42.0900,38.0800,0.000039
_2307_,VGND,li1,23.6900,43.5200,0.000048
_2306_,VGND,li1,33.3500,32.6400,0.000086
_2305_,VGND,li1,48.5300,76.1600,0.000130
_2304_,VGND,li1,28.7500,87.0400,0.000102
_2303_,VGND,li1,83.0300,81.6000,0.000231
_2302_,VGND,li1,101.8900,32.6400,0.000218
_2301_,VGND,li1,66.0100,38.0800,0.000073
_2300_,VGND,li1,72.6800,38.0800,0.000080
_2299_,VGND,li1,58.6500,43.5200,0.000101
_2298_,VGND,li1,23.2300,59.8400,0.000070
_2297_,VGND,li1,60.0300,32.6400,0.000168
_2296_,VGND,li1,67.8500,70.7200,0.000195
_2295_,VGND,li1,65.0900,81.6000,0.000197
_2294_,VGND,li1,98.2100,70.7200,0.000240
_2293_,VGND,li1,80.7300,43.5200,0.000122
_2292_,VGND,li1,76.1300,43.5200,0.000117
_2291_,VGND,li1,77.7400,38.0800,0.000083
_2290_,VGND,li1,60.9500,43.5200,0.000103
_2289_,VGND,li1,53.5900,48.9600,0.000192
_2288_,VGND,li1,77.9700,21.7600,0.000108
_2287_,VGND,li1,78.4300,87.0400,0.000332
_2286_,VGND,li1,49.4500,81.6000,0.000150
_2285_,VGND,li1,100.9700,81.6000,0.000243
_2284_,VGND,li1,87.6300,43.5200,0.000128
_2283_,VGND,li1,46.2300,43.5200,0.000082
_2282_,VGND,li1,42.7800,43.5200,0.000077
_2281_,VGND,li1,40.2500,43.5200,0.000074
_2280_,VGND,li1,36.5700,76.1600,0.000093
_2279_,VGND,li1,36.5700,48.9600,0.000151
_2278_,VGND,li1,47.1500,114.2400,0.000148
_2277_,VGND,li1,38.4100,114.2400,0.000115
_2276_,VGND,li1,70.1500,114.2400,0.000214
_2275_,VGND,li1,96.3700,48.9600,0.000242
_2274_,VGND,li1,76.1300,43.5200,0.000117
_2273_,VGND,li1,79.1200,43.5200,0.000119
_2272_,VGND,li1,66.9300,43.5200,0.000109
_2271_,VGND,li1,57.7300,65.2800,0.000442
_2270_,VGND,li1,88.0900,54.4000,0.000228
_2269_,VGND,li1,74.2900,108.8000,0.000208
_2268_,VGND,li1,56.3500,108.8000,0.000157
_2267_,VGND,li1,98.6700,114.2400,0.000241
_2266_,VGND,li1,106.0300,43.5200,0.000127
_2265_,VGND,li1,71.9900,43.5200,0.000114
_2264_,VGND,li1,69.9200,38.0800,0.000076
_2263_,VGND,li1,69.2300,43.5200,0.000111
_2262_,VGND,li1,65.0900,48.9600,0.000217
_2261_,VGND,li1,65.5500,21.7600,0.000090
_2260_,VGND,li1,73.8300,92.4800,0.000267
_2259_,VGND,li1,64.6300,97.9200,0.000394
_2258_,VGND,li1,100.9700,97.9200,0.000436
_2257_,VGND,li1,111.0900,212.1600,0.000309
_2256_,VGND,li1,103.2700,174.0800,0.000207
_2255_,VGND,li1,99.5900,157.7600,0.000409
_2254_,VGND,li1,80.7300,163.2000,0.000281
_2253_,VGND,li1,77.5100,184.9600,0.000344
_2252_,VGND,li1,78.8900,174.0800,0.000199
_2251_,VGND,li1,106.9500,195.8400,0.000217
_2250_,VGND,li1,88.0900,195.8400,0.000214
_2249_,VGND,li1,73.3700,103.3600,0.000318
_2248_,VGND,li1,80.7300,108.8000,0.000229
_2247_,VGND,li1,75.2100,87.0400,0.000323
_2246_,VGND,li1,89.4700,70.7200,0.000232
_2245_,VGND,li1,93.6100,76.1600,0.000264
_2244_,VGND,li1,67.8500,125.1200,0.000179
_2243_,VGND,li1,105.5700,114.2400,0.000243
_2242_,VGND,li1,91.3100,103.3600,0.000311
_2241_,VGND,li1,86.7100,76.1600,0.000250
_2240_,VGND,li1,141.9100,43.5200,0.000097
_2239_,VGND,li1,137.5400,54.4000,0.000169
_2238_,VGND,li1,144.6700,43.5200,0.000094
_2237_,VGND,li1,152.0300,48.9600,0.000207
_2236_,VGND,li1,149.2700,48.9600,0.000212
_2235_,VGND,li1,136.1600,54.4000,0.000176
_2234_,VGND,li1,136.8500,48.9600,0.000233
_2233_,VGND,li1,133.6300,43.5200,0.000104
_2232_,VGND,li1,149.7300,92.4800,0.000196
_2231_,VGND,li1,137.3100,92.4800,0.000235
_2230_,VGND,li1,150.1900,108.8000,0.000186
_2229_,VGND,li1,144.2100,108.8000,0.000207
_2228_,VGND,li1,179.6300,114.2400,0.000068
_2227_,VGND,li1,165.3700,59.8400,0.000150
_2226_,VGND,li1,188.3700,97.9200,0.000176
_2225_,VGND,li1,203.0900,108.8000,0.000093
_2224_,VGND,li1,144.6700,92.4800,0.000214
_2223_,VGND,li1,133.1700,81.6000,0.000197
_2222_,VGND,li1,157.0900,119.6800,0.000281
_2221_,VGND,li1,140.0700,108.8000,0.000226
_2220_,VGND,li1,175.4900,114.2400,0.000078
_2219_,VGND,li1,216.8900,81.6000,0.000119
_2218_,VGND,li1,214.1300,70.7200,0.000127
_2217_,VGND,li1,214.1300,97.9200,0.000292
_2216_,VGND,li1,149.7300,76.1600,0.000164
_2215_,VGND,li1,136.8500,97.9200,0.000306
_2214_,VGND,li1,152.9500,81.6000,0.000144
_2213_,VGND,li1,136.8500,70.7200,0.000228
_2212_,VGND,li1,207.2300,59.8400,0.000223
_2211_,VGND,li1,218.2700,70.7200,0.000131
_2210_,VGND,li1,214.1300,76.1600,0.000139
_2209_,VGND,li1,214.1300,92.4800,0.000264
_2208_,VGND,li1,155.2500,92.4800,0.000177
_2207_,VGND,li1,162.6100,81.6000,0.000107
_2206_,VGND,li1,168.5900,108.8000,0.000118
_2205_,VGND,li1,155.2500,103.3600,0.000181
_2204_,VGND,li1,181.4700,103.3600,0.000147
_2203_,VGND,li1,206.3100,65.2800,0.000419
_2202_,VGND,li1,192.5100,70.7200,0.000102
_2201_,VGND,li1,210.4500,103.3600,0.000237
_2200_,VGND,li1,139.6100,76.1600,0.000193
_2199_,VGND,li1,136.8500,81.6000,0.000186
_2198_,VGND,li1,149.7300,65.2800,0.000344
_2197_,VGND,li1,136.8500,65.2800,0.000403
_2196_,VGND,li1,214.1300,54.4000,0.000269
_2195_,VGND,li1,213.2100,54.4000,0.000269
_2194_,VGND,li1,213.2100,48.9600,0.000138
_2193_,VGND,li1,165.3700,48.9600,0.000163
_2192_,VGND,li1,164.4500,70.7200,0.000152
_2191_,VGND,li1,177.3300,65.2800,0.000208
_2190_,VGND,li1,162.6100,65.2800,0.000284
_2189_,VGND,li1,178.2500,59.8400,0.000092
_2188_,VGND,li1,175.0300,65.2800,0.000220
_2187_,VGND,li1,171.3500,48.9600,0.000129
_2186_,VGND,li1,178.9400,48.9600,0.000081
_2185_,VGND,li1,181.4700,48.9600,0.000086
_2184_,VGND,li1,175.0300,59.8400,0.000106
_2183_,VGND,li1,171.8100,65.2800,0.000241
_2182_,VGND,li1,158.0100,43.5200,0.000078
_2181_,VGND,li1,179.1700,48.9600,0.000081
_2180_,VGND,li1,192.5100,48.9600,0.000106
_2179_,VGND,li1,175.0300,54.4000,0.000087
_2178_,VGND,li1,181.4700,59.8400,0.000109
_2177_,VGND,li1,170.8900,65.2800,0.000241
_2176_,VGND,li1,183.7700,43.5200,0.000035
_2175_,VGND,li1,180.0900,43.5200,0.000033
_2174_,VGND,li1,178.2500,54.4000,0.000080
_2173_,VGND,li1,196.6500,54.4000,0.000185
_2172_,VGND,li1,190.2100,59.8400,0.000150
_2171_,VGND,li1,188.3700,76.1600,0.000084
_2170_,VGND,li1,186.5300,81.6000,0.000064
_2169_,VGND,li1,172.7300,43.5200,0.000046
_2168_,VGND,li1,180.0900,43.5200,0.000033
_2167_,VGND,li1,194.3500,43.5200,0.000041
_2166_,VGND,li1,193.4300,54.4000,0.000167
_2165_,VGND,li1,194.8100,65.2800,0.000351
_2164_,VGND,li1,202.1700,70.7200,0.000113
_2163_,VGND,li1,187.4500,43.5200,0.000037
_2162_,VGND,li1,191.8200,38.0800,0.000014
_2161_,VGND,li1,194.3500,38.0800,0.000014
_2160_,VGND,li1,195.7300,48.9600,0.000111
_2159_,VGND,li1,189.2900,48.9600,0.000100
_2158_,VGND,li1,190.2100,54.4000,0.000142
_2157_,VGND,li1,193.4300,65.2800,0.000351
_2156_,VGND,li1,188.8300,70.7200,0.000096
_2155_,VGND,li1,191.1300,81.6000,0.000074
_2154_,VGND,li1,202.1700,81.6000,0.000093
_2153_,VGND,li1,197.1100,81.6000,0.000084
_2152_,VGND,li1,167.6700,43.5200,0.000060
_2151_,VGND,li1,190.6700,48.9600,0.000100
_2150_,VGND,li1,186.9900,54.4000,0.000130
_2149_,VGND,li1,184.6900,59.8400,0.000124
_2148_,VGND,li1,173.1900,76.1600,0.000082
_2147_,VGND,li1,175.0300,70.7200,0.000091
_2146_,VGND,li1,170.8900,76.1600,0.000089
_2145_,VGND,li1,189.2900,81.6000,0.000070
_2144_,VGND,li1,202.1700,81.6000,0.000093
_2143_,VGND,li1,201.2500,76.1600,0.000115
_2142_,VGND,li1,200.3300,87.0400,0.000143
_2141_,VGND,li1,165.8300,81.6000,0.000096
_2140_,VGND,li1,187.9100,76.1600,0.000084
_2139_,VGND,li1,193.8900,87.0400,0.000131
_2138_,VGND,li1,189.2900,87.0400,0.000120
_2137_,VGND,li1,203.5500,92.4800,0.000214
_2136_,VGND,li1,203.5500,97.9200,0.000262
_2135_,VGND,li1,200.7900,92.4800,0.000201
_2134_,VGND,li1,186.0700,48.9600,0.000093
_2133_,VGND,li1,181.4700,70.7200,0.000083
_2132_,VGND,li1,181.4700,76.1600,0.000069
_2131_,VGND,li1,180.5500,87.0400,0.000100
_2130_,VGND,li1,170.4300,87.0400,0.000159
_2129_,VGND,li1,177.3300,92.4800,0.000100
_2128_,VGND,li1,177.3300,97.9200,0.000109
_2127_,VGND,li1,170.4300,97.9200,0.000148
_2126_,VGND,li1,169.2800,97.9200,0.000148
_2125_,VGND,li1,176.4100,81.6000,0.000060
_2124_,VGND,li1,175.0300,87.0400,0.000125
_2123_,VGND,li1,168.1300,92.4800,0.000130
_2122_,VGND,li1,162.1500,97.9200,0.000183
_2121_,VGND,li1,163.7600,97.9200,0.000183
_2120_,VGND,li1,138.2300,97.9200,0.000306
_2119_,VGND,li1,176.4100,76.1600,0.000069
_2118_,VGND,li1,172.7300,81.6000,0.000072
_2117_,VGND,li1,174.5700,87.0400,0.000125
_2116_,VGND,li1,191.5900,87.0400,0.000125
_2115_,VGND,li1,197.1100,87.0400,0.000137
_2114_,VGND,li1,198.9500,92.4800,0.000190
_2113_,VGND,li1,196.6500,92.4800,0.000177
_2112_,VGND,li1,153.6400,97.9200,0.000224
_2111_,VGND,li1,145.5900,103.3600,0.000212
_2110_,VGND,li1,169.9700,87.0400,0.000159
_2109_,VGND,li1,165.8300,87.0400,0.000188
_2108_,VGND,li1,165.8300,92.4800,0.000142
_2107_,VGND,li1,183.5400,87.0400,0.000107
_2106_,VGND,li1,204.2400,87.0400,0.000155
_2105_,VGND,li1,195.5000,97.9200,0.000219
_2104_,VGND,li1,194.5800,103.3600,0.000215
_2103_,VGND,li1,148.1200,97.9200,0.000257
_2102_,VGND,li1,211.8300,81.6000,0.000109
_2101_,VGND,li1,163.9900,87.0400,0.000213
_2100_,VGND,li1,169.0500,92.4800,0.000130
_2099_,VGND,li1,181.2400,97.9200,0.000133
_2098_,VGND,li1,175.9500,108.8000,0.000078
_2097_,VGND,li1,191.3600,97.9200,0.000194
_2096_,VGND,li1,163.9900,103.3600,0.000155
_2095_,VGND,li1,160.7700,103.3600,0.000167
_2094_,VGND,li1,163.0700,114.2400,0.000129
_2093_,VGND,li1,145.8200,108.8000,0.000207
_2092_,VGND,li1,159.8500,108.8000,0.000149
_2091_,VGND,li1,140.0700,114.2400,0.000199
_2090_,VGND,li1,169.5100,114.2400,0.000101
_2089_,VGND,li1,222.4100,195.8400,0.000144
_2088_,VGND,li1,213.2100,190.4000,0.000289
_2087_,VGND,li1,220.1100,184.9600,0.000271
_2086_,VGND,li1,217.8100,190.4000,0.000305
_2085_,VGND,li1,215.9700,184.9600,0.000259
_2084_,VGND,li1,206.7700,195.8400,0.000127
_2083_,VGND,li1,202.6300,190.4000,0.000265
_2082_,VGND,li1,202.1700,201.2800,0.000134
_2081_,VGND,li1,166.2900,184.9600,0.000182
_2080_,VGND,li1,155.9400,184.9600,0.000244
_2079_,VGND,li1,164.9100,190.4000,0.000198
_2078_,VGND,li1,162.6100,174.0800,0.000105
_2077_,VGND,li1,164.9100,184.9600,0.000182
_2076_,VGND,li1,69.2300,103.3600,0.000315
_2075_,VGND,li1,80.2700,119.6800,0.000425
_2074_,VGND,li1,79.3500,87.0400,0.000332
_2073_,VGND,li1,93.6100,70.7200,0.000236
_2072_,VGND,li1,92.6900,87.0400,0.000358
_2071_,VGND,li1,60.4900,114.2400,0.000188
_2070_,VGND,li1,93.6100,114.2400,0.000239
_2069_,VGND,li1,93.6100,92.4800,0.000301
_2068_,VGND,li1,79.3500,70.7200,0.000218
_2067_,VGND,li1,81.6500,70.7200,0.000221
_2066_,VGND,li1,47.6100,92.4800,0.000157
_2065_,VGND,li1,33.8100,103.3600,0.000144
_2064_,VGND,li1,33.8100,87.0400,0.000152
_2063_,VGND,li1,70.1500,87.0400,0.000313
_2062_,VGND,li1,52.2100,87.0400,0.000264
_2061_,VGND,li1,42.0900,114.2400,0.000129
_2060_,VGND,li1,59.5700,114.2400,0.000188
_2059_,VGND,li1,64.1700,108.8000,0.000184
_2058_,VGND,li1,67.3900,76.1600,0.000191
_2057_,VGND,li1,117.9900,206.7200,0.000150
_2056_,VGND,li1,111.0900,179.5200,0.000289
_2055_,VGND,li1,110.1700,163.2000,0.000280
_2054_,VGND,li1,89.9300,168.6400,0.000191
_2053_,VGND,li1,88.5500,179.5200,0.000297
_2052_,VGND,li1,92.6900,174.0800,0.000209
_2051_,VGND,li1,120.7500,195.8400,0.000203
_2050_,VGND,li1,97.7500,201.2800,0.000117
_2049_,VGND,li1,89.4700,206.7200,0.000153
_2048_,VGND,li1,83.0300,244.8000,0.000353
_2047_,VGND,li1,66.9300,244.8000,0.000313
_2046_,VGND,li1,83.4900,228.4800,0.000269
_2045_,VGND,li1,61.8700,217.6000,0.000397
_2044_,VGND,li1,35.1900,228.4800,0.000097
_2043_,VGND,li1,43.4700,212.1600,0.000152
_2042_,VGND,li1,66.9300,233.9200,0.000119
_2041_,VGND,li1,41.1700,250.2400,0.000186
_2040_,VGND,li1,75.6700,217.6000,0.000470
_2039_,VGND,li1,35.1900,65.2800,0.000219
_2038_,VGND,li1,18.1700,81.6000,0.000047
_2037_,VGND,li1,20.9300,38.0800,0.000015
_2036_,VGND,li1,21.8500,65.2800,0.000119
_2035_,VGND,li1,46.6900,48.9600,0.000176
_2034_,VGND,li1,29.2100,76.1600,0.000069
_2033_,VGND,li1,56.8100,59.8400,0.000214
_2032_,VGND,li1,69.2300,54.4000,0.000208
_2031_,VGND,li1,64.1700,65.2800,0.000484
_2030_,VGND,li1,36.1100,54.4000,0.000107
_2029_,VGND,li1,11.7300,70.7200,0.000102
_2028_,VGND,li1,12.1900,48.9600,0.000152
_2027_,VGND,li1,16.3300,59.8400,0.000075
_2026_,VGND,li1,46.2300,48.9600,0.000176
_2025_,VGND,li1,29.2100,70.7200,0.000098
_2024_,VGND,li1,51.7500,76.1600,0.000141
_2023_,VGND,li1,60.0300,48.9600,0.000206
_2022_,VGND,li1,63.7100,70.7200,0.000189
_2021_,VGND,li1,46.6900,103.3600,0.000223
_2020_,VGND,li1,37.9500,103.3600,0.000170
_2019_,VGND,li1,29.2100,92.4800,0.000070
_2018_,VGND,li1,65.0900,76.1600,0.000184
_2017_,VGND,li1,51.7500,87.0400,0.000264
_2016_,VGND,li1,37.4900,108.8000,0.000092
_2015_,VGND,li1,54.0500,108.8000,0.000149
_2014_,VGND,li1,57.7300,97.9200,0.000349
_2013_,VGND,li1,66.4700,70.7200,0.000195
_2012_,VGND,li1,105.1100,59.8400,0.000310
_2011_,VGND,li1,72.4500,190.4000,0.000348
_2010_,VGND,li1,61.8700,179.5200,0.000268
_2009_,VGND,li1,72.4500,163.2000,0.000274
_2008_,VGND,li1,59.1100,163.2000,0.000258
_2007_,VGND,li1,46.6900,179.5200,0.000194
_2006_,VGND,li1,46.6900,168.6400,0.000093
_2005_,VGND,li1,54.5100,190.4000,0.000286
_2004_,VGND,li1,40.2500,201.2800,0.000053
_2003_,VGND,li1,73.8300,201.2800,0.000097
_2002_,VGND,li1,46.6900,59.8400,0.000171
_2001_,VGND,li1,20.9300,65.2800,0.000119
_2000_,VGND,li1,16.3300,48.9600,0.000149
_1999_,VGND,li1,23.6900,54.4000,0.000054
_1998_,VGND,li1,53.5900,43.5200,0.000093
_1997_,VGND,li1,37.0300,76.1600,0.000093
_1996_,VGND,li1,59.5700,70.7200,0.000178
_1995_,VGND,li1,67.8500,43.5200,0.000109
_1994_,VGND,li1,67.8500,65.2800,0.000506
_1993_,VGND,li1,66.0100,65.2800,0.000495
_1992_,VGND,li1,97.7500,59.8400,0.000304
_1991_,VGND,li1,63.7100,201.2800,0.000089
_1990_,VGND,li1,59.5700,184.9600,0.000261
_1989_,VGND,li1,68.3100,168.6400,0.000143
_1988_,VGND,li1,49.9100,157.7600,0.000231
_1987_,VGND,li1,36.1100,179.5200,0.000135
_1986_,VGND,li1,35.1900,168.6400,0.000058
_1985_,VGND,li1,46.2300,195.8400,0.000125
_1984_,VGND,li1,35.1900,190.4000,0.000180
_1983_,VGND,li1,74.5200,206.7200,0.000134
_1982_,VGND,li1,86.2500,255.6800,0.000176
_1981_,VGND,li1,91.3100,244.8000,0.000365
_1980_,VGND,li1,89.4700,228.4800,0.000277
_1979_,VGND,li1,54.9700,255.6800,0.000128
_1978_,VGND,li1,42.0900,239.3600,0.000156
_1977_,VGND,li1,40.2500,217.6000,0.000260
_1976_,VGND,li1,73.8300,250.2400,0.000356
_1975_,VGND,li1,46.6900,261.1200,0.000125
_1974_,VGND,li1,79.3500,212.1600,0.000261
_1973_,VGND,li1,40.7100,92.4800,0.000127
_1972_,VGND,li1,25.0700,97.9200,0.000113
_1971_,VGND,li1,16.3300,87.0400,0.000090
_1970_,VGND,li1,59.5700,81.6000,0.000180
_1969_,VGND,li1,34.7300,81.6000,0.000092
_1968_,VGND,li1,30.5900,114.2400,0.000082
_1967_,VGND,li1,49.4500,108.8000,0.000133
_1966_,VGND,li1,54.9700,97.9200,0.000334
_1965_,VGND,li1,63.2500,76.1600,0.000178
_1964_,VGND,li1,98.2100,59.8400,0.000304
_1963_,VGND,li1,106.4900,201.2800,0.000121
_1962_,VGND,li1,99.5900,179.5200,0.000297
_1961_,VGND,li1,93.6100,163.2000,0.000287
_1960_,VGND,li1,80.7300,163.2000,0.000281
_1959_,VGND,li1,73.3700,179.5200,0.000294
_1958_,VGND,li1,73.8300,168.6400,0.000151
_1957_,VGND,li1,106.0300,184.9600,0.000357
_1956_,VGND,li1,86.7100,190.4000,0.000385
_1955_,VGND,li1,85.3300,206.7200,0.000149
_1954_,VGND,li1,73.3700,244.8000,0.000327
_1953_,VGND,li1,62.3300,239.3600,0.000236
_1952_,VGND,li1,77.9700,233.9200,0.000137
_1951_,VGND,li1,63.2500,206.7200,0.000117
_1950_,VGND,li1,33.8100,223.0400,0.000133
_1949_,VGND,li1,33.8100,206.7200,0.000059
_1948_,VGND,li1,62.3300,233.9200,0.000112
_1947_,VGND,li1,36.5700,239.3600,0.000127
_1946_,VGND,li1,79.3500,217.6000,0.000497
_1945_,VGND,li1,59.5700,190.4000,0.000303
_1944_,VGND,li1,54.5100,174.0800,0.000146
_1943_,VGND,li1,65.5500,157.7600,0.000321
_1942_,VGND,li1,47.6100,168.6400,0.000093
_1941_,VGND,li1,35.1900,184.9600,0.000125
_1940_,VGND,li1,34.2700,168.6400,0.000058
_1939_,VGND,li1,42.0900,195.8400,0.000111
_1938_,VGND,li1,30.5900,195.8400,0.000071
_1937_,VGND,li1,72.4500,201.2800,0.000097
_1936_,VGND,li1,68.3100,206.7200,0.000125
_1935_,VGND,li1,73.8300,239.3600,0.000268
_1934_,VGND,li1,59.5700,250.2400,0.000305
_1933_,VGND,li1,67.8500,223.0400,0.000339
_1932_,VGND,li1,55.4300,212.1600,0.000198
_1931_,VGND,li1,21.8500,228.4800,0.000051
_1930_,VGND,li1,33.8100,217.6000,0.000181
_1929_,VGND,li1,63.2500,223.0400,0.000314
_1928_,VGND,li1,33.8100,250.2400,0.000135
_1927_,VGND,li1,115.6900,201.2800,0.000125
_1926_,VGND,li1,113.3900,174.0800,0.000198
_1925_,VGND,li1,104.1900,157.7600,0.000407
_1924_,VGND,li1,90.3900,157.7600,0.000414
_1923_,VGND,li1,95.4500,184.9600,0.000382
_1922_,VGND,li1,89.0100,168.6400,0.000185
_1921_,VGND,li1,112.9300,190.4000,0.000396
_1920_,VGND,li1,93.6100,201.2800,0.000115
_1919_,VGND,li1,88.5500,201.2800,0.000113
_1918_,VGND,li1,41.6300,92.4800,0.000127
_1917_,VGND,li1,150.8800,70.7200,0.000206
_1916_,VGND,li1,149.5000,87.0400,0.000289
_1915_,VGND,li1,157.5500,87.0400,0.000247
_1914_,VGND,li1,156.1700,76.1600,0.000148
_1913_,VGND,li1,22.7700,97.9200,0.000120
_1912_,VGND,li1,155.9400,70.7200,0.000196
_1911_,VGND,li1,142.6000,76.1600,0.000185
_1910_,VGND,li1,140.9900,87.0400,0.000323
_1909_,VGND,li1,161.6900,76.1600,0.000124
_1908_,VGND,li1,21.8500,87.0400,0.000088
_1907_,VGND,li1,157.5500,65.2800,0.000309
_1906_,VGND,li1,154.1000,65.2800,0.000324
_1905_,VGND,li1,155.0200,108.8000,0.000169
_1904_,VGND,li1,152.7200,59.8400,0.000202
_1903_,VGND,li1,165.3700,108.8000,0.000126
_1902_,VGND,li1,58.1900,81.6000,0.000173
_1901_,VGND,li1,148.1200,65.2800,0.000358
_1900_,VGND,li1,150.4200,103.3600,0.000197
_1899_,VGND,li1,146.0500,103.3600,0.000207
_1898_,VGND,li1,140.9900,65.2800,0.000385
_1897_,VGND,li1,40.7100,87.0400,0.000203
_1896_,VGND,li1,188.1400,59.8400,0.000133
_1895_,VGND,li1,183.0800,108.8000,0.000070
_1894_,VGND,li1,184.6900,103.3600,0.000162
_1893_,VGND,li1,201.2500,59.8400,0.000202
_1892_,VGND,li1,34.2700,119.6800,0.000150
_1891_,VGND,li1,168.5900,65.2800,0.000253
_1890_,VGND,li1,162.8400,54.4000,0.000115
_1889_,VGND,li1,154.7900,54.4000,0.000134
_1888_,VGND,li1,140.0700,54.4000,0.000164
_1887_,VGND,li1,213.9000,65.2800,0.000453
_1886_,VGND,li1,216.4300,59.8400,0.000238
_1885_,VGND,li1,47.1500,114.2400,0.000148
_1884_,VGND,li1,189.9800,65.2800,0.000331
_1883_,VGND,li1,198.7200,70.7200,0.000109
_1882_,VGND,li1,156.6300,59.8400,0.000184
_1881_,VGND,li1,205.1600,70.7200,0.000117
_1880_,VGND,li1,208.1500,70.7200,0.000120
_1879_,VGND,li1,64.6300,92.4800,0.000231
_1878_,VGND,li1,165.8300,54.4000,0.000107
_1877_,VGND,li1,158.9300,54.4000,0.000124
_1876_,VGND,li1,156.1700,54.4000,0.000129
_1875_,VGND,li1,155.7100,54.4000,0.000129
_1874_,VGND,li1,152.0300,59.8400,0.000202
_1873_,VGND,li1,151.3400,54.4000,0.000140
_1872_,VGND,li1,151.1100,54.4000,0.000140
_1871_,VGND,li1,206.0800,92.4800,0.000227
_1870_,VGND,li1,149.7300,59.8400,0.000215
_1869_,VGND,li1,146.0500,59.8400,0.000231
_1868_,VGND,li1,142.8300,59.8400,0.000243
_1867_,VGND,li1,208.1500,97.9200,0.000276
_1866_,VGND,li1,147.8900,54.4000,0.000148
_1865_,VGND,li1,142.3700,54.4000,0.000159
_1864_,VGND,li1,143.2900,54.4000,0.000159
_1863_,VGND,li1,145.5900,54.4000,0.000152
_1862_,VGND,li1,71.9900,65.2800,0.000530
_1861_,VGND,li1,74.7500,59.8400,0.000285
_1860_,VGND,li1,71.9900,70.7200,0.000206
_1859_,VGND,li1,101.6600,59.8400,0.000307
_1858_,VGND,li1,98.2100,250.2400,0.000385
_1857_,VGND,li1,98.2100,239.3600,0.000313
_1856_,VGND,li1,103.2700,228.4800,0.000290
_1855_,VGND,li1,63.2500,250.2400,0.000330
_1854_,VGND,li1,52.2100,239.3600,0.000201
_1853_,VGND,li1,51.2900,223.0400,0.000252
_1852_,VGND,li1,80.2700,255.6800,0.000169
_1851_,VGND,li1,48.0700,255.6800,0.000110
_1850_,VGND,li1,91.3100,217.6000,0.000553
_1849_,VGND,li1,83.4900,217.6000,0.000513
_1848_,VGND,li1,90.3900,212.1600,0.000282
_1847_,VGND,li1,73.3700,233.9200,0.000130
_1846_,VGND,li1,55.4300,244.8000,0.000277
_1845_,VGND,li1,73.3700,233.9200,0.000130
_1844_,VGND,li1,51.7500,206.7200,0.000098
_1843_,VGND,li1,33.8100,233.9200,0.000048
_1842_,VGND,li1,21.8500,212.1600,0.000060
_1841_,VGND,li1,56.8100,228.4800,0.000191
_1840_,VGND,li1,21.8500,244.8000,0.000088
_1839_,VGND,li1,74.2900,217.6000,0.000470
_1838_,VGND,li1,93.6100,212.1600,0.000290
_1837_,VGND,li1,129.0300,54.4000,0.000191
_1836_,VGND,li1,133.1700,59.8400,0.000275
_1835_,VGND,li1,125.8100,48.9600,0.000244
_1834_,VGND,li1,128.3400,48.9600,0.000242
_1833_,VGND,li1,123.5100,43.5200,0.000112
_1832_,VGND,li1,141.4500,48.9600,0.000226
_1831_,VGND,li1,144.6700,48.9600,0.000222
_1830_,VGND,li1,79.3500,206.7200,0.000143
_1829_,VGND,li1,72.4500,217.6000,0.000460
_1828_,VGND,li1,73.3700,206.7200,0.000134
_1827_,VGND,li1,87.1700,212.1600,0.000277
_1826_,VGND,li1,74.7500,212.1600,0.000251
_1825_,VGND,li1,70.6100,212.1600,0.000239
_1824_,VGND,li1,70.6100,217.6000,0.000444
_1823_,VGND,li1,71.5300,212.1600,0.000239
_1822_,VGND,li1,84.6400,212.1600,0.000272
_1821_,VGND,li1,93.6100,206.7200,0.000154
_1820_,VGND,li1,99.1300,206.7200,0.000156
_1819_,VGND,li1,96.3700,217.6000,0.000550
_1818_,VGND,li1,94.5300,217.6000,0.000551
_1817_,VGND,li1,97.2900,212.1600,0.000294
_1816_,VGND,li1,97.2900,206.7200,0.000155
_1815_,VGND,li1,102.3500,212.1600,0.000303
_1814_,VGND,li1,140.0700,206.7200,0.000124
_1813_,VGND,li1,139.8400,217.6000,0.000377
_1812_,VGND,li1,142.3700,206.7200,0.000119
_1811_,VGND,li1,137.0800,212.1600,0.000250
_1810_,VGND,li1,132.7100,206.7200,0.000133
_1809_,VGND,li1,136.8500,212.1600,0.000250
_1808_,VGND,li1,135.4700,206.7200,0.000130
_1807_,VGND,li1,133.1700,212.1600,0.000266
_1806_,VGND,li1,128.5700,212.1600,0.000282
_1805_,VGND,li1,127.1900,217.6000,0.000440
_1804_,VGND,li1,141.4500,217.6000,0.000377
_1803_,VGND,li1,136.3900,217.6000,0.000399
_1802_,VGND,li1,143.2900,217.6000,0.000368
_1801_,VGND,li1,139.3800,217.6000,0.000388
_1800_,VGND,li1,141.6800,217.6000,0.000368
_1799_,VGND,li1,144.6700,217.6000,0.000354
_1798_,VGND,li1,133.6300,217.6000,0.000408
_1797_,VGND,li1,136.3900,223.0400,0.000355
_1796_,VGND,li1,132.7100,217.6000,0.000421
_1795_,VGND,li1,124.8900,217.6000,0.000457
_1794_,VGND,li1,125.8100,212.1600,0.000297
_1793_,VGND,li1,135.4700,217.6000,0.000399
_1792_,VGND,li1,132.7100,212.1600,0.000266
_1791_,VGND,li1,140.5300,212.1600,0.000238
_1790_,VGND,li1,161.6900,174.0800,0.000111
_1789_,VGND,li1,158.4700,195.8400,0.000114
_1788_,VGND,li1,129.9500,228.4800,0.000287
_1787_,VGND,li1,138.2300,239.3600,0.000296
_1786_,VGND,li1,142.8300,250.2400,0.000251
_1785_,VGND,li1,228.3900,239.3600,0.000221
_1784_,VGND,li1,225.8600,239.3600,0.000218
_1783_,VGND,li1,233.2200,244.8000,0.000173
_1782_,VGND,li1,220.8000,233.9200,0.000416
_1781_,VGND,li1,227.7000,228.4800,0.000387
_1780_,VGND,li1,235.5200,228.4800,0.000419
_1779_,VGND,li1,248.4000,228.4800,0.000464
_1778_,VGND,li1,234.8300,212.1600,0.000170
_1777_,VGND,li1,239.4300,212.1600,0.000170
_1776_,VGND,li1,117.7600,27.2000,0.000456
_1775_,VGND,li1,117.5300,16.3200,0.000254
_1774_,VGND,li1,123.9700,21.7600,0.000133
_1773_,VGND,li1,119.8300,16.3200,0.000250
_1772_,VGND,li1,114.3100,16.3200,0.000258
_1771_,VGND,li1,113.1600,38.0800,0.000093
_1770_,VGND,li1,120.2900,21.7600,0.000139
_1769_,VGND,li1,120.0600,43.5200,0.000115
_1768_,VGND,li1,129.4900,21.7600,0.000128
_1767_,VGND,li1,109.2500,27.2000,0.000481
_1766_,VGND,li1,112.0100,32.6400,0.000221
_1765_,VGND,li1,115.2300,27.2000,0.000467
_1764_,VGND,li1,127.1900,21.7600,0.000130
_1763_,VGND,li1,121.6700,16.3200,0.000246
_1762_,VGND,li1,137.0800,32.6400,0.000210
_1761_,VGND,li1,149.0400,27.2000,0.000315
_1760_,VGND,li1,158.0100,32.6400,0.000162
_1759_,VGND,li1,158.7000,21.7600,0.000068
_1758_,VGND,li1,152.9500,244.8000,0.000248
_1757_,VGND,li1,149.7300,239.3600,0.000242
_1756_,VGND,li1,151.5700,250.2400,0.000220
_1755_,VGND,li1,153.8700,201.2800,0.000109
_1754_,VGND,li1,158.2400,201.2800,0.000103
_1753_,VGND,li1,160.0800,201.2800,0.000101
_1752_,VGND,li1,161.6900,201.2800,0.000101
_1751_,VGND,li1,161.9200,206.7200,0.000087
_1750_,VGND,li1,152.7200,195.8400,0.000128
_1749_,VGND,li1,150.1900,184.9600,0.000256
_1748_,VGND,li1,158.0100,174.0800,0.000118
_1747_,VGND,li1,153.8700,212.1600,0.000181
_1746_,VGND,li1,196.1900,163.2000,0.000137
_1745_,VGND,li1,201.2500,163.2000,0.000152
_1744_,VGND,li1,192.5100,163.2000,0.000126
_1743_,VGND,li1,191.1300,157.7600,0.000263
_1742_,VGND,li1,186.5300,157.7600,0.000222
_1741_,VGND,li1,188.8300,157.7600,0.000246
_1740_,VGND,li1,188.3700,168.6400,0.000081
_1739_,VGND,li1,204.0100,157.7600,0.000373
_1738_,VGND,li1,195.9600,157.7600,0.000306
_1737_,VGND,li1,214.5900,163.2000,0.000190
_1736_,VGND,li1,214.1300,163.2000,0.000190
_1735_,VGND,li1,199.8700,163.2000,0.000144
_1734_,VGND,li1,207.6900,163.2000,0.000171
_1733_,VGND,li1,209.5300,163.2000,0.000176
_1732_,VGND,li1,187.9100,163.2000,0.000113
_1731_,VGND,li1,152.9500,206.7200,0.000107
_1730_,VGND,li1,157.5500,206.7200,0.000095
_1729_,VGND,li1,149.9600,195.8400,0.000135
_1728_,VGND,li1,149.9600,190.4000,0.000266
_1727_,VGND,li1,156.1700,212.1600,0.000172
_1726_,VGND,li1,156.4000,206.7200,0.000100
_1725_,VGND,li1,164.2200,206.7200,0.000082
_1724_,VGND,li1,180.5500,212.1600,0.000080
_1723_,VGND,li1,194.3500,206.7200,0.000069
_1722_,VGND,li1,201.2500,212.1600,0.000135
_1721_,VGND,li1,194.8100,223.0400,0.000162
_1720_,VGND,li1,184.2300,223.0400,0.000131
_1719_,VGND,li1,164.9100,217.6000,0.000248
_1718_,VGND,li1,180.5500,228.4800,0.000133
_1717_,VGND,li1,153.8700,195.8400,0.000128
_1716_,VGND,li1,155.9400,195.8400,0.000123
_1715_,VGND,li1,140.5300,195.8400,0.000159
_1714_,VGND,li1,139.8400,190.4000,0.000306
_1713_,VGND,li1,136.3900,195.8400,0.000170
_1712_,VGND,li1,93.8400,184.9600,0.000382
_1711_,VGND,li1,95.4500,223.0400,0.000396
_1710_,VGND,li1,96.3700,228.4800,0.000284
_1709_,VGND,li1,80.7300,223.0400,0.000382
_1708_,VGND,li1,100.7400,184.9600,0.000368
_1707_,VGND,li1,103.2700,163.2000,0.000285
_1706_,VGND,li1,84.4100,179.5200,0.000296
_1705_,VGND,li1,71.9900,163.2000,0.000274
_1704_,VGND,li1,137.0800,190.4000,0.000320
_1703_,VGND,li1,142.8300,190.4000,0.000294
_1702_,VGND,li1,139.6100,190.4000,0.000306
_1701_,VGND,li1,77.9700,190.4000,0.000362
_1700_,VGND,li1,47.6100,212.1600,0.000170
_1699_,VGND,li1,36.5700,212.1600,0.000115
_1698_,VGND,li1,47.1500,217.6000,0.000310
_1697_,VGND,li1,82.8000,184.9600,0.000374
_1696_,VGND,li1,49.4500,184.9600,0.000207
_1695_,VGND,li1,39.3300,163.2000,0.000177
_1694_,VGND,li1,82.1100,168.6400,0.000171
_1693_,VGND,li1,79.8100,201.2800,0.000105
_1692_,VGND,li1,80.7300,233.9200,0.000141
_1691_,VGND,li1,78.4300,255.6800,0.000164
_1690_,VGND,li1,63.7100,228.4800,0.000217
_1689_,VGND,li1,84.6400,195.8400,0.000211
_1688_,VGND,li1,113.8500,195.8400,0.000212
_1687_,VGND,li1,60.4900,201.2800,0.000085
_1686_,VGND,li1,53.5900,195.8400,0.000143
_1685_,VGND,li1,76.1300,201.2800,0.000101
_1684_,VGND,li1,47.6100,244.8000,0.000242
_1683_,VGND,li1,36.5700,244.8000,0.000175
_1682_,VGND,li1,47.1500,255.6800,0.000110
_1681_,VGND,li1,79.5800,190.4000,0.000362
_1680_,VGND,li1,90.8500,195.8400,0.000216
_1679_,VGND,li1,43.0100,201.2800,0.000057
_1678_,VGND,li1,39.3300,195.8400,0.000103
_1677_,VGND,li1,94.7600,190.4000,0.000401
_1676_,VGND,li1,100.0500,184.9600,0.000373
_1675_,VGND,li1,98.2100,233.9200,0.000165
_1674_,VGND,li1,95.4500,239.3600,0.000308
_1673_,VGND,li1,64.1700,244.8000,0.000305
_1672_,VGND,li1,107.1800,184.9600,0.000357
_1671_,VGND,li1,106.4900,179.5200,0.000295
_1670_,VGND,li1,66.4700,184.9600,0.000298
_1669_,VGND,li1,62.3300,179.5200,0.000268
_1668_,VGND,li1,136.8500,190.4000,0.000320
_1667_,VGND,li1,99.3600,195.8400,0.000221
_1666_,VGND,li1,102.8100,244.8000,0.000375
_1665_,VGND,li1,80.7300,239.3600,0.000281
_1664_,VGND,li1,94.5300,255.6800,0.000187
_1663_,VGND,li1,101.2000,201.2800,0.000118
_1662_,VGND,li1,114.7700,206.7200,0.000152
_1661_,VGND,li1,77.9700,195.8400,0.000201
_1660_,VGND,li1,69.2300,195.8400,0.000182
_1659_,VGND,li1,74.2900,190.4000,0.000352
_1658_,VGND,li1,66.9300,212.1600,0.000231
_1657_,VGND,li1,62.3300,212.1600,0.000216
_1656_,VGND,li1,62.7900,255.6800,0.000143
_1655_,VGND,li1,81.4200,190.4000,0.000367
_1654_,VGND,li1,61.4100,184.9600,0.000271
_1653_,VGND,li1,56.8100,157.7600,0.000267
_1652_,VGND,li1,88.0900,163.2000,0.000286
_1651_,VGND,li1,72.2200,184.9600,0.000325
_1650_,VGND,li1,47.6100,228.4800,0.000147
_1649_,VGND,li1,36.5700,228.4800,0.000097
_1648_,VGND,li1,49.4500,233.9200,0.000084
_1647_,VGND,li1,76.8200,190.4000,0.000357
_1646_,VGND,li1,80.7300,179.5200,0.000295
_1645_,VGND,li1,51.7500,184.9600,0.000220
_1644_,VGND,li1,43.0100,179.5200,0.000175
_1643_,VGND,li1,156.1700,201.2800,0.000106
_1642_,VGND,li1,146.0500,206.7200,0.000114
_1641_,VGND,li1,144.2100,206.7200,0.000117
_1640_,VGND,li1,140.0700,212.1600,0.000238
_1639_,VGND,li1,137.7700,217.6000,0.000388
_1638_,VGND,li1,138.0000,244.8000,0.000321
_1637_,VGND,li1,144.9000,250.2400,0.000244
_1636_,VGND,li1,136.6200,250.2400,0.000271
_1635_,VGND,li1,140.0700,250.2400,0.000265
_1634_,VGND,li1,153.1800,244.8000,0.000248
_1633_,VGND,li1,144.2100,255.6800,0.000175
_1632_,VGND,li1,156.4000,244.8000,0.000235
_1631_,VGND,li1,142.8300,250.2400,0.000251
_1630_,VGND,li1,133.8600,250.2400,0.000280
_1629_,VGND,li1,127.1900,255.6800,0.000188
_1628_,VGND,li1,149.7300,250.2400,0.000227
_1627_,VGND,li1,163.9900,250.2400,0.000176
_1626_,VGND,li1,181.0100,250.2400,0.000113
_1625_,VGND,li1,183.3100,250.2400,0.000124
_1624_,VGND,li1,210.2200,255.6800,0.000133
_1623_,VGND,li1,196.8800,250.2400,0.000188
_1622_,VGND,li1,184.0000,250.2400,0.000124
_1621_,VGND,li1,176.8700,250.2400,0.000116
_1620_,VGND,li1,188.1400,255.6800,0.000111
_1619_,VGND,li1,159.8500,244.8000,0.000209
_1618_,VGND,li1,161.2300,239.3600,0.000192
_1617_,VGND,li1,169.5100,239.3600,0.000148
_1616_,VGND,li1,187.9100,136.0000,0.000093
_1615_,VGND,li1,128.5700,168.6400,0.000210
_1614_,VGND,li1,246.7900,146.8800,0.000127
_1613_,VGND,li1,229.7700,130.5600,0.000280
_1612_,VGND,li1,48.0700,38.0800,0.000049
_1611_,VGND,li1,51.7500,38.0800,0.000054
_1610_,VGND,li1,192.9700,157.7600,0.000280
_1609_,VGND,li1,195.7300,168.6400,0.000094
_1608_,VGND,li1,207.2300,163.2000,0.000165
_1607_,VGND,li1,203.5500,168.6400,0.000107
_1606_,VGND,li1,205.8500,163.2000,0.000165
_1605_,VGND,li1,202.1700,168.6400,0.000104
_1604_,VGND,li1,174.5700,201.2800,0.000082
_1603_,VGND,li1,182.8500,217.6000,0.000229
_1602_,VGND,li1,192.0500,206.7200,0.000066
_1601_,VGND,li1,91.3100,190.4000,0.000394
_1600_,VGND,li1,100.5100,233.9200,0.000169
_1599_,VGND,li1,140.0700,32.6400,0.000206
_1598_,VGND,li1,153.4100,228.4800,0.000244
_1597_,VGND,li1,148.3500,250.2400,0.000238
_1596_,VGND,li1,221.9500,255.6800,0.000138
_1595_,VGND,li1,185.1500,255.6800,0.000108
_1594_,VGND,li1,153.4100,250.2400,0.000214
_1593_,VGND,li1,124.4300,255.6800,0.000189
_1592_,VGND,li1,115.6900,16.3200,0.000258
_1591_,VGND,li1,129.4900,16.3200,0.000232
_1590_,VGND,li1,124.8900,43.5200,0.000112
_1589_,VGND,li1,130.8700,212.1600,0.000273
_1588_,VGND,li1,133.6300,223.0400,0.000363
