Instance,Terminal,Layer,X location,Y location,Voltage
FILLER_93_553,VPWR,li1,260.3600,263.8400,1.799954
FILLER_93_545,VPWR,li1,258.0600,263.8400,1.799954
FILLER_93_533,VPWR,li1,253.4600,263.8400,1.799954
FILLER_93_529,VPWR,li1,249.5500,263.8400,1.799954
FILLER_93_517,VPWR,li1,246.1000,263.8400,1.799954
FILLER_93_505,VPWR,li1,240.5800,263.8400,1.799954
FILLER_93_501,VPWR,li1,236.6700,263.8400,1.799954
FILLER_93_489,VPWR,li1,233.2200,263.8400,1.799954
FILLER_93_477,VPWR,li1,227.7000,263.8400,1.799954
FILLER_93_473,VPWR,li1,223.7900,263.8400,1.799954
FILLER_93_461,VPWR,li1,220.3400,263.8400,1.799954
FILLER_93_449,VPWR,li1,214.8200,263.8400,1.799954
FILLER_93_445,VPWR,li1,210.9100,263.8400,1.799954
FILLER_93_433,VPWR,li1,207.4600,263.8400,1.799956
FILLER_93_421,VPWR,li1,201.9400,263.8400,1.799960
FILLER_93_417,VPWR,li1,198.0300,263.8400,1.799961
FILLER_93_405,VPWR,li1,194.5800,263.8400,1.799964
FILLER_93_393,VPWR,li1,189.0600,263.8400,1.799967
FILLER_93_389,VPWR,li1,185.1500,263.8400,1.799970
FILLER_93_377,VPWR,li1,181.7000,263.8400,1.799974
FILLER_93_365,VPWR,li1,176.1800,263.8400,1.799982
FILLER_93_361,VPWR,li1,172.2700,263.8400,1.799981
FILLER_93_349,VPWR,li1,168.8200,263.8400,1.799978
FILLER_93_337,VPWR,li1,163.3000,263.8400,1.799976
FILLER_93_333,VPWR,li1,159.3900,263.8400,1.799975
FILLER_93_321,VPWR,li1,155.9400,263.8400,1.799974
FILLER_93_309,VPWR,li1,150.4200,263.8400,1.799972
FILLER_93_305,VPWR,li1,146.5100,263.8400,1.799972
FILLER_93_293,VPWR,li1,143.0600,263.8400,1.799970
FILLER_93_281,VPWR,li1,137.5400,263.8400,1.799969
FILLER_93_277,VPWR,li1,133.6300,263.8400,1.799967
FILLER_93_265,VPWR,li1,130.1800,263.8400,1.799967
FILLER_93_253,VPWR,li1,124.6600,263.8400,1.799965
FILLER_93_249,VPWR,li1,120.7500,263.8400,1.799964
FILLER_93_237,VPWR,li1,117.3000,263.8400,1.799963
FILLER_93_221,VPWR,li1,107.8700,263.8400,1.799960
FILLER_93_209,VPWR,li1,104.4200,263.8400,1.799959
FILLER_93_197,VPWR,li1,98.9000,263.8400,1.799957
FILLER_93_195,VPWR,li1,95.4500,263.8400,1.799956
FILLER_93_189,VPWR,li1,93.8400,263.8400,1.799956
FILLER_93_173,VPWR,li1,86.9400,263.8400,1.799954
FILLER_93_167,VPWR,li1,82.5700,263.8400,1.799955
FILLER_93_141,VPWR,li1,70.6100,263.8400,1.799959
FILLER_93_136,VPWR,li1,69.0000,263.8400,1.799959
FILLER_93_119,VPWR,li1,60.4900,263.8400,1.799961
FILLER_93_113,VPWR,li1,58.8800,263.8400,1.799962
FILLER_93_101,VPWR,li1,52.6700,263.8400,1.799966
FILLER_93_85,VPWR,li1,45.5400,263.8400,1.799972
FILLER_93_81,VPWR,li1,43.4700,263.8400,1.799974
FILLER_93_69,VPWR,li1,40.0200,263.8400,1.799977
FILLER_93_57,VPWR,li1,34.5000,263.8400,1.799980
FILLER_93_53,VPWR,li1,30.5900,263.8400,1.799984
FILLER_93_41,VPWR,li1,27.1400,263.8400,1.799987
FILLER_93_29,VPWR,li1,21.6200,263.8400,1.799991
FILLER_93_27,VPWR,li1,18.1700,263.8400,1.799991
FILLER_93_15,VPWR,li1,15.1800,263.8400,1.799991
FILLER_93_3,VPWR,li1,9.6600,263.8400,1.799991
FILLER_92_553,VPWR,li1,260.3600,263.8400,1.799954
FILLER_92_545,VPWR,li1,258.0600,263.8400,1.799954
FILLER_92_533,VPWR,li1,253.4600,263.8400,1.799954
FILLER_92_531,VPWR,li1,250.0100,263.8400,1.799954
FILLER_92_525,VPWR,li1,248.4000,263.8400,1.799954
FILLER_92_513,VPWR,li1,244.2600,263.8400,1.799954
FILLER_92_501,VPWR,li1,238.7400,263.8400,1.799954
FILLER_92_489,VPWR,li1,233.2200,263.8400,1.799954
FILLER_92_477,VPWR,li1,227.7000,263.8400,1.799954
FILLER_92_475,VPWR,li1,224.2500,263.8400,1.799954
FILLER_92_471,VPWR,li1,223.1000,263.8400,1.799954
FILLER_92_459,VPWR,li1,219.4200,263.8400,1.799954
FILLER_92_435,VPWR,li1,206.5400,263.8400,1.799956
FILLER_92_429,VPWR,li1,203.0900,263.8400,1.799958
FILLER_92_421,VPWR,li1,201.0200,263.8400,1.799960
FILLER_92_416,VPWR,li1,197.8000,263.8400,1.799961
FILLER_92_404,VPWR,li1,194.1200,263.8400,1.799964
FILLER_92_398,VPWR,li1,189.0600,263.8400,1.799967
FILLER_92_389,VPWR,li1,184.6900,263.8400,1.799970
FILLER_92_381,VPWR,li1,182.6200,263.8400,1.799974
FILLER_92_373,VPWR,li1,177.5600,263.8400,1.799979
FILLER_92_365,VPWR,li1,175.2600,263.8400,1.799982
FILLER_92_362,VPWR,li1,172.5000,263.8400,1.799981
FILLER_92_354,VPWR,li1,170.2000,263.8400,1.799980
FILLER_92_340,VPWR,li1,162.8400,263.8400,1.799976
FILLER_92_328,VPWR,li1,159.1600,263.8400,1.799975
FILLER_92_317,VPWR,li1,151.5700,263.8400,1.799973
FILLER_92_309,VPWR,li1,149.5000,263.8400,1.799972
FILLER_92_305,VPWR,li1,146.5100,263.8400,1.799972
FILLER_92_293,VPWR,li1,143.0600,263.8400,1.799970
FILLER_92_281,VPWR,li1,137.5400,263.8400,1.799969
FILLER_92_269,VPWR,li1,132.0200,263.8400,1.799967
FILLER_92_261,VPWR,li1,125.8100,263.8400,1.799965
FILLER_92_253,VPWR,li1,123.7400,263.8400,1.799965
FILLER_92_246,VPWR,li1,120.0600,263.8400,1.799964
FILLER_92_226,VPWR,li1,110.1700,263.8400,1.799961
FILLER_92_207,VPWR,li1,100.9700,263.8400,1.799958
FILLER_92_201,VPWR,li1,99.3600,263.8400,1.799957
FILLER_92_195,VPWR,li1,95.4500,263.8400,1.799956
FILLER_92_141,VPWR,li1,71.7600,263.8400,1.799958
FILLER_92_136,VPWR,li1,69.0000,263.8400,1.799959
FILLER_92_125,VPWR,li1,63.2500,263.8400,1.799961
FILLER_92_119,VPWR,li1,61.6400,263.8400,1.799961
FILLER_92_94,VPWR,li1,48.9900,263.8400,1.799968
FILLER_92_65,VPWR,li1,36.1100,263.8400,1.799980
FILLER_92_53,VPWR,li1,32.6600,263.8400,1.799982
FILLER_92_41,VPWR,li1,27.1400,263.8400,1.799987
FILLER_92_29,VPWR,li1,21.6200,263.8400,1.799991
FILLER_92_27,VPWR,li1,18.1700,263.8400,1.799991
FILLER_92_15,VPWR,li1,15.1800,263.8400,1.799991
FILLER_92_3,VPWR,li1,9.6600,263.8400,1.799991
FILLER_91_553,VPWR,li1,260.3600,258.4000,1.799797
FILLER_91_541,VPWR,li1,257.1400,258.4000,1.799797
FILLER_91_529,VPWR,li1,251.6200,258.4000,1.799797
FILLER_91_517,VPWR,li1,246.1000,258.4000,1.799797
FILLER_91_505,VPWR,li1,240.5800,258.4000,1.799797
FILLER_91_503,VPWR,li1,237.1300,258.4000,1.799797
FILLER_91_495,VPWR,li1,235.0600,258.4000,1.799797
FILLER_91_483,VPWR,li1,230.4600,258.4000,1.799797
FILLER_91_471,VPWR,li1,224.9400,258.4000,1.799797
FILLER_91_459,VPWR,li1,219.4200,258.4000,1.799797
FILLER_91_446,VPWR,li1,211.1400,258.4000,1.799797
FILLER_91_425,VPWR,li1,201.2500,258.4000,1.799802
FILLER_91_413,VPWR,li1,198.2600,258.4000,1.799806
FILLER_91_350,VPWR,li1,166.9800,258.4000,1.799834
FILLER_91_335,VPWR,li1,159.8500,258.4000,1.799804
FILLER_91_301,VPWR,li1,145.3600,258.4000,1.799749
FILLER_91_256,VPWR,li1,123.9700,258.4000,1.799704
FILLER_91_203,VPWR,li1,99.1300,258.4000,1.799687
FILLER_91_169,VPWR,li1,83.7200,258.4000,1.799709
FILLER_91_135,VPWR,li1,67.8500,258.4000,1.799754
FILLER_91_129,VPWR,li1,66.2400,258.4000,1.799754
FILLER_91_57,VPWR,li1,34.5000,258.4000,1.799878
FILLER_91_55,VPWR,li1,31.0500,258.4000,1.799902
FILLER_91_51,VPWR,li1,29.9000,258.4000,1.799902
FILLER_91_39,VPWR,li1,26.2200,258.4000,1.799921
FILLER_91_27,VPWR,li1,20.7000,258.4000,1.799949
FILLER_91_15,VPWR,li1,15.1800,258.4000,1.799949
FILLER_91_3,VPWR,li1,9.6600,258.4000,1.799949
FILLER_90_553,VPWR,li1,260.3600,258.4000,1.799797
FILLER_90_545,VPWR,li1,258.0600,258.4000,1.799797
FILLER_90_533,VPWR,li1,253.4600,258.4000,1.799797
FILLER_90_531,VPWR,li1,250.0100,258.4000,1.799797
FILLER_90_525,VPWR,li1,248.4000,258.4000,1.799797
FILLER_90_513,VPWR,li1,244.2600,258.4000,1.799797
FILLER_90_501,VPWR,li1,238.7400,258.4000,1.799797
FILLER_90_489,VPWR,li1,233.2200,258.4000,1.799797
FILLER_90_477,VPWR,li1,227.7000,258.4000,1.799797
FILLER_90_472,VPWR,li1,223.5600,258.4000,1.799797
FILLER_90_419,VPWR,li1,198.4900,258.4000,1.799806
FILLER_90_362,VPWR,li1,172.5000,258.4000,1.799859
FILLER_90_321,VPWR,li1,153.4100,258.4000,1.799779
FILLER_90_309,VPWR,li1,150.4200,258.4000,1.799768
FILLER_90_305,VPWR,li1,146.5100,258.4000,1.799756
FILLER_90_260,VPWR,li1,125.5800,258.4000,1.799707
FILLER_90_250,VPWR,li1,120.9800,258.4000,1.799701
FILLER_90_243,VPWR,li1,117.5300,258.4000,1.799697
FILLER_90_237,VPWR,li1,115.9200,258.4000,1.799694
FILLER_90_169,VPWR,li1,83.7200,258.4000,1.799709
FILLER_90_147,VPWR,li1,73.3700,258.4000,1.799738
FILLER_90_141,VPWR,li1,71.7600,258.4000,1.799738
FILLER_90_139,VPWR,li1,69.6900,258.4000,1.799747
FILLER_90_135,VPWR,li1,68.5400,258.4000,1.799747
FILLER_90_97,VPWR,li1,50.3700,258.4000,1.799807
FILLER_90_85,VPWR,li1,45.3100,258.4000,1.799830
FILLER_90_65,VPWR,li1,36.1100,258.4000,1.799878
FILLER_90_53,VPWR,li1,32.6600,258.4000,1.799888
FILLER_90_41,VPWR,li1,27.1400,258.4000,1.799921
FILLER_90_29,VPWR,li1,21.6200,258.4000,1.799949
FILLER_90_27,VPWR,li1,18.1700,258.4000,1.799949
FILLER_90_15,VPWR,li1,15.1800,258.4000,1.799949
FILLER_90_3,VPWR,li1,9.6600,258.4000,1.799949
FILLER_89_553,VPWR,li1,260.3600,252.9600,1.799817
FILLER_89_541,VPWR,li1,257.1400,252.9600,1.799817
FILLER_89_529,VPWR,li1,251.6200,252.9600,1.799817
FILLER_89_517,VPWR,li1,246.1000,252.9600,1.799817
FILLER_89_505,VPWR,li1,240.5800,252.9600,1.799817
FILLER_89_501,VPWR,li1,236.6700,252.9600,1.799817
FILLER_89_493,VPWR,li1,234.1400,252.9600,1.799817
FILLER_89_481,VPWR,li1,229.5400,252.9600,1.799817
FILLER_89_469,VPWR,li1,224.0200,252.9600,1.799817
FILLER_89_426,VPWR,li1,201.9400,252.9600,1.799840
FILLER_89_415,VPWR,li1,196.8800,252.9600,1.799848
FILLER_89_406,VPWR,li1,192.7400,252.9600,1.799855
FILLER_89_360,VPWR,li1,172.0400,252.9600,1.799852
FILLER_89_343,VPWR,li1,163.5300,252.9600,1.799791
FILLER_89_337,VPWR,li1,161.9200,252.9600,1.799791
FILLER_89_335,VPWR,li1,159.8500,252.9600,1.799781
FILLER_89_329,VPWR,li1,158.2400,252.9600,1.799773
FILLER_89_317,VPWR,li1,154.1000,252.9600,1.799751
FILLER_89_290,VPWR,li1,140.3000,252.9600,1.799701
FILLER_89_260,VPWR,li1,125.8100,252.9600,1.799652
FILLER_89_256,VPWR,li1,123.5100,252.9600,1.799644
FILLER_89_251,VPWR,li1,121.4400,252.9600,1.799636
FILLER_89_239,VPWR,li1,118.2200,252.9600,1.799626
FILLER_89_230,VPWR,li1,111.5500,252.9600,1.799606
FILLER_89_225,VPWR,li1,109.2500,252.9600,1.799598
FILLER_89_212,VPWR,li1,105.8000,252.9600,1.799590
FILLER_89_173,VPWR,li1,85.3300,252.9600,1.799576
FILLER_89_169,VPWR,li1,84.1800,252.9600,1.799581
FILLER_89_167,VPWR,li1,82.5700,252.9600,1.799581
FILLER_89_152,VPWR,li1,76.8200,252.9600,1.799591
FILLER_89_135,VPWR,li1,67.8500,252.9600,1.799612
FILLER_89_131,VPWR,li1,66.7000,252.9600,1.799612
FILLER_89_113,VPWR,li1,57.9600,252.9600,1.799664
FILLER_89_101,VPWR,li1,52.4400,252.9600,1.799697
FILLER_89_63,VPWR,li1,34.7300,252.9600,1.799836
FILLER_89_57,VPWR,li1,33.1200,252.9600,1.799836
FILLER_89_55,VPWR,li1,31.0500,252.9600,1.799859
FILLER_89_51,VPWR,li1,29.9000,252.9600,1.799859
FILLER_89_39,VPWR,li1,26.2200,252.9600,1.799886
FILLER_89_27,VPWR,li1,20.7000,252.9600,1.799927
FILLER_89_15,VPWR,li1,15.1800,252.9600,1.799927
FILLER_89_3,VPWR,li1,9.6600,252.9600,1.799927
FILLER_88_553,VPWR,li1,260.3600,252.9600,1.799817
FILLER_88_545,VPWR,li1,258.0600,252.9600,1.799817
FILLER_88_533,VPWR,li1,253.4600,252.9600,1.799817
FILLER_88_530,VPWR,li1,249.7800,252.9600,1.799817
FILLER_88_522,VPWR,li1,247.4800,252.9600,1.799817
FILLER_88_510,VPWR,li1,242.8800,252.9600,1.799817
FILLER_88_498,VPWR,li1,237.3600,252.9600,1.799817
FILLER_88_486,VPWR,li1,231.8400,252.9600,1.799817
FILLER_88_477,VPWR,li1,225.1700,252.9600,1.799817
FILLER_88_473,VPWR,li1,223.7900,252.9600,1.799817
FILLER_88_432,VPWR,li1,204.4700,252.9600,1.799837
FILLER_88_424,VPWR,li1,202.4000,252.9600,1.799840
FILLER_88_419,VPWR,li1,198.4900,252.9600,1.799848
FILLER_88_415,VPWR,li1,197.3400,252.9600,1.799848
FILLER_88_403,VPWR,li1,193.6600,252.9600,1.799855
FILLER_88_398,VPWR,li1,188.8300,252.9600,1.799863
FILLER_88_394,VPWR,li1,187.6800,252.9600,1.799863
FILLER_88_365,VPWR,li1,174.8000,252.9600,1.799868
FILLER_88_363,VPWR,li1,172.7300,252.9600,1.799852
FILLER_88_346,VPWR,li1,166.5200,252.9600,1.799811
FILLER_88_324,VPWR,li1,155.9400,252.9600,1.799764
FILLER_88_320,VPWR,li1,152.9500,252.9600,1.799751
FILLER_88_312,VPWR,li1,150.8800,252.9600,1.799742
FILLER_88_288,VPWR,li1,138.4600,252.9600,1.799690
FILLER_88_281,VPWR,li1,135.0100,252.9600,1.799683
FILLER_88_275,VPWR,li1,132.4800,252.9600,1.799669
FILLER_88_263,VPWR,li1,129.2600,252.9600,1.799663
FILLER_88_251,VPWR,li1,121.2100,252.9600,1.799636
FILLER_88_210,VPWR,li1,102.3500,252.9600,1.799579
FILLER_88_206,VPWR,li1,101.2000,252.9600,1.799579
FILLER_88_170,VPWR,li1,85.1000,252.9600,1.799576
FILLER_88_141,VPWR,li1,71.0700,252.9600,1.799604
FILLER_88_101,VPWR,li1,52.6700,252.9600,1.799697
FILLER_88_76,VPWR,li1,42.3200,252.9600,1.799768
FILLER_88_67,VPWR,li1,36.5700,252.9600,1.799810
FILLER_88_53,VPWR,li1,31.2800,252.9600,1.799859
FILLER_88_41,VPWR,li1,27.1400,252.9600,1.799886
FILLER_88_29,VPWR,li1,21.6200,252.9600,1.799927
FILLER_88_27,VPWR,li1,18.1700,252.9600,1.799927
FILLER_88_15,VPWR,li1,15.1800,252.9600,1.799927
FILLER_88_3,VPWR,li1,9.6600,252.9600,1.799927
FILLER_87_553,VPWR,li1,260.3600,247.5200,1.799709
FILLER_87_541,VPWR,li1,257.1400,247.5200,1.799709
FILLER_87_529,VPWR,li1,251.6200,247.5200,1.799709
FILLER_87_517,VPWR,li1,246.1000,247.5200,1.799709
FILLER_87_505,VPWR,li1,240.5800,247.5200,1.799709
FILLER_87_500,VPWR,li1,236.4400,247.5200,1.799709
FILLER_87_488,VPWR,li1,232.7600,247.5200,1.799709
FILLER_87_467,VPWR,li1,220.5700,247.5200,1.799717
FILLER_87_455,VPWR,li1,215.0500,247.5200,1.799731
FILLER_87_449,VPWR,li1,213.4400,247.5200,1.799745
FILLER_87_446,VPWR,li1,211.1400,247.5200,1.799754
FILLER_87_440,VPWR,li1,208.3800,247.5200,1.799764
FILLER_87_428,VPWR,li1,205.1600,247.5200,1.799774
FILLER_87_420,VPWR,li1,198.9500,247.5200,1.799801
FILLER_87_393,VPWR,li1,189.0600,247.5200,1.799850
FILLER_87_389,VPWR,li1,185.1500,247.5200,1.799861
FILLER_87_371,VPWR,li1,176.8700,247.5200,1.799899
FILLER_87_365,VPWR,li1,174.1100,247.5200,1.799914
FILLER_87_357,VPWR,li1,171.5800,247.5200,1.799907
FILLER_87_350,VPWR,li1,166.7500,247.5200,1.799892
FILLER_87_346,VPWR,li1,165.6000,247.5200,1.799884
FILLER_87_323,VPWR,li1,154.3300,247.5200,1.799855
FILLER_87_293,VPWR,li1,140.9900,247.5200,1.799829
FILLER_87_281,VPWR,li1,137.5400,247.5200,1.799821
FILLER_87_278,VPWR,li1,133.8600,247.5200,1.799817
FILLER_87_270,VPWR,li1,131.5600,247.5200,1.799814
FILLER_87_258,VPWR,li1,124.4300,247.5200,1.799802
FILLER_87_234,VPWR,li1,114.5400,247.5200,1.799791
FILLER_87_223,VPWR,li1,108.3300,247.5200,1.799782
FILLER_87_219,VPWR,li1,107.1800,247.5200,1.799782
FILLER_87_177,VPWR,li1,87.4000,247.5200,1.799771
FILLER_87_162,VPWR,li1,81.4200,247.5200,1.799770
FILLER_87_82,VPWR,li1,44.6200,247.5200,1.799808
FILLER_87_66,VPWR,li1,36.1100,247.5200,1.799840
FILLER_87_53,VPWR,li1,30.5900,247.5200,1.799871
FILLER_87_39,VPWR,li1,24.8400,247.5200,1.799918
FILLER_87_27,VPWR,li1,20.7000,247.5200,1.799934
FILLER_87_15,VPWR,li1,15.1800,247.5200,1.799934
FILLER_87_3,VPWR,li1,9.6600,247.5200,1.799934
FILLER_86_553,VPWR,li1,260.3600,247.5200,1.799709
FILLER_86_545,VPWR,li1,258.0600,247.5200,1.799709
FILLER_86_533,VPWR,li1,253.4600,247.5200,1.799709
FILLER_86_529,VPWR,li1,249.5500,247.5200,1.799709
FILLER_86_517,VPWR,li1,246.1000,247.5200,1.799709
FILLER_86_505,VPWR,li1,240.5800,247.5200,1.799709
FILLER_86_457,VPWR,li1,215.9700,247.5200,1.799731
FILLER_86_445,VPWR,li1,212.9800,247.5200,1.799745
FILLER_86_433,VPWR,li1,207.4600,247.5200,1.799764
FILLER_86_421,VPWR,li1,200.1000,247.5200,1.799801
FILLER_86_419,VPWR,li1,198.4900,247.5200,1.799810
FILLER_86_412,VPWR,li1,195.2700,247.5200,1.799821
FILLER_86_393,VPWR,li1,187.6800,247.5200,1.799850
FILLER_86_381,VPWR,li1,183.5400,247.5200,1.799869
FILLER_86_365,VPWR,li1,173.8800,247.5200,1.799914
FILLER_86_363,VPWR,li1,172.7300,247.5200,1.799907
FILLER_86_359,VPWR,li1,171.5800,247.5200,1.799907
FILLER_86_330,VPWR,li1,158.0100,247.5200,1.799867
FILLER_86_325,VPWR,li1,155.2500,247.5200,1.799859
FILLER_86_304,VPWR,li1,146.2800,247.5200,1.799836
FILLER_86_274,VPWR,li1,132.0200,247.5200,1.799814
FILLER_86_266,VPWR,li1,129.7200,247.5200,1.799812
FILLER_86_241,VPWR,li1,118.2200,247.5200,1.799795
FILLER_86_210,VPWR,li1,102.5800,247.5200,1.799778
FILLER_86_195,VPWR,li1,95.4500,247.5200,1.799772
FILLER_86_191,VPWR,li1,94.3000,247.5200,1.799772
FILLER_86_173,VPWR,li1,85.3300,247.5200,1.799771
FILLER_86_147,VPWR,li1,73.3700,247.5200,1.799772
FILLER_86_141,VPWR,li1,71.7600,247.5200,1.799772
FILLER_86_138,VPWR,li1,69.4600,247.5200,1.799774
FILLER_86_93,VPWR,li1,48.9900,247.5200,1.799801
FILLER_86_85,VPWR,li1,46.4600,247.5200,1.799805
FILLER_86_56,VPWR,li1,31.5100,247.5200,1.799871
FILLER_86_37,VPWR,li1,23.2300,247.5200,1.799918
FILLER_86_29,VPWR,li1,20.7000,247.5200,1.799934
FILLER_86_27,VPWR,li1,18.1700,247.5200,1.799934
FILLER_86_15,VPWR,li1,15.1800,247.5200,1.799934
FILLER_86_3,VPWR,li1,9.6600,247.5200,1.799934
FILLER_85_553,VPWR,li1,260.3600,242.0800,1.799754
FILLER_85_541,VPWR,li1,257.1400,242.0800,1.799754
FILLER_85_529,VPWR,li1,251.6200,242.0800,1.799754
FILLER_85_517,VPWR,li1,246.1000,242.0800,1.799754
FILLER_85_505,VPWR,li1,240.5800,242.0800,1.799754
FILLER_85_503,VPWR,li1,237.1300,242.0800,1.799754
FILLER_85_462,VPWR,li1,218.5000,242.0800,1.799764
FILLER_85_454,VPWR,li1,216.2000,242.0800,1.799768
FILLER_85_447,VPWR,li1,211.3700,242.0800,1.799778
FILLER_85_443,VPWR,li1,210.2200,242.0800,1.799778
FILLER_85_431,VPWR,li1,206.5400,242.0800,1.799785
FILLER_85_393,VPWR,li1,186.7600,242.0800,1.799833
FILLER_85_386,VPWR,li1,184.4600,242.0800,1.799838
FILLER_85_365,VPWR,li1,173.6500,242.0800,1.799855
FILLER_85_337,VPWR,li1,161.2300,242.0800,1.799762
FILLER_85_324,VPWR,li1,157.3200,242.0800,1.799734
FILLER_85_291,VPWR,li1,140.7600,242.0800,1.799616
FILLER_85_281,VPWR,li1,135.7000,242.0800,1.799583
FILLER_85_277,VPWR,li1,133.6300,242.0800,1.799570
FILLER_85_241,VPWR,li1,117.0700,242.0800,1.799527
FILLER_85_225,VPWR,li1,109.9400,242.0800,1.799536
FILLER_85_216,VPWR,li1,106.7200,242.0800,1.799539
FILLER_85_142,VPWR,li1,71.0700,242.0800,1.799640
FILLER_85_138,VPWR,li1,69.9200,242.0800,1.799647
FILLER_85_113,VPWR,li1,58.4200,242.0800,1.799699
FILLER_85_78,VPWR,li1,41.6300,242.0800,1.799790
FILLER_85_27,VPWR,li1,18.8600,242.0800,1.799925
FILLER_85_15,VPWR,li1,15.1800,242.0800,1.799925
FILLER_85_3,VPWR,li1,9.6600,242.0800,1.799925
FILLER_84_553,VPWR,li1,260.3600,242.0800,1.799754
FILLER_84_545,VPWR,li1,258.0600,242.0800,1.799754
FILLER_84_533,VPWR,li1,253.4600,242.0800,1.799754
FILLER_84_524,VPWR,li1,248.4000,242.0800,1.799754
FILLER_84_512,VPWR,li1,243.8000,242.0800,1.799754
FILLER_84_500,VPWR,li1,238.2800,242.0800,1.799754
FILLER_84_475,VPWR,li1,224.2500,242.0800,1.799758
FILLER_84_433,VPWR,li1,205.1600,242.0800,1.799790
FILLER_84_388,VPWR,li1,184.2300,242.0800,1.799838
FILLER_84_380,VPWR,li1,182.1600,242.0800,1.799844
FILLER_84_365,VPWR,li1,173.6500,242.0800,1.799855
FILLER_84_356,VPWR,li1,171.1200,242.0800,1.799838
FILLER_84_329,VPWR,li1,157.5500,242.0800,1.799734
FILLER_84_317,VPWR,li1,154.1000,242.0800,1.799701
FILLER_84_309,VPWR,li1,147.8900,242.0800,1.799654
FILLER_84_305,VPWR,li1,146.5100,242.0800,1.799654
FILLER_84_293,VPWR,li1,143.0600,242.0800,1.799631
FILLER_84_283,VPWR,li1,135.9300,242.0800,1.799583
FILLER_84_277,VPWR,li1,134.3200,242.0800,1.799570
FILLER_84_251,VPWR,li1,121.2100,242.0800,1.799522
FILLER_84_206,VPWR,li1,100.9700,242.0800,1.799548
FILLER_84_141,VPWR,li1,71.0700,242.0800,1.799640
FILLER_84_137,VPWR,li1,69.2300,242.0800,1.799647
FILLER_84_101,VPWR,li1,52.9000,242.0800,1.799722
FILLER_84_72,VPWR,li1,39.3300,242.0800,1.799804
FILLER_84_41,VPWR,li1,25.7600,242.0800,1.799894
FILLER_84_29,VPWR,li1,21.6200,242.0800,1.799925
FILLER_84_27,VPWR,li1,18.1700,242.0800,1.799925
FILLER_84_15,VPWR,li1,15.1800,242.0800,1.799925
FILLER_84_3,VPWR,li1,9.6600,242.0800,1.799925
FILLER_83_543,VPWR,li1,258.0600,236.6400,1.799715
FILLER_83_531,VPWR,li1,252.5400,236.6400,1.799717
FILLER_83_519,VPWR,li1,247.0200,236.6400,1.799721
FILLER_83_498,VPWR,li1,235.9800,236.6400,1.799730
FILLER_83_486,VPWR,li1,231.8400,236.6400,1.799737
FILLER_83_469,VPWR,li1,222.6400,236.6400,1.799752
FILLER_83_445,VPWR,li1,210.9100,236.6400,1.799773
FILLER_83_425,VPWR,li1,201.2500,236.6400,1.799803
FILLER_83_417,VPWR,li1,199.1800,236.6400,1.799811
FILLER_83_391,VPWR,li1,185.6100,236.6400,1.799863
FILLER_83_387,VPWR,li1,184.4600,236.6400,1.799863
FILLER_83_358,VPWR,li1,171.5800,236.6400,1.799892
FILLER_83_326,VPWR,li1,155.7100,236.6400,1.799840
FILLER_83_296,VPWR,li1,141.9100,236.6400,1.799807
FILLER_83_290,VPWR,li1,140.3000,236.6400,1.799807
FILLER_83_279,VPWR,li1,134.0900,236.6400,1.799798
FILLER_83_273,VPWR,li1,132.4800,236.6400,1.799798
FILLER_83_225,VPWR,li1,109.9400,236.6400,1.799799
FILLER_83_218,VPWR,li1,107.1800,236.6400,1.799802
FILLER_83_206,VPWR,li1,103.0400,236.6400,1.799807
FILLER_83_175,VPWR,li1,86.2500,236.6400,1.799827
FILLER_83_169,VPWR,li1,84.6400,236.6400,1.799827
FILLER_83_166,VPWR,li1,82.3400,236.6400,1.799830
FILLER_83_136,VPWR,li1,69.4600,236.6400,1.799847
FILLER_83_113,VPWR,li1,58.8800,236.6400,1.799867
FILLER_83_110,VPWR,li1,56.5800,236.6400,1.799871
FILLER_83_55,VPWR,li1,31.0500,236.6400,1.799934
FILLER_83_51,VPWR,li1,29.9000,236.6400,1.799934
FILLER_83_39,VPWR,li1,26.2200,236.6400,1.799947
FILLER_83_27,VPWR,li1,20.7000,236.6400,1.799966
FILLER_83_15,VPWR,li1,15.1800,236.6400,1.799966
FILLER_83_3,VPWR,li1,9.6600,236.6400,1.799966
FILLER_82_553,VPWR,li1,260.3600,236.6400,1.799715
FILLER_82_520,VPWR,li1,246.5600,236.6400,1.799721
FILLER_82_489,VPWR,li1,231.1500,236.6400,1.799737
FILLER_82_477,VPWR,li1,227.7000,236.6400,1.799742
FILLER_82_473,VPWR,li1,223.7900,236.6400,1.799748
FILLER_82_429,VPWR,li1,203.5500,236.6400,1.799795
FILLER_82_421,VPWR,li1,201.0200,236.6400,1.799803
FILLER_82_418,VPWR,li1,198.2600,236.6400,1.799811
FILLER_82_397,VPWR,li1,188.3700,236.6400,1.799847
FILLER_82_389,VPWR,li1,186.3000,236.6400,1.799856
FILLER_82_377,VPWR,li1,181.7000,236.6400,1.799875
FILLER_82_365,VPWR,li1,176.1800,236.6400,1.799907
FILLER_82_360,VPWR,li1,172.0400,236.6400,1.799892
FILLER_82_338,VPWR,li1,161.4600,236.6400,1.799854
FILLER_82_334,VPWR,li1,159.3900,236.6400,1.799847
FILLER_82_313,VPWR,li1,149.7300,236.6400,1.799825
FILLER_82_251,VPWR,li1,121.2100,236.6400,1.799794
FILLER_82_243,VPWR,li1,119.1400,236.6400,1.799794
FILLER_82_222,VPWR,li1,107.8700,236.6400,1.799802
FILLER_82_210,VPWR,li1,104.8800,236.6400,1.799804
FILLER_82_176,VPWR,li1,87.4000,236.6400,1.799824
FILLER_82_158,VPWR,li1,78.4300,236.6400,1.799836
FILLER_82_152,VPWR,li1,76.8200,236.6400,1.799836
FILLER_82_141,VPWR,li1,70.8400,236.6400,1.799844
FILLER_82_136,VPWR,li1,69.0000,236.6400,1.799847
FILLER_82_110,VPWR,li1,56.3500,236.6400,1.799871
FILLER_82_106,VPWR,li1,55.2000,236.6400,1.799871
FILLER_82_83,VPWR,li1,43.9300,236.6400,1.799892
FILLER_82_65,VPWR,li1,35.8800,236.6400,1.799914
FILLER_82_53,VPWR,li1,32.6600,236.6400,1.799925
FILLER_82_41,VPWR,li1,27.1400,236.6400,1.799947
FILLER_82_29,VPWR,li1,21.6200,236.6400,1.799966
FILLER_82_27,VPWR,li1,18.1700,236.6400,1.799966
FILLER_82_15,VPWR,li1,15.1800,236.6400,1.799966
FILLER_82_3,VPWR,li1,9.6600,236.6400,1.799966
FILLER_81_552,VPWR,li1,260.1300,231.2000,1.799574
FILLER_81_544,VPWR,li1,257.6000,231.2000,1.799574
FILLER_81_501,VPWR,li1,236.6700,231.2000,1.799595
FILLER_81_493,VPWR,li1,234.1400,231.2000,1.799600
FILLER_81_485,VPWR,li1,228.8500,231.2000,1.799614
FILLER_81_478,VPWR,li1,225.6300,231.2000,1.799621
FILLER_81_474,VPWR,li1,224.4800,231.2000,1.799621
FILLER_81_464,VPWR,li1,219.1900,231.2000,1.799636
FILLER_81_460,VPWR,li1,218.0400,231.2000,1.799636
FILLER_81_445,VPWR,li1,210.9100,231.2000,1.799661
FILLER_81_436,VPWR,li1,206.3100,231.2000,1.799684
FILLER_81_428,VPWR,li1,204.2400,231.2000,1.799698
FILLER_81_416,VPWR,li1,199.6400,231.2000,1.799720
FILLER_81_404,VPWR,li1,194.1200,231.2000,1.799758
FILLER_81_391,VPWR,li1,185.6100,231.2000,1.799819
FILLER_81_383,VPWR,li1,182.1600,231.2000,1.799849
FILLER_81_371,VPWR,li1,178.9400,231.2000,1.799871
FILLER_81_359,VPWR,li1,173.4200,231.2000,1.799890
FILLER_81_352,VPWR,li1,167.6700,231.2000,1.799879
FILLER_81_344,VPWR,li1,165.6000,231.2000,1.799875
FILLER_81_333,VPWR,li1,159.3900,231.2000,1.799863
FILLER_81_310,VPWR,li1,148.8100,231.2000,1.799847
FILLER_81_302,VPWR,li1,146.2800,231.2000,1.799843
FILLER_81_279,VPWR,li1,134.0900,231.2000,1.799827
FILLER_81_275,VPWR,li1,132.9400,231.2000,1.799827
FILLER_81_225,VPWR,li1,109.2500,231.2000,1.799820
FILLER_81_220,VPWR,li1,107.6400,231.2000,1.799820
FILLER_81_208,VPWR,li1,103.9600,231.2000,1.799822
FILLER_81_202,VPWR,li1,99.1300,231.2000,1.799825
FILLER_81_193,VPWR,li1,94.5300,231.2000,1.799830
FILLER_81_177,VPWR,li1,88.7800,231.2000,1.799836
FILLER_81_162,VPWR,li1,81.4200,231.2000,1.799844
FILLER_81_152,VPWR,li1,75.6700,231.2000,1.799852
FILLER_81_142,VPWR,li1,71.0700,231.2000,1.799860
FILLER_81_138,VPWR,li1,69.9200,231.2000,1.799863
FILLER_81_111,VPWR,li1,56.8100,231.2000,1.799890
FILLER_81_105,VPWR,li1,55.2000,231.2000,1.799890
FILLER_81_87,VPWR,li1,45.7700,231.2000,1.799911
FILLER_81_83,VPWR,li1,44.6200,231.2000,1.799915
FILLER_81_66,VPWR,li1,37.7200,231.2000,1.799929
FILLER_81_53,VPWR,li1,30.5900,231.2000,1.799945
FILLER_81_39,VPWR,li1,24.8400,231.2000,1.799964
FILLER_81_27,VPWR,li1,20.7000,231.2000,1.799972
FILLER_81_15,VPWR,li1,15.1800,231.2000,1.799972
FILLER_81_3,VPWR,li1,9.6600,231.2000,1.799972
FILLER_80_553,VPWR,li1,260.3600,231.2000,1.799574
FILLER_80_516,VPWR,li1,244.7200,231.2000,1.799583
FILLER_80_499,VPWR,li1,236.9000,231.2000,1.799595
FILLER_80_477,VPWR,li1,225.4000,231.2000,1.799621
FILLER_80_465,VPWR,li1,220.1100,231.2000,1.799631
FILLER_80_454,VPWR,li1,215.0500,231.2000,1.799643
FILLER_80_448,VPWR,li1,211.8300,231.2000,1.799661
FILLER_80_444,VPWR,li1,210.6800,231.2000,1.799661
FILLER_80_435,VPWR,li1,206.5400,231.2000,1.799684
FILLER_80_421,VPWR,li1,200.5600,231.2000,1.799720
FILLER_80_419,VPWR,li1,198.4900,231.2000,1.799732
FILLER_80_415,VPWR,li1,197.3400,231.2000,1.799732
FILLER_80_406,VPWR,li1,192.5100,231.2000,1.799758
FILLER_80_394,VPWR,li1,189.5200,231.2000,1.799777
FILLER_80_382,VPWR,li1,184.0000,231.2000,1.799819
FILLER_80_370,VPWR,li1,175.9500,231.2000,1.799894
FILLER_80_365,VPWR,li1,173.6500,231.2000,1.799890
FILLER_80_358,VPWR,li1,171.5800,231.2000,1.799886
FILLER_80_347,VPWR,li1,166.9800,231.2000,1.799875
FILLER_80_335,VPWR,li1,162.3800,231.2000,1.799868
FILLER_80_323,VPWR,li1,156.8600,231.2000,1.799858
FILLER_80_317,VPWR,li1,152.0300,231.2000,1.799850
FILLER_80_309,VPWR,li1,149.5000,231.2000,1.799847
FILLER_80_302,VPWR,li1,145.8200,231.2000,1.799843
FILLER_80_290,VPWR,li1,141.6800,231.2000,1.799837
FILLER_80_269,VPWR,li1,129.4900,231.2000,1.799825
FILLER_80_253,VPWR,li1,122.5900,231.2000,1.799821
FILLER_80_249,VPWR,li1,120.7500,231.2000,1.799819
FILLER_80_241,VPWR,li1,118.2200,231.2000,1.799819
FILLER_80_213,VPWR,li1,104.4200,231.2000,1.799822
FILLER_80_174,VPWR,li1,86.4800,231.2000,1.799839
FILLER_80_137,VPWR,li1,69.2300,231.2000,1.799863
FILLER_80_93,VPWR,li1,49.6800,231.2000,1.799906
FILLER_80_83,VPWR,li1,43.9300,231.2000,1.799915
FILLER_80_77,VPWR,li1,42.3200,231.2000,1.799920
FILLER_80_56,VPWR,li1,32.2000,231.2000,1.799945
FILLER_80_37,VPWR,li1,23.2300,231.2000,1.799964
FILLER_80_29,VPWR,li1,20.7000,231.2000,1.799972
FILLER_80_27,VPWR,li1,18.1700,231.2000,1.799972
FILLER_80_15,VPWR,li1,15.1800,231.2000,1.799972
FILLER_80_3,VPWR,li1,9.6600,231.2000,1.799972
FILLER_79_549,VPWR,li1,259.4400,225.7600,1.799417
FILLER_79_521,VPWR,li1,245.4100,225.7600,1.799449
FILLER_79_515,VPWR,li1,243.8000,225.7600,1.799449
FILLER_79_494,VPWR,li1,233.2200,225.7600,1.799495
FILLER_79_487,VPWR,li1,230.0000,225.7600,1.799502
FILLER_79_457,VPWR,li1,216.2000,225.7600,1.799559
FILLER_79_449,VPWR,li1,213.9000,225.7600,1.799574
FILLER_79_446,VPWR,li1,211.1400,225.7600,1.799584
FILLER_79_438,VPWR,li1,208.8400,225.7600,1.799596
FILLER_79_413,VPWR,li1,195.7300,225.7600,1.799670
FILLER_79_390,VPWR,li1,185.3800,225.7600,1.799740
FILLER_79_382,VPWR,li1,183.0800,225.7600,1.799758
FILLER_79_356,VPWR,li1,169.7400,225.7600,1.799740
FILLER_79_347,VPWR,li1,166.0600,225.7600,1.799720
FILLER_79_341,VPWR,li1,162.6100,225.7600,1.799685
FILLER_79_337,VPWR,li1,161.4600,225.7600,1.799663
FILLER_79_335,VPWR,li1,159.8500,225.7600,1.799643
FILLER_79_329,VPWR,li1,158.2400,225.7600,1.799643
FILLER_79_317,VPWR,li1,154.1000,225.7600,1.799595
FILLER_79_303,VPWR,li1,145.5900,225.7600,1.799559
FILLER_79_293,VPWR,li1,140.7600,225.7600,1.799549
FILLER_79_281,VPWR,li1,137.5400,225.7600,1.799542
FILLER_79_272,VPWR,li1,132.4800,225.7600,1.799536
FILLER_79_245,VPWR,li1,119.1400,225.7600,1.799522
FILLER_79_233,VPWR,li1,115.4600,225.7600,1.799520
FILLER_79_225,VPWR,li1,109.2500,225.7600,1.799516
FILLER_79_220,VPWR,li1,107.6400,225.7600,1.799516
FILLER_79_169,VPWR,li1,83.7200,225.7600,1.799521
FILLER_79_134,VPWR,li1,67.6200,225.7600,1.799568
FILLER_79_117,VPWR,li1,59.5700,225.7600,1.799618
FILLER_79_113,VPWR,li1,58.4200,225.7600,1.799633
FILLER_79_86,VPWR,li1,45.3100,225.7600,1.799720
FILLER_79_27,VPWR,li1,18.8600,225.7600,1.799911
FILLER_79_15,VPWR,li1,15.1800,225.7600,1.799911
FILLER_79_3,VPWR,li1,9.6600,225.7600,1.799911
FILLER_78_553,VPWR,li1,260.3600,225.7600,1.799417
FILLER_78_522,VPWR,li1,245.8700,225.7600,1.799441
FILLER_78_510,VPWR,li1,242.8800,225.7600,1.799458
FILLER_78_498,VPWR,li1,237.3600,225.7600,1.799473
FILLER_78_486,VPWR,li1,231.8400,225.7600,1.799495
FILLER_78_473,VPWR,li1,223.7900,225.7600,1.799525
FILLER_78_447,VPWR,li1,211.8300,225.7600,1.799584
FILLER_78_421,VPWR,li1,199.4100,225.7600,1.799657
FILLER_78_385,VPWR,li1,182.8500,225.7600,1.799758
FILLER_78_353,VPWR,li1,168.5900,225.7600,1.799740
FILLER_78_280,VPWR,li1,134.5500,225.7600,1.799539
FILLER_78_274,VPWR,li1,132.9400,225.7600,1.799536
FILLER_78_253,VPWR,li1,122.1300,225.7600,1.799523
FILLER_78_244,VPWR,li1,119.6000,225.7600,1.799522
FILLER_78_217,VPWR,li1,105.5700,225.7600,1.799515
FILLER_78_213,VPWR,li1,104.4200,225.7600,1.799514
FILLER_78_194,VPWR,li1,95.2200,225.7600,1.799513
FILLER_78_174,VPWR,li1,86.4800,225.7600,1.799517
FILLER_78_152,VPWR,li1,75.6700,225.7600,1.799533
FILLER_78_130,VPWR,li1,65.5500,225.7600,1.799580
FILLER_78_103,VPWR,li1,53.3600,225.7600,1.799661
FILLER_78_85,VPWR,li1,45.0800,225.7600,1.799720
FILLER_78_79,VPWR,li1,42.0900,225.7600,1.799750
FILLER_78_75,VPWR,li1,40.9400,225.7600,1.799750
FILLER_78_29,VPWR,li1,20.2400,225.7600,1.799911
FILLER_78_27,VPWR,li1,18.1700,225.7600,1.799911
FILLER_78_15,VPWR,li1,15.1800,225.7600,1.799911
FILLER_78_3,VPWR,li1,9.6600,225.7600,1.799911
FILLER_77_554,VPWR,li1,260.5900,220.3200,1.799534
FILLER_77_548,VPWR,li1,258.9800,220.3200,1.799534
FILLER_77_539,VPWR,li1,253.6900,220.3200,1.799534
FILLER_77_535,VPWR,li1,252.5400,220.3200,1.799534
FILLER_77_528,VPWR,li1,248.8600,220.3200,1.799534
FILLER_77_520,VPWR,li1,246.5600,220.3200,1.799534
FILLER_77_499,VPWR,li1,235.2900,220.3200,1.799536
FILLER_77_493,VPWR,li1,233.6800,220.3200,1.799537
FILLER_77_481,VPWR,li1,229.5400,220.3200,1.799539
FILLER_77_449,VPWR,li1,212.9800,220.3200,1.799552
FILLER_77_445,VPWR,li1,210.9100,220.3200,1.799555
FILLER_77_431,VPWR,li1,204.0100,220.3200,1.799578
FILLER_77_421,VPWR,li1,199.4100,220.3200,1.799603
FILLER_77_415,VPWR,li1,197.8000,220.3200,1.799603
FILLER_77_309,VPWR,li1,148.3500,220.3200,1.799707
FILLER_77_301,VPWR,li1,145.8200,220.3200,1.799696
FILLER_77_274,VPWR,li1,132.2500,220.3200,1.799652
FILLER_77_262,VPWR,li1,128.8000,220.3200,1.799642
FILLER_77_250,VPWR,li1,123.2800,220.3200,1.799623
FILLER_77_213,VPWR,li1,103.7300,220.3200,1.799581
FILLER_77_204,VPWR,li1,99.5900,220.3200,1.799570
FILLER_77_200,VPWR,li1,98.4400,220.3200,1.799570
FILLER_77_188,VPWR,li1,92.6900,220.3200,1.799559
FILLER_77_178,VPWR,li1,87.6300,220.3200,1.799567
FILLER_77_169,VPWR,li1,83.9500,220.3200,1.799576
FILLER_77_164,VPWR,li1,81.8800,220.3200,1.799585
FILLER_77_131,VPWR,li1,66.2400,220.3200,1.799663
FILLER_77_121,VPWR,li1,61.6400,220.3200,1.799685
FILLER_77_113,VPWR,li1,59.3400,220.3200,1.799697
FILLER_77_66,VPWR,li1,36.8000,220.3200,1.799834
FILLER_77_55,VPWR,li1,31.0500,220.3200,1.799865
FILLER_77_51,VPWR,li1,29.9000,220.3200,1.799879
FILLER_77_39,VPWR,li1,26.2200,220.3200,1.799900
FILLER_77_27,VPWR,li1,20.7000,220.3200,1.799934
FILLER_77_15,VPWR,li1,15.1800,220.3200,1.799934
FILLER_77_3,VPWR,li1,9.6600,220.3200,1.799934
FILLER_76_553,VPWR,li1,260.3600,220.3200,1.799534
FILLER_76_545,VPWR,li1,258.0600,220.3200,1.799534
FILLER_76_533,VPWR,li1,253.4600,220.3200,1.799534
FILLER_76_531,VPWR,li1,250.0100,220.3200,1.799534
FILLER_76_527,VPWR,li1,248.8600,220.3200,1.799534
FILLER_76_515,VPWR,li1,245.1800,220.3200,1.799534
FILLER_76_489,VPWR,li1,230.9200,220.3200,1.799539
FILLER_76_477,VPWR,li1,227.7000,220.3200,1.799540
FILLER_76_475,VPWR,li1,224.2500,220.3200,1.799542
FILLER_76_467,VPWR,li1,222.1800,220.3200,1.799544
FILLER_76_455,VPWR,li1,216.6600,220.3200,1.799548
FILLER_76_443,VPWR,li1,212.0600,220.3200,1.799555
FILLER_76_426,VPWR,li1,201.7100,220.3200,1.799591
FILLER_76_395,VPWR,li1,187.6800,220.3200,1.799693
FILLER_76_387,VPWR,li1,185.3800,220.3200,1.799719
FILLER_76_383,VPWR,li1,181.9300,220.3200,1.799770
FILLER_76_379,VPWR,li1,180.7800,220.3200,1.799770
FILLER_76_363,VPWR,li1,172.7300,220.3200,1.799822
FILLER_76_353,VPWR,li1,168.3600,220.3200,1.799799
FILLER_76_336,VPWR,li1,160.3100,220.3200,1.799755
FILLER_76_315,VPWR,li1,150.6500,220.3200,1.799718
FILLER_76_309,VPWR,li1,149.0400,220.3200,1.799707
FILLER_76_304,VPWR,li1,146.2800,220.3200,1.799696
FILLER_76_275,VPWR,li1,132.2500,220.3200,1.799652
FILLER_76_271,VPWR,li1,131.1000,220.3200,1.799652
FILLER_76_265,VPWR,li1,127.8800,220.3200,1.799642
FILLER_76_253,VPWR,li1,124.6600,220.3200,1.799632
FILLER_76_251,VPWR,li1,121.2100,220.3200,1.799616
FILLER_76_209,VPWR,li1,103.0400,220.3200,1.799577
FILLER_76_197,VPWR,li1,98.9000,220.3200,1.799570
FILLER_76_192,VPWR,li1,94.7600,220.3200,1.799563
FILLER_76_166,VPWR,li1,82.1100,220.3200,1.799585
FILLER_76_154,VPWR,li1,79.1200,220.3200,1.799598
FILLER_76_141,VPWR,li1,71.3000,220.3200,1.799640
FILLER_76_139,VPWR,li1,69.6900,220.3200,1.799649
FILLER_76_135,VPWR,li1,68.5400,220.3200,1.799649
FILLER_76_110,VPWR,li1,57.9600,220.3200,1.799708
FILLER_76_80,VPWR,li1,43.2400,220.3200,1.799787
FILLER_76_70,VPWR,li1,37.9500,220.3200,1.799821
FILLER_76_47,VPWR,li1,27.3700,220.3200,1.799900
FILLER_76_41,VPWR,li1,25.7600,220.3200,1.799900
FILLER_76_29,VPWR,li1,21.6200,220.3200,1.799934
FILLER_76_27,VPWR,li1,18.1700,220.3200,1.799934
FILLER_76_15,VPWR,li1,15.1800,220.3200,1.799934
FILLER_76_3,VPWR,li1,9.6600,220.3200,1.799934
FILLER_75_549,VPWR,li1,259.4400,214.8800,1.799854
FILLER_75_537,VPWR,li1,255.3000,214.8800,1.799854
FILLER_75_525,VPWR,li1,249.7800,214.8800,1.799854
FILLER_75_498,VPWR,li1,235.9800,214.8800,1.799858
FILLER_75_486,VPWR,li1,231.8400,214.8800,1.799860
FILLER_75_471,VPWR,li1,223.5600,214.8800,1.799865
FILLER_75_459,VPWR,li1,219.4200,214.8800,1.799867
FILLER_75_447,VPWR,li1,211.3700,214.8800,1.799873
FILLER_75_441,VPWR,li1,209.7600,214.8800,1.799873
FILLER_75_416,VPWR,li1,197.8000,214.8800,1.799890
FILLER_75_393,VPWR,li1,189.0600,214.8800,1.799908
FILLER_75_390,VPWR,li1,185.3800,214.8800,1.799915
FILLER_75_378,VPWR,li1,182.1600,214.8800,1.799921
FILLER_75_366,VPWR,li1,176.6400,214.8800,1.799937
FILLER_75_361,VPWR,li1,172.0400,214.8800,1.799923
FILLER_75_349,VPWR,li1,168.8200,214.8800,1.799904
FILLER_75_332,VPWR,li1,159.1600,214.8800,1.799872
FILLER_75_327,VPWR,li1,156.1700,214.8800,1.799854
FILLER_75_321,VPWR,li1,154.5600,214.8800,1.799854
FILLER_75_309,VPWR,li1,150.4200,214.8800,1.799838
FILLER_75_297,VPWR,li1,144.9000,214.8800,1.799812
FILLER_75_284,VPWR,li1,136.3900,214.8800,1.799782
FILLER_75_279,VPWR,li1,134.0900,214.8800,1.799768
FILLER_75_256,VPWR,li1,123.7400,214.8800,1.799734
FILLER_75_248,VPWR,li1,121.4400,214.8800,1.799726
FILLER_75_205,VPWR,li1,100.0500,214.8800,1.799684
FILLER_75_199,VPWR,li1,98.4400,214.8800,1.799684
FILLER_75_169,VPWR,li1,84.1800,214.8800,1.799705
FILLER_75_164,VPWR,li1,81.8800,214.8800,1.799709
FILLER_75_129,VPWR,li1,65.3200,214.8800,1.799733
FILLER_75_109,VPWR,li1,56.3500,214.8800,1.799751
FILLER_75_66,VPWR,li1,36.5700,214.8800,1.799810
FILLER_75_55,VPWR,li1,31.0500,214.8800,1.799856
FILLER_75_51,VPWR,li1,29.9000,214.8800,1.799856
FILLER_75_39,VPWR,li1,26.2200,214.8800,1.799887
FILLER_75_27,VPWR,li1,20.7000,214.8800,1.799925
FILLER_75_15,VPWR,li1,15.1800,214.8800,1.799925
FILLER_75_3,VPWR,li1,9.6600,214.8800,1.799925
FILLER_74_553,VPWR,li1,260.3600,214.8800,1.799854
FILLER_74_545,VPWR,li1,258.0600,214.8800,1.799854
FILLER_74_533,VPWR,li1,253.4600,214.8800,1.799854
FILLER_74_520,VPWR,li1,247.4800,214.8800,1.799854
FILLER_74_514,VPWR,li1,242.1900,214.8800,1.799854
FILLER_74_509,VPWR,li1,239.8900,214.8800,1.799856
FILLER_74_483,VPWR,li1,228.1600,214.8800,1.799862
FILLER_74_467,VPWR,li1,221.7200,214.8800,1.799866
FILLER_74_455,VPWR,li1,217.5800,214.8800,1.799868
FILLER_74_414,VPWR,li1,196.1900,214.8800,1.799890
FILLER_74_403,VPWR,li1,191.5900,214.8800,1.799898
FILLER_74_377,VPWR,li1,179.1700,214.8800,1.799928
FILLER_74_365,VPWR,li1,176.1800,214.8800,1.799937
FILLER_74_361,VPWR,li1,172.2700,214.8800,1.799923
FILLER_74_353,VPWR,li1,169.7400,214.8800,1.799914
FILLER_74_345,VPWR,li1,164.6800,214.8800,1.799894
FILLER_74_333,VPWR,li1,161.4600,214.8800,1.799881
FILLER_74_321,VPWR,li1,155.9400,214.8800,1.799854
FILLER_74_309,VPWR,li1,150.4200,214.8800,1.799838
FILLER_74_305,VPWR,li1,146.5100,214.8800,1.799822
FILLER_74_297,VPWR,li1,143.9800,214.8800,1.799812
FILLER_74_233,VPWR,li1,114.0800,214.8800,1.799704
FILLER_74_227,VPWR,li1,110.4000,214.8800,1.799691
FILLER_74_219,VPWR,li1,108.1000,214.8800,1.799687
FILLER_74_202,VPWR,li1,99.3600,214.8800,1.799684
FILLER_74_171,VPWR,li1,84.4100,214.8800,1.799705
FILLER_74_141,VPWR,li1,70.6100,214.8800,1.799726
FILLER_74_134,VPWR,li1,68.5400,214.8800,1.799729
FILLER_74_101,VPWR,li1,52.6700,214.8800,1.799757
FILLER_74_67,VPWR,li1,36.5700,214.8800,1.799810
FILLER_74_63,VPWR,li1,35.4200,214.8800,1.799829
FILLER_74_41,VPWR,li1,25.7600,214.8800,1.799887
FILLER_74_29,VPWR,li1,21.6200,214.8800,1.799925
FILLER_74_27,VPWR,li1,18.1700,214.8800,1.799925
FILLER_74_15,VPWR,li1,15.1800,214.8800,1.799925
FILLER_74_3,VPWR,li1,9.6600,214.8800,1.799925
FILLER_73_552,VPWR,li1,260.1300,209.4400,1.799795
FILLER_73_544,VPWR,li1,257.6000,209.4400,1.799795
FILLER_73_532,VPWR,li1,253.0000,209.4400,1.799795
FILLER_73_518,VPWR,li1,244.2600,209.4400,1.799795
FILLER_73_501,VPWR,li1,236.6700,209.4400,1.799799
FILLER_73_457,VPWR,li1,216.6600,209.4400,1.799818
FILLER_73_446,VPWR,li1,211.1400,209.4400,1.799825
FILLER_73_365,VPWR,li1,174.3400,209.4400,1.799916
FILLER_73_350,VPWR,li1,166.7500,209.4400,1.799873
FILLER_73_335,VPWR,li1,159.8500,209.4400,1.799842
FILLER_73_329,VPWR,li1,158.2400,209.4400,1.799842
FILLER_73_324,VPWR,li1,155.0200,209.4400,1.799823
FILLER_73_315,VPWR,li1,151.8000,209.4400,1.799814
FILLER_73_279,VPWR,li1,134.0900,209.4400,1.799739
FILLER_73_257,VPWR,li1,124.2000,209.4400,1.799702
FILLER_73_212,VPWR,li1,105.8000,209.4400,1.799683
FILLER_73_27,VPWR,li1,18.8600,209.4400,1.799939
FILLER_73_15,VPWR,li1,15.1800,209.4400,1.799939
FILLER_73_3,VPWR,li1,9.6600,209.4400,1.799939
FILLER_72_553,VPWR,li1,260.3600,209.4400,1.799795
FILLER_72_545,VPWR,li1,258.0600,209.4400,1.799795
FILLER_72_533,VPWR,li1,253.4600,209.4400,1.799795
FILLER_72_530,VPWR,li1,249.7800,209.4400,1.799795
FILLER_72_497,VPWR,li1,234.3700,209.4400,1.799800
FILLER_72_486,VPWR,li1,229.7700,209.4400,1.799803
FILLER_72_477,VPWR,li1,225.1700,209.4400,1.799809
FILLER_72_475,VPWR,li1,224.2500,209.4400,1.799809
FILLER_72_453,VPWR,li1,215.7400,209.4400,1.799820
FILLER_72_429,VPWR,li1,203.7800,209.4400,1.799836
FILLER_72_418,VPWR,li1,198.2600,209.4400,1.799852
FILLER_72_405,VPWR,li1,192.2800,209.4400,1.799862
FILLER_72_362,VPWR,li1,172.5000,209.4400,1.799907
FILLER_72_340,VPWR,li1,162.3800,209.4400,1.799860
FILLER_72_330,VPWR,li1,157.7800,209.4400,1.799833
FILLER_72_324,VPWR,li1,155.0200,209.4400,1.799823
FILLER_72_299,VPWR,li1,143.2900,209.4400,1.799775
FILLER_72_286,VPWR,li1,137.7700,209.4400,1.799754
FILLER_72_273,VPWR,li1,132.4800,209.4400,1.799732
FILLER_72_261,VPWR,li1,128.3400,209.4400,1.799722
FILLER_72_249,VPWR,li1,120.7500,209.4400,1.799694
FILLER_72_232,VPWR,li1,112.7000,209.4400,1.799682
FILLER_72_213,VPWR,li1,104.1900,209.4400,1.799683
FILLER_72_205,VPWR,li1,101.6600,209.4400,1.799684
FILLER_72_175,VPWR,li1,86.2500,209.4400,1.799697
FILLER_72_141,VPWR,li1,70.8400,209.4400,1.799734
FILLER_72_138,VPWR,li1,69.4600,209.4400,1.799734
FILLER_72_93,VPWR,li1,48.9900,209.4400,1.799802
FILLER_72_85,VPWR,li1,46.4600,209.4400,1.799814
FILLER_72_83,VPWR,li1,43.9300,209.4400,1.799825
FILLER_72_57,VPWR,li1,32.2000,209.4400,1.799882
FILLER_72_29,VPWR,li1,21.6200,209.4400,1.799939
FILLER_72_27,VPWR,li1,18.1700,209.4400,1.799939
FILLER_72_15,VPWR,li1,15.1800,209.4400,1.799939
FILLER_72_3,VPWR,li1,9.6600,209.4400,1.799939
FILLER_71_554,VPWR,li1,260.5900,204.0000,1.799531
FILLER_71_550,VPWR,li1,259.4400,204.0000,1.799531
FILLER_71_538,VPWR,li1,255.7600,204.0000,1.799531
FILLER_71_526,VPWR,li1,250.2400,204.0000,1.799531
FILLER_71_505,VPWR,li1,238.0500,204.0000,1.799534
FILLER_71_503,VPWR,li1,237.1300,204.0000,1.799536
FILLER_71_467,VPWR,li1,220.5700,204.0000,1.799586
FILLER_71_461,VPWR,li1,218.9600,204.0000,1.799586
FILLER_71_449,VPWR,li1,214.8200,204.0000,1.799611
FILLER_71_447,VPWR,li1,211.3700,204.0000,1.799629
FILLER_71_439,VPWR,li1,209.3000,204.0000,1.799641
FILLER_71_427,VPWR,li1,204.7000,204.0000,1.799668
FILLER_71_403,VPWR,li1,191.1300,204.0000,1.799759
FILLER_71_393,VPWR,li1,187.2200,204.0000,1.799773
FILLER_71_389,VPWR,li1,185.1500,204.0000,1.799788
FILLER_71_368,VPWR,li1,175.0300,204.0000,1.799873
FILLER_71_334,VPWR,li1,159.6200,204.0000,1.799845
FILLER_71_306,VPWR,li1,146.5100,204.0000,1.799825
FILLER_71_294,VPWR,li1,143.5200,204.0000,1.799823
FILLER_71_285,VPWR,li1,136.8500,204.0000,1.799818
FILLER_71_281,VPWR,li1,135.7000,204.0000,1.799818
FILLER_71_272,VPWR,li1,130.8700,204.0000,1.799817
FILLER_71_264,VPWR,li1,128.8000,204.0000,1.799817
FILLER_71_225,VPWR,li1,109.4800,204.0000,1.799826
FILLER_71_206,VPWR,li1,100.7400,204.0000,1.799837
FILLER_71_194,VPWR,li1,97.5200,204.0000,1.799841
FILLER_71_187,VPWR,li1,92.0000,204.0000,1.799850
FILLER_71_167,VPWR,li1,82.5700,204.0000,1.799867
FILLER_71_163,VPWR,li1,81.4200,204.0000,1.799867
FILLER_71_140,VPWR,li1,70.3800,204.0000,1.799885
FILLER_71_132,VPWR,li1,66.4700,204.0000,1.799890
FILLER_71_128,VPWR,li1,65.3200,204.0000,1.799894
FILLER_71_119,VPWR,li1,60.4900,204.0000,1.799900
FILLER_71_113,VPWR,li1,58.8800,204.0000,1.799905
FILLER_71_98,VPWR,li1,51.9800,204.0000,1.799913
FILLER_71_87,VPWR,li1,46.2300,204.0000,1.799923
FILLER_71_79,VPWR,li1,43.7000,204.0000,1.799930
FILLER_71_70,VPWR,li1,37.9500,204.0000,1.799941
FILLER_71_66,VPWR,li1,36.8000,204.0000,1.799946
FILLER_71_54,VPWR,li1,30.8200,204.0000,1.799958
FILLER_71_45,VPWR,li1,26.4500,204.0000,1.799970
FILLER_71_39,VPWR,li1,24.8400,204.0000,1.799970
FILLER_71_27,VPWR,li1,20.7000,204.0000,1.799978
FILLER_71_15,VPWR,li1,15.1800,204.0000,1.799978
FILLER_71_3,VPWR,li1,9.6600,204.0000,1.799978
FILLER_70_553,VPWR,li1,260.3600,204.0000,1.799531
FILLER_70_545,VPWR,li1,258.0600,204.0000,1.799531
FILLER_70_533,VPWR,li1,253.4600,204.0000,1.799531
FILLER_70_529,VPWR,li1,249.5500,204.0000,1.799531
FILLER_70_517,VPWR,li1,246.1000,204.0000,1.799531
FILLER_70_503,VPWR,li1,238.2800,204.0000,1.799534
FILLER_70_477,VPWR,li1,225.4000,204.0000,1.799553
FILLER_70_464,VPWR,li1,221.7200,204.0000,1.799570
FILLER_70_453,VPWR,li1,214.5900,204.0000,1.799611
FILLER_70_445,VPWR,li1,212.0600,204.0000,1.799629
FILLER_70_433,VPWR,li1,207.4600,204.0000,1.799652
FILLER_70_421,VPWR,li1,201.9400,204.0000,1.799683
FILLER_70_412,VPWR,li1,196.8800,204.0000,1.799712
FILLER_70_400,VPWR,li1,192.2800,204.0000,1.799743
FILLER_70_365,VPWR,li1,173.6500,204.0000,1.799869
FILLER_70_361,VPWR,li1,172.2700,204.0000,1.799869
FILLER_70_353,VPWR,li1,169.7400,204.0000,1.799864
FILLER_70_341,VPWR,li1,165.1400,204.0000,1.799853
FILLER_70_296,VPWR,li1,144.4400,204.0000,1.799823
FILLER_70_273,VPWR,li1,131.7900,204.0000,1.799817
FILLER_70_261,VPWR,li1,128.3400,204.0000,1.799817
FILLER_70_249,VPWR,li1,120.7500,204.0000,1.799817
FILLER_70_232,VPWR,li1,112.4700,204.0000,1.799822
FILLER_70_214,VPWR,li1,104.1900,204.0000,1.799833
FILLER_70_210,VPWR,li1,103.0400,204.0000,1.799833
FILLER_70_205,VPWR,li1,100.0500,204.0000,1.799837
FILLER_70_193,VPWR,li1,94.9900,204.0000,1.799845
FILLER_70_172,VPWR,li1,85.5600,204.0000,1.799861
FILLER_70_160,VPWR,li1,81.8800,204.0000,1.799867
FILLER_70_141,VPWR,li1,71.0700,204.0000,1.799885
FILLER_70_139,VPWR,li1,69.6900,204.0000,1.799887
FILLER_70_125,VPWR,li1,64.4000,204.0000,1.799894
FILLER_70_113,VPWR,li1,60.2600,204.0000,1.799900
FILLER_70_101,VPWR,li1,54.7400,204.0000,1.799909
FILLER_70_78,VPWR,li1,41.6300,204.0000,1.799937
FILLER_70_69,VPWR,li1,37.4900,204.0000,1.799946
FILLER_70_63,VPWR,li1,35.8800,204.0000,1.799946
FILLER_70_53,VPWR,li1,30.3600,204.0000,1.799958
FILLER_70_41,VPWR,li1,27.1400,204.0000,1.799965
FILLER_70_29,VPWR,li1,21.6200,204.0000,1.799978
FILLER_70_27,VPWR,li1,18.1700,204.0000,1.799978
FILLER_70_15,VPWR,li1,15.1800,204.0000,1.799978
FILLER_70_3,VPWR,li1,9.6600,204.0000,1.799978
FILLER_69_554,VPWR,li1,260.5900,198.5600,1.799821
FILLER_69_548,VPWR,li1,258.9800,198.5600,1.799821
FILLER_69_517,VPWR,li1,243.8000,198.5600,1.799825
FILLER_69_505,VPWR,li1,240.5800,198.5600,1.799828
FILLER_69_501,VPWR,li1,236.6700,198.5600,1.799831
FILLER_69_493,VPWR,li1,234.1400,198.5600,1.799833
FILLER_69_481,VPWR,li1,229.5400,198.5600,1.799836
FILLER_69_469,VPWR,li1,224.0200,198.5600,1.799841
FILLER_69_444,VPWR,li1,210.6800,198.5600,1.799855
FILLER_69_432,VPWR,li1,207.0000,198.5600,1.799862
FILLER_69_417,VPWR,li1,198.7200,198.5600,1.799881
FILLER_69_405,VPWR,li1,194.5800,198.5600,1.799890
FILLER_69_393,VPWR,li1,189.0600,198.5600,1.799904
FILLER_69_389,VPWR,li1,185.1500,198.5600,1.799918
FILLER_69_369,VPWR,li1,175.9500,198.5600,1.799948
FILLER_69_361,VPWR,li1,173.4200,198.5600,1.799944
FILLER_69_349,VPWR,li1,168.8200,198.5600,1.799937
FILLER_69_337,VPWR,li1,163.3000,198.5600,1.799927
FILLER_69_335,VPWR,li1,159.8500,198.5600,1.799921
FILLER_69_329,VPWR,li1,158.2400,198.5600,1.799918
FILLER_69_317,VPWR,li1,151.8000,198.5600,1.799905
FILLER_69_305,VPWR,li1,148.5800,198.5600,1.799900
FILLER_69_293,VPWR,li1,143.0600,198.5600,1.799893
FILLER_69_281,VPWR,li1,137.5400,198.5600,1.799882
FILLER_69_279,VPWR,li1,134.0900,198.5600,1.799877
FILLER_69_271,VPWR,li1,132.0200,198.5600,1.799874
FILLER_69_264,VPWR,li1,127.1900,198.5600,1.799866
FILLER_69_256,VPWR,li1,125.1200,198.5600,1.799864
FILLER_69_244,VPWR,li1,120.5200,198.5600,1.799858
FILLER_69_233,VPWR,li1,113.1600,198.5600,1.799850
FILLER_69_221,VPWR,li1,107.8700,198.5600,1.799847
FILLER_69_213,VPWR,li1,105.3400,198.5600,1.799846
FILLER_69_186,VPWR,li1,91.3100,198.5600,1.799844
FILLER_69_169,VPWR,li1,83.4900,198.5600,1.799847
FILLER_69_165,VPWR,li1,82.1100,198.5600,1.799847
FILLER_69_157,VPWR,li1,77.9700,198.5600,1.799853
FILLER_69_140,VPWR,li1,70.1500,198.5600,1.799862
FILLER_69_113,VPWR,li1,58.4200,198.5600,1.799881
FILLER_69_111,VPWR,li1,56.8100,198.5600,1.799881
FILLER_69_105,VPWR,li1,55.2000,198.5600,1.799887
FILLER_69_80,VPWR,li1,42.5500,198.5600,1.799912
FILLER_69_61,VPWR,li1,33.8100,198.5600,1.799936
FILLER_69_57,VPWR,li1,32.6600,198.5600,1.799936
FILLER_69_55,VPWR,li1,31.0500,198.5600,1.799942
FILLER_69_51,VPWR,li1,29.9000,198.5600,1.799949
FILLER_69_39,VPWR,li1,26.2200,198.5600,1.799955
FILLER_69_27,VPWR,li1,20.7000,198.5600,1.799971
FILLER_69_15,VPWR,li1,15.1800,198.5600,1.799971
FILLER_69_3,VPWR,li1,9.6600,198.5600,1.799971
FILLER_68_553,VPWR,li1,260.3600,198.5600,1.799821
FILLER_68_545,VPWR,li1,258.0600,198.5600,1.799821
FILLER_68_533,VPWR,li1,253.4600,198.5600,1.799821
FILLER_68_531,VPWR,li1,250.0100,198.5600,1.799822
FILLER_68_525,VPWR,li1,248.4000,198.5600,1.799822
FILLER_68_513,VPWR,li1,244.2600,198.5600,1.799825
FILLER_68_501,VPWR,li1,238.7400,198.5600,1.799829
FILLER_68_489,VPWR,li1,233.2200,198.5600,1.799833
FILLER_68_477,VPWR,li1,227.7000,198.5600,1.799837
FILLER_68_474,VPWR,li1,224.0200,198.5600,1.799841
FILLER_68_418,VPWR,li1,198.2600,198.5600,1.799881
FILLER_68_410,VPWR,li1,195.9600,198.5600,1.799890
FILLER_68_389,VPWR,li1,184.6900,198.5600,1.799918
FILLER_68_383,VPWR,li1,183.0800,198.5600,1.799924
FILLER_68_363,VPWR,li1,172.7300,198.5600,1.799941
FILLER_68_357,VPWR,li1,171.1200,198.5600,1.799941
FILLER_68_345,VPWR,li1,166.9800,198.5600,1.799934
FILLER_68_333,VPWR,li1,161.4600,198.5600,1.799921
FILLER_68_324,VPWR,li1,154.7900,198.5600,1.799911
FILLER_68_309,VPWR,li1,150.4200,198.5600,1.799905
FILLER_68_300,VPWR,li1,145.3600,198.5600,1.799897
FILLER_68_288,VPWR,li1,140.7600,198.5600,1.799889
FILLER_68_275,VPWR,li1,133.4000,198.5600,1.799874
FILLER_68_253,VPWR,li1,122.3600,198.5600,1.799860
FILLER_68_241,VPWR,li1,117.0700,198.5600,1.799853
FILLER_68_213,VPWR,li1,104.1900,198.5600,1.799846
FILLER_68_155,VPWR,li1,77.0500,198.5600,1.799853
FILLER_68_139,VPWR,li1,69.6900,198.5600,1.799862
FILLER_68_133,VPWR,li1,68.0800,198.5600,1.799864
FILLER_68_115,VPWR,li1,58.8800,198.5600,1.799877
FILLER_68_49,VPWR,li1,28.2900,198.5600,1.799949
FILLER_68_41,VPWR,li1,26.2200,198.5600,1.799955
FILLER_68_29,VPWR,li1,21.6200,198.5600,1.799971
FILLER_68_27,VPWR,li1,18.1700,198.5600,1.799971
FILLER_68_15,VPWR,li1,15.1800,198.5600,1.799971
FILLER_68_3,VPWR,li1,9.6600,198.5600,1.799971
FILLER_67_554,VPWR,li1,260.5900,193.1200,1.799754
FILLER_67_546,VPWR,li1,258.5200,193.1200,1.799754
FILLER_67_534,VPWR,li1,253.9200,193.1200,1.799754
FILLER_67_503,VPWR,li1,237.1300,193.1200,1.799760
FILLER_67_497,VPWR,li1,235.5200,193.1200,1.799760
FILLER_67_487,VPWR,li1,229.7700,193.1200,1.799768
FILLER_67_481,VPWR,li1,228.1600,193.1200,1.799768
FILLER_67_449,VPWR,li1,212.9800,193.1200,1.799796
FILLER_67_442,VPWR,li1,210.2200,193.1200,1.799800
FILLER_67_406,VPWR,li1,193.6600,193.1200,1.799843
FILLER_67_390,VPWR,li1,185.3800,193.1200,1.799871
FILLER_67_349,VPWR,li1,166.2900,193.1200,1.799879
FILLER_67_337,VPWR,li1,163.3000,193.1200,1.799871
FILLER_67_335,VPWR,li1,159.8500,193.1200,1.799859
FILLER_67_309,VPWR,li1,148.3500,193.1200,1.799830
FILLER_67_297,VPWR,li1,144.9000,193.1200,1.799825
FILLER_67_289,VPWR,li1,138.6900,193.1200,1.799809
FILLER_67_279,VPWR,li1,134.0900,193.1200,1.799797
FILLER_67_255,VPWR,li1,123.7400,193.1200,1.799778
FILLER_67_165,VPWR,li1,82.1100,193.1200,1.799775
FILLER_67_113,VPWR,li1,58.8800,193.1200,1.799813
FILLER_67_109,VPWR,li1,56.3500,193.1200,1.799818
FILLER_67_57,VPWR,li1,33.1200,193.1200,1.799891
FILLER_67_39,VPWR,li1,23.6900,193.1200,1.799934
FILLER_67_27,VPWR,li1,20.7000,193.1200,1.799950
FILLER_67_15,VPWR,li1,15.1800,193.1200,1.799950
FILLER_67_3,VPWR,li1,9.6600,193.1200,1.799950
FILLER_66_553,VPWR,li1,260.3600,193.1200,1.799754
FILLER_66_545,VPWR,li1,258.0600,193.1200,1.799754
FILLER_66_533,VPWR,li1,253.4600,193.1200,1.799754
FILLER_66_531,VPWR,li1,250.0100,193.1200,1.799754
FILLER_66_527,VPWR,li1,248.8600,193.1200,1.799754
FILLER_66_477,VPWR,li1,225.6300,193.1200,1.799773
FILLER_66_475,VPWR,li1,224.2500,193.1200,1.799776
FILLER_66_469,VPWR,li1,222.6400,193.1200,1.799776
FILLER_66_456,VPWR,li1,215.5100,193.1200,1.799788
FILLER_66_441,VPWR,li1,209.7600,193.1200,1.799800
FILLER_66_416,VPWR,li1,197.8000,193.1200,1.799829
FILLER_66_386,VPWR,li1,183.5400,193.1200,1.799878
FILLER_66_365,VPWR,li1,173.6500,193.1200,1.799906
FILLER_66_349,VPWR,li1,167.4400,193.1200,1.799887
FILLER_66_309,VPWR,li1,147.8900,193.1200,1.799830
FILLER_66_307,VPWR,li1,146.9700,193.1200,1.799830
FILLER_66_301,VPWR,li1,145.3600,193.1200,1.799825
FILLER_66_283,VPWR,li1,135.9300,193.1200,1.799803
FILLER_66_253,VPWR,li1,122.1300,193.1200,1.799775
FILLER_66_251,VPWR,li1,121.2100,193.1200,1.799772
FILLER_66_245,VPWR,li1,119.6000,193.1200,1.799772
FILLER_66_225,VPWR,li1,109.9400,193.1200,1.799761
FILLER_66_197,VPWR,li1,98.9000,193.1200,1.799761
FILLER_66_195,VPWR,li1,95.4500,193.1200,1.799763
FILLER_66_191,VPWR,li1,94.3000,193.1200,1.799763
FILLER_66_181,VPWR,li1,89.2400,193.1200,1.799768
FILLER_66_150,VPWR,li1,74.9800,193.1200,1.799784
FILLER_66_138,VPWR,li1,69.4600,193.1200,1.799793
FILLER_66_111,VPWR,li1,57.0400,193.1200,1.799818
FILLER_66_85,VPWR,li1,44.8500,193.1200,1.799850
FILLER_66_83,VPWR,li1,43.9300,193.1200,1.799856
FILLER_66_79,VPWR,li1,42.7800,193.1200,1.799856
FILLER_66_41,VPWR,li1,25.7600,193.1200,1.799924
FILLER_66_29,VPWR,li1,21.6200,193.1200,1.799950
FILLER_66_27,VPWR,li1,18.1700,193.1200,1.799950
FILLER_66_15,VPWR,li1,15.1800,193.1200,1.799950
FILLER_66_3,VPWR,li1,9.6600,193.1200,1.799950
FILLER_65_543,VPWR,li1,258.0600,187.6800,1.799535
FILLER_65_531,VPWR,li1,252.5400,187.6800,1.799535
FILLER_65_505,VPWR,li1,239.2000,187.6800,1.799557
FILLER_65_501,VPWR,li1,236.6700,187.6800,1.799566
FILLER_65_478,VPWR,li1,226.0900,187.6800,1.799607
FILLER_65_449,VPWR,li1,212.5200,187.6800,1.799663
FILLER_65_433,VPWR,li1,205.6200,187.6800,1.799693
FILLER_65_410,VPWR,li1,194.8100,187.6800,1.799750
FILLER_65_402,VPWR,li1,192.2800,187.6800,1.799768
FILLER_65_372,VPWR,li1,179.4000,187.6800,1.799859
FILLER_65_345,VPWR,li1,164.6800,187.6800,1.799844
FILLER_65_316,VPWR,li1,151.5700,187.6800,1.799795
FILLER_65_294,VPWR,li1,140.9900,187.6800,1.799758
FILLER_65_281,VPWR,li1,135.0100,187.6800,1.799741
FILLER_65_278,VPWR,li1,133.8600,187.6800,1.799741
FILLER_65_258,VPWR,li1,124.8900,187.6800,1.799710
FILLER_65_246,VPWR,li1,121.4400,187.6800,1.799704
FILLER_65_225,VPWR,li1,109.9400,187.6800,1.799667
FILLER_65_218,VPWR,li1,107.1800,187.6800,1.799659
FILLER_65_206,VPWR,li1,100.5100,187.6800,1.799654
FILLER_65_198,VPWR,li1,98.4400,187.6800,1.799656
FILLER_65_188,VPWR,li1,92.4600,187.6800,1.799663
FILLER_65_161,VPWR,li1,79.8100,187.6800,1.799683
FILLER_65_153,VPWR,li1,76.1300,187.6800,1.799691
FILLER_65_145,VPWR,li1,72.4500,187.6800,1.799699
FILLER_65_139,VPWR,li1,70.8400,187.6800,1.799705
FILLER_65_113,VPWR,li1,57.9600,187.6800,1.799735
FILLER_65_108,VPWR,li1,56.1200,187.6800,1.799740
FILLER_65_88,VPWR,li1,46.9200,187.6800,1.799770
FILLER_65_57,VPWR,li1,32.4300,187.6800,1.799849
FILLER_65_55,VPWR,li1,31.0500,187.6800,1.799867
FILLER_65_51,VPWR,li1,29.9000,187.6800,1.799867
FILLER_65_39,VPWR,li1,26.2200,187.6800,1.799892
FILLER_65_27,VPWR,li1,20.7000,187.6800,1.799931
FILLER_65_15,VPWR,li1,15.1800,187.6800,1.799931
FILLER_65_3,VPWR,li1,9.6600,187.6800,1.799931
FILLER_64_553,VPWR,li1,260.3600,187.6800,1.799535
FILLER_64_545,VPWR,li1,258.0600,187.6800,1.799535
FILLER_64_533,VPWR,li1,253.4600,187.6800,1.799535
FILLER_64_531,VPWR,li1,250.0100,187.6800,1.799535
FILLER_64_527,VPWR,li1,248.8600,187.6800,1.799535
FILLER_64_497,VPWR,li1,234.3700,187.6800,1.799574
FILLER_64_477,VPWR,li1,226.7800,187.6800,1.799607
FILLER_64_475,VPWR,li1,224.2500,187.6800,1.799615
FILLER_64_471,VPWR,li1,223.1000,187.6800,1.799625
FILLER_64_451,VPWR,li1,213.4400,187.6800,1.799663
FILLER_64_438,VPWR,li1,207.9200,187.6800,1.799684
FILLER_64_429,VPWR,li1,203.3200,187.6800,1.799702
FILLER_64_421,VPWR,li1,201.0200,187.6800,1.799711
FILLER_64_407,VPWR,li1,194.1200,187.6800,1.799750
FILLER_64_390,VPWR,li1,185.1500,187.6800,1.799827
FILLER_64_377,VPWR,li1,179.1700,187.6800,1.799859
FILLER_64_365,VPWR,li1,176.1800,187.6800,1.799886
FILLER_64_354,VPWR,li1,168.5900,187.6800,1.799857
FILLER_64_319,VPWR,li1,152.9500,187.6800,1.799802
FILLER_64_309,VPWR,li1,148.5800,187.6800,1.799787
FILLER_64_302,VPWR,li1,145.8200,187.6800,1.799777
FILLER_64_290,VPWR,li1,141.6800,187.6800,1.799765
FILLER_64_281,VPWR,li1,135.4700,187.6800,1.799741
FILLER_64_269,VPWR,li1,132.0200,187.6800,1.799735
FILLER_64_259,VPWR,li1,124.8900,187.6800,1.799710
FILLER_64_251,VPWR,li1,121.2100,187.6800,1.799704
FILLER_64_243,VPWR,li1,119.1400,187.6800,1.799698
FILLER_64_231,VPWR,li1,114.5400,187.6800,1.799679
FILLER_64_187,VPWR,li1,91.7700,187.6800,1.799663
FILLER_64_139,VPWR,li1,69.6900,187.6800,1.799705
FILLER_64_116,VPWR,li1,59.5700,187.6800,1.799735
FILLER_64_104,VPWR,li1,56.1200,187.6800,1.799740
FILLER_64_92,VPWR,li1,50.6000,187.6800,1.799759
FILLER_64_83,VPWR,li1,43.9300,187.6800,1.799777
FILLER_64_65,VPWR,li1,35.8800,187.6800,1.799830
FILLER_64_53,VPWR,li1,32.6600,187.6800,1.799849
FILLER_64_41,VPWR,li1,27.1400,187.6800,1.799892
FILLER_64_29,VPWR,li1,21.6200,187.6800,1.799931
FILLER_64_27,VPWR,li1,18.1700,187.6800,1.799931
FILLER_64_15,VPWR,li1,15.1800,187.6800,1.799931
FILLER_64_3,VPWR,li1,9.6600,187.6800,1.799931
FILLER_63_553,VPWR,li1,260.3600,182.2400,1.799625
FILLER_63_541,VPWR,li1,257.1400,182.2400,1.799625
FILLER_63_529,VPWR,li1,251.6200,182.2400,1.799625
FILLER_63_519,VPWR,li1,244.4900,182.2400,1.799625
FILLER_63_502,VPWR,li1,236.9000,182.2400,1.799625
FILLER_63_449,VPWR,li1,212.5200,182.2400,1.799641
FILLER_63_421,VPWR,li1,199.6400,182.2400,1.799662
FILLER_63_413,VPWR,li1,197.3400,182.2400,1.799666
FILLER_63_376,VPWR,li1,179.1700,182.2400,1.799797
FILLER_63_364,VPWR,li1,173.4200,182.2400,1.799818
FILLER_63_349,VPWR,li1,167.4400,182.2400,1.799770
FILLER_63_309,VPWR,li1,147.8900,182.2400,1.799651
FILLER_63_278,VPWR,li1,133.8600,182.2400,1.799604
FILLER_63_270,VPWR,li1,129.9500,182.2400,1.799592
FILLER_63_247,VPWR,li1,119.3700,182.2400,1.799556
FILLER_63_243,VPWR,li1,118.2200,182.2400,1.799556
FILLER_63_225,VPWR,li1,111.7800,182.2400,1.799537
FILLER_63_200,VPWR,li1,98.4400,182.2400,1.799492
FILLER_63_169,VPWR,li1,83.7200,182.2400,1.799482
FILLER_63_135,VPWR,li1,67.8500,182.2400,1.799533
FILLER_63_111,VPWR,li1,56.8100,182.2400,1.799602
FILLER_63_103,VPWR,li1,54.7400,182.2400,1.799616
FILLER_63_57,VPWR,li1,32.4300,182.2400,1.799809
FILLER_63_55,VPWR,li1,31.0500,182.2400,1.799809
FILLER_63_51,VPWR,li1,29.9000,182.2400,1.799831
FILLER_63_39,VPWR,li1,26.2200,182.2400,1.799855
FILLER_63_27,VPWR,li1,20.7000,182.2400,1.799906
FILLER_63_15,VPWR,li1,15.1800,182.2400,1.799906
FILLER_63_3,VPWR,li1,9.6600,182.2400,1.799906
FILLER_62_554,VPWR,li1,260.5900,182.2400,1.799625
FILLER_62_542,VPWR,li1,257.6000,182.2400,1.799625
FILLER_62_529,VPWR,li1,249.5500,182.2400,1.799625
FILLER_62_518,VPWR,li1,244.2600,182.2400,1.799625
FILLER_62_469,VPWR,li1,221.7200,182.2400,1.799629
FILLER_62_440,VPWR,li1,208.1500,182.2400,1.799649
FILLER_62_432,VPWR,li1,206.0800,182.2400,1.799654
FILLER_62_421,VPWR,li1,200.1000,182.2400,1.799662
FILLER_62_385,VPWR,li1,184.0000,182.2400,1.799756
FILLER_62_342,VPWR,li1,163.3000,182.2400,1.799730
FILLER_62_313,VPWR,li1,149.7300,182.2400,1.799658
FILLER_62_309,VPWR,li1,148.5800,182.2400,1.799651
FILLER_62_305,VPWR,li1,146.5100,182.2400,1.799644
FILLER_62_297,VPWR,li1,143.9800,182.2400,1.799637
FILLER_62_269,VPWR,li1,129.9500,182.2400,1.799592
FILLER_62_259,VPWR,li1,124.8900,182.2400,1.799577
FILLER_62_242,VPWR,li1,117.0700,182.2400,1.799550
FILLER_62_238,VPWR,li1,115.9200,182.2400,1.799550
FILLER_62_197,VPWR,li1,96.8300,182.2400,1.799492
FILLER_62_193,VPWR,li1,94.9900,182.2400,1.799486
FILLER_62_174,VPWR,li1,86.0200,182.2400,1.799474
FILLER_62_152,VPWR,li1,75.6700,182.2400,1.799503
FILLER_62_141,VPWR,li1,70.8400,182.2400,1.799520
FILLER_62_127,VPWR,li1,64.4000,182.2400,1.799548
FILLER_62_49,VPWR,li1,28.7500,182.2400,1.799831
FILLER_62_41,VPWR,li1,26.2200,182.2400,1.799855
FILLER_62_29,VPWR,li1,21.6200,182.2400,1.799906
FILLER_62_27,VPWR,li1,18.1700,182.2400,1.799906
FILLER_62_15,VPWR,li1,15.1800,182.2400,1.799906
FILLER_62_3,VPWR,li1,9.6600,182.2400,1.799906
FILLER_61_554,VPWR,li1,260.5900,176.8000,1.799762
FILLER_61_550,VPWR,li1,259.4400,176.8000,1.799762
FILLER_61_538,VPWR,li1,255.7600,176.8000,1.799762
FILLER_61_473,VPWR,li1,224.0200,176.8000,1.799792
FILLER_61_461,VPWR,li1,220.3400,176.8000,1.799799
FILLER_61_449,VPWR,li1,214.8200,176.8000,1.799811
FILLER_61_440,VPWR,li1,209.7600,176.8000,1.799817
FILLER_61_401,VPWR,li1,190.2100,176.8000,1.799867
FILLER_61_393,VPWR,li1,188.1400,176.8000,1.799879
FILLER_61_389,VPWR,li1,185.1500,176.8000,1.799887
FILLER_61_378,VPWR,li1,180.0900,176.8000,1.799907
FILLER_61_369,VPWR,li1,175.7200,176.8000,1.799924
FILLER_61_361,VPWR,li1,173.4200,176.8000,1.799915
FILLER_61_337,VPWR,li1,162.3800,176.8000,1.799869
FILLER_61_335,VPWR,li1,159.8500,176.8000,1.799860
FILLER_61_331,VPWR,li1,158.7000,176.8000,1.799860
FILLER_61_313,VPWR,li1,149.7300,176.8000,1.799825
FILLER_61_309,VPWR,li1,148.5800,176.8000,1.799825
FILLER_61_234,VPWR,li1,113.8500,176.8000,1.799738
FILLER_61_186,VPWR,li1,92.4600,176.8000,1.799731
FILLER_61_174,VPWR,li1,88.3200,176.8000,1.799735
FILLER_61_167,VPWR,li1,82.5700,176.8000,1.799742
FILLER_61_161,VPWR,li1,80.9600,176.8000,1.799746
FILLER_61_151,VPWR,li1,75.4400,176.8000,1.799753
FILLER_61_134,VPWR,li1,67.3900,176.8000,1.799768
FILLER_61_92,VPWR,li1,48.7600,176.8000,1.799824
FILLER_61_61,VPWR,li1,33.8100,176.8000,1.799893
FILLER_61_57,VPWR,li1,32.6600,176.8000,1.799893
FILLER_61_55,VPWR,li1,31.0500,176.8000,1.799907
FILLER_61_51,VPWR,li1,29.9000,176.8000,1.799907
FILLER_61_39,VPWR,li1,26.2200,176.8000,1.799925
FILLER_61_27,VPWR,li1,20.7000,176.8000,1.799951
FILLER_61_15,VPWR,li1,15.1800,176.8000,1.799951
FILLER_61_3,VPWR,li1,9.6600,176.8000,1.799951
FILLER_60_553,VPWR,li1,260.3600,176.8000,1.799762
FILLER_60_545,VPWR,li1,258.0600,176.8000,1.799762
FILLER_60_533,VPWR,li1,253.4600,176.8000,1.799762
FILLER_60_493,VPWR,li1,232.5300,176.8000,1.799781
FILLER_60_489,VPWR,li1,231.3800,176.8000,1.799781
FILLER_60_477,VPWR,li1,227.7000,176.8000,1.799786
FILLER_60_464,VPWR,li1,221.7200,176.8000,1.799799
FILLER_60_457,VPWR,li1,215.9700,176.8000,1.799807
FILLER_60_447,VPWR,li1,211.3700,176.8000,1.799817
FILLER_60_441,VPWR,li1,209.7600,176.8000,1.799817
FILLER_60_416,VPWR,li1,197.8000,176.8000,1.799843
FILLER_60_394,VPWR,li1,187.2200,176.8000,1.799879
FILLER_60_369,VPWR,li1,175.4900,176.8000,1.799924
FILLER_60_365,VPWR,li1,174.3400,176.8000,1.799915
FILLER_60_356,VPWR,li1,171.1200,176.8000,1.799907
FILLER_60_344,VPWR,li1,166.5200,176.8000,1.799890
FILLER_60_338,VPWR,li1,161.2300,176.8000,1.799869
FILLER_60_309,VPWR,li1,149.0400,176.8000,1.799825
FILLER_60_307,VPWR,li1,146.9700,176.8000,1.799816
FILLER_60_303,VPWR,li1,145.8200,176.8000,1.799816
FILLER_60_291,VPWR,li1,142.1400,176.8000,1.799805
FILLER_60_239,VPWR,li1,116.3800,176.8000,1.799743
FILLER_60_197,VPWR,li1,96.3700,176.8000,1.799728
FILLER_60_194,VPWR,li1,95.2200,176.8000,1.799728
FILLER_60_169,VPWR,li1,83.4900,176.8000,1.799742
FILLER_60_165,VPWR,li1,82.3400,176.8000,1.799742
FILLER_60_139,VPWR,li1,69.6900,176.8000,1.799762
FILLER_60_85,VPWR,li1,46.0000,176.8000,1.799843
FILLER_60_69,VPWR,li1,38.6400,176.8000,1.799868
FILLER_60_41,VPWR,li1,27.1400,176.8000,1.799925
FILLER_60_29,VPWR,li1,21.6200,176.8000,1.799951
FILLER_60_27,VPWR,li1,18.1700,176.8000,1.799951
FILLER_60_15,VPWR,li1,15.1800,176.8000,1.799951
FILLER_60_3,VPWR,li1,9.6600,176.8000,1.799951
FILLER_59_549,VPWR,li1,259.4400,171.3600,1.799925
FILLER_59_537,VPWR,li1,255.3000,171.3600,1.799925
FILLER_59_525,VPWR,li1,249.7800,171.3600,1.799925
FILLER_59_513,VPWR,li1,244.2600,171.3600,1.799925
FILLER_59_502,VPWR,li1,236.9000,171.3600,1.799925
FILLER_59_490,VPWR,li1,232.3000,171.3600,1.799925
FILLER_59_481,VPWR,li1,227.7000,171.3600,1.799925
FILLER_59_469,VPWR,li1,224.0200,171.3600,1.799925
FILLER_59_458,VPWR,li1,216.8900,171.3600,1.799925
FILLER_59_445,VPWR,li1,210.9100,171.3600,1.799925
FILLER_59_433,VPWR,li1,207.4600,171.3600,1.799928
FILLER_59_426,VPWR,li1,201.7100,171.3600,1.799931
FILLER_59_420,VPWR,li1,200.1000,171.3600,1.799932
FILLER_59_408,VPWR,li1,195.9600,171.3600,1.799934
FILLER_59_393,VPWR,li1,187.6800,171.3600,1.799939
FILLER_59_389,VPWR,li1,185.1500,171.3600,1.799940
FILLER_59_367,VPWR,li1,174.8000,171.3600,1.799948
FILLER_59_337,VPWR,li1,160.7700,171.3600,1.799891
FILLER_59_334,VPWR,li1,159.6200,171.3600,1.799883
FILLER_59_293,VPWR,li1,140.5300,171.3600,1.799825
FILLER_59_281,VPWR,li1,137.5400,171.3600,1.799816
FILLER_59_258,VPWR,li1,125.1200,171.3600,1.799779
FILLER_59_237,VPWR,li1,114.7700,171.3600,1.799772
FILLER_59_233,VPWR,li1,113.6200,171.3600,1.799772
FILLER_59_223,VPWR,li1,108.3300,171.3600,1.799781
FILLER_59_217,VPWR,li1,106.7200,171.3600,1.799781
FILLER_59_202,VPWR,li1,99.8200,171.3600,1.799792
FILLER_59_164,VPWR,li1,81.8800,171.3600,1.799817
FILLER_59_138,VPWR,li1,69.2300,171.3600,1.799844
FILLER_59_130,VPWR,li1,67.1600,171.3600,1.799850
FILLER_59_111,VPWR,li1,56.8100,171.3600,1.799875
FILLER_59_101,VPWR,li1,52.2100,171.3600,1.799891
FILLER_59_95,VPWR,li1,50.6000,171.3600,1.799891
FILLER_59_84,VPWR,li1,44.8500,171.3600,1.799909
FILLER_59_72,VPWR,li1,41.4000,171.3600,1.799916
FILLER_59_63,VPWR,li1,34.7300,171.3600,1.799936
FILLER_59_57,VPWR,li1,33.1200,171.3600,1.799942
FILLER_59_55,VPWR,li1,31.0500,171.3600,1.799947
FILLER_59_51,VPWR,li1,29.9000,171.3600,1.799947
FILLER_59_39,VPWR,li1,26.2200,171.3600,1.799958
FILLER_59_27,VPWR,li1,20.7000,171.3600,1.799973
FILLER_59_15,VPWR,li1,15.1800,171.3600,1.799973
FILLER_59_3,VPWR,li1,9.6600,171.3600,1.799973
FILLER_58_553,VPWR,li1,260.3600,171.3600,1.799925
FILLER_58_545,VPWR,li1,258.0600,171.3600,1.799925
FILLER_58_533,VPWR,li1,253.4600,171.3600,1.799925
FILLER_58_520,VPWR,li1,247.4800,171.3600,1.799925
FILLER_58_508,VPWR,li1,241.9600,171.3600,1.799925
FILLER_58_496,VPWR,li1,236.4400,171.3600,1.799925
FILLER_58_485,VPWR,li1,229.3100,171.3600,1.799925
FILLER_58_477,VPWR,li1,225.4000,171.3600,1.799925
FILLER_58_472,VPWR,li1,223.5600,171.3600,1.799925
FILLER_58_460,VPWR,li1,219.8800,171.3600,1.799925
FILLER_58_432,VPWR,li1,206.0800,171.3600,1.799928
FILLER_58_425,VPWR,li1,201.2500,171.3600,1.799931
FILLER_58_421,VPWR,li1,200.1000,171.3600,1.799932
FILLER_58_419,VPWR,li1,198.4900,171.3600,1.799932
FILLER_58_413,VPWR,li1,196.8800,171.3600,1.799934
FILLER_58_401,VPWR,li1,192.7400,171.3600,1.799937
FILLER_58_389,VPWR,li1,187.2200,171.3600,1.799939
FILLER_58_363,VPWR,li1,172.7300,171.3600,1.799939
FILLER_58_355,VPWR,li1,170.6600,171.3600,1.799931
FILLER_58_347,VPWR,li1,165.3700,171.3600,1.799909
FILLER_58_341,VPWR,li1,163.0700,171.3600,1.799901
FILLER_58_329,VPWR,li1,159.6200,171.3600,1.799883
FILLER_58_317,VPWR,li1,154.1000,171.3600,1.799870
FILLER_58_301,VPWR,li1,144.2100,171.3600,1.799835
FILLER_58_293,VPWR,li1,142.1400,171.3600,1.799825
FILLER_58_281,VPWR,li1,137.5400,171.3600,1.799816
FILLER_58_269,VPWR,li1,132.0200,171.3600,1.799796
FILLER_58_237,VPWR,li1,115.4600,171.3600,1.799769
FILLER_58_225,VPWR,li1,111.7800,171.3600,1.799775
FILLER_58_206,VPWR,li1,100.9700,171.3600,1.799789
FILLER_58_197,VPWR,li1,96.3700,171.3600,1.799796
FILLER_58_194,VPWR,li1,95.2200,171.3600,1.799796
FILLER_58_153,VPWR,li1,76.5900,171.3600,1.799827
FILLER_58_141,VPWR,li1,71.0700,171.3600,1.799839
FILLER_58_137,VPWR,li1,69.2300,171.3600,1.799844
FILLER_58_129,VPWR,li1,66.7000,171.3600,1.799850
FILLER_58_117,VPWR,li1,62.1000,171.3600,1.799861
FILLER_58_83,VPWR,li1,43.9300,171.3600,1.799909
FILLER_58_75,VPWR,li1,41.8600,171.3600,1.799916
FILLER_58_57,VPWR,li1,31.9700,171.3600,1.799942
FILLER_58_53,VPWR,li1,30.8200,171.3600,1.799947
FILLER_58_41,VPWR,li1,27.1400,171.3600,1.799958
FILLER_58_29,VPWR,li1,21.6200,171.3600,1.799973
FILLER_58_27,VPWR,li1,18.1700,171.3600,1.799973
FILLER_58_15,VPWR,li1,15.1800,171.3600,1.799973
FILLER_58_3,VPWR,li1,9.6600,171.3600,1.799973
FILLER_57_543,VPWR,li1,258.0600,165.9200,1.799804
FILLER_57_531,VPWR,li1,252.5400,165.9200,1.799804
FILLER_57_522,VPWR,li1,246.1000,165.9200,1.799804
FILLER_57_503,VPWR,li1,237.1300,165.9200,1.799804
FILLER_57_495,VPWR,li1,235.0600,165.9200,1.799807
FILLER_57_469,VPWR,li1,222.6400,165.9200,1.799815
FILLER_57_445,VPWR,li1,210.9100,165.9200,1.799841
FILLER_57_433,VPWR,li1,207.4600,165.9200,1.799846
FILLER_57_415,VPWR,li1,197.3400,165.9200,1.799872
FILLER_57_400,VPWR,li1,192.2800,165.9200,1.799881
FILLER_57_393,VPWR,li1,186.7600,165.9200,1.799896
FILLER_57_370,VPWR,li1,176.1800,165.9200,1.799925
FILLER_57_362,VPWR,li1,173.8800,165.9200,1.799933
FILLER_57_345,VPWR,li1,164.4500,165.9200,1.799901
FILLER_57_341,VPWR,li1,163.3000,165.9200,1.799901
FILLER_57_334,VPWR,li1,159.6200,165.9200,1.799892
FILLER_57_326,VPWR,li1,157.3200,165.9200,1.799886
FILLER_57_289,VPWR,li1,138.6900,165.9200,1.799839
FILLER_57_281,VPWR,li1,136.6200,165.9200,1.799835
FILLER_57_277,VPWR,li1,133.6300,165.9200,1.799829
FILLER_57_265,VPWR,li1,130.1800,165.9200,1.799819
FILLER_57_253,VPWR,li1,124.6600,165.9200,1.799808
FILLER_57_225,VPWR,li1,109.2500,165.9200,1.799781
FILLER_57_220,VPWR,li1,107.6400,165.9200,1.799781
FILLER_57_177,VPWR,li1,87.4000,165.9200,1.799766
FILLER_57_157,VPWR,li1,78.4300,165.9200,1.799769
FILLER_57_129,VPWR,li1,65.5500,165.9200,1.799772
FILLER_57_121,VPWR,li1,63.0200,165.9200,1.799776
FILLER_57_111,VPWR,li1,56.8100,165.9200,1.799780
FILLER_57_96,VPWR,li1,51.0600,165.9200,1.799786
FILLER_57_85,VPWR,li1,45.0800,165.9200,1.799806
FILLER_57_57,VPWR,li1,32.4300,165.9200,1.799869
FILLER_57_55,VPWR,li1,31.0500,165.9200,1.799883
FILLER_57_51,VPWR,li1,29.9000,165.9200,1.799883
FILLER_57_39,VPWR,li1,26.2200,165.9200,1.799908
FILLER_57_27,VPWR,li1,20.7000,165.9200,1.799939
FILLER_57_15,VPWR,li1,15.1800,165.9200,1.799939
FILLER_57_3,VPWR,li1,9.6600,165.9200,1.799939
FILLER_56_553,VPWR,li1,260.3600,165.9200,1.799804
FILLER_56_541,VPWR,li1,257.1400,165.9200,1.799804
FILLER_56_526,VPWR,li1,248.8600,165.9200,1.799804
FILLER_56_494,VPWR,li1,233.4500,165.9200,1.799807
FILLER_56_445,VPWR,li1,211.6000,165.9200,1.799836
FILLER_56_419,VPWR,li1,198.4900,165.9200,1.799867
FILLER_56_410,VPWR,li1,194.3500,165.9200,1.799877
FILLER_56_373,VPWR,li1,177.5600,165.9200,1.799925
FILLER_56_365,VPWR,li1,175.2600,165.9200,1.799933
FILLER_56_360,VPWR,li1,172.0400,165.9200,1.799927
FILLER_56_295,VPWR,li1,142.1400,165.9200,1.799846
FILLER_56_283,VPWR,li1,138.4600,165.9200,1.799839
FILLER_56_267,VPWR,li1,128.8000,165.9200,1.799819
FILLER_56_253,VPWR,li1,123.2800,165.9200,1.799808
FILLER_56_201,VPWR,li1,98.2100,165.9200,1.799771
FILLER_56_197,VPWR,li1,97.0600,165.9200,1.799769
FILLER_56_185,VPWR,li1,91.0800,165.9200,1.799767
FILLER_56_168,VPWR,li1,83.0300,165.9200,1.799767
FILLER_56_158,VPWR,li1,78.4300,165.9200,1.799769
FILLER_56_139,VPWR,li1,69.6900,165.9200,1.799772
FILLER_56_121,VPWR,li1,61.6400,165.9200,1.799776
FILLER_56_41,VPWR,li1,25.7600,165.9200,1.799908
FILLER_56_29,VPWR,li1,21.6200,165.9200,1.799939
FILLER_56_27,VPWR,li1,18.1700,165.9200,1.799939
FILLER_56_15,VPWR,li1,15.1800,165.9200,1.799939
FILLER_56_3,VPWR,li1,9.6600,165.9200,1.799939
FILLER_55_552,VPWR,li1,260.1300,160.4800,1.799725
FILLER_55_505,VPWR,li1,238.7400,160.4800,1.799740
FILLER_55_503,VPWR,li1,237.1300,160.4800,1.799740
FILLER_55_499,VPWR,li1,235.9800,160.4800,1.799743
FILLER_55_487,VPWR,li1,232.3000,160.4800,1.799747
FILLER_55_465,VPWR,li1,219.8800,160.4800,1.799772
FILLER_55_457,VPWR,li1,217.5800,160.4800,1.799777
FILLER_55_449,VPWR,li1,212.7500,160.4800,1.799791
FILLER_55_440,VPWR,li1,209.7600,160.4800,1.799797
FILLER_55_400,VPWR,li1,189.9800,160.4800,1.799855
FILLER_55_390,VPWR,li1,185.3800,160.4800,1.799868
FILLER_55_358,VPWR,li1,170.6600,160.4800,1.799872
FILLER_55_346,VPWR,li1,167.4400,160.4800,1.799851
FILLER_55_333,VPWR,li1,159.3900,160.4800,1.799799
FILLER_55_323,VPWR,li1,154.3300,160.4800,1.799766
FILLER_55_225,VPWR,li1,110.4000,160.4800,1.799652
FILLER_55_190,VPWR,li1,93.3800,160.4800,1.799662
FILLER_55_155,VPWR,li1,77.7400,160.4800,1.799689
FILLER_55_117,VPWR,li1,59.5700,160.4800,1.799746
FILLER_55_113,VPWR,li1,58.4200,160.4800,1.799758
FILLER_55_63,VPWR,li1,34.7300,160.4800,1.799870
FILLER_55_57,VPWR,li1,33.1200,160.4800,1.799870
FILLER_55_55,VPWR,li1,31.0500,160.4800,1.799881
FILLER_55_51,VPWR,li1,29.9000,160.4800,1.799896
FILLER_55_39,VPWR,li1,26.2200,160.4800,1.799909
FILLER_55_27,VPWR,li1,20.7000,160.4800,1.799941
FILLER_55_15,VPWR,li1,15.1800,160.4800,1.799941
FILLER_55_3,VPWR,li1,9.6600,160.4800,1.799941
FILLER_54_554,VPWR,li1,260.5900,160.4800,1.799725
FILLER_54_550,VPWR,li1,259.4400,160.4800,1.799725
FILLER_54_530,VPWR,li1,249.7800,160.4800,1.799728
FILLER_54_508,VPWR,li1,240.5800,160.4800,1.799737
FILLER_54_486,VPWR,li1,229.5400,160.4800,1.799752
FILLER_54_475,VPWR,li1,224.2500,160.4800,1.799762
FILLER_54_463,VPWR,li1,221.2600,160.4800,1.799772
FILLER_54_435,VPWR,li1,206.5400,160.4800,1.799808
FILLER_54_418,VPWR,li1,198.2600,160.4800,1.799830
FILLER_54_409,VPWR,li1,193.8900,160.4800,1.799847
FILLER_54_385,VPWR,li1,184.0000,160.4800,1.799875
FILLER_54_349,VPWR,li1,167.4400,160.4800,1.799851
FILLER_54_337,VPWR,li1,163.3000,160.4800,1.799819
FILLER_54_325,VPWR,li1,157.7800,160.4800,1.799781
FILLER_54_295,VPWR,li1,141.6800,160.4800,1.799695
FILLER_54_286,VPWR,li1,137.5400,160.4800,1.799682
FILLER_54_262,VPWR,li1,126.9600,160.4800,1.799663
FILLER_54_224,VPWR,li1,109.2500,160.4800,1.799652
FILLER_54_209,VPWR,li1,101.8900,160.4800,1.799653
FILLER_54_197,VPWR,li1,96.8300,160.4800,1.799659
FILLER_54_195,VPWR,li1,95.4500,160.4800,1.799659
FILLER_54_189,VPWR,li1,93.8400,160.4800,1.799662
FILLER_54_122,VPWR,li1,62.1000,160.4800,1.799736
FILLER_54_91,VPWR,li1,47.6100,160.4800,1.799807
FILLER_54_85,VPWR,li1,46.0000,160.4800,1.799807
FILLER_54_80,VPWR,li1,43.2400,160.4800,1.799820
FILLER_54_67,VPWR,li1,37.2600,160.4800,1.799848
FILLER_54_49,VPWR,li1,28.5200,160.4800,1.799896
FILLER_54_41,VPWR,li1,26.2200,160.4800,1.799909
FILLER_54_29,VPWR,li1,21.6200,160.4800,1.799941
FILLER_54_27,VPWR,li1,18.1700,160.4800,1.799941
FILLER_54_15,VPWR,li1,15.1800,160.4800,1.799941
FILLER_54_3,VPWR,li1,9.6600,160.4800,1.799941
FILLER_53_552,VPWR,li1,260.1300,155.0400,1.799045
FILLER_53_544,VPWR,li1,257.6000,155.0400,1.799045
FILLER_53_509,VPWR,li1,240.1200,155.0400,1.799091
FILLER_53_489,VPWR,li1,231.8400,155.0400,1.799150
FILLER_53_477,VPWR,li1,227.7000,155.0400,1.799184
FILLER_53_465,VPWR,li1,222.1800,155.0400,1.799230
FILLER_53_438,VPWR,li1,207.2300,155.0400,1.799397
FILLER_53_434,VPWR,li1,206.0800,155.0400,1.799397
FILLER_53_422,VPWR,li1,202.4000,155.0400,1.799445
FILLER_53_410,VPWR,li1,196.8800,155.0400,1.799509
FILLER_53_401,VPWR,li1,190.9000,155.0400,1.799582
FILLER_53_393,VPWR,li1,186.9900,155.0400,1.799630
FILLER_53_380,VPWR,li1,183.0800,155.0400,1.799686
FILLER_53_346,VPWR,li1,166.5200,155.0400,1.799755
FILLER_53_335,VPWR,li1,159.8500,155.0400,1.799719
FILLER_53_315,VPWR,li1,151.3400,155.0400,1.799684
FILLER_53_293,VPWR,li1,140.5300,155.0400,1.799652
FILLER_53_281,VPWR,li1,137.5400,155.0400,1.799644
FILLER_53_277,VPWR,li1,133.6300,155.0400,1.799630
FILLER_53_260,VPWR,li1,126.5000,155.0400,1.799613
FILLER_53_239,VPWR,li1,116.3800,155.0400,1.799586
FILLER_53_214,VPWR,li1,104.4200,155.0400,1.799586
FILLER_53_205,VPWR,li1,100.0500,155.0400,1.799589
FILLER_53_197,VPWR,li1,97.9800,155.0400,1.799591
FILLER_53_125,VPWR,li1,63.2500,155.0400,1.799707
FILLER_53_113,VPWR,li1,60.2600,155.0400,1.799730
FILLER_53_108,VPWR,li1,56.1200,155.0400,1.799744
FILLER_53_86,VPWR,li1,46.4600,155.0400,1.799796
FILLER_53_77,VPWR,li1,41.1700,155.0400,1.799826
FILLER_53_69,VPWR,li1,39.1000,155.0400,1.799843
FILLER_53_57,VPWR,li1,34.5000,155.0400,1.799864
FILLER_53_55,VPWR,li1,31.0500,155.0400,1.799890
FILLER_53_51,VPWR,li1,29.9000,155.0400,1.799890
FILLER_53_39,VPWR,li1,26.2200,155.0400,1.799911
FILLER_53_27,VPWR,li1,20.7000,155.0400,1.799943
FILLER_53_15,VPWR,li1,15.1800,155.0400,1.799943
FILLER_53_3,VPWR,li1,9.6600,155.0400,1.799943
FILLER_52_553,VPWR,li1,260.3600,155.0400,1.799045
FILLER_52_522,VPWR,li1,245.8700,155.0400,1.799050
FILLER_52_504,VPWR,li1,237.8200,155.0400,1.799105
FILLER_52_483,VPWR,li1,227.9300,155.0400,1.799184
FILLER_52_477,VPWR,li1,226.3200,155.0400,1.799209
FILLER_52_436,VPWR,li1,207.4600,155.0400,1.799397
FILLER_52_427,VPWR,li1,202.1700,155.0400,1.799445
FILLER_52_421,VPWR,li1,200.5600,155.0400,1.799484
FILLER_52_416,VPWR,li1,197.8000,155.0400,1.799509
FILLER_52_404,VPWR,li1,194.1200,155.0400,1.799557
FILLER_52_392,VPWR,li1,188.6000,155.0400,1.799630
FILLER_52_383,VPWR,li1,182.3900,155.0400,1.799686
FILLER_52_371,VPWR,li1,176.4100,155.0400,1.799793
FILLER_52_365,VPWR,li1,174.8000,155.0400,1.799793
FILLER_52_356,VPWR,li1,171.1200,155.0400,1.799776
FILLER_52_344,VPWR,li1,166.5200,155.0400,1.799755
FILLER_52_318,VPWR,li1,153.1800,155.0400,1.799698
FILLER_52_287,VPWR,li1,137.7700,155.0400,1.799644
FILLER_52_281,VPWR,li1,136.1600,155.0400,1.799636
FILLER_52_261,VPWR,li1,126.2700,155.0400,1.799613
FILLER_52_249,VPWR,li1,120.7500,155.0400,1.799598
FILLER_52_241,VPWR,li1,118.2200,155.0400,1.799591
FILLER_52_209,VPWR,li1,101.8900,155.0400,1.799588
FILLER_52_197,VPWR,li1,98.9000,155.0400,1.799591
FILLER_52_193,VPWR,li1,94.9900,155.0400,1.799593
FILLER_52_185,VPWR,li1,92.4600,155.0400,1.799595
FILLER_52_169,VPWR,li1,85.1000,155.0400,1.799600
FILLER_52_159,VPWR,li1,78.8900,155.0400,1.799635
FILLER_52_153,VPWR,li1,77.2800,155.0400,1.799635
FILLER_52_141,VPWR,li1,73.1400,155.0400,1.799656
FILLER_52_134,VPWR,li1,68.5400,155.0400,1.799680
FILLER_52_122,VPWR,li1,64.4000,155.0400,1.799707
FILLER_52_110,VPWR,li1,58.8800,155.0400,1.799730
FILLER_52_101,VPWR,li1,52.2100,155.0400,1.799770
FILLER_52_97,VPWR,li1,51.0600,155.0400,1.799770
FILLER_52_85,VPWR,li1,47.3800,155.0400,1.799796
FILLER_52_83,VPWR,li1,43.9300,155.0400,1.799814
FILLER_52_77,VPWR,li1,42.3200,155.0400,1.799826
FILLER_52_65,VPWR,li1,38.1800,155.0400,1.799843
FILLER_52_53,VPWR,li1,32.6600,155.0400,1.799875
FILLER_52_41,VPWR,li1,27.1400,155.0400,1.799911
FILLER_52_29,VPWR,li1,21.6200,155.0400,1.799943
FILLER_52_27,VPWR,li1,18.1700,155.0400,1.799943
FILLER_52_15,VPWR,li1,15.1800,155.0400,1.799943
FILLER_52_3,VPWR,li1,9.6600,155.0400,1.799943
FILLER_51_554,VPWR,li1,260.5900,149.6000,1.799863
FILLER_51_548,VPWR,li1,258.9800,149.6000,1.799863
FILLER_51_527,VPWR,li1,248.1700,149.6000,1.799867
FILLER_51_505,VPWR,li1,238.2800,149.6000,1.799872
FILLER_51_501,VPWR,li1,236.6700,149.6000,1.799874
FILLER_51_490,VPWR,li1,231.3800,149.6000,1.799877
FILLER_51_478,VPWR,li1,228.1600,149.6000,1.799879
FILLER_51_468,VPWR,li1,221.2600,149.6000,1.799882
FILLER_51_461,VPWR,li1,217.8100,149.6000,1.799884
FILLER_51_449,VPWR,li1,214.8200,149.6000,1.799886
FILLER_51_444,VPWR,li1,210.6800,149.6000,1.799889
FILLER_51_414,VPWR,li1,196.1900,149.6000,1.799909
FILLER_51_402,VPWR,li1,193.2000,149.6000,1.799915
FILLER_51_389,VPWR,li1,185.1500,149.6000,1.799928
FILLER_51_358,VPWR,li1,170.8900,149.6000,1.799947
FILLER_51_350,VPWR,li1,168.3600,149.6000,1.799943
FILLER_51_334,VPWR,li1,159.6200,149.6000,1.799932
FILLER_51_305,VPWR,li1,147.2000,149.6000,1.799916
FILLER_51_293,VPWR,li1,143.0600,149.6000,1.799911
FILLER_51_281,VPWR,li1,137.5400,149.6000,1.799903
FILLER_51_276,VPWR,li1,133.4000,149.6000,1.799897
FILLER_51_242,VPWR,li1,117.0700,149.6000,1.799878
FILLER_51_234,VPWR,li1,115.0000,149.6000,1.799877
FILLER_51_223,VPWR,li1,108.3300,149.6000,1.799872
FILLER_51_219,VPWR,li1,107.1800,149.6000,1.799872
FILLER_51_195,VPWR,li1,96.1400,149.6000,1.799872
FILLER_51_165,VPWR,li1,82.1100,149.6000,1.799884
FILLER_51_149,VPWR,li1,75.9000,149.6000,1.799893
FILLER_51_137,VPWR,li1,71.3000,149.6000,1.799901
FILLER_51_125,VPWR,li1,65.7800,149.6000,1.799908
FILLER_51_113,VPWR,li1,60.2600,149.6000,1.799917
FILLER_51_111,VPWR,li1,56.8100,149.6000,1.799926
FILLER_51_105,VPWR,li1,55.2000,149.6000,1.799926
FILLER_51_93,VPWR,li1,51.0600,149.6000,1.799933
FILLER_51_81,VPWR,li1,45.5400,149.6000,1.799944
FILLER_51_69,VPWR,li1,40.0200,149.6000,1.799951
FILLER_51_57,VPWR,li1,34.5000,149.6000,1.799960
FILLER_51_55,VPWR,li1,31.0500,149.6000,1.799968
FILLER_51_51,VPWR,li1,29.9000,149.6000,1.799968
FILLER_51_39,VPWR,li1,26.2200,149.6000,1.799974
FILLER_51_27,VPWR,li1,20.7000,149.6000,1.799983
FILLER_51_15,VPWR,li1,15.1800,149.6000,1.799983
FILLER_51_3,VPWR,li1,9.6600,149.6000,1.799983
FILLER_50_553,VPWR,li1,260.3600,149.6000,1.799863
FILLER_50_545,VPWR,li1,258.0600,149.6000,1.799863
FILLER_50_533,VPWR,li1,253.4600,149.6000,1.799863
FILLER_50_526,VPWR,li1,248.8600,149.6000,1.799866
FILLER_50_522,VPWR,li1,245.8700,149.6000,1.799868
FILLER_50_491,VPWR,li1,232.7600,149.6000,1.799875
FILLER_50_474,VPWR,li1,224.0200,149.6000,1.799881
FILLER_50_462,VPWR,li1,220.8000,149.6000,1.799882
FILLER_50_433,VPWR,li1,204.9300,149.6000,1.799894
FILLER_50_421,VPWR,li1,201.9400,149.6000,1.799899
FILLER_50_417,VPWR,li1,198.0300,149.6000,1.799904
FILLER_50_405,VPWR,li1,192.0500,149.6000,1.799915
FILLER_50_343,VPWR,li1,166.0600,149.6000,1.799939
FILLER_50_321,VPWR,li1,154.1000,149.6000,1.799925
FILLER_50_309,VPWR,li1,150.4200,149.6000,1.799921
FILLER_50_307,VPWR,li1,146.9700,149.6000,1.799916
FILLER_50_299,VPWR,li1,144.9000,149.6000,1.799914
FILLER_50_287,VPWR,li1,140.3000,149.6000,1.799908
FILLER_50_224,VPWR,li1,110.4000,149.6000,1.799874
FILLER_50_203,VPWR,li1,99.1300,149.6000,1.799871
FILLER_50_197,VPWR,li1,97.5200,149.6000,1.799872
FILLER_50_188,VPWR,li1,93.8400,149.6000,1.799873
FILLER_50_175,VPWR,li1,86.9400,149.6000,1.799877
FILLER_50_145,VPWR,li1,72.4500,149.6000,1.799897
FILLER_50_141,VPWR,li1,71.3000,149.6000,1.799901
FILLER_50_139,VPWR,li1,69.6900,149.6000,1.799904
FILLER_50_133,VPWR,li1,68.0800,149.6000,1.799904
FILLER_50_121,VPWR,li1,63.9400,149.6000,1.799911
FILLER_50_109,VPWR,li1,58.4200,149.6000,1.799922
FILLER_50_97,VPWR,li1,52.9000,149.6000,1.799930
FILLER_50_85,VPWR,li1,47.3800,149.6000,1.799939
FILLER_50_83,VPWR,li1,43.9300,149.6000,1.799947
FILLER_50_77,VPWR,li1,42.3200,149.6000,1.799947
FILLER_50_65,VPWR,li1,38.1800,149.6000,1.799954
FILLER_50_53,VPWR,li1,32.6600,149.6000,1.799963
FILLER_50_41,VPWR,li1,27.1400,149.6000,1.799974
FILLER_50_29,VPWR,li1,21.6200,149.6000,1.799983
FILLER_50_27,VPWR,li1,18.1700,149.6000,1.799983
FILLER_50_15,VPWR,li1,15.1800,149.6000,1.799983
FILLER_50_3,VPWR,li1,9.6600,149.6000,1.799983
FILLER_49_552,VPWR,li1,260.1300,144.1600,1.799831
FILLER_49_540,VPWR,li1,256.6800,144.1600,1.799831
FILLER_49_528,VPWR,li1,251.1600,144.1600,1.799831
FILLER_49_516,VPWR,li1,245.6400,144.1600,1.799831
FILLER_49_496,VPWR,li1,235.5200,144.1600,1.799831
FILLER_49_458,VPWR,li1,216.4300,144.1600,1.799840
FILLER_49_442,VPWR,li1,210.2200,144.1600,1.799847
FILLER_49_337,VPWR,li1,161.9200,144.1600,1.799920
FILLER_49_332,VPWR,li1,159.1600,144.1600,1.799916
FILLER_49_315,VPWR,li1,153.1800,144.1600,1.799907
FILLER_49_289,VPWR,li1,138.9200,144.1600,1.799889
FILLER_49_281,VPWR,li1,136.6200,144.1600,1.799888
FILLER_49_278,VPWR,li1,133.8600,144.1600,1.799885
FILLER_49_233,VPWR,li1,113.1600,144.1600,1.799878
FILLER_49_225,VPWR,li1,110.8600,144.1600,1.799878
FILLER_49_223,VPWR,li1,108.3300,144.1600,1.799878
FILLER_49_219,VPWR,li1,107.1800,144.1600,1.799878
FILLER_49_206,VPWR,li1,101.2000,144.1600,1.799877
FILLER_49_194,VPWR,li1,97.5200,144.1600,1.799878
FILLER_49_167,VPWR,li1,82.5700,144.1600,1.799891
FILLER_49_137,VPWR,li1,69.4600,144.1600,1.799908
FILLER_49_125,VPWR,li1,65.7800,144.1600,1.799911
FILLER_49_113,VPWR,li1,60.2600,144.1600,1.799920
FILLER_49_111,VPWR,li1,56.8100,144.1600,1.799928
FILLER_49_105,VPWR,li1,55.2000,144.1600,1.799928
FILLER_49_93,VPWR,li1,51.0600,144.1600,1.799935
FILLER_49_81,VPWR,li1,45.5400,144.1600,1.799946
FILLER_49_69,VPWR,li1,40.0200,144.1600,1.799953
FILLER_49_57,VPWR,li1,34.5000,144.1600,1.799962
FILLER_49_55,VPWR,li1,31.0500,144.1600,1.799969
FILLER_49_51,VPWR,li1,29.9000,144.1600,1.799969
FILLER_49_39,VPWR,li1,26.2200,144.1600,1.799975
FILLER_49_27,VPWR,li1,20.7000,144.1600,1.799984
FILLER_49_15,VPWR,li1,15.1800,144.1600,1.799984
FILLER_49_3,VPWR,li1,9.6600,144.1600,1.799984
FILLER_48_554,VPWR,li1,260.5900,144.1600,1.799831
FILLER_48_550,VPWR,li1,259.4400,144.1600,1.799831
FILLER_48_521,VPWR,li1,245.6400,144.1600,1.799831
FILLER_48_509,VPWR,li1,242.4200,144.1600,1.799831
FILLER_48_497,VPWR,li1,236.9000,144.1600,1.799831
FILLER_48_465,VPWR,li1,219.8800,144.1600,1.799836
FILLER_48_453,VPWR,li1,216.6600,144.1600,1.799840
FILLER_48_441,VPWR,li1,211.1400,144.1600,1.799847
FILLER_48_419,VPWR,li1,198.4900,144.1600,1.799868
FILLER_48_413,VPWR,li1,196.8800,144.1600,1.799868
FILLER_48_383,VPWR,li1,181.9300,144.1600,1.799917
FILLER_48_377,VPWR,li1,180.3200,144.1600,1.799917
FILLER_48_365,VPWR,li1,174.1100,144.1600,1.799940
FILLER_48_361,VPWR,li1,172.2700,144.1600,1.799936
FILLER_48_339,VPWR,li1,161.9200,144.1600,1.799920
FILLER_48_330,VPWR,li1,157.5500,144.1600,1.799913
FILLER_48_317,VPWR,li1,152.2600,144.1600,1.799907
FILLER_48_278,VPWR,li1,134.0900,144.1600,1.799886
FILLER_48_253,VPWR,li1,122.3600,144.1600,1.799880
FILLER_48_251,VPWR,li1,121.2100,144.1600,1.799880
FILLER_48_239,VPWR,li1,118.2200,144.1600,1.799879
FILLER_48_227,VPWR,li1,112.7000,144.1600,1.799878
FILLER_48_197,VPWR,li1,96.6000,144.1600,1.799879
FILLER_48_195,VPWR,li1,95.4500,144.1600,1.799879
FILLER_48_139,VPWR,li1,69.6900,144.1600,1.799908
FILLER_48_133,VPWR,li1,68.0800,144.1600,1.799908
FILLER_48_121,VPWR,li1,63.9400,144.1600,1.799914
FILLER_48_109,VPWR,li1,58.4200,144.1600,1.799925
FILLER_48_97,VPWR,li1,52.9000,144.1600,1.799932
FILLER_48_85,VPWR,li1,47.3800,144.1600,1.799941
FILLER_48_83,VPWR,li1,43.9300,144.1600,1.799949
FILLER_48_77,VPWR,li1,42.3200,144.1600,1.799949
FILLER_48_65,VPWR,li1,38.1800,144.1600,1.799956
FILLER_48_53,VPWR,li1,32.6600,144.1600,1.799965
FILLER_48_41,VPWR,li1,27.1400,144.1600,1.799975
FILLER_48_29,VPWR,li1,21.6200,144.1600,1.799984
FILLER_48_27,VPWR,li1,18.1700,144.1600,1.799984
FILLER_48_15,VPWR,li1,15.1800,144.1600,1.799984
FILLER_48_3,VPWR,li1,9.6600,144.1600,1.799984
FILLER_47_551,VPWR,li1,259.2100,138.7200,1.799712
FILLER_47_505,VPWR,li1,238.0500,138.7200,1.799732
FILLER_47_496,VPWR,li1,235.5200,138.7200,1.799737
FILLER_47_458,VPWR,li1,217.5800,138.7200,1.799774
FILLER_47_440,VPWR,li1,209.7600,138.7200,1.799792
FILLER_47_428,VPWR,li1,205.1600,138.7200,1.799808
FILLER_47_419,VPWR,li1,198.4900,138.7200,1.799823
FILLER_47_410,VPWR,li1,194.3500,138.7200,1.799840
FILLER_47_388,VPWR,li1,184.9200,138.7200,1.799866
FILLER_47_376,VPWR,li1,181.2400,138.7200,1.799874
FILLER_47_355,VPWR,li1,169.0500,138.7200,1.799841
FILLER_47_345,VPWR,li1,164.4500,138.7200,1.799805
FILLER_47_337,VPWR,li1,162.3800,138.7200,1.799789
FILLER_47_310,VPWR,li1,149.5000,138.7200,1.799696
FILLER_47_279,VPWR,li1,134.0900,138.7200,1.799644
FILLER_47_267,VPWR,li1,131.1000,138.7200,1.799651
FILLER_47_255,VPWR,li1,125.5800,138.7200,1.799664
FILLER_47_243,VPWR,li1,120.0600,138.7200,1.799678
FILLER_47_231,VPWR,li1,114.5400,138.7200,1.799693
FILLER_47_221,VPWR,li1,107.8700,138.7200,1.799709
FILLER_47_216,VPWR,li1,105.3400,138.7200,1.799714
FILLER_47_205,VPWR,li1,100.2800,138.7200,1.799727
FILLER_47_193,VPWR,li1,97.0600,138.7200,1.799740
FILLER_47_181,VPWR,li1,89.4700,138.7200,1.799764
FILLER_47_166,VPWR,li1,82.3400,138.7200,1.799782
FILLER_47_156,VPWR,li1,77.7400,138.7200,1.799796
FILLER_47_149,VPWR,li1,74.5200,138.7200,1.799809
FILLER_47_137,VPWR,li1,71.3000,138.7200,1.799819
FILLER_47_125,VPWR,li1,65.7800,138.7200,1.799832
FILLER_47_113,VPWR,li1,60.2600,138.7200,1.799849
FILLER_47_111,VPWR,li1,56.8100,138.7200,1.799864
FILLER_47_105,VPWR,li1,55.2000,138.7200,1.799864
FILLER_47_93,VPWR,li1,51.0600,138.7200,1.799877
FILLER_47_81,VPWR,li1,45.5400,138.7200,1.799897
FILLER_47_69,VPWR,li1,40.0200,138.7200,1.799911
FILLER_47_57,VPWR,li1,34.5000,138.7200,1.799927
FILLER_47_55,VPWR,li1,31.0500,138.7200,1.799941
FILLER_47_51,VPWR,li1,29.9000,138.7200,1.799941
FILLER_47_39,VPWR,li1,26.2200,138.7200,1.799953
FILLER_47_27,VPWR,li1,20.7000,138.7200,1.799969
FILLER_47_15,VPWR,li1,15.1800,138.7200,1.799969
FILLER_47_3,VPWR,li1,9.6600,138.7200,1.799969
FILLER_46_553,VPWR,li1,260.3600,138.7200,1.799712
FILLER_46_526,VPWR,li1,247.7100,138.7200,1.799720
FILLER_46_522,VPWR,li1,246.5600,138.7200,1.799720
FILLER_46_501,VPWR,li1,236.2100,138.7200,1.799737
FILLER_46_497,VPWR,li1,235.0600,138.7200,1.799737
FILLER_46_485,VPWR,li1,231.3800,138.7200,1.799745
FILLER_46_473,VPWR,li1,223.7900,138.7200,1.799757
FILLER_46_465,VPWR,li1,221.2600,138.7200,1.799763
FILLER_46_453,VPWR,li1,216.6600,138.7200,1.799774
FILLER_46_429,VPWR,li1,203.5500,138.7200,1.799808
FILLER_46_421,VPWR,li1,201.0200,138.7200,1.799817
FILLER_46_401,VPWR,li1,190.6700,138.7200,1.799846
FILLER_46_383,VPWR,li1,181.9300,138.7200,1.799874
FILLER_46_371,VPWR,li1,178.9400,138.7200,1.799881
FILLER_46_361,VPWR,li1,172.2700,138.7200,1.799858
FILLER_46_345,VPWR,li1,164.4500,138.7200,1.799805
FILLER_46_321,VPWR,li1,154.1000,138.7200,1.799727
FILLER_46_280,VPWR,li1,134.5500,138.7200,1.799644
FILLER_46_272,VPWR,li1,132.4800,138.7200,1.799651
FILLER_46_260,VPWR,li1,127.8800,138.7200,1.799659
FILLER_46_249,VPWR,li1,120.7500,138.7200,1.799678
FILLER_46_237,VPWR,li1,117.3000,138.7200,1.799685
FILLER_46_194,VPWR,li1,95.2200,138.7200,1.799746
FILLER_46_166,VPWR,li1,82.8000,138.7200,1.799782
FILLER_46_156,VPWR,li1,77.7400,138.7200,1.799796
FILLER_46_147,VPWR,li1,73.3700,138.7200,1.799809
FILLER_46_141,VPWR,li1,71.7600,138.7200,1.799819
FILLER_46_139,VPWR,li1,69.6900,138.7200,1.799825
FILLER_46_133,VPWR,li1,68.0800,138.7200,1.799825
FILLER_46_121,VPWR,li1,63.9400,138.7200,1.799838
FILLER_46_109,VPWR,li1,58.4200,138.7200,1.799858
FILLER_46_97,VPWR,li1,52.9000,138.7200,1.799871
FILLER_46_85,VPWR,li1,47.3800,138.7200,1.799888
FILLER_46_83,VPWR,li1,43.9300,138.7200,1.799904
FILLER_46_77,VPWR,li1,42.3200,138.7200,1.799904
FILLER_46_65,VPWR,li1,38.1800,138.7200,1.799916
FILLER_46_53,VPWR,li1,32.6600,138.7200,1.799933
FILLER_46_41,VPWR,li1,27.1400,138.7200,1.799953
FILLER_46_29,VPWR,li1,21.6200,138.7200,1.799969
FILLER_46_27,VPWR,li1,18.1700,138.7200,1.799969
FILLER_46_15,VPWR,li1,15.1800,138.7200,1.799969
FILLER_46_3,VPWR,li1,9.6600,138.7200,1.799969
FILLER_45_553,VPWR,li1,260.3600,133.2800,1.799517
FILLER_45_503,VPWR,li1,237.1300,133.2800,1.799587
FILLER_45_497,VPWR,li1,235.5200,133.2800,1.799587
FILLER_45_485,VPWR,li1,231.3800,133.2800,1.799611
FILLER_45_449,VPWR,li1,212.2900,133.2800,1.799691
FILLER_45_440,VPWR,li1,209.7600,133.2800,1.799701
FILLER_45_428,VPWR,li1,205.1600,133.2800,1.799724
FILLER_45_393,VPWR,li1,186.7600,133.2800,1.799824
FILLER_45_371,VPWR,li1,176.4100,133.2800,1.799892
FILLER_45_346,VPWR,li1,164.9100,133.2800,1.799851
FILLER_45_335,VPWR,li1,159.8500,133.2800,1.799829
FILLER_45_331,VPWR,li1,158.7000,133.2800,1.799829
FILLER_45_319,VPWR,li1,153.6400,133.2800,1.799825
FILLER_45_306,VPWR,li1,147.2000,133.2800,1.799826
FILLER_45_293,VPWR,li1,141.2200,133.2800,1.799827
FILLER_45_281,VPWR,li1,137.5400,133.2800,1.799828
FILLER_45_279,VPWR,li1,134.0900,133.2800,1.799828
FILLER_45_268,VPWR,li1,129.7200,133.2800,1.799829
FILLER_45_258,VPWR,li1,124.8900,133.2800,1.799830
FILLER_45_250,VPWR,li1,122.3600,133.2800,1.799830
FILLER_45_238,VPWR,li1,117.7600,133.2800,1.799831
FILLER_45_221,VPWR,li1,107.8700,133.2800,1.799832
FILLER_45_197,VPWR,li1,96.3700,133.2800,1.799834
FILLER_45_189,VPWR,li1,94.3000,133.2800,1.799834
FILLER_45_169,VPWR,li1,83.9500,133.2800,1.799836
FILLER_45_136,VPWR,li1,68.7700,133.2800,1.799844
FILLER_45_125,VPWR,li1,63.7100,133.2800,1.799852
FILLER_45_113,VPWR,li1,58.4200,133.2800,1.799864
FILLER_45_111,VPWR,li1,56.8100,133.2800,1.799868
FILLER_45_105,VPWR,li1,55.2000,133.2800,1.799868
FILLER_45_93,VPWR,li1,51.0600,133.2800,1.799879
FILLER_45_81,VPWR,li1,45.5400,133.2800,1.799897
FILLER_45_69,VPWR,li1,40.0200,133.2800,1.799911
FILLER_45_57,VPWR,li1,34.5000,133.2800,1.799927
FILLER_45_55,VPWR,li1,31.0500,133.2800,1.799941
FILLER_45_51,VPWR,li1,29.9000,133.2800,1.799941
FILLER_45_39,VPWR,li1,26.2200,133.2800,1.799953
FILLER_45_27,VPWR,li1,20.7000,133.2800,1.799970
FILLER_45_15,VPWR,li1,15.1800,133.2800,1.799970
FILLER_45_3,VPWR,li1,9.6600,133.2800,1.799970
FILLER_44_552,VPWR,li1,260.1300,133.2800,1.799517
FILLER_44_544,VPWR,li1,257.6000,133.2800,1.799517
FILLER_44_520,VPWR,li1,245.1800,133.2800,1.799547
FILLER_44_512,VPWR,li1,242.8800,133.2800,1.799557
FILLER_44_501,VPWR,li1,236.4400,133.2800,1.799587
FILLER_44_489,VPWR,li1,233.2200,133.2800,1.799597
FILLER_44_468,VPWR,li1,221.7200,133.2800,1.799646
FILLER_44_458,VPWR,li1,216.4300,133.2800,1.799669
FILLER_44_446,VPWR,li1,213.4400,133.2800,1.799691
FILLER_44_434,VPWR,li1,207.9200,133.2800,1.799710
FILLER_44_418,VPWR,li1,198.2600,133.2800,1.799760
FILLER_44_397,VPWR,li1,188.6000,133.2800,1.799814
FILLER_44_373,VPWR,li1,178.0200,133.2800,1.799873
FILLER_44_340,VPWR,li1,162.6100,133.2800,1.799843
FILLER_44_306,VPWR,li1,146.7400,133.2800,1.799826
FILLER_44_295,VPWR,li1,141.6800,133.2800,1.799827
FILLER_44_287,VPWR,li1,139.3800,133.2800,1.799827
FILLER_44_273,VPWR,li1,132.4800,133.2800,1.799828
FILLER_44_253,VPWR,li1,123.2800,133.2800,1.799830
FILLER_44_251,VPWR,li1,121.2100,133.2800,1.799830
FILLER_44_247,VPWR,li1,120.0600,133.2800,1.799830
FILLER_44_215,VPWR,li1,104.8800,133.2800,1.799833
FILLER_44_197,VPWR,li1,96.3700,133.2800,1.799834
FILLER_44_195,VPWR,li1,95.4500,133.2800,1.799834
FILLER_44_191,VPWR,li1,94.3000,133.2800,1.799834
FILLER_44_117,VPWR,li1,60.7200,133.2800,1.799858
FILLER_44_83,VPWR,li1,43.9300,133.2800,1.799904
FILLER_44_77,VPWR,li1,42.3200,133.2800,1.799904
FILLER_44_65,VPWR,li1,38.1800,133.2800,1.799916
FILLER_44_53,VPWR,li1,32.6600,133.2800,1.799933
FILLER_44_41,VPWR,li1,27.1400,133.2800,1.799953
FILLER_44_29,VPWR,li1,21.6200,133.2800,1.799970
FILLER_44_27,VPWR,li1,18.1700,133.2800,1.799970
FILLER_44_15,VPWR,li1,15.1800,133.2800,1.799970
FILLER_44_3,VPWR,li1,9.6600,133.2800,1.799970
FILLER_43_551,VPWR,li1,259.9000,127.8400,1.799801
FILLER_43_520,VPWR,li1,244.9500,127.8400,1.799801
FILLER_43_514,VPWR,li1,243.3400,127.8400,1.799801
FILLER_43_498,VPWR,li1,235.9800,127.8400,1.799803
FILLER_43_445,VPWR,li1,210.9100,127.8400,1.799828
FILLER_43_437,VPWR,li1,208.3800,127.8400,1.799835
FILLER_43_402,VPWR,li1,190.9000,127.8400,1.799868
FILLER_43_389,VPWR,li1,185.1500,127.8400,1.799881
FILLER_43_371,VPWR,li1,176.4100,127.8400,1.799911
FILLER_43_367,VPWR,li1,175.2600,127.8400,1.799911
FILLER_43_337,VPWR,li1,160.7700,127.8400,1.799872
FILLER_43_333,VPWR,li1,159.3900,127.8400,1.799872
FILLER_43_318,VPWR,li1,153.1800,127.8400,1.799860
FILLER_43_285,VPWR,li1,136.8500,127.8400,1.799843
FILLER_43_281,VPWR,li1,135.7000,127.8400,1.799843
FILLER_43_272,VPWR,li1,131.1000,127.8400,1.799840
FILLER_43_264,VPWR,li1,128.8000,127.8400,1.799840
FILLER_43_232,VPWR,li1,113.1600,127.8400,1.799839
FILLER_43_186,VPWR,li1,91.5400,127.8400,1.799846
FILLER_43_180,VPWR,li1,88.5500,127.8400,1.799849
FILLER_43_169,VPWR,li1,83.4900,127.8400,1.799853
FILLER_43_142,VPWR,li1,71.3000,127.8400,1.799872
FILLER_43_130,VPWR,li1,68.0800,127.8400,1.799875
FILLER_43_113,VPWR,li1,57.7300,127.8400,1.799897
FILLER_43_110,VPWR,li1,56.5800,127.8400,1.799897
FILLER_43_94,VPWR,li1,50.6000,127.8400,1.799910
FILLER_43_89,VPWR,li1,46.9200,127.8400,1.799919
FILLER_43_81,VPWR,li1,44.6200,127.8400,1.799924
FILLER_43_69,VPWR,li1,40.0200,127.8400,1.799934
FILLER_43_57,VPWR,li1,34.5000,127.8400,1.799947
FILLER_43_55,VPWR,li1,31.0500,127.8400,1.799957
FILLER_43_51,VPWR,li1,29.9000,127.8400,1.799957
FILLER_43_39,VPWR,li1,26.2200,127.8400,1.799965
FILLER_43_27,VPWR,li1,20.7000,127.8400,1.799978
FILLER_43_15,VPWR,li1,15.1800,127.8400,1.799978
FILLER_43_3,VPWR,li1,9.6600,127.8400,1.799978
FILLER_42_551,VPWR,li1,259.9000,127.8400,1.799801
FILLER_42_530,VPWR,li1,249.7800,127.8400,1.799801
FILLER_42_518,VPWR,li1,244.0300,127.8400,1.799801
FILLER_42_497,VPWR,li1,234.3700,127.8400,1.799803
FILLER_42_437,VPWR,li1,206.7700,127.8400,1.799835
FILLER_42_433,VPWR,li1,205.6200,127.8400,1.799840
FILLER_42_419,VPWR,li1,198.4900,127.8400,1.799850
FILLER_42_410,VPWR,li1,194.3500,127.8400,1.799863
FILLER_42_404,VPWR,li1,191.8200,127.8400,1.799868
FILLER_42_382,VPWR,li1,181.4700,127.8400,1.799892
FILLER_42_343,VPWR,li1,163.5300,127.8400,1.799877
FILLER_42_339,VPWR,li1,162.3800,127.8400,1.799877
FILLER_42_317,VPWR,li1,151.8000,127.8400,1.799860
FILLER_42_309,VPWR,li1,149.5000,127.8400,1.799858
FILLER_42_305,VPWR,li1,146.5100,127.8400,1.799854
FILLER_42_284,VPWR,li1,136.3900,127.8400,1.799843
FILLER_42_261,VPWR,li1,126.2700,127.8400,1.799840
FILLER_42_253,VPWR,li1,123.7400,127.8400,1.799840
FILLER_42_249,VPWR,li1,120.7500,127.8400,1.799839
FILLER_42_241,VPWR,li1,116.6100,127.8400,1.799839
FILLER_42_237,VPWR,li1,115.4600,127.8400,1.799839
FILLER_42_229,VPWR,li1,111.0900,127.8400,1.799839
FILLER_42_195,VPWR,li1,95.4500,127.8400,1.799840
FILLER_42_183,VPWR,li1,92.4600,127.8400,1.799844
FILLER_42_177,VPWR,li1,87.1700,127.8400,1.799849
FILLER_42_171,VPWR,li1,85.5600,127.8400,1.799851
FILLER_42_159,VPWR,li1,81.4200,127.8400,1.799856
FILLER_42_149,VPWR,li1,74.2900,127.8400,1.799865
FILLER_42_141,VPWR,li1,72.2200,127.8400,1.799868
FILLER_42_139,VPWR,li1,69.6900,127.8400,1.799875
FILLER_42_133,VPWR,li1,68.0800,127.8400,1.799875
FILLER_42_121,VPWR,li1,63.9400,127.8400,1.799882
FILLER_42_109,VPWR,li1,58.4200,127.8400,1.799893
FILLER_42_97,VPWR,li1,52.9000,127.8400,1.799905
FILLER_42_85,VPWR,li1,47.3800,127.8400,1.799919
FILLER_42_83,VPWR,li1,43.9300,127.8400,1.799929
FILLER_42_77,VPWR,li1,42.3200,127.8400,1.799929
FILLER_42_65,VPWR,li1,38.1800,127.8400,1.799938
FILLER_42_53,VPWR,li1,32.6600,127.8400,1.799951
FILLER_42_41,VPWR,li1,27.1400,127.8400,1.799965
FILLER_42_29,VPWR,li1,21.6200,127.8400,1.799978
FILLER_42_27,VPWR,li1,18.1700,127.8400,1.799978
FILLER_42_15,VPWR,li1,15.1800,127.8400,1.799978
FILLER_42_3,VPWR,li1,9.6600,127.8400,1.799978
FILLER_41_547,VPWR,li1,258.9800,122.4000,1.799564
FILLER_41_521,VPWR,li1,245.4100,122.4000,1.799570
FILLER_41_517,VPWR,li1,244.2600,122.4000,1.799570
FILLER_41_505,VPWR,li1,240.5800,122.4000,1.799573
FILLER_41_496,VPWR,li1,235.5200,122.4000,1.799575
FILLER_41_447,VPWR,li1,211.3700,122.4000,1.799634
FILLER_41_443,VPWR,li1,210.2200,122.4000,1.799634
FILLER_41_431,VPWR,li1,204.7000,122.4000,1.799664
FILLER_41_411,VPWR,li1,195.0400,122.4000,1.799716
FILLER_41_405,VPWR,li1,192.5100,122.4000,1.799730
FILLER_41_393,VPWR,li1,189.0600,122.4000,1.799750
FILLER_41_390,VPWR,li1,185.3800,122.4000,1.799778
FILLER_41_361,VPWR,li1,171.8100,122.4000,1.799847
FILLER_41_357,VPWR,li1,170.6600,122.4000,1.799838
FILLER_41_316,VPWR,li1,151.5700,122.4000,1.799759
FILLER_41_306,VPWR,li1,146.5100,122.4000,1.799740
FILLER_41_292,VPWR,li1,141.2200,122.4000,1.799720
FILLER_41_281,VPWR,li1,135.2400,122.4000,1.799695
FILLER_41_278,VPWR,li1,133.8600,122.4000,1.799695
FILLER_41_266,VPWR,li1,128.5700,122.4000,1.799678
FILLER_41_254,VPWR,li1,125.1200,122.4000,1.799663
FILLER_41_242,VPWR,li1,119.6000,122.4000,1.799647
FILLER_41_230,VPWR,li1,114.0800,122.4000,1.799629
FILLER_41_202,VPWR,li1,98.9000,122.4000,1.799588
FILLER_41_194,VPWR,li1,96.6000,122.4000,1.799579
FILLER_41_182,VPWR,li1,92.0000,122.4000,1.799570
FILLER_41_175,VPWR,li1,86.2500,122.4000,1.799563
FILLER_41_169,VPWR,li1,84.6400,122.4000,1.799567
FILLER_41_164,VPWR,li1,81.8800,122.4000,1.799570
FILLER_41_152,VPWR,li1,78.2000,122.4000,1.799575
FILLER_41_140,VPWR,li1,72.6800,122.4000,1.799584
FILLER_41_130,VPWR,li1,65.5500,122.4000,1.799595
FILLER_41_113,VPWR,li1,59.3400,122.4000,1.799619
FILLER_41_108,VPWR,li1,56.1200,122.4000,1.799636
FILLER_41_98,VPWR,li1,51.0600,122.4000,1.799662
FILLER_41_90,VPWR,li1,48.7600,122.4000,1.799674
FILLER_41_69,VPWR,li1,37.9500,122.4000,1.799753
FILLER_41_57,VPWR,li1,34.5000,122.4000,1.799791
FILLER_41_55,VPWR,li1,31.0500,122.4000,1.799826
FILLER_41_51,VPWR,li1,29.9000,122.4000,1.799826
FILLER_41_39,VPWR,li1,26.2200,122.4000,1.799860
FILLER_41_27,VPWR,li1,20.7000,122.4000,1.799910
FILLER_41_15,VPWR,li1,15.1800,122.4000,1.799910
FILLER_41_3,VPWR,li1,9.6600,122.4000,1.799910
FILLER_40_553,VPWR,li1,260.3600,122.4000,1.799564
FILLER_40_514,VPWR,li1,242.4200,122.4000,1.799571
FILLER_40_506,VPWR,li1,240.1200,122.4000,1.799573
FILLER_40_494,VPWR,li1,235.5200,122.4000,1.799575
FILLER_40_457,VPWR,li1,215.9700,122.4000,1.799603
FILLER_40_449,VPWR,li1,213.9000,122.4000,1.799615
FILLER_40_434,VPWR,li1,205.6200,122.4000,1.799664
FILLER_40_426,VPWR,li1,203.3200,122.4000,1.799675
FILLER_40_416,VPWR,li1,197.8000,122.4000,1.799705
FILLER_40_404,VPWR,li1,194.1200,122.4000,1.799730
FILLER_40_392,VPWR,li1,186.0700,122.4000,1.799778
FILLER_40_386,VPWR,li1,184.4600,122.4000,1.799797
FILLER_40_361,VPWR,li1,172.2700,122.4000,1.799847
FILLER_40_353,VPWR,li1,169.7400,122.4000,1.799838
FILLER_40_341,VPWR,li1,165.1400,122.4000,1.799818
FILLER_40_329,VPWR,li1,159.6200,122.4000,1.799787
FILLER_40_302,VPWR,li1,145.8200,122.4000,1.799732
FILLER_40_271,VPWR,li1,132.0200,122.4000,1.799687
FILLER_40_261,VPWR,li1,126.5000,122.4000,1.799672
FILLER_40_250,VPWR,li1,120.9800,122.4000,1.799654
FILLER_40_242,VPWR,li1,118.6800,122.4000,1.799647
FILLER_40_233,VPWR,li1,112.9300,122.4000,1.799629
FILLER_40_221,VPWR,li1,109.9400,122.4000,1.799616
FILLER_40_209,VPWR,li1,104.4200,122.4000,1.799601
FILLER_40_197,VPWR,li1,98.9000,122.4000,1.799588
FILLER_40_195,VPWR,li1,95.4500,122.4000,1.799579
FILLER_40_173,VPWR,li1,85.7900,122.4000,1.799563
FILLER_40_164,VPWR,li1,81.1900,122.4000,1.799570
FILLER_40_158,VPWR,li1,79.5800,122.4000,1.799575
FILLER_40_120,VPWR,li1,60.9500,122.4000,1.799619
FILLER_40_116,VPWR,li1,59.8000,122.4000,1.799619
FILLER_40_104,VPWR,li1,54.2800,122.4000,1.799650
FILLER_40_85,VPWR,li1,45.3100,122.4000,1.799703
FILLER_40_82,VPWR,li1,43.7000,122.4000,1.799703
FILLER_40_70,VPWR,li1,40.4800,122.4000,1.799733
FILLER_40_61,VPWR,li1,33.8100,122.4000,1.799791
FILLER_40_53,VPWR,li1,31.7400,122.4000,1.799810
FILLER_40_41,VPWR,li1,27.1400,122.4000,1.799860
FILLER_40_29,VPWR,li1,21.6200,122.4000,1.799910
FILLER_40_27,VPWR,li1,18.1700,122.4000,1.799910
FILLER_40_15,VPWR,li1,15.1800,122.4000,1.799910
FILLER_40_3,VPWR,li1,9.6600,122.4000,1.799910
FILLER_39_549,VPWR,li1,259.4400,116.9600,1.799876
FILLER_39_526,VPWR,li1,248.1700,116.9600,1.799876
FILLER_39_513,VPWR,li1,241.7300,116.9600,1.799876
FILLER_39_505,VPWR,li1,239.6600,116.9600,1.799876
FILLER_39_500,VPWR,li1,236.4400,116.9600,1.799876
FILLER_39_488,VPWR,li1,232.7600,116.9600,1.799876
FILLER_39_476,VPWR,li1,227.2400,116.9600,1.799876
FILLER_39_464,VPWR,li1,221.7200,116.9600,1.799876
FILLER_39_427,VPWR,li1,202.1700,116.9600,1.799885
FILLER_39_423,VPWR,li1,201.0200,116.9600,1.799885
FILLER_39_411,VPWR,li1,197.3400,116.9600,1.799890
FILLER_39_400,VPWR,li1,189.9800,116.9600,1.799898
FILLER_39_389,VPWR,li1,185.1500,116.9600,1.799911
FILLER_39_377,VPWR,li1,181.7000,116.9600,1.799914
FILLER_39_367,VPWR,li1,174.5700,116.9600,1.799929
FILLER_39_361,VPWR,li1,172.9600,116.9600,1.799913
FILLER_39_349,VPWR,li1,168.8200,116.9600,1.799892
FILLER_39_337,VPWR,li1,163.3000,116.9600,1.799869
FILLER_39_334,VPWR,li1,159.6200,116.9600,1.799852
FILLER_39_316,VPWR,li1,151.1100,116.9600,1.799811
FILLER_39_308,VPWR,li1,149.0400,116.9600,1.799802
FILLER_39_293,VPWR,li1,141.2200,116.9600,1.799772
FILLER_39_281,VPWR,li1,137.5400,116.9600,1.799766
FILLER_39_240,VPWR,li1,116.6100,116.9600,1.799737
FILLER_39_225,VPWR,li1,110.4000,116.9600,1.799733
FILLER_39_218,VPWR,li1,107.1800,116.9600,1.799732
FILLER_39_185,VPWR,li1,90.8500,116.9600,1.799735
FILLER_39_167,VPWR,li1,82.5700,116.9600,1.799743
FILLER_39_140,VPWR,li1,70.1500,116.9600,1.799766
FILLER_39_113,VPWR,li1,58.1900,116.9600,1.799803
FILLER_39_111,VPWR,li1,56.8100,116.9600,1.799803
FILLER_39_107,VPWR,li1,55.6600,116.9600,1.799810
FILLER_39_79,VPWR,li1,42.7800,116.9600,1.799857
FILLER_39_67,VPWR,li1,37.2600,116.9600,1.799881
FILLER_39_57,VPWR,li1,31.9700,116.9600,1.799903
FILLER_39_47,VPWR,li1,27.3700,116.9600,1.799923
FILLER_39_39,VPWR,li1,25.3000,116.9600,1.799932
FILLER_39_27,VPWR,li1,20.7000,116.9600,1.799954
FILLER_39_15,VPWR,li1,15.1800,116.9600,1.799954
FILLER_39_3,VPWR,li1,9.6600,116.9600,1.799954
FILLER_38_553,VPWR,li1,260.3600,116.9600,1.799876
FILLER_38_545,VPWR,li1,258.0600,116.9600,1.799876
FILLER_38_533,VPWR,li1,253.4600,116.9600,1.799876
FILLER_38_531,VPWR,li1,250.0100,116.9600,1.799876
FILLER_38_523,VPWR,li1,247.9400,116.9600,1.799876
FILLER_38_515,VPWR,li1,243.1100,116.9600,1.799876
FILLER_38_499,VPWR,li1,235.5200,116.9600,1.799876
FILLER_38_491,VPWR,li1,233.2200,116.9600,1.799876
FILLER_38_475,VPWR,li1,224.2500,116.9600,1.799876
FILLER_38_467,VPWR,li1,222.1800,116.9600,1.799876
FILLER_38_458,VPWR,li1,216.6600,116.9600,1.799876
FILLER_38_434,VPWR,li1,205.3900,116.9600,1.799882
FILLER_38_430,VPWR,li1,204.2400,116.9600,1.799882
FILLER_38_412,VPWR,li1,196.8800,116.9600,1.799890
FILLER_38_391,VPWR,li1,185.6100,116.9600,1.799906
FILLER_38_358,VPWR,li1,171.5800,116.9600,1.799913
FILLER_38_346,VPWR,li1,167.4400,116.9600,1.799892
FILLER_38_315,VPWR,li1,151.3400,116.9600,1.799811
FILLER_38_305,VPWR,li1,146.5100,116.9600,1.799790
FILLER_38_296,VPWR,li1,141.9100,116.9600,1.799775
FILLER_38_281,VPWR,li1,136.6200,116.9600,1.799766
FILLER_38_269,VPWR,li1,132.0200,116.9600,1.799758
FILLER_38_259,VPWR,li1,124.8900,116.9600,1.799746
FILLER_38_253,VPWR,li1,123.2800,116.9600,1.799742
FILLER_38_211,VPWR,li1,102.8100,116.9600,1.799732
FILLER_38_207,VPWR,li1,101.6600,116.9600,1.799732
FILLER_38_197,VPWR,li1,96.3700,116.9600,1.799732
FILLER_38_185,VPWR,li1,91.0800,116.9600,1.799735
FILLER_38_160,VPWR,li1,79.3500,116.9600,1.799750
FILLER_38_114,VPWR,li1,58.1900,116.9600,1.799803
FILLER_38_95,VPWR,li1,49.9100,116.9600,1.799826
FILLER_38_85,VPWR,li1,44.8500,116.9600,1.799848
FILLER_38_49,VPWR,li1,28.2900,116.9600,1.799923
FILLER_38_41,VPWR,li1,26.2200,116.9600,1.799932
FILLER_38_29,VPWR,li1,21.6200,116.9600,1.799954
FILLER_38_27,VPWR,li1,18.1700,116.9600,1.799954
FILLER_38_15,VPWR,li1,15.1800,116.9600,1.799954
FILLER_38_3,VPWR,li1,9.6600,116.9600,1.799954
FILLER_37_543,VPWR,li1,258.0600,111.5200,1.799857
FILLER_37_531,VPWR,li1,252.5400,111.5200,1.799857
FILLER_37_519,VPWR,li1,247.0200,111.5200,1.799857
FILLER_37_502,VPWR,li1,236.9000,111.5200,1.799857
FILLER_37_458,VPWR,li1,217.5800,111.5200,1.799858
FILLER_37_447,VPWR,li1,211.3700,111.5200,1.799863
FILLER_37_443,VPWR,li1,210.2200,111.5200,1.799863
FILLER_37_391,VPWR,li1,185.6100,111.5200,1.799903
FILLER_37_385,VPWR,li1,184.0000,111.5200,1.799903
FILLER_37_363,VPWR,li1,172.9600,111.5200,1.799914
FILLER_37_349,VPWR,li1,166.2900,111.5200,1.799887
FILLER_37_345,VPWR,li1,165.1400,111.5200,1.799887
FILLER_37_334,VPWR,li1,159.6200,111.5200,1.799869
FILLER_37_302,VPWR,li1,145.3600,111.5200,1.799821
FILLER_37_281,VPWR,li1,135.0100,111.5200,1.799797
FILLER_37_278,VPWR,li1,133.8600,111.5200,1.799797
FILLER_37_268,VPWR,li1,129.0300,111.5200,1.799788
FILLER_37_245,VPWR,li1,118.9100,111.5200,1.799775
FILLER_37_222,VPWR,li1,108.1000,111.5200,1.799767
FILLER_37_190,VPWR,li1,93.3800,111.5200,1.799767
FILLER_37_151,VPWR,li1,75.2100,111.5200,1.799786
FILLER_37_111,VPWR,li1,56.8100,111.5200,1.799826
FILLER_37_82,VPWR,li1,44.1600,111.5200,1.799866
FILLER_37_57,VPWR,li1,32.6600,111.5200,1.799900
FILLER_37_39,VPWR,li1,23.6900,111.5200,1.799938
FILLER_37_27,VPWR,li1,20.7000,111.5200,1.799952
FILLER_37_15,VPWR,li1,15.1800,111.5200,1.799952
FILLER_37_3,VPWR,li1,9.6600,111.5200,1.799952
FILLER_36_553,VPWR,li1,260.3600,111.5200,1.799857
FILLER_36_545,VPWR,li1,258.0600,111.5200,1.799857
FILLER_36_533,VPWR,li1,253.4600,111.5200,1.799857
FILLER_36_529,VPWR,li1,249.5500,111.5200,1.799857
FILLER_36_521,VPWR,li1,247.0200,111.5200,1.799857
FILLER_36_509,VPWR,li1,242.4200,111.5200,1.799857
FILLER_36_501,VPWR,li1,236.2100,111.5200,1.799857
FILLER_36_489,VPWR,li1,233.2200,111.5200,1.799857
FILLER_36_477,VPWR,li1,227.7000,111.5200,1.799857
FILLER_36_475,VPWR,li1,224.2500,111.5200,1.799857
FILLER_36_452,VPWR,li1,214.1300,111.5200,1.799860
FILLER_36_444,VPWR,li1,211.6000,111.5200,1.799863
FILLER_36_414,VPWR,li1,197.3400,111.5200,1.799876
FILLER_36_405,VPWR,li1,192.0500,111.5200,1.799885
FILLER_36_365,VPWR,li1,174.1100,111.5200,1.799914
FILLER_36_362,VPWR,li1,172.5000,111.5200,1.799914
FILLER_36_319,VPWR,li1,152.7200,111.5200,1.799846
FILLER_36_309,VPWR,li1,147.8900,111.5200,1.799828
FILLER_36_306,VPWR,li1,146.7400,111.5200,1.799828
FILLER_36_286,VPWR,li1,137.5400,111.5200,1.799805
FILLER_36_262,VPWR,li1,126.2700,111.5200,1.799783
FILLER_36_250,VPWR,li1,120.9800,111.5200,1.799777
FILLER_36_229,VPWR,li1,111.7800,111.5200,1.799768
FILLER_36_201,VPWR,li1,98.2100,111.5200,1.799766
FILLER_36_197,VPWR,li1,97.0600,111.5200,1.799767
FILLER_36_170,VPWR,li1,83.9500,111.5200,1.799774
FILLER_36_141,VPWR,li1,71.3000,111.5200,1.799792
FILLER_36_138,VPWR,li1,69.4600,111.5200,1.799796
FILLER_36_121,VPWR,li1,61.4100,111.5200,1.799813
FILLER_36_85,VPWR,li1,46.0000,111.5200,1.799856
FILLER_36_78,VPWR,li1,42.7800,111.5200,1.799866
FILLER_36_45,VPWR,li1,26.4500,111.5200,1.799924
FILLER_36_41,VPWR,li1,25.3000,111.5200,1.799938
FILLER_36_29,VPWR,li1,21.6200,111.5200,1.799952
FILLER_36_27,VPWR,li1,18.1700,111.5200,1.799952
FILLER_36_15,VPWR,li1,15.1800,111.5200,1.799952
FILLER_36_3,VPWR,li1,9.6600,111.5200,1.799952
FILLER_35_547,VPWR,li1,258.9800,106.0800,1.799755
FILLER_35_535,VPWR,li1,254.3800,106.0800,1.799755
FILLER_35_523,VPWR,li1,248.8600,106.0800,1.799755
FILLER_35_511,VPWR,li1,243.3400,106.0800,1.799755
FILLER_35_503,VPWR,li1,237.1300,106.0800,1.799755
FILLER_35_495,VPWR,li1,235.0600,106.0800,1.799755
FILLER_35_483,VPWR,li1,230.4600,106.0800,1.799755
FILLER_35_471,VPWR,li1,224.9400,106.0800,1.799755
FILLER_35_453,VPWR,li1,214.1300,106.0800,1.799759
FILLER_35_449,VPWR,li1,212.9800,106.0800,1.799759
FILLER_35_447,VPWR,li1,211.3700,106.0800,1.799761
FILLER_35_443,VPWR,li1,210.2200,106.0800,1.799761
FILLER_35_434,VPWR,li1,205.3900,106.0800,1.799763
FILLER_35_417,VPWR,li1,199.1800,106.0800,1.799770
FILLER_35_405,VPWR,li1,194.5800,106.0800,1.799775
FILLER_35_393,VPWR,li1,189.0600,106.0800,1.799782
FILLER_35_390,VPWR,li1,185.3800,106.0800,1.799805
FILLER_35_381,VPWR,li1,181.0100,106.0800,1.799846
FILLER_35_377,VPWR,li1,179.8600,106.0800,1.799846
FILLER_35_363,VPWR,li1,172.7300,106.0800,1.799857
FILLER_35_359,VPWR,li1,171.5800,106.0800,1.799857
FILLER_35_293,VPWR,li1,140.5300,106.0800,1.799711
FILLER_35_287,VPWR,li1,138.9200,106.0800,1.799711
FILLER_35_278,VPWR,li1,133.8600,106.0800,1.799689
FILLER_35_242,VPWR,li1,117.7600,106.0800,1.799639
FILLER_35_233,VPWR,li1,112.9300,106.0800,1.799639
FILLER_35_225,VPWR,li1,110.8600,106.0800,1.799638
FILLER_35_218,VPWR,li1,107.1800,106.0800,1.799639
FILLER_35_192,VPWR,li1,94.0700,106.0800,1.799648
FILLER_35_186,VPWR,li1,92.4600,106.0800,1.799648
FILLER_35_155,VPWR,li1,77.7400,106.0800,1.799663
FILLER_35_146,VPWR,li1,72.9100,106.0800,1.799672
FILLER_35_140,VPWR,li1,71.3000,106.0800,1.799676
FILLER_35_122,VPWR,li1,61.8700,106.0800,1.799700
FILLER_35_113,VPWR,li1,57.7300,106.0800,1.799727
FILLER_35_110,VPWR,li1,56.5800,106.0800,1.799727
FILLER_35_100,VPWR,li1,51.7500,106.0800,1.799765
FILLER_35_94,VPWR,li1,50.1400,106.0800,1.799765
FILLER_35_82,VPWR,li1,46.0000,106.0800,1.799798
FILLER_35_57,VPWR,li1,33.5800,106.0800,1.799861
FILLER_35_52,VPWR,li1,30.3600,106.0800,1.799879
FILLER_35_43,VPWR,li1,25.5300,106.0800,1.799914
FILLER_35_39,VPWR,li1,24.3800,106.0800,1.799914
FILLER_35_27,VPWR,li1,20.7000,106.0800,1.799936
FILLER_35_15,VPWR,li1,15.1800,106.0800,1.799936
FILLER_35_3,VPWR,li1,9.6600,106.0800,1.799936
FILLER_34_553,VPWR,li1,260.3600,106.0800,1.799755
FILLER_34_545,VPWR,li1,258.0600,106.0800,1.799755
FILLER_34_533,VPWR,li1,253.4600,106.0800,1.799755
FILLER_34_531,VPWR,li1,250.0100,106.0800,1.799755
FILLER_34_525,VPWR,li1,248.4000,106.0800,1.799755
FILLER_34_508,VPWR,li1,239.4300,106.0800,1.799755
FILLER_34_489,VPWR,li1,231.8400,106.0800,1.799755
FILLER_34_477,VPWR,li1,227.7000,106.0800,1.799755
FILLER_34_475,VPWR,li1,224.2500,106.0800,1.799755
FILLER_34_454,VPWR,li1,214.5900,106.0800,1.799759
FILLER_34_450,VPWR,li1,213.4400,106.0800,1.799759
FILLER_34_408,VPWR,li1,195.9600,106.0800,1.799775
FILLER_34_387,VPWR,li1,183.7700,106.0800,1.799822
FILLER_34_369,VPWR,li1,175.4900,106.0800,1.799878
FILLER_34_365,VPWR,li1,174.3400,106.0800,1.799867
FILLER_34_363,VPWR,li1,172.7300,106.0800,1.799857
FILLER_34_357,VPWR,li1,171.1200,106.0800,1.799857
FILLER_34_348,VPWR,li1,165.8300,106.0800,1.799826
FILLER_34_344,VPWR,li1,164.6800,106.0800,1.799826
FILLER_34_330,VPWR,li1,157.5500,106.0800,1.799792
FILLER_34_317,VPWR,li1,152.2600,106.0800,1.799768
FILLER_34_300,VPWR,li1,144.2100,106.0800,1.799734
FILLER_34_279,VPWR,li1,134.0900,106.0800,1.799689
FILLER_34_246,VPWR,li1,120.0600,106.0800,1.799640
FILLER_34_214,VPWR,li1,104.6500,106.0800,1.799640
FILLER_34_197,VPWR,li1,96.3700,106.0800,1.799645
FILLER_34_195,VPWR,li1,95.4500,106.0800,1.799645
FILLER_34_183,VPWR,li1,92.4600,106.0800,1.799648
FILLER_34_164,VPWR,li1,81.6500,106.0800,1.799661
FILLER_34_141,VPWR,li1,72.2200,106.0800,1.799672
FILLER_34_132,VPWR,li1,68.0800,106.0800,1.799681
FILLER_34_102,VPWR,li1,53.1300,106.0800,1.799747
FILLER_34_78,VPWR,li1,42.7800,106.0800,1.799815
FILLER_34_45,VPWR,li1,26.4500,106.0800,1.799902
FILLER_34_27,VPWR,li1,18.1700,106.0800,1.799936
FILLER_34_15,VPWR,li1,15.1800,106.0800,1.799936
FILLER_34_3,VPWR,li1,9.6600,106.0800,1.799936
FILLER_33_547,VPWR,li1,258.9800,100.6400,1.799694
FILLER_33_535,VPWR,li1,254.3800,100.6400,1.799694
FILLER_33_523,VPWR,li1,248.8600,100.6400,1.799694
FILLER_33_490,VPWR,li1,232.7600,100.6400,1.799702
FILLER_33_469,VPWR,li1,222.1800,100.6400,1.799715
FILLER_33_457,VPWR,li1,218.5000,100.6400,1.799718
FILLER_33_446,VPWR,li1,211.1400,100.6400,1.799727
FILLER_33_422,VPWR,li1,200.5600,100.6400,1.799750
FILLER_33_399,VPWR,li1,189.2900,100.6400,1.799812
FILLER_33_386,VPWR,li1,183.3100,100.6400,1.799845
FILLER_33_363,VPWR,li1,173.1900,100.6400,1.799885
FILLER_33_351,VPWR,li1,169.7400,100.6400,1.799873
FILLER_33_337,VPWR,li1,160.7700,100.6400,1.799835
FILLER_33_335,VPWR,li1,159.8500,100.6400,1.799826
FILLER_33_331,VPWR,li1,158.7000,100.6400,1.799826
FILLER_33_319,VPWR,li1,155.0200,100.6400,1.799804
FILLER_33_297,VPWR,li1,142.3700,100.6400,1.799756
FILLER_33_289,VPWR,li1,140.3000,100.6400,1.799747
FILLER_33_274,VPWR,li1,132.9400,100.6400,1.799716
FILLER_33_261,VPWR,li1,126.5000,100.6400,1.799690
FILLER_33_235,VPWR,li1,115.0000,100.6400,1.799650
FILLER_33_225,VPWR,li1,109.2500,100.6400,1.799632
FILLER_33_212,VPWR,li1,103.9600,100.6400,1.799616
FILLER_33_199,VPWR,li1,97.2900,100.6400,1.799603
FILLER_33_178,VPWR,li1,88.3200,100.6400,1.799581
FILLER_33_133,VPWR,li1,66.9300,100.6400,1.799625
FILLER_33_113,VPWR,li1,58.4200,100.6400,1.799678
FILLER_33_100,VPWR,li1,52.2100,100.6400,1.799707
FILLER_33_23,VPWR,li1,16.3300,100.6400,1.799920
FILLER_33_15,VPWR,li1,14.2600,100.6400,1.799920
FILLER_33_3,VPWR,li1,9.6600,100.6400,1.799920
FILLER_32_553,VPWR,li1,260.3600,100.6400,1.799694
FILLER_32_545,VPWR,li1,258.0600,100.6400,1.799694
FILLER_32_533,VPWR,li1,253.4600,100.6400,1.799694
FILLER_32_530,VPWR,li1,249.7800,100.6400,1.799694
FILLER_32_489,VPWR,li1,230.6900,100.6400,1.799704
FILLER_32_477,VPWR,li1,227.7000,100.6400,1.799708
FILLER_32_473,VPWR,li1,223.7900,100.6400,1.799712
FILLER_32_419,VPWR,li1,198.4900,100.6400,1.799768
FILLER_32_415,VPWR,li1,197.3400,100.6400,1.799768
FILLER_32_365,VPWR,li1,174.8000,100.6400,1.799895
FILLER_32_362,VPWR,li1,172.5000,100.6400,1.799885
FILLER_32_309,VPWR,li1,148.1200,100.6400,1.799778
FILLER_32_307,VPWR,li1,146.9700,100.6400,1.799770
FILLER_32_295,VPWR,li1,143.9800,100.6400,1.799756
FILLER_32_253,VPWR,li1,123.2800,100.6400,1.799672
FILLER_32_241,VPWR,li1,116.8400,100.6400,1.799655
FILLER_32_218,VPWR,li1,106.4900,100.6400,1.799626
FILLER_32_192,VPWR,li1,94.7600,100.6400,1.799596
FILLER_32_173,VPWR,li1,85.7900,100.6400,1.799575
FILLER_32_139,VPWR,li1,69.6900,100.6400,1.799614
FILLER_32_106,VPWR,li1,54.9700,100.6400,1.799692
FILLER_32_67,VPWR,li1,36.5700,100.6400,1.799803
FILLER_32_63,VPWR,li1,35.4200,100.6400,1.799822
FILLER_32_29,VPWR,li1,19.7800,100.6400,1.799920
FILLER_32_27,VPWR,li1,18.1700,100.6400,1.799920
FILLER_32_15,VPWR,li1,15.1800,100.6400,1.799920
FILLER_32_3,VPWR,li1,9.6600,100.6400,1.799920
FILLER_31_549,VPWR,li1,259.4400,95.2000,1.799802
FILLER_31_537,VPWR,li1,255.3000,95.2000,1.799802
FILLER_31_525,VPWR,li1,249.7800,95.2000,1.799802
FILLER_31_494,VPWR,li1,232.9900,95.2000,1.799812
FILLER_31_486,VPWR,li1,230.9200,95.2000,1.799814
FILLER_31_444,VPWR,li1,210.6800,95.2000,1.799847
FILLER_31_380,VPWR,li1,183.0800,95.2000,1.799913
FILLER_31_344,VPWR,li1,163.9900,95.2000,1.799896
FILLER_31_335,VPWR,li1,159.8500,95.2000,1.799875
FILLER_31_329,VPWR,li1,158.2400,95.2000,1.799875
FILLER_31_298,VPWR,li1,142.8300,95.2000,1.799821
FILLER_31_278,VPWR,li1,133.8600,95.2000,1.799791
FILLER_31_270,VPWR,li1,131.5600,95.2000,1.799784
FILLER_31_249,VPWR,li1,120.2900,95.2000,1.799752
FILLER_31_245,VPWR,li1,119.1400,95.2000,1.799752
FILLER_31_211,VPWR,li1,103.5000,95.2000,1.799724
FILLER_31_178,VPWR,li1,87.6300,95.2000,1.799718
FILLER_31_129,VPWR,li1,65.3200,95.2000,1.799748
FILLER_31_97,VPWR,li1,51.5200,95.2000,1.799791
FILLER_31_57,VPWR,li1,33.5800,95.2000,1.799859
FILLER_31_55,VPWR,li1,31.0500,95.2000,1.799870
FILLER_31_15,VPWR,li1,15.1800,95.2000,1.799919
FILLER_31_3,VPWR,li1,9.6600,95.2000,1.799919
FILLER_30_553,VPWR,li1,260.3600,95.2000,1.799802
FILLER_30_545,VPWR,li1,258.0600,95.2000,1.799802
FILLER_30_533,VPWR,li1,253.4600,95.2000,1.799802
FILLER_30_531,VPWR,li1,250.0100,95.2000,1.799802
FILLER_30_519,VPWR,li1,247.0200,95.2000,1.799802
FILLER_30_498,VPWR,li1,234.8300,95.2000,1.799810
FILLER_30_494,VPWR,li1,233.6800,95.2000,1.799812
FILLER_30_466,VPWR,li1,220.1100,95.2000,1.799829
FILLER_30_460,VPWR,li1,218.5000,95.2000,1.799833
FILLER_30_428,VPWR,li1,203.3200,95.2000,1.799864
FILLER_30_419,VPWR,li1,198.4900,95.2000,1.799876
FILLER_30_383,VPWR,li1,181.9300,95.2000,1.799921
FILLER_30_377,VPWR,li1,180.3200,95.2000,1.799921
FILLER_30_365,VPWR,li1,176.1800,95.2000,1.799936
FILLER_30_360,VPWR,li1,172.0400,95.2000,1.799924
FILLER_30_346,VPWR,li1,164.9100,95.2000,1.799896
FILLER_30_342,VPWR,li1,163.7600,95.2000,1.799889
FILLER_30_330,VPWR,li1,160.0800,95.2000,1.799882
FILLER_30_318,VPWR,li1,152.4900,95.2000,1.799855
FILLER_30_307,VPWR,li1,146.9700,95.2000,1.799836
FILLER_30_297,VPWR,li1,142.3700,95.2000,1.799814
FILLER_30_293,VPWR,li1,141.2200,95.2000,1.799814
FILLER_30_265,VPWR,li1,129.2600,95.2000,1.799778
FILLER_30_253,VPWR,li1,122.5900,95.2000,1.799756
FILLER_30_251,VPWR,li1,121.2100,95.2000,1.799756
FILLER_30_243,VPWR,li1,119.1400,95.2000,1.799752
FILLER_30_222,VPWR,li1,107.8700,95.2000,1.799731
FILLER_30_214,VPWR,li1,105.8000,95.2000,1.799729
FILLER_30_174,VPWR,li1,86.9400,95.2000,1.799719
FILLER_30_157,VPWR,li1,77.9700,95.2000,1.799726
FILLER_30_139,VPWR,li1,69.6900,95.2000,1.799740
FILLER_30_133,VPWR,li1,68.0800,95.2000,1.799740
FILLER_30_96,VPWR,li1,50.3700,95.2000,1.799791
FILLER_30_85,VPWR,li1,45.0800,95.2000,1.799815
FILLER_30_83,VPWR,li1,43.9300,95.2000,1.799815
FILLER_30_65,VPWR,li1,35.6500,95.2000,1.799849
FILLER_30_61,VPWR,li1,34.5000,95.2000,1.799859
FILLER_30_52,VPWR,li1,29.6700,95.2000,1.799884
FILLER_30_46,VPWR,li1,28.0600,95.2000,1.799884
FILLER_30_27,VPWR,li1,18.1700,95.2000,1.799919
FILLER_30_15,VPWR,li1,15.1800,95.2000,1.799919
FILLER_30_3,VPWR,li1,9.6600,95.2000,1.799919
FILLER_29_554,VPWR,li1,260.5900,89.7600,1.799609
FILLER_29_548,VPWR,li1,258.9800,89.7600,1.799609
FILLER_29_536,VPWR,li1,254.8400,89.7600,1.799609
FILLER_29_524,VPWR,li1,249.3200,89.7600,1.799609
FILLER_29_493,VPWR,li1,232.7600,89.7600,1.799635
FILLER_29_464,VPWR,li1,219.1900,89.7600,1.799695
FILLER_29_458,VPWR,li1,217.5800,89.7600,1.799695
FILLER_29_446,VPWR,li1,211.1400,89.7600,1.799726
FILLER_29_434,VPWR,li1,207.9200,89.7600,1.799742
FILLER_29_413,VPWR,li1,195.7300,89.7600,1.799801
FILLER_29_405,VPWR,li1,193.6600,89.7600,1.799811
FILLER_29_393,VPWR,li1,189.0600,89.7600,1.799833
FILLER_29_380,VPWR,li1,183.0800,89.7600,1.799862
FILLER_29_359,VPWR,li1,172.5000,89.7600,1.799887
FILLER_29_335,VPWR,li1,159.8500,89.7600,1.799816
FILLER_29_331,VPWR,li1,158.7000,89.7600,1.799816
FILLER_29_281,VPWR,li1,135.0100,89.7600,1.799700
FILLER_29_268,VPWR,li1,131.5600,89.7600,1.799689
FILLER_29_259,VPWR,li1,124.8900,89.7600,1.799659
FILLER_29_247,VPWR,li1,121.9000,89.7600,1.799647
FILLER_29_225,VPWR,li1,110.4000,89.7600,1.799629
FILLER_29_216,VPWR,li1,106.7200,89.7600,1.799627
FILLER_29_204,VPWR,li1,102.1200,89.7600,1.799624
FILLER_29_186,VPWR,li1,91.3100,89.7600,1.799618
FILLER_29_180,VPWR,li1,89.7000,89.7600,1.799618
FILLER_29_167,VPWR,li1,82.5700,89.7600,1.799625
FILLER_29_157,VPWR,li1,77.9700,89.7600,1.799640
FILLER_29_153,VPWR,li1,76.8200,89.7600,1.799640
FILLER_29_142,VPWR,li1,71.3000,89.7600,1.799660
FILLER_29_134,VPWR,li1,69.0000,89.7600,1.799666
FILLER_29_125,VPWR,li1,63.2500,89.7600,1.799681
FILLER_29_121,VPWR,li1,62.1000,89.7600,1.799681
FILLER_29_110,VPWR,li1,56.5800,89.7600,1.799697
FILLER_29_93,VPWR,li1,48.5300,89.7600,1.799728
FILLER_29_89,VPWR,li1,47.3800,89.7600,1.799728
FILLER_29_69,VPWR,li1,37.9500,89.7600,1.799796
FILLER_29_41,VPWR,li1,25.7600,89.7600,1.799882
FILLER_29_23,VPWR,li1,16.5600,89.7600,1.799920
FILLER_29_15,VPWR,li1,14.2600,89.7600,1.799920
FILLER_29_3,VPWR,li1,9.6600,89.7600,1.799920
FILLER_28_553,VPWR,li1,260.3600,89.7600,1.799609
FILLER_28_545,VPWR,li1,258.0600,89.7600,1.799609
FILLER_28_533,VPWR,li1,253.4600,89.7600,1.799609
FILLER_28_531,VPWR,li1,250.0100,89.7600,1.799609
FILLER_28_527,VPWR,li1,248.8600,89.7600,1.799609
FILLER_28_515,VPWR,li1,245.1800,89.7600,1.799609
FILLER_28_494,VPWR,li1,232.9900,89.7600,1.799635
FILLER_28_486,VPWR,li1,230.9200,89.7600,1.799643
FILLER_28_455,VPWR,li1,215.0500,89.7600,1.799712
FILLER_28_443,VPWR,li1,212.0600,89.7600,1.799726
FILLER_28_411,VPWR,li1,195.0400,89.7600,1.799811
FILLER_28_372,VPWR,li1,177.5600,89.7600,1.799889
FILLER_28_362,VPWR,li1,172.5000,89.7600,1.799887
FILLER_28_340,VPWR,li1,162.3800,89.7600,1.799835
FILLER_28_309,VPWR,li1,148.1200,89.7600,1.799758
FILLER_28_305,VPWR,li1,146.5100,89.7600,1.799758
FILLER_28_295,VPWR,li1,141.6800,89.7600,1.799736
FILLER_28_266,VPWR,li1,128.1100,89.7600,1.799671
FILLER_28_262,VPWR,li1,126.9600,89.7600,1.799671
FILLER_28_250,VPWR,li1,120.9800,89.7600,1.799647
FILLER_28_230,VPWR,li1,111.5500,89.7600,1.799630
FILLER_28_222,VPWR,li1,109.4800,89.7600,1.799629
FILLER_28_213,VPWR,li1,103.7300,89.7600,1.799625
FILLER_28_209,VPWR,li1,102.5800,89.7600,1.799625
FILLER_28_195,VPWR,li1,95.4500,89.7600,1.799621
FILLER_28_191,VPWR,li1,94.3000,89.7600,1.799620
FILLER_28_163,VPWR,li1,81.1900,89.7600,1.799631
FILLER_28_145,VPWR,li1,72.4500,89.7600,1.799652
FILLER_28_141,VPWR,li1,71.3000,89.7600,1.799660
FILLER_28_139,VPWR,li1,69.6900,89.7600,1.799660
FILLER_28_105,VPWR,li1,54.2800,89.7600,1.799705
FILLER_28_83,VPWR,li1,43.9300,89.7600,1.799750
FILLER_28_77,VPWR,li1,42.3200,89.7600,1.799772
FILLER_28_29,VPWR,li1,19.3200,89.7600,1.799920
FILLER_28_15,VPWR,li1,13.3400,89.7600,1.799920
FILLER_28_3,VPWR,li1,9.6600,89.7600,1.799920
FILLER_27_549,VPWR,li1,259.4400,84.3200,1.799839
FILLER_27_537,VPWR,li1,255.3000,84.3200,1.799839
FILLER_27_525,VPWR,li1,249.7800,84.3200,1.799839
FILLER_27_496,VPWR,li1,235.5200,84.3200,1.799843
FILLER_27_478,VPWR,li1,225.6300,84.3200,1.799852
FILLER_27_474,VPWR,li1,224.4800,84.3200,1.799852
FILLER_27_453,VPWR,li1,214.1300,84.3200,1.799868
FILLER_27_449,VPWR,li1,212.9800,84.3200,1.799868
FILLER_27_442,VPWR,li1,210.2200,84.3200,1.799873
FILLER_27_430,VPWR,li1,206.0800,84.3200,1.799881
FILLER_27_413,VPWR,li1,196.4200,84.3200,1.799898
FILLER_27_391,VPWR,li1,185.6100,84.3200,1.799919
FILLER_27_387,VPWR,li1,184.4600,84.3200,1.799919
FILLER_27_371,VPWR,li1,176.8700,84.3200,1.799934
FILLER_27_337,VPWR,li1,160.7700,84.3200,1.799857
FILLER_27_333,VPWR,li1,159.3900,84.3200,1.799857
FILLER_27_306,VPWR,li1,146.9700,84.3200,1.799815
FILLER_27_298,VPWR,li1,144.4400,84.3200,1.799810
FILLER_27_288,VPWR,li1,138.6900,84.3200,1.799795
FILLER_27_281,VPWR,li1,135.4700,84.3200,1.799789
FILLER_27_279,VPWR,li1,134.0900,84.3200,1.799789
FILLER_27_271,VPWR,li1,132.0200,84.3200,1.799785
FILLER_27_241,VPWR,li1,116.6100,84.3200,1.799764
FILLER_27_231,VPWR,li1,112.0100,84.3200,1.799761
FILLER_27_225,VPWR,li1,110.4000,84.3200,1.799760
FILLER_27_223,VPWR,li1,108.3300,84.3200,1.799760
FILLER_27_219,VPWR,li1,107.1800,84.3200,1.799760
FILLER_27_165,VPWR,li1,82.1100,84.3200,1.799773
FILLER_27_145,VPWR,li1,72.6800,84.3200,1.799788
FILLER_27_119,VPWR,li1,60.4900,84.3200,1.799816
FILLER_27_113,VPWR,li1,58.8800,84.3200,1.799825
FILLER_27_106,VPWR,li1,55.6600,84.3200,1.799830
FILLER_27_66,VPWR,li1,37.2600,84.3200,1.799886
FILLER_27_55,VPWR,li1,31.0500,84.3200,1.799912
FILLER_27_36,VPWR,li1,22.7700,84.3200,1.799950
FILLER_27_19,VPWR,li1,14.4900,84.3200,1.799948
FILLER_27_15,VPWR,li1,13.3400,84.3200,1.799948
FILLER_27_3,VPWR,li1,9.6600,84.3200,1.799948
FILLER_26_553,VPWR,li1,260.3600,84.3200,1.799839
FILLER_26_545,VPWR,li1,258.0600,84.3200,1.799839
FILLER_26_533,VPWR,li1,253.4600,84.3200,1.799839
FILLER_26_528,VPWR,li1,249.3200,84.3200,1.799839
FILLER_26_501,VPWR,li1,236.2100,84.3200,1.799843
FILLER_26_497,VPWR,li1,235.0600,84.3200,1.799843
FILLER_26_464,VPWR,li1,219.6500,84.3200,1.799858
FILLER_26_434,VPWR,li1,207.0000,84.3200,1.799881
FILLER_26_410,VPWR,li1,194.8100,84.3200,1.799902
FILLER_26_378,VPWR,li1,182.1600,84.3200,1.799925
FILLER_26_352,VPWR,li1,170.2000,84.3200,1.799908
FILLER_26_333,VPWR,li1,161.4600,84.3200,1.799867
FILLER_26_315,VPWR,li1,150.6500,84.3200,1.799819
FILLER_26_309,VPWR,li1,149.0400,84.3200,1.799819
FILLER_26_296,VPWR,li1,144.4400,84.3200,1.799810
FILLER_26_222,VPWR,li1,107.8700,84.3200,1.799760
FILLER_26_179,VPWR,li1,88.0900,84.3200,1.799765
FILLER_26_141,VPWR,li1,70.6100,84.3200,1.799794
FILLER_26_106,VPWR,li1,55.2000,84.3200,1.799830
FILLER_26_58,VPWR,li1,32.4300,84.3200,1.799904
FILLER_26_50,VPWR,li1,30.3600,84.3200,1.799912
FILLER_26_38,VPWR,li1,25.7600,84.3200,1.799930
FILLER_26_29,VPWR,li1,19.0900,84.3200,1.799948
FILLER_26_27,VPWR,li1,18.1700,84.3200,1.799948
FILLER_26_15,VPWR,li1,15.1800,84.3200,1.799948
FILLER_26_3,VPWR,li1,9.6600,84.3200,1.799948
FILLER_25_549,VPWR,li1,259.4400,78.8800,1.799842
FILLER_25_537,VPWR,li1,255.3000,78.8800,1.799842
FILLER_25_525,VPWR,li1,249.7800,78.8800,1.799842
FILLER_25_501,VPWR,li1,236.6700,78.8800,1.799845
FILLER_25_493,VPWR,li1,234.1400,78.8800,1.799846
FILLER_25_449,VPWR,li1,213.9000,78.8800,1.799863
FILLER_25_446,VPWR,li1,211.1400,78.8800,1.799867
FILLER_25_434,VPWR,li1,207.9200,78.8800,1.799872
FILLER_25_418,VPWR,li1,198.4900,78.8800,1.799890
FILLER_25_406,VPWR,li1,195.0400,78.8800,1.799896
FILLER_25_391,VPWR,li1,185.6100,78.8800,1.799913
FILLER_25_379,VPWR,li1,182.6200,78.8800,1.799918
FILLER_25_367,VPWR,li1,177.1000,78.8800,1.799929
FILLER_25_354,VPWR,li1,169.7400,78.8800,1.799893
FILLER_25_328,VPWR,li1,158.2400,78.8800,1.799838
FILLER_25_306,VPWR,li1,146.7400,78.8800,1.799786
FILLER_25_254,VPWR,li1,123.7400,78.8800,1.799700
FILLER_25_222,VPWR,li1,108.1000,78.8800,1.799655
FILLER_25_166,VPWR,li1,82.3400,78.8800,1.799645
FILLER_25_148,VPWR,li1,74.0600,78.8800,1.799670
FILLER_25_139,VPWR,li1,69.6900,78.8800,1.799688
FILLER_25_122,VPWR,li1,61.8700,78.8800,1.799713
FILLER_25_87,VPWR,li1,45.7700,78.8800,1.799793
FILLER_25_57,VPWR,li1,33.1200,78.8800,1.799855
FILLER_25_3,VPWR,li1,7.5900,78.8800,1.799919
FILLER_24_553,VPWR,li1,260.3600,78.8800,1.799842
FILLER_24_545,VPWR,li1,258.0600,78.8800,1.799842
FILLER_24_533,VPWR,li1,253.4600,78.8800,1.799842
FILLER_24_524,VPWR,li1,248.4000,78.8800,1.799842
FILLER_24_511,VPWR,li1,240.8100,78.8800,1.799842
FILLER_24_499,VPWR,li1,235.7500,78.8800,1.799846
FILLER_24_487,VPWR,li1,232.3000,78.8800,1.799847
FILLER_24_477,VPWR,li1,225.4000,78.8800,1.799851
FILLER_24_475,VPWR,li1,224.2500,78.8800,1.799853
FILLER_24_471,VPWR,li1,223.1000,78.8800,1.799853
FILLER_24_459,VPWR,li1,219.4200,78.8800,1.799857
FILLER_24_429,VPWR,li1,203.3200,78.8800,1.799880
FILLER_24_421,VPWR,li1,199.4100,78.8800,1.799890
FILLER_24_416,VPWR,li1,197.8000,78.8800,1.799890
FILLER_24_404,VPWR,li1,194.1200,78.8800,1.799896
FILLER_24_389,VPWR,li1,184.9200,78.8800,1.799913
FILLER_24_377,VPWR,li1,181.7000,78.8800,1.799918
FILLER_24_365,VPWR,li1,176.1800,78.8800,1.799929
FILLER_24_363,VPWR,li1,172.7300,78.8800,1.799915
FILLER_24_353,VPWR,li1,168.5900,78.8800,1.799893
FILLER_24_345,VPWR,li1,166.0600,78.8800,1.799879
FILLER_24_324,VPWR,li1,154.7900,78.8800,1.799822
FILLER_24_318,VPWR,li1,153.1800,78.8800,1.799807
FILLER_24_302,VPWR,li1,145.8200,78.8800,1.799777
FILLER_24_290,VPWR,li1,139.8400,78.8800,1.799758
FILLER_24_269,VPWR,li1,129.4900,78.8800,1.799717
FILLER_24_261,VPWR,li1,127.4200,78.8800,1.799711
FILLER_24_251,VPWR,li1,121.2100,78.8800,1.799688
FILLER_24_245,VPWR,li1,119.6000,78.8800,1.799688
FILLER_24_224,VPWR,li1,108.7900,78.8800,1.799655
FILLER_24_218,VPWR,li1,107.1800,78.8800,1.799655
FILLER_24_197,VPWR,li1,96.6000,78.8800,1.799628
FILLER_24_194,VPWR,li1,95.2200,78.8800,1.799628
FILLER_24_176,VPWR,li1,87.4000,78.8800,1.799633
FILLER_24_149,VPWR,li1,74.7500,78.8800,1.799670
FILLER_24_134,VPWR,li1,68.5400,78.8800,1.799688
FILLER_24_106,VPWR,li1,54.9700,78.8800,1.799742
FILLER_24_98,VPWR,li1,52.4400,78.8800,1.799754
FILLER_24_85,VPWR,li1,45.5400,78.8800,1.799793
FILLER_24_73,VPWR,li1,39.7900,78.8800,1.799817
FILLER_24_29,VPWR,li1,19.5500,78.8800,1.799924
FILLER_24_3,VPWR,li1,7.1300,78.8800,1.799919
FILLER_23_549,VPWR,li1,259.4400,73.4400,1.799841
FILLER_23_537,VPWR,li1,255.3000,73.4400,1.799841
FILLER_23_525,VPWR,li1,249.7800,73.4400,1.799841
FILLER_23_493,VPWR,li1,232.7600,73.4400,1.799849
FILLER_23_427,VPWR,li1,202.1700,73.4400,1.799893
FILLER_23_415,VPWR,li1,199.1800,73.4400,1.799901
FILLER_23_408,VPWR,li1,193.8900,73.4400,1.799911
FILLER_23_400,VPWR,li1,191.3600,73.4400,1.799917
FILLER_23_389,VPWR,li1,185.1500,73.4400,1.799932
FILLER_23_375,VPWR,li1,178.2500,73.4400,1.799950
FILLER_23_360,VPWR,li1,171.3500,73.4400,1.799948
FILLER_23_354,VPWR,li1,169.7400,73.4400,1.799942
FILLER_23_342,VPWR,li1,165.6000,73.4400,1.799933
FILLER_23_335,VPWR,li1,159.8500,73.4400,1.799921
FILLER_23_331,VPWR,li1,158.7000,73.4400,1.799921
FILLER_23_281,VPWR,li1,136.1600,73.4400,1.799888
FILLER_23_274,VPWR,li1,132.9400,73.4400,1.799886
FILLER_23_262,VPWR,li1,128.8000,73.4400,1.799883
FILLER_23_241,VPWR,li1,116.6100,73.4400,1.799879
FILLER_23_231,VPWR,li1,112.0100,73.4400,1.799878
FILLER_23_225,VPWR,li1,110.4000,73.4400,1.799878
FILLER_23_223,VPWR,li1,108.3300,73.4400,1.799878
FILLER_23_181,VPWR,li1,90.1600,73.4400,1.799883
FILLER_23_169,VPWR,li1,83.9500,73.4400,1.799887
FILLER_23_159,VPWR,li1,78.8900,73.4400,1.799889
FILLER_23_151,VPWR,li1,76.8200,73.4400,1.799890
FILLER_23_139,VPWR,li1,72.2200,73.4400,1.799893
FILLER_23_111,VPWR,li1,56.8100,73.4400,1.799902
FILLER_23_105,VPWR,li1,55.2000,73.4400,1.799902
FILLER_23_90,VPWR,li1,48.3000,73.4400,1.799906
FILLER_23_41,VPWR,li1,25.7600,73.4400,1.799933
FILLER_23_3,VPWR,li1,7.1300,73.4400,1.799927
FILLER_22_553,VPWR,li1,260.3600,73.4400,1.799841
FILLER_22_545,VPWR,li1,258.0600,73.4400,1.799841
FILLER_22_533,VPWR,li1,253.4600,73.4400,1.799841
FILLER_22_531,VPWR,li1,250.0100,73.4400,1.799841
FILLER_22_527,VPWR,li1,248.8600,73.4400,1.799841
FILLER_22_515,VPWR,li1,245.1800,73.4400,1.799841
FILLER_22_494,VPWR,li1,232.9900,73.4400,1.799849
FILLER_22_472,VPWR,li1,223.5600,73.4400,1.799860
FILLER_22_433,VPWR,li1,205.3900,73.4400,1.799884
FILLER_22_421,VPWR,li1,201.9400,73.4400,1.799893
FILLER_22_419,VPWR,li1,198.4900,73.4400,1.799901
FILLER_22_389,VPWR,li1,185.8400,73.4400,1.799932
FILLER_22_372,VPWR,li1,177.5600,73.4400,1.799950
FILLER_22_363,VPWR,li1,172.7300,73.4400,1.799948
FILLER_22_359,VPWR,li1,171.5800,73.4400,1.799948
FILLER_22_350,VPWR,li1,166.7500,73.4400,1.799938
FILLER_22_338,VPWR,li1,161.6900,73.4400,1.799927
FILLER_22_320,VPWR,li1,153.4100,73.4400,1.799910
FILLER_22_309,VPWR,li1,148.3500,73.4400,1.799901
FILLER_22_307,VPWR,li1,146.9700,73.4400,1.799897
FILLER_22_301,VPWR,li1,145.3600,73.4400,1.799897
FILLER_22_280,VPWR,li1,134.5500,73.4400,1.799886
FILLER_22_274,VPWR,li1,132.9400,73.4400,1.799886
FILLER_22_244,VPWR,li1,119.6000,73.4400,1.799879
FILLER_22_224,VPWR,li1,109.0200,73.4400,1.799878
FILLER_22_213,VPWR,li1,104.1900,73.4400,1.799878
FILLER_22_165,VPWR,li1,82.3400,73.4400,1.799888
FILLER_22_153,VPWR,li1,76.5900,73.4400,1.799890
FILLER_22_136,VPWR,li1,68.3100,73.4400,1.799895
FILLER_22_114,VPWR,li1,58.1900,73.4400,1.799901
FILLER_22_108,VPWR,li1,56.5800,73.4400,1.799902
FILLER_22_85,VPWR,li1,46.0000,73.4400,1.799908
FILLER_22_73,VPWR,li1,40.0200,73.4400,1.799911
FILLER_22_40,VPWR,li1,24.1500,73.4400,1.799933
FILLER_22_27,VPWR,li1,18.1700,73.4400,1.799933
FILLER_22_21,VPWR,li1,16.5600,73.4400,1.799933
FILLER_22_3,VPWR,li1,7.3600,73.4400,1.799927
FILLER_21_554,VPWR,li1,260.5900,68.0000,1.799539
FILLER_21_546,VPWR,li1,258.5200,68.0000,1.799539
FILLER_21_534,VPWR,li1,253.9200,68.0000,1.799539
FILLER_21_522,VPWR,li1,248.4000,68.0000,1.799539
FILLER_21_503,VPWR,li1,237.1300,68.0000,1.799539
FILLER_21_495,VPWR,li1,235.0600,68.0000,1.799540
FILLER_21_444,VPWR,li1,210.6800,68.0000,1.799629
FILLER_21_393,VPWR,li1,186.9900,68.0000,1.799749
FILLER_21_389,VPWR,li1,185.1500,68.0000,1.799763
FILLER_21_381,VPWR,li1,182.6200,68.0000,1.799781
FILLER_21_369,VPWR,li1,178.0200,68.0000,1.799831
FILLER_21_357,VPWR,li1,172.5000,68.0000,1.799824
FILLER_21_334,VPWR,li1,159.6200,68.0000,1.799764
FILLER_21_319,VPWR,li1,153.1800,68.0000,1.799743
FILLER_21_298,VPWR,li1,142.8300,68.0000,1.799729
FILLER_21_272,VPWR,li1,132.4800,68.0000,1.799719
FILLER_21_225,VPWR,li1,109.2500,68.0000,1.799714
FILLER_21_221,VPWR,li1,107.8700,68.0000,1.799716
FILLER_21_105,VPWR,li1,54.0500,68.0000,1.799820
FILLER_21_88,VPWR,li1,46.2300,68.0000,1.799843
FILLER_21_74,VPWR,li1,40.9400,68.0000,1.799863
FILLER_21_3,VPWR,li1,8.2800,68.0000,1.799945
FILLER_20_553,VPWR,li1,260.3600,68.0000,1.799539
FILLER_20_545,VPWR,li1,258.0600,68.0000,1.799539
FILLER_20_533,VPWR,li1,253.4600,68.0000,1.799539
FILLER_20_531,VPWR,li1,250.0100,68.0000,1.799539
FILLER_20_527,VPWR,li1,248.8600,68.0000,1.799539
FILLER_20_515,VPWR,li1,245.1800,68.0000,1.799539
FILLER_20_491,VPWR,li1,232.3000,68.0000,1.799542
FILLER_20_477,VPWR,li1,225.6300,68.0000,1.799559
FILLER_20_470,VPWR,li1,223.1000,68.0000,1.799567
FILLER_20_449,VPWR,li1,212.2900,68.0000,1.799619
FILLER_20_429,VPWR,li1,203.5500,68.0000,1.799663
FILLER_20_421,VPWR,li1,201.0200,68.0000,1.799676
FILLER_20_418,VPWR,li1,198.2600,68.0000,1.799690
FILLER_20_401,VPWR,li1,190.9000,68.0000,1.799727
FILLER_20_369,VPWR,li1,175.4900,68.0000,1.799849
FILLER_20_365,VPWR,li1,174.3400,68.0000,1.799834
FILLER_20_363,VPWR,li1,172.7300,68.0000,1.799834
FILLER_20_355,VPWR,li1,169.0500,68.0000,1.799813
FILLER_20_326,VPWR,li1,155.7100,68.0000,1.799747
FILLER_20_306,VPWR,li1,146.7400,68.0000,1.799733
FILLER_20_298,VPWR,li1,144.4400,68.0000,1.799729
FILLER_20_288,VPWR,li1,138.6900,68.0000,1.799725
FILLER_20_253,VPWR,li1,123.2800,68.0000,1.799715
FILLER_20_249,VPWR,li1,120.7500,68.0000,1.799714
FILLER_20_220,VPWR,li1,106.9500,68.0000,1.799716
FILLER_20_216,VPWR,li1,105.8000,68.0000,1.799717
FILLER_20_197,VPWR,li1,96.8300,68.0000,1.799727
FILLER_20_191,VPWR,li1,93.6100,68.0000,1.799730
FILLER_20_151,VPWR,li1,75.2100,68.0000,1.799769
FILLER_20_85,VPWR,li1,45.0800,68.0000,1.799853
FILLER_20_81,VPWR,li1,43.4700,68.0000,1.799853
FILLER_20_56,VPWR,li1,31.5100,68.0000,1.799901
FILLER_20_50,VPWR,li1,29.9000,68.0000,1.799910
FILLER_20_38,VPWR,li1,25.7600,68.0000,1.799932
FILLER_20_19,VPWR,li1,14.4900,68.0000,1.799945
FILLER_20_15,VPWR,li1,13.3400,68.0000,1.799945
FILLER_20_3,VPWR,li1,9.6600,68.0000,1.799945
FILLER_19_549,VPWR,li1,259.4400,62.5600,1.799748
FILLER_19_537,VPWR,li1,255.3000,62.5600,1.799748
FILLER_19_525,VPWR,li1,249.7800,62.5600,1.799748
FILLER_19_479,VPWR,li1,227.7000,62.5600,1.799764
FILLER_19_469,VPWR,li1,221.4900,62.5600,1.799771
FILLER_19_457,VPWR,li1,218.5000,62.5600,1.799774
FILLER_19_445,VPWR,li1,210.9100,62.5600,1.799783
FILLER_19_424,VPWR,li1,200.7900,62.5600,1.799797
FILLER_19_412,VPWR,li1,197.8000,62.5600,1.799802
FILLER_19_393,VPWR,li1,187.2200,62.5600,1.799821
FILLER_19_357,VPWR,li1,169.9700,62.5600,1.799854
FILLER_19_346,VPWR,li1,166.0600,62.5600,1.799841
FILLER_19_334,VPWR,li1,159.6200,62.5600,1.799818
FILLER_19_318,VPWR,li1,152.0300,62.5600,1.799787
FILLER_19_314,VPWR,li1,150.8800,62.5600,1.799778
FILLER_19_298,VPWR,li1,144.4400,62.5600,1.799756
FILLER_19_279,VPWR,li1,134.0900,62.5600,1.799708
FILLER_19_273,VPWR,li1,132.4800,62.5600,1.799708
FILLER_19_249,VPWR,li1,120.9800,62.5600,1.799662
FILLER_19_237,VPWR,li1,115.9200,62.5600,1.799644
FILLER_19_225,VPWR,li1,111.7800,62.5600,1.799636
FILLER_19_223,VPWR,li1,108.3300,62.5600,1.799626
FILLER_19_217,VPWR,li1,106.7200,62.5600,1.799619
FILLER_19_199,VPWR,li1,97.2900,62.5600,1.799594
FILLER_19_195,VPWR,li1,96.1400,62.5600,1.799588
FILLER_19_181,VPWR,li1,90.1600,62.5600,1.799574
FILLER_19_169,VPWR,li1,86.0200,62.5600,1.799562
FILLER_19_57,VPWR,li1,32.4300,62.5600,1.799809
FILLER_19_48,VPWR,li1,29.4400,62.5600,1.799827
FILLER_19_15,VPWR,li1,14.2600,62.5600,1.799899
FILLER_19_3,VPWR,li1,9.6600,62.5600,1.799899
FILLER_18_553,VPWR,li1,260.3600,62.5600,1.799748
FILLER_18_545,VPWR,li1,258.0600,62.5600,1.799748
FILLER_18_533,VPWR,li1,253.4600,62.5600,1.799748
FILLER_18_531,VPWR,li1,250.0100,62.5600,1.799748
FILLER_18_523,VPWR,li1,247.9400,62.5600,1.799748
FILLER_18_494,VPWR,li1,232.9900,62.5600,1.799757
FILLER_18_474,VPWR,li1,224.0200,62.5600,1.799767
FILLER_18_462,VPWR,li1,220.8000,62.5600,1.799771
FILLER_18_443,VPWR,li1,210.2200,62.5600,1.799783
FILLER_18_433,VPWR,li1,204.9300,62.5600,1.799790
FILLER_18_421,VPWR,li1,201.9400,62.5600,1.799797
FILLER_18_408,VPWR,li1,195.9600,62.5600,1.799805
FILLER_18_393,VPWR,li1,186.7600,62.5600,1.799821
FILLER_18_360,VPWR,li1,172.0400,62.5600,1.799867
FILLER_18_342,VPWR,li1,163.0700,62.5600,1.799830
FILLER_18_334,VPWR,li1,161.0000,62.5600,1.799818
FILLER_18_322,VPWR,li1,156.4000,62.5600,1.799805
FILLER_18_306,VPWR,li1,146.7400,62.5600,1.799765
FILLER_18_298,VPWR,li1,144.4400,62.5600,1.799756
FILLER_18_286,VPWR,li1,139.8400,62.5600,1.799737
FILLER_18_265,VPWR,li1,127.6500,62.5600,1.799683
FILLER_18_253,VPWR,li1,124.6600,62.5600,1.799677
FILLER_18_248,VPWR,li1,120.5200,62.5600,1.799662
FILLER_18_239,VPWR,li1,115.6900,62.5600,1.799644
FILLER_18_235,VPWR,li1,114.5400,62.5600,1.799644
FILLER_18_224,VPWR,li1,109.4800,62.5600,1.799626
FILLER_18_212,VPWR,li1,105.8000,62.5600,1.799619
FILLER_18_194,VPWR,li1,95.2200,62.5600,1.799588
FILLER_18_182,VPWR,li1,92.0000,62.5600,1.799579
FILLER_18_176,VPWR,li1,86.9400,62.5600,1.799562
FILLER_18_148,VPWR,li1,73.8300,62.5600,1.799557
FILLER_18_139,VPWR,li1,69.6900,62.5600,1.799574
FILLER_18_106,VPWR,li1,54.5100,62.5600,1.799643
FILLER_18_94,VPWR,li1,51.5200,62.5600,1.799652
FILLER_18_45,VPWR,li1,26.6800,62.5600,1.799862
FILLER_18_3,VPWR,li1,8.7400,62.5600,1.799899
FILLER_17_543,VPWR,li1,258.0600,57.1200,1.799448
FILLER_17_531,VPWR,li1,252.5400,57.1200,1.799448
FILLER_17_514,VPWR,li1,242.8800,57.1200,1.799460
FILLER_17_491,VPWR,li1,232.3000,57.1200,1.799493
FILLER_17_457,VPWR,li1,217.1200,57.1200,1.799553
FILLER_17_421,VPWR,li1,199.4100,57.1200,1.799667
FILLER_17_413,VPWR,li1,197.3400,57.1200,1.799683
FILLER_17_401,VPWR,li1,192.7400,57.1200,1.799716
FILLER_17_389,VPWR,li1,185.1500,57.1200,1.799782
FILLER_17_381,VPWR,li1,182.6200,57.1200,1.799809
FILLER_17_369,VPWR,li1,178.0200,57.1200,1.799841
FILLER_17_357,VPWR,li1,172.5000,57.1200,1.799842
FILLER_17_332,VPWR,li1,159.1600,57.1200,1.799779
FILLER_17_310,VPWR,li1,148.5800,57.1200,1.799725
FILLER_17_295,VPWR,li1,141.4500,57.1200,1.799697
FILLER_17_287,VPWR,li1,139.3800,57.1200,1.799684
FILLER_17_271,VPWR,li1,131.1000,57.1200,1.799648
FILLER_17_259,VPWR,li1,127.4200,57.1200,1.799631
FILLER_17_225,VPWR,li1,109.7100,57.1200,1.799595
FILLER_17_220,VPWR,li1,107.6400,57.1200,1.799595
FILLER_17_186,VPWR,li1,91.7700,57.1200,1.799601
FILLER_17_167,VPWR,li1,82.5700,57.1200,1.799607
FILLER_17_121,VPWR,li1,61.8700,57.1200,1.799679
FILLER_17_113,VPWR,li1,59.3400,57.1200,1.799693
FILLER_17_109,VPWR,li1,56.3500,57.1200,1.799709
FILLER_17_90,VPWR,li1,47.3800,57.1200,1.799760
FILLER_17_55,VPWR,li1,31.0500,57.1200,1.799861
FILLER_17_49,VPWR,li1,29.4400,57.1200,1.799881
FILLER_17_11,VPWR,li1,10.8100,57.1200,1.799918
FILLER_17_3,VPWR,li1,8.7400,57.1200,1.799918
FILLER_16_553,VPWR,li1,260.3600,57.1200,1.799448
FILLER_16_545,VPWR,li1,258.0600,57.1200,1.799448
FILLER_16_533,VPWR,li1,253.4600,57.1200,1.799448
FILLER_16_529,VPWR,li1,249.5500,57.1200,1.799448
FILLER_16_517,VPWR,li1,243.5700,57.1200,1.799460
FILLER_16_513,VPWR,li1,242.4200,57.1200,1.799460
FILLER_16_492,VPWR,li1,232.0700,57.1200,1.799493
FILLER_16_486,VPWR,li1,230.4600,57.1200,1.799502
FILLER_16_421,VPWR,li1,200.5600,57.1200,1.799650
FILLER_16_419,VPWR,li1,198.4900,57.1200,1.799667
FILLER_16_389,VPWR,li1,184.9200,57.1200,1.799782
FILLER_16_377,VPWR,li1,181.7000,57.1200,1.799809
FILLER_16_365,VPWR,li1,176.1800,57.1200,1.799862
FILLER_16_358,VPWR,li1,171.5800,57.1200,1.799842
FILLER_16_346,VPWR,li1,167.4400,57.1200,1.799820
FILLER_16_337,VPWR,li1,160.7700,57.1200,1.799787
FILLER_16_329,VPWR,li1,157.0900,57.1200,1.799764
FILLER_16_288,VPWR,li1,138.6900,57.1200,1.799684
FILLER_16_253,VPWR,li1,124.6600,57.1200,1.799618
FILLER_16_223,VPWR,li1,108.3300,57.1200,1.799595
FILLER_16_217,VPWR,li1,106.7200,57.1200,1.799595
FILLER_16_184,VPWR,li1,90.3900,57.1200,1.799601
FILLER_16_141,VPWR,li1,70.8400,57.1200,1.799634
FILLER_16_133,VPWR,li1,67.3900,57.1200,1.799649
FILLER_16_123,VPWR,li1,62.3300,57.1200,1.799679
FILLER_16_111,VPWR,li1,59.3400,57.1200,1.799693
FILLER_16_85,VPWR,li1,45.0800,57.1200,1.799774
FILLER_16_83,VPWR,li1,43.9300,57.1200,1.799788
FILLER_16_79,VPWR,li1,42.7800,57.1200,1.799788
FILLER_16_61,VPWR,li1,33.8100,57.1200,1.799842
FILLER_16_53,VPWR,li1,31.7400,57.1200,1.799861
FILLER_16_11,VPWR,li1,10.8100,57.1200,1.799918
FILLER_16_3,VPWR,li1,8.7400,57.1200,1.799918
FILLER_15_554,VPWR,li1,260.5900,51.6800,1.799813
FILLER_15_546,VPWR,li1,258.5200,51.6800,1.799813
FILLER_15_534,VPWR,li1,253.9200,51.6800,1.799813
FILLER_15_522,VPWR,li1,248.4000,51.6800,1.799813
FILLER_15_503,VPWR,li1,237.1300,51.6800,1.799813
FILLER_15_499,VPWR,li1,235.9800,51.6800,1.799813
FILLER_15_458,VPWR,li1,217.1200,51.6800,1.799829
FILLER_15_446,VPWR,li1,211.1400,51.6800,1.799839
FILLER_15_417,VPWR,li1,197.8000,51.6800,1.799873
FILLER_15_405,VPWR,li1,194.5800,51.6800,1.799883
FILLER_15_393,VPWR,li1,189.0600,51.6800,1.799900
FILLER_15_391,VPWR,li1,185.6100,51.6800,1.799916
FILLER_15_379,VPWR,li1,182.6200,51.6800,1.799925
FILLER_15_364,VPWR,li1,173.1900,51.6800,1.799941
FILLER_15_356,VPWR,li1,171.1200,51.6800,1.799936
FILLER_15_335,VPWR,li1,159.8500,51.6800,1.799906
FILLER_15_329,VPWR,li1,158.2400,51.6800,1.799906
FILLER_15_320,VPWR,li1,153.4100,51.6800,1.799897
FILLER_15_291,VPWR,li1,140.0700,51.6800,1.799874
FILLER_15_281,VPWR,li1,135.2400,51.6800,1.799866
FILLER_15_253,VPWR,li1,122.5900,51.6800,1.799852
FILLER_15_229,VPWR,li1,111.3200,51.6800,1.799846
FILLER_15_225,VPWR,li1,109.2500,51.6800,1.799844
FILLER_15_223,VPWR,li1,108.3300,51.6800,1.799844
FILLER_15_211,VPWR,li1,105.3400,51.6800,1.799843
FILLER_15_190,VPWR,li1,93.1500,51.6800,1.799836
FILLER_15_151,VPWR,li1,75.2100,51.6800,1.799832
FILLER_15_117,VPWR,li1,59.5700,51.6800,1.799845
FILLER_15_113,VPWR,li1,58.4200,51.6800,1.799845
FILLER_15_108,VPWR,li1,56.1200,51.6800,1.799847
FILLER_15_75,VPWR,li1,40.2500,51.6800,1.799874
FILLER_15_65,VPWR,li1,35.8800,51.6800,1.799884
FILLER_15_54,VPWR,li1,30.8200,51.6800,1.799899
FILLER_15_44,VPWR,li1,25.9900,51.6800,1.799911
FILLER_15_34,VPWR,li1,21.3900,51.6800,1.799933
FILLER_15_24,VPWR,li1,16.7900,51.6800,1.799933
FILLER_15_3,VPWR,li1,7.8200,51.6800,1.799933
FILLER_14_553,VPWR,li1,260.3600,51.6800,1.799813
FILLER_14_545,VPWR,li1,258.0600,51.6800,1.799813
FILLER_14_533,VPWR,li1,253.4600,51.6800,1.799813
FILLER_14_524,VPWR,li1,248.4000,51.6800,1.799813
FILLER_14_512,VPWR,li1,243.8000,51.6800,1.799813
FILLER_14_489,VPWR,li1,231.1500,51.6800,1.799816
FILLER_14_477,VPWR,li1,227.7000,51.6800,1.799818
FILLER_14_421,VPWR,li1,200.5600,51.6800,1.799866
FILLER_14_417,VPWR,li1,198.0300,51.6800,1.799873
FILLER_14_409,VPWR,li1,195.5000,51.6800,1.799883
FILLER_14_388,VPWR,li1,184.2300,51.6800,1.799916
FILLER_14_384,VPWR,li1,183.0800,51.6800,1.799925
FILLER_14_356,VPWR,li1,169.5100,51.6800,1.799929
FILLER_14_352,VPWR,li1,168.3600,51.6800,1.799929
FILLER_14_321,VPWR,li1,153.6400,51.6800,1.799897
FILLER_14_306,VPWR,li1,146.7400,51.6800,1.799886
FILLER_14_270,VPWR,li1,129.9500,51.6800,1.799858
FILLER_14_258,VPWR,li1,124.4300,51.6800,1.799854
FILLER_14_248,VPWR,li1,119.8300,51.6800,1.799851
FILLER_14_239,VPWR,li1,115.6900,51.6800,1.799849
FILLER_14_217,VPWR,li1,106.0300,51.6800,1.799843
FILLER_14_205,VPWR,li1,102.5800,51.6800,1.799841
FILLER_14_188,VPWR,li1,93.8400,51.6800,1.799836
FILLER_14_153,VPWR,li1,76.3600,51.6800,1.799832
FILLER_14_145,VPWR,li1,74.0600,51.6800,1.799833
FILLER_14_115,VPWR,li1,59.3400,51.6800,1.799845
FILLER_14_83,VPWR,li1,43.9300,51.6800,1.799868
FILLER_14_79,VPWR,li1,42.7800,51.6800,1.799868
FILLER_14_53,VPWR,li1,30.1300,51.6800,1.799899
FILLER_14_9,VPWR,li1,9.8900,51.6800,1.799933
FILLER_14_3,VPWR,li1,8.2800,51.6800,1.799933
FILLER_13_553,VPWR,li1,260.3600,46.2400,1.799913
FILLER_13_541,VPWR,li1,257.1400,46.2400,1.799913
FILLER_13_529,VPWR,li1,251.6200,46.2400,1.799913
FILLER_13_517,VPWR,li1,246.1000,46.2400,1.799913
FILLER_13_505,VPWR,li1,240.5800,46.2400,1.799913
FILLER_13_501,VPWR,li1,236.6700,46.2400,1.799913
FILLER_13_493,VPWR,li1,234.1400,46.2400,1.799913
FILLER_13_481,VPWR,li1,229.5400,46.2400,1.799913
FILLER_13_469,VPWR,li1,224.0200,46.2400,1.799913
FILLER_13_457,VPWR,li1,218.5000,46.2400,1.799913
FILLER_13_447,VPWR,li1,211.3700,46.2400,1.799913
FILLER_13_425,VPWR,li1,201.4800,46.2400,1.799916
FILLER_13_417,VPWR,li1,199.1800,46.2400,1.799917
FILLER_13_393,VPWR,li1,186.9900,46.2400,1.799924
FILLER_13_389,VPWR,li1,185.1500,46.2400,1.799926
FILLER_13_381,VPWR,li1,181.2400,46.2400,1.799929
FILLER_13_348,VPWR,li1,166.9800,46.2400,1.799882
FILLER_13_332,VPWR,li1,159.1600,46.2400,1.799844
FILLER_13_316,VPWR,li1,151.5700,46.2400,1.799831
FILLER_13_290,VPWR,li1,139.6100,46.2400,1.799811
FILLER_13_257,VPWR,li1,124.2000,46.2400,1.799793
FILLER_13_223,VPWR,li1,108.3300,46.2400,1.799784
FILLER_13_215,VPWR,li1,106.2600,46.2400,1.799783
FILLER_13_206,VPWR,li1,100.5100,46.2400,1.799782
FILLER_13_189,VPWR,li1,93.3800,46.2400,1.799785
FILLER_13_177,VPWR,li1,89.7000,46.2400,1.799786
FILLER_13_167,VPWR,li1,82.5700,46.2400,1.799789
FILLER_13_155,VPWR,li1,79.5800,46.2400,1.799790
FILLER_13_113,VPWR,li1,57.7300,46.2400,1.799815
FILLER_13_110,VPWR,li1,56.5800,46.2400,1.799815
FILLER_13_93,VPWR,li1,48.5300,46.2400,1.799833
FILLER_13_78,VPWR,li1,42.7800,46.2400,1.799851
FILLER_13_37,VPWR,li1,23.2300,46.2400,1.799917
FILLER_13_20,VPWR,li1,16.1000,46.2400,1.799898
FILLER_13_3,VPWR,li1,7.1300,46.2400,1.799896
FILLER_12_553,VPWR,li1,260.3600,46.2400,1.799913
FILLER_12_545,VPWR,li1,258.0600,46.2400,1.799913
FILLER_12_533,VPWR,li1,253.4600,46.2400,1.799913
FILLER_12_531,VPWR,li1,250.0100,46.2400,1.799913
FILLER_12_525,VPWR,li1,248.4000,46.2400,1.799913
FILLER_12_513,VPWR,li1,244.2600,46.2400,1.799913
FILLER_12_501,VPWR,li1,238.7400,46.2400,1.799913
FILLER_12_489,VPWR,li1,233.2200,46.2400,1.799913
FILLER_12_477,VPWR,li1,227.7000,46.2400,1.799913
FILLER_12_472,VPWR,li1,223.5600,46.2400,1.799913
FILLER_12_460,VPWR,li1,219.8800,46.2400,1.799913
FILLER_12_448,VPWR,li1,214.3600,46.2400,1.799913
FILLER_12_439,VPWR,li1,207.6900,46.2400,1.799913
FILLER_12_433,VPWR,li1,206.0800,46.2400,1.799913
FILLER_12_421,VPWR,li1,201.9400,46.2400,1.799916
FILLER_12_389,VPWR,li1,185.1500,46.2400,1.799926
FILLER_12_373,VPWR,li1,177.7900,46.2400,1.799930
FILLER_12_361,VPWR,li1,172.2700,46.2400,1.799913
FILLER_12_315,VPWR,li1,151.8000,46.2400,1.799831
FILLER_12_305,VPWR,li1,146.5100,46.2400,1.799821
FILLER_12_281,VPWR,li1,137.5400,46.2400,1.799807
FILLER_12_275,VPWR,li1,132.2500,46.2400,1.799801
FILLER_12_271,VPWR,li1,131.1000,46.2400,1.799797
FILLER_12_259,VPWR,li1,127.4200,46.2400,1.799795
FILLER_12_253,VPWR,li1,122.1300,46.2400,1.799791
FILLER_12_225,VPWR,li1,109.4800,46.2400,1.799784
FILLER_12_217,VPWR,li1,107.1800,46.2400,1.799783
FILLER_12_192,VPWR,li1,94.7600,46.2400,1.799784
FILLER_12_183,VPWR,li1,89.9300,46.2400,1.799786
FILLER_12_171,VPWR,li1,84.8700,46.2400,1.799788
FILLER_12_163,VPWR,li1,82.3400,46.2400,1.799789
FILLER_12_149,VPWR,li1,74.2900,46.2400,1.799792
FILLER_12_127,VPWR,li1,64.8600,46.2400,1.799800
FILLER_12_109,VPWR,li1,56.1200,46.2400,1.799815
FILLER_12_98,VPWR,li1,51.0600,46.2400,1.799826
FILLER_12_89,VPWR,li1,46.6900,46.2400,1.799839
FILLER_12_85,VPWR,li1,45.5400,46.2400,1.799845
FILLER_12_83,VPWR,li1,43.9300,46.2400,1.799845
FILLER_12_11,VPWR,li1,10.8100,46.2400,1.799896
FILLER_12_3,VPWR,li1,8.7400,46.2400,1.799896
FILLER_11_553,VPWR,li1,260.3600,40.8000,1.799959
FILLER_11_541,VPWR,li1,257.1400,40.8000,1.799959
FILLER_11_529,VPWR,li1,251.6200,40.8000,1.799959
FILLER_11_517,VPWR,li1,246.1000,40.8000,1.799959
FILLER_11_505,VPWR,li1,240.5800,40.8000,1.799959
FILLER_11_503,VPWR,li1,237.1300,40.8000,1.799959
FILLER_11_497,VPWR,li1,235.5200,40.8000,1.799959
FILLER_11_485,VPWR,li1,231.3800,40.8000,1.799959
FILLER_11_473,VPWR,li1,225.8600,40.8000,1.799959
FILLER_11_461,VPWR,li1,220.3400,40.8000,1.799959
FILLER_11_449,VPWR,li1,214.8200,40.8000,1.799959
FILLER_11_445,VPWR,li1,210.9100,40.8000,1.799959
FILLER_11_433,VPWR,li1,207.4600,40.8000,1.799959
FILLER_11_421,VPWR,li1,201.9400,40.8000,1.799959
FILLER_11_357,VPWR,li1,170.2000,40.8000,1.799969
FILLER_11_345,VPWR,li1,164.9100,40.8000,1.799962
FILLER_11_337,VPWR,li1,162.3800,40.8000,1.799958
FILLER_11_326,VPWR,li1,155.7100,40.8000,1.799948
FILLER_11_322,VPWR,li1,154.5600,40.8000,1.799948
FILLER_11_293,VPWR,li1,141.6800,40.8000,1.799935
FILLER_11_281,VPWR,li1,137.5400,40.8000,1.799932
FILLER_11_279,VPWR,li1,134.0900,40.8000,1.799928
FILLER_11_273,VPWR,li1,132.4800,40.8000,1.799928
FILLER_11_261,VPWR,li1,128.3400,40.8000,1.799925
FILLER_11_254,VPWR,li1,123.2800,40.8000,1.799921
FILLER_11_242,VPWR,li1,119.6000,40.8000,1.799919
FILLER_11_229,VPWR,li1,112.2400,40.8000,1.799913
FILLER_11_223,VPWR,li1,108.3300,40.8000,1.799911
FILLER_11_190,VPWR,li1,93.8400,40.8000,1.799904
FILLER_11_169,VPWR,li1,83.4900,40.8000,1.799905
FILLER_11_157,VPWR,li1,78.2000,40.8000,1.799910
FILLER_11_148,VPWR,li1,74.0600,40.8000,1.799914
FILLER_11_108,VPWR,li1,56.1200,40.8000,1.799934
FILLER_11_92,VPWR,li1,49.6800,40.8000,1.799939
FILLER_11_84,VPWR,li1,44.3900,40.8000,1.799945
FILLER_11_69,VPWR,li1,38.1800,40.8000,1.799951
FILLER_11_57,VPWR,li1,32.4300,40.8000,1.799958
FILLER_11_39,VPWR,li1,23.6900,40.8000,1.799968
FILLER_11_35,VPWR,li1,22.5400,40.8000,1.799972
FILLER_10_553,VPWR,li1,260.3600,40.8000,1.799959
FILLER_10_545,VPWR,li1,258.0600,40.8000,1.799959
FILLER_10_533,VPWR,li1,253.4600,40.8000,1.799959
FILLER_10_531,VPWR,li1,250.0100,40.8000,1.799959
FILLER_10_525,VPWR,li1,248.4000,40.8000,1.799959
FILLER_10_513,VPWR,li1,244.2600,40.8000,1.799959
FILLER_10_501,VPWR,li1,238.7400,40.8000,1.799959
FILLER_10_489,VPWR,li1,233.2200,40.8000,1.799959
FILLER_10_477,VPWR,li1,227.7000,40.8000,1.799959
FILLER_10_475,VPWR,li1,224.2500,40.8000,1.799959
FILLER_10_469,VPWR,li1,222.6400,40.8000,1.799959
FILLER_10_457,VPWR,li1,218.5000,40.8000,1.799959
FILLER_10_445,VPWR,li1,212.9800,40.8000,1.799959
FILLER_10_433,VPWR,li1,207.4600,40.8000,1.799959
FILLER_10_421,VPWR,li1,201.9400,40.8000,1.799959
FILLER_10_412,VPWR,li1,196.8800,40.8000,1.799959
FILLER_10_400,VPWR,li1,189.7500,40.8000,1.799963
FILLER_10_396,VPWR,li1,188.6000,40.8000,1.799963
FILLER_10_373,VPWR,li1,177.7900,40.8000,1.799972
FILLER_10_365,VPWR,li1,175.2600,40.8000,1.799975
FILLER_10_363,VPWR,li1,172.7300,40.8000,1.799972
FILLER_10_357,VPWR,li1,171.1200,40.8000,1.799969
FILLER_10_345,VPWR,li1,166.9800,40.8000,1.799964
FILLER_10_335,VPWR,li1,161.0000,40.8000,1.799956
FILLER_10_321,VPWR,li1,154.5600,40.8000,1.799948
FILLER_10_309,VPWR,li1,150.4200,40.8000,1.799943
FILLER_10_302,VPWR,li1,145.8200,40.8000,1.799938
FILLER_10_290,VPWR,li1,141.6800,40.8000,1.799935
FILLER_10_281,VPWR,li1,135.4700,40.8000,1.799930
FILLER_10_270,VPWR,li1,130.4100,40.8000,1.799927
FILLER_10_262,VPWR,li1,127.8800,40.8000,1.799925
FILLER_10_253,VPWR,li1,122.5900,40.8000,1.799921
FILLER_10_251,VPWR,li1,121.2100,40.8000,1.799919
FILLER_10_247,VPWR,li1,120.0600,40.8000,1.799919
FILLER_10_226,VPWR,li1,109.7100,40.8000,1.799911
FILLER_10_218,VPWR,li1,107.6400,40.8000,1.799909
FILLER_10_195,VPWR,li1,95.4500,40.8000,1.799904
FILLER_10_189,VPWR,li1,93.8400,40.8000,1.799904
FILLER_10_160,VPWR,li1,79.3500,40.8000,1.799910
FILLER_10_153,VPWR,li1,76.1300,40.8000,1.799912
FILLER_10_141,VPWR,li1,73.1400,40.8000,1.799916
FILLER_10_139,VPWR,li1,69.6900,40.8000,1.799920
FILLER_10_135,VPWR,li1,68.5400,40.8000,1.799920
FILLER_10_126,VPWR,li1,63.9400,40.8000,1.799925
FILLER_10_114,VPWR,li1,60.7200,40.8000,1.799928
FILLER_10_102,VPWR,li1,55.2000,40.8000,1.799934
FILLER_10_93,VPWR,li1,49.6800,40.8000,1.799939
FILLER_10_85,VPWR,li1,45.3100,40.8000,1.799945
FILLER_10_82,VPWR,li1,43.7000,40.8000,1.799947
FILLER_10_71,VPWR,li1,38.4100,40.8000,1.799951
FILLER_10_46,VPWR,li1,26.9100,40.8000,1.799963
FILLER_10_27,VPWR,li1,18.1700,40.8000,1.799969
FILLER_10_15,VPWR,li1,13.3400,40.8000,1.799966
FILLER_10_3,VPWR,li1,9.6600,40.8000,1.799964
FILLER_9_553,VPWR,li1,260.3600,35.3600,1.799958
FILLER_9_541,VPWR,li1,257.1400,35.3600,1.799958
FILLER_9_529,VPWR,li1,251.6200,35.3600,1.799958
FILLER_9_517,VPWR,li1,246.1000,35.3600,1.799958
FILLER_9_505,VPWR,li1,240.5800,35.3600,1.799958
FILLER_9_503,VPWR,li1,237.1300,35.3600,1.799958
FILLER_9_497,VPWR,li1,235.5200,35.3600,1.799958
FILLER_9_485,VPWR,li1,231.3800,35.3600,1.799958
FILLER_9_473,VPWR,li1,225.8600,35.3600,1.799958
FILLER_9_461,VPWR,li1,220.3400,35.3600,1.799958
FILLER_9_449,VPWR,li1,214.8200,35.3600,1.799958
FILLER_9_447,VPWR,li1,211.3700,35.3600,1.799958
FILLER_9_441,VPWR,li1,209.7600,35.3600,1.799958
FILLER_9_429,VPWR,li1,205.6200,35.3600,1.799958
FILLER_9_417,VPWR,li1,200.1000,35.3600,1.799958
FILLER_9_405,VPWR,li1,194.5800,35.3600,1.799958
FILLER_9_393,VPWR,li1,189.0600,35.3600,1.799958
FILLER_9_390,VPWR,li1,185.3800,35.3600,1.799958
FILLER_9_382,VPWR,li1,183.0800,35.3600,1.799958
FILLER_9_370,VPWR,li1,178.4800,35.3600,1.799958
FILLER_9_337,VPWR,li1,160.7700,35.3600,1.799904
FILLER_9_326,VPWR,li1,155.9400,35.3600,1.799889
FILLER_9_317,VPWR,li1,151.5700,35.3600,1.799876
FILLER_9_313,VPWR,li1,150.4200,35.3600,1.799876
FILLER_9_298,VPWR,li1,143.5200,35.3600,1.799856
FILLER_9_289,VPWR,li1,138.6900,35.3600,1.799849
FILLER_9_222,VPWR,li1,108.1000,35.3600,1.799831
FILLER_9_201,VPWR,li1,98.2100,35.3600,1.799837
FILLER_9_193,VPWR,li1,96.1400,35.3600,1.799840
FILLER_9_181,VPWR,li1,89.7000,35.3600,1.799846
FILLER_9_169,VPWR,li1,86.0200,35.3600,1.799851
FILLER_9_165,VPWR,li1,82.1100,35.3600,1.799854
FILLER_9_149,VPWR,li1,74.7500,35.3600,1.799861
FILLER_9_102,VPWR,li1,52.9000,35.3600,1.799901
FILLER_9_94,VPWR,li1,48.9900,35.3600,1.799912
FILLER_9_75,VPWR,li1,40.4800,35.3600,1.799928
FILLER_9_66,VPWR,li1,36.1100,35.3600,1.799937
FILLER_9_53,VPWR,li1,30.5900,35.3600,1.799949
FILLER_9_43,VPWR,li1,25.5300,35.3600,1.799963
FILLER_9_39,VPWR,li1,24.3800,35.3600,1.799963
FILLER_9_27,VPWR,li1,18.8600,35.3600,1.799972
FILLER_9_15,VPWR,li1,15.1800,35.3600,1.799972
FILLER_9_3,VPWR,li1,9.6600,35.3600,1.799972
FILLER_8_553,VPWR,li1,260.3600,35.3600,1.799958
FILLER_8_545,VPWR,li1,258.0600,35.3600,1.799958
FILLER_8_533,VPWR,li1,253.4600,35.3600,1.799958
FILLER_8_531,VPWR,li1,250.0100,35.3600,1.799958
FILLER_8_525,VPWR,li1,248.4000,35.3600,1.799958
FILLER_8_513,VPWR,li1,244.2600,35.3600,1.799958
FILLER_8_501,VPWR,li1,238.7400,35.3600,1.799958
FILLER_8_489,VPWR,li1,233.2200,35.3600,1.799958
FILLER_8_477,VPWR,li1,227.7000,35.3600,1.799958
FILLER_8_475,VPWR,li1,224.2500,35.3600,1.799958
FILLER_8_469,VPWR,li1,222.6400,35.3600,1.799958
FILLER_8_457,VPWR,li1,218.5000,35.3600,1.799958
FILLER_8_445,VPWR,li1,212.9800,35.3600,1.799958
FILLER_8_433,VPWR,li1,207.4600,35.3600,1.799958
FILLER_8_421,VPWR,li1,201.9400,35.3600,1.799958
FILLER_8_419,VPWR,li1,198.4900,35.3600,1.799958
FILLER_8_413,VPWR,li1,196.8800,35.3600,1.799958
FILLER_8_401,VPWR,li1,192.7400,35.3600,1.799958
FILLER_8_389,VPWR,li1,187.2200,35.3600,1.799958
FILLER_8_377,VPWR,li1,181.7000,35.3600,1.799958
FILLER_8_365,VPWR,li1,176.1800,35.3600,1.799958
FILLER_8_363,VPWR,li1,172.7300,35.3600,1.799939
FILLER_8_359,VPWR,li1,171.5800,35.3600,1.799939
FILLER_8_318,VPWR,li1,152.0300,35.3600,1.799876
FILLER_8_261,VPWR,li1,126.0400,35.3600,1.799831
FILLER_8_224,VPWR,li1,110.4000,35.3600,1.799830
FILLER_8_214,VPWR,li1,104.4200,35.3600,1.799832
FILLER_8_186,VPWR,li1,91.3100,35.3600,1.799846
FILLER_8_182,VPWR,li1,90.1600,35.3600,1.799846
FILLER_8_171,VPWR,li1,84.6400,35.3600,1.799851
FILLER_8_138,VPWR,li1,69.4600,35.3600,1.799870
FILLER_8_91,VPWR,li1,47.8400,35.3600,1.799912
FILLER_8_80,VPWR,li1,43.2400,35.3600,1.799923
FILLER_8_33,VPWR,li1,20.9300,35.3600,1.799972
FILLER_8_29,VPWR,li1,19.7800,35.3600,1.799972
FILLER_8_27,VPWR,li1,18.1700,35.3600,1.799972
FILLER_8_15,VPWR,li1,15.1800,35.3600,1.799972
FILLER_8_3,VPWR,li1,9.6600,35.3600,1.799972
FILLER_7_553,VPWR,li1,260.3600,29.9200,1.799884
FILLER_7_541,VPWR,li1,257.1400,29.9200,1.799884
FILLER_7_529,VPWR,li1,251.6200,29.9200,1.799884
FILLER_7_517,VPWR,li1,246.1000,29.9200,1.799884
FILLER_7_505,VPWR,li1,240.5800,29.9200,1.799884
FILLER_7_503,VPWR,li1,237.1300,29.9200,1.799884
FILLER_7_497,VPWR,li1,235.5200,29.9200,1.799884
FILLER_7_485,VPWR,li1,231.3800,29.9200,1.799884
FILLER_7_473,VPWR,li1,225.8600,29.9200,1.799884
FILLER_7_461,VPWR,li1,220.3400,29.9200,1.799884
FILLER_7_449,VPWR,li1,214.8200,29.9200,1.799884
FILLER_7_447,VPWR,li1,211.3700,29.9200,1.799884
FILLER_7_441,VPWR,li1,209.7600,29.9200,1.799884
FILLER_7_429,VPWR,li1,205.6200,29.9200,1.799884
FILLER_7_417,VPWR,li1,200.1000,29.9200,1.799884
FILLER_7_405,VPWR,li1,194.5800,29.9200,1.799884
FILLER_7_393,VPWR,li1,189.0600,29.9200,1.799884
FILLER_7_391,VPWR,li1,185.6100,29.9200,1.799884
FILLER_7_387,VPWR,li1,184.4600,29.9200,1.799884
FILLER_7_375,VPWR,li1,180.7800,29.9200,1.799884
FILLER_7_342,VPWR,li1,163.3000,29.9200,1.799778
FILLER_7_323,VPWR,li1,154.3300,29.9200,1.799707
FILLER_7_319,VPWR,li1,153.1800,29.9200,1.799707
FILLER_7_258,VPWR,li1,124.6600,29.9200,1.799580
FILLER_7_246,VPWR,li1,121.4400,29.9200,1.799566
FILLER_7_233,VPWR,li1,114.0800,29.9200,1.799542
FILLER_7_229,VPWR,li1,111.0900,29.9200,1.799542
FILLER_7_225,VPWR,li1,109.9400,29.9200,1.799542
FILLER_7_223,VPWR,li1,108.3300,29.9200,1.799542
FILLER_7_219,VPWR,li1,107.1800,29.9200,1.799542
FILLER_7_167,VPWR,li1,82.5700,29.9200,1.799553
FILLER_7_146,VPWR,li1,72.9100,29.9200,1.799592
FILLER_7_129,VPWR,li1,65.3200,29.9200,1.799632
FILLER_7_109,VPWR,li1,56.3500,29.9200,1.799685
FILLER_7_77,VPWR,li1,41.1700,29.9200,1.799772
FILLER_7_73,VPWR,li1,40.0200,29.9200,1.799785
FILLER_7_27,VPWR,li1,18.8600,29.9200,1.799916
FILLER_7_15,VPWR,li1,15.1800,29.9200,1.799916
FILLER_7_3,VPWR,li1,9.6600,29.9200,1.799916
FILLER_6_553,VPWR,li1,260.3600,29.9200,1.799884
FILLER_6_545,VPWR,li1,258.0600,29.9200,1.799884
FILLER_6_533,VPWR,li1,253.4600,29.9200,1.799884
FILLER_6_531,VPWR,li1,250.0100,29.9200,1.799884
FILLER_6_525,VPWR,li1,248.4000,29.9200,1.799884
FILLER_6_513,VPWR,li1,244.2600,29.9200,1.799884
FILLER_6_501,VPWR,li1,238.7400,29.9200,1.799884
FILLER_6_489,VPWR,li1,233.2200,29.9200,1.799884
FILLER_6_477,VPWR,li1,227.7000,29.9200,1.799884
FILLER_6_475,VPWR,li1,224.2500,29.9200,1.799884
FILLER_6_469,VPWR,li1,222.6400,29.9200,1.799884
FILLER_6_457,VPWR,li1,218.5000,29.9200,1.799884
FILLER_6_445,VPWR,li1,212.9800,29.9200,1.799884
FILLER_6_433,VPWR,li1,207.4600,29.9200,1.799884
FILLER_6_421,VPWR,li1,201.9400,29.9200,1.799884
FILLER_6_408,VPWR,li1,195.9600,29.9200,1.799884
FILLER_6_396,VPWR,li1,190.4400,29.9200,1.799884
FILLER_6_384,VPWR,li1,184.9200,29.9200,1.799884
FILLER_6_372,VPWR,li1,179.4000,29.9200,1.799884
FILLER_6_362,VPWR,li1,172.5000,29.9200,1.799863
FILLER_6_346,VPWR,li1,164.9100,29.9200,1.799800
FILLER_6_340,VPWR,li1,162.1500,29.9200,1.799778
FILLER_6_332,VPWR,li1,160.0800,29.9200,1.799762
FILLER_6_320,VPWR,li1,155.4800,29.9200,1.799724
FILLER_6_300,VPWR,li1,143.7500,29.9200,1.799655
FILLER_6_296,VPWR,li1,142.6000,29.9200,1.799647
FILLER_6_284,VPWR,li1,138.9200,29.9200,1.799635
FILLER_6_275,VPWR,li1,132.2500,29.9200,1.799603
FILLER_6_269,VPWR,li1,129.4900,29.9200,1.799592
FILLER_6_265,VPWR,li1,128.3400,29.9200,1.799592
FILLER_6_253,VPWR,li1,124.6600,29.9200,1.799580
FILLER_6_249,VPWR,li1,120.7500,29.9200,1.799566
FILLER_6_241,VPWR,li1,118.2200,29.9200,1.799553
FILLER_6_228,VPWR,li1,110.8600,29.9200,1.799542
FILLER_6_213,VPWR,li1,103.7300,29.9200,1.799542
FILLER_6_205,VPWR,li1,101.6600,29.9200,1.799542
FILLER_6_190,VPWR,li1,94.3000,29.9200,1.799542
FILLER_6_158,VPWR,li1,78.4300,29.9200,1.799565
FILLER_6_141,VPWR,li1,71.0700,29.9200,1.799605
FILLER_6_133,VPWR,li1,66.9300,29.9200,1.799621
FILLER_6_115,VPWR,li1,58.6500,29.9200,1.799671
FILLER_6_111,VPWR,li1,57.5000,29.9200,1.799671
FILLER_6_85,VPWR,li1,45.0800,29.9200,1.799750
FILLER_6_70,VPWR,li1,39.1000,29.9200,1.799785
FILLER_6_45,VPWR,li1,26.4500,29.9200,1.799886
FILLER_6_41,VPWR,li1,25.3000,29.9200,1.799886
FILLER_6_29,VPWR,li1,21.6200,29.9200,1.799916
FILLER_6_27,VPWR,li1,18.1700,29.9200,1.799916
FILLER_6_15,VPWR,li1,15.1800,29.9200,1.799916
FILLER_6_3,VPWR,li1,9.6600,29.9200,1.799916
FILLER_5_553,VPWR,li1,260.3600,24.4800,1.799960
FILLER_5_541,VPWR,li1,257.1400,24.4800,1.799960
FILLER_5_529,VPWR,li1,251.6200,24.4800,1.799960
FILLER_5_517,VPWR,li1,246.1000,24.4800,1.799960
FILLER_5_505,VPWR,li1,240.5800,24.4800,1.799960
FILLER_5_503,VPWR,li1,237.1300,24.4800,1.799960
FILLER_5_497,VPWR,li1,235.5200,24.4800,1.799960
FILLER_5_485,VPWR,li1,231.3800,24.4800,1.799960
FILLER_5_473,VPWR,li1,225.8600,24.4800,1.799960
FILLER_5_461,VPWR,li1,220.3400,24.4800,1.799960
FILLER_5_449,VPWR,li1,214.8200,24.4800,1.799960
FILLER_5_447,VPWR,li1,211.3700,24.4800,1.799960
FILLER_5_441,VPWR,li1,209.7600,24.4800,1.799960
FILLER_5_429,VPWR,li1,205.6200,24.4800,1.799960
FILLER_5_417,VPWR,li1,200.1000,24.4800,1.799960
FILLER_5_405,VPWR,li1,194.5800,24.4800,1.799960
FILLER_5_393,VPWR,li1,189.0600,24.4800,1.799960
FILLER_5_391,VPWR,li1,185.6100,24.4800,1.799960
FILLER_5_379,VPWR,li1,182.6200,24.4800,1.799960
FILLER_5_367,VPWR,li1,177.1000,24.4800,1.799960
FILLER_5_343,VPWR,li1,163.5300,24.4800,1.799915
FILLER_5_337,VPWR,li1,161.9200,24.4800,1.799904
FILLER_5_327,VPWR,li1,157.3200,24.4800,1.799889
FILLER_5_315,VPWR,li1,153.1800,24.4800,1.799876
FILLER_5_308,VPWR,li1,147.4300,24.4800,1.799860
FILLER_5_300,VPWR,li1,145.3600,24.4800,1.799852
FILLER_5_295,VPWR,li1,141.4500,24.4800,1.799834
FILLER_5_289,VPWR,li1,139.8400,24.4800,1.799834
FILLER_5_285,VPWR,li1,136.8500,24.4800,1.799820
FILLER_5_281,VPWR,li1,135.7000,24.4800,1.799820
FILLER_5_279,VPWR,li1,134.0900,24.4800,1.799813
FILLER_5_267,VPWR,li1,131.1000,24.4800,1.799806
FILLER_5_232,VPWR,li1,112.4700,24.4800,1.799759
FILLER_5_223,VPWR,li1,108.3300,24.4800,1.799750
FILLER_5_205,VPWR,li1,100.0500,24.4800,1.799739
FILLER_5_193,VPWR,li1,97.0600,24.4800,1.799735
FILLER_5_163,VPWR,li1,80.7300,24.4800,1.799724
FILLER_5_154,VPWR,li1,76.5900,24.4800,1.799723
FILLER_5_139,VPWR,li1,70.8400,24.4800,1.799722
FILLER_5_100,VPWR,li1,51.7500,24.4800,1.799729
FILLER_5_52,VPWR,li1,30.3600,24.4800,1.799832
FILLER_5_27,VPWR,li1,19.7800,24.4800,1.799915
FILLER_5_15,VPWR,li1,15.1800,24.4800,1.799915
FILLER_5_3,VPWR,li1,9.6600,24.4800,1.799915
FILLER_4_553,VPWR,li1,260.3600,24.4800,1.799960
FILLER_4_545,VPWR,li1,258.0600,24.4800,1.799960
FILLER_4_533,VPWR,li1,253.4600,24.4800,1.799960
FILLER_4_531,VPWR,li1,250.0100,24.4800,1.799960
FILLER_4_525,VPWR,li1,248.4000,24.4800,1.799960
FILLER_4_513,VPWR,li1,244.2600,24.4800,1.799960
FILLER_4_501,VPWR,li1,238.7400,24.4800,1.799960
FILLER_4_489,VPWR,li1,233.2200,24.4800,1.799960
FILLER_4_477,VPWR,li1,227.7000,24.4800,1.799960
FILLER_4_475,VPWR,li1,224.2500,24.4800,1.799960
FILLER_4_469,VPWR,li1,222.6400,24.4800,1.799960
FILLER_4_457,VPWR,li1,218.5000,24.4800,1.799960
FILLER_4_445,VPWR,li1,212.9800,24.4800,1.799960
FILLER_4_433,VPWR,li1,207.4600,24.4800,1.799960
FILLER_4_421,VPWR,li1,201.9400,24.4800,1.799960
FILLER_4_419,VPWR,li1,198.4900,24.4800,1.799960
FILLER_4_413,VPWR,li1,196.8800,24.4800,1.799960
FILLER_4_401,VPWR,li1,192.7400,24.4800,1.799960
FILLER_4_389,VPWR,li1,187.2200,24.4800,1.799960
FILLER_4_377,VPWR,li1,181.7000,24.4800,1.799960
FILLER_4_365,VPWR,li1,176.1800,24.4800,1.799960
FILLER_4_356,VPWR,li1,171.1200,24.4800,1.799943
FILLER_4_333,VPWR,li1,158.9300,24.4800,1.799895
FILLER_4_325,VPWR,li1,155.9400,24.4800,1.799889
FILLER_4_313,VPWR,li1,152.2600,24.4800,1.799876
FILLER_4_306,VPWR,li1,146.7400,24.4800,1.799852
FILLER_4_267,VPWR,li1,128.8000,24.4800,1.799794
FILLER_4_246,VPWR,li1,118.9100,24.4800,1.799771
FILLER_4_193,VPWR,li1,94.9900,24.4800,1.799733
FILLER_4_147,VPWR,li1,73.3700,24.4800,1.799722
FILLER_4_141,VPWR,li1,71.7600,24.4800,1.799722
FILLER_4_139,VPWR,li1,69.6900,24.4800,1.799722
FILLER_4_135,VPWR,li1,68.5400,24.4800,1.799721
FILLER_4_124,VPWR,li1,63.0200,24.4800,1.799720
FILLER_4_85,VPWR,li1,45.3100,24.4800,1.799757
FILLER_4_74,VPWR,li1,39.7900,24.4800,1.799781
FILLER_4_70,VPWR,li1,38.6400,24.4800,1.799781
FILLER_4_35,VPWR,li1,21.8500,24.4800,1.799915
FILLER_4_29,VPWR,li1,20.2400,24.4800,1.799915
FILLER_4_27,VPWR,li1,18.1700,24.4800,1.799915
FILLER_4_15,VPWR,li1,15.1800,24.4800,1.799915
FILLER_4_3,VPWR,li1,9.6600,24.4800,1.799915
FILLER_3_553,VPWR,li1,260.3600,19.0400,1.799954
FILLER_3_541,VPWR,li1,257.1400,19.0400,1.799954
FILLER_3_529,VPWR,li1,251.6200,19.0400,1.799954
FILLER_3_517,VPWR,li1,246.1000,19.0400,1.799954
FILLER_3_505,VPWR,li1,240.5800,19.0400,1.799954
FILLER_3_503,VPWR,li1,237.1300,19.0400,1.799954
FILLER_3_497,VPWR,li1,235.5200,19.0400,1.799954
FILLER_3_485,VPWR,li1,231.3800,19.0400,1.799954
FILLER_3_473,VPWR,li1,225.8600,19.0400,1.799954
FILLER_3_461,VPWR,li1,220.3400,19.0400,1.799954
FILLER_3_449,VPWR,li1,214.8200,19.0400,1.799954
FILLER_3_447,VPWR,li1,211.3700,19.0400,1.799954
FILLER_3_441,VPWR,li1,209.7600,19.0400,1.799954
FILLER_3_429,VPWR,li1,205.6200,19.0400,1.799954
FILLER_3_417,VPWR,li1,200.1000,19.0400,1.799954
FILLER_3_405,VPWR,li1,194.5800,19.0400,1.799954
FILLER_3_393,VPWR,li1,189.0600,19.0400,1.799954
FILLER_3_384,VPWR,li1,184.0000,19.0400,1.799954
FILLER_3_372,VPWR,li1,179.4000,19.0400,1.799954
FILLER_3_360,VPWR,li1,173.8800,19.0400,1.799943
FILLER_3_328,VPWR,li1,156.8600,19.0400,1.799872
FILLER_3_323,VPWR,li1,154.3300,19.0400,1.799862
FILLER_3_225,VPWR,li1,109.2500,19.0400,1.799757
FILLER_3_141,VPWR,li1,71.7600,19.0400,1.799772
FILLER_3_119,VPWR,li1,60.4900,19.0400,1.799798
FILLER_3_113,VPWR,li1,58.8800,19.0400,1.799798
FILLER_3_78,VPWR,li1,42.3200,19.0400,1.799849
FILLER_3_31,VPWR,li1,20.0100,19.0400,1.799942
FILLER_3_27,VPWR,li1,18.8600,19.0400,1.799942
FILLER_3_15,VPWR,li1,15.1800,19.0400,1.799942
FILLER_3_3,VPWR,li1,9.6600,19.0400,1.799942
FILLER_2_553,VPWR,li1,260.3600,19.0400,1.799954
FILLER_2_545,VPWR,li1,258.0600,19.0400,1.799954
FILLER_2_533,VPWR,li1,253.4600,19.0400,1.799954
FILLER_2_531,VPWR,li1,250.0100,19.0400,1.799954
FILLER_2_525,VPWR,li1,248.4000,19.0400,1.799954
FILLER_2_513,VPWR,li1,244.2600,19.0400,1.799954
FILLER_2_501,VPWR,li1,238.7400,19.0400,1.799954
FILLER_2_489,VPWR,li1,233.2200,19.0400,1.799954
FILLER_2_477,VPWR,li1,227.7000,19.0400,1.799954
FILLER_2_475,VPWR,li1,224.2500,19.0400,1.799954
FILLER_2_469,VPWR,li1,222.6400,19.0400,1.799954
FILLER_2_457,VPWR,li1,218.5000,19.0400,1.799954
FILLER_2_445,VPWR,li1,212.9800,19.0400,1.799954
FILLER_2_433,VPWR,li1,207.4600,19.0400,1.799954
FILLER_2_421,VPWR,li1,201.9400,19.0400,1.799954
FILLER_2_419,VPWR,li1,198.4900,19.0400,1.799954
FILLER_2_413,VPWR,li1,196.8800,19.0400,1.799954
FILLER_2_401,VPWR,li1,192.7400,19.0400,1.799954
FILLER_2_389,VPWR,li1,187.2200,19.0400,1.799954
FILLER_2_377,VPWR,li1,181.7000,19.0400,1.799954
FILLER_2_365,VPWR,li1,176.1800,19.0400,1.799954
FILLER_2_363,VPWR,li1,172.7300,19.0400,1.799933
FILLER_2_357,VPWR,li1,171.1200,19.0400,1.799933
FILLER_2_281,VPWR,li1,135.2400,19.0400,1.799801
FILLER_2_253,VPWR,li1,122.3600,19.0400,1.799774
FILLER_2_244,VPWR,li1,117.9900,19.0400,1.799767
FILLER_2_211,VPWR,li1,102.8100,19.0400,1.799754
FILLER_2_203,VPWR,li1,100.7400,19.0400,1.799754
FILLER_2_173,VPWR,li1,85.5600,19.0400,1.799757
FILLER_2_136,VPWR,li1,69.0000,19.0400,1.799777
FILLER_2_101,VPWR,li1,52.6700,19.0400,1.799815
FILLER_2_35,VPWR,li1,21.8500,19.0400,1.799942
FILLER_2_29,VPWR,li1,20.2400,19.0400,1.799942
FILLER_2_27,VPWR,li1,18.1700,19.0400,1.799942
FILLER_2_15,VPWR,li1,15.1800,19.0400,1.799942
FILLER_2_3,VPWR,li1,9.6600,19.0400,1.799942
FILLER_1_553,VPWR,li1,260.3600,13.6000,1.799984
FILLER_1_541,VPWR,li1,257.1400,13.6000,1.799984
FILLER_1_529,VPWR,li1,251.6200,13.6000,1.799984
FILLER_1_517,VPWR,li1,246.1000,13.6000,1.799984
FILLER_1_505,VPWR,li1,240.5800,13.6000,1.799984
FILLER_1_503,VPWR,li1,237.1300,13.6000,1.799984
FILLER_1_497,VPWR,li1,235.5200,13.6000,1.799984
FILLER_1_485,VPWR,li1,231.3800,13.6000,1.799984
FILLER_1_473,VPWR,li1,225.8600,13.6000,1.799984
FILLER_1_461,VPWR,li1,220.3400,13.6000,1.799984
FILLER_1_449,VPWR,li1,214.8200,13.6000,1.799984
FILLER_1_447,VPWR,li1,211.3700,13.6000,1.799984
FILLER_1_441,VPWR,li1,209.7600,13.6000,1.799984
FILLER_1_429,VPWR,li1,205.6200,13.6000,1.799984
FILLER_1_417,VPWR,li1,200.1000,13.6000,1.799984
FILLER_1_405,VPWR,li1,194.5800,13.6000,1.799984
FILLER_1_393,VPWR,li1,189.0600,13.6000,1.799984
FILLER_1_384,VPWR,li1,184.0000,13.6000,1.799984
FILLER_1_372,VPWR,li1,179.4000,13.6000,1.799984
FILLER_1_360,VPWR,li1,173.8800,13.6000,1.799979
FILLER_1_337,VPWR,li1,161.2300,13.6000,1.799963
FILLER_1_335,VPWR,li1,159.8500,13.6000,1.799961
FILLER_1_321,VPWR,li1,153.4100,13.6000,1.799956
FILLER_1_290,VPWR,li1,140.3000,13.6000,1.799946
FILLER_1_279,VPWR,li1,134.0900,13.6000,1.799943
FILLER_1_271,VPWR,li1,132.0200,13.6000,1.799942
FILLER_1_265,VPWR,li1,128.1100,13.6000,1.799940
FILLER_1_254,VPWR,li1,123.0500,13.6000,1.799937
FILLER_1_245,VPWR,li1,119.6000,13.6000,1.799937
FILLER_1_241,VPWR,li1,116.6100,13.6000,1.799935
FILLER_1_237,VPWR,li1,114.7700,13.6000,1.799934
FILLER_1_225,VPWR,li1,111.7800,13.6000,1.799933
FILLER_1_222,VPWR,li1,108.1000,13.6000,1.799931
FILLER_1_214,VPWR,li1,105.8000,13.6000,1.799930
FILLER_1_202,VPWR,li1,101.2000,13.6000,1.799928
FILLER_1_169,VPWR,li1,86.0200,13.6000,1.799926
FILLER_1_167,VPWR,li1,82.5700,13.6000,1.799927
FILLER_1_132,VPWR,li1,66.9300,13.6000,1.799930
FILLER_1_113,VPWR,li1,58.1900,13.6000,1.799940
FILLER_1_111,VPWR,li1,56.8100,13.6000,1.799943
FILLER_1_105,VPWR,li1,55.2000,13.6000,1.799943
FILLER_1_63,VPWR,li1,34.7300,13.6000,1.799971
FILLER_1_57,VPWR,li1,33.1200,13.6000,1.799973
FILLER_1_39,VPWR,li1,25.3000,13.6000,1.799981
FILLER_1_27,VPWR,li1,20.7000,13.6000,1.799987
FILLER_1_15,VPWR,li1,15.1800,13.6000,1.799987
FILLER_1_3,VPWR,li1,9.6600,13.6000,1.799987
FILLER_0_553,VPWR,li1,260.3600,13.6000,1.799984
FILLER_0_545,VPWR,li1,258.0600,13.6000,1.799984
FILLER_0_533,VPWR,li1,253.4600,13.6000,1.799984
FILLER_0_529,VPWR,li1,249.5500,13.6000,1.799984
FILLER_0_517,VPWR,li1,246.1000,13.6000,1.799984
FILLER_0_505,VPWR,li1,240.5800,13.6000,1.799984
FILLER_0_501,VPWR,li1,236.6700,13.6000,1.799984
FILLER_0_489,VPWR,li1,233.2200,13.6000,1.799984
FILLER_0_477,VPWR,li1,227.7000,13.6000,1.799984
FILLER_0_473,VPWR,li1,223.7900,13.6000,1.799984
FILLER_0_461,VPWR,li1,220.3400,13.6000,1.799984
FILLER_0_449,VPWR,li1,214.8200,13.6000,1.799984
FILLER_0_445,VPWR,li1,210.9100,13.6000,1.799984
FILLER_0_433,VPWR,li1,207.4600,13.6000,1.799984
FILLER_0_421,VPWR,li1,201.9400,13.6000,1.799984
FILLER_0_417,VPWR,li1,198.0300,13.6000,1.799984
FILLER_0_405,VPWR,li1,194.5800,13.6000,1.799984
FILLER_0_393,VPWR,li1,189.0600,13.6000,1.799984
FILLER_0_389,VPWR,li1,185.1500,13.6000,1.799984
FILLER_0_377,VPWR,li1,181.7000,13.6000,1.799984
FILLER_0_365,VPWR,li1,176.1800,13.6000,1.799984
FILLER_0_361,VPWR,li1,172.2700,13.6000,1.799979
FILLER_0_349,VPWR,li1,168.8200,13.6000,1.799973
FILLER_0_337,VPWR,li1,163.3000,13.6000,1.799966
FILLER_0_333,VPWR,li1,159.3900,13.6000,1.799961
FILLER_0_321,VPWR,li1,155.9400,13.6000,1.799958
FILLER_0_309,VPWR,li1,150.4200,13.6000,1.799953
FILLER_0_305,VPWR,li1,146.5100,13.6000,1.799948
FILLER_0_297,VPWR,li1,143.9800,13.6000,1.799947
FILLER_0_285,VPWR,li1,139.3800,13.6000,1.799945
FILLER_0_277,VPWR,li1,133.6300,13.6000,1.799942
FILLER_0_265,VPWR,li1,130.1800,13.6000,1.799941
FILLER_0_253,VPWR,li1,124.6600,13.6000,1.799939
FILLER_0_249,VPWR,li1,120.7500,13.6000,1.799937
FILLER_0_237,VPWR,li1,117.3000,13.6000,1.799935
FILLER_0_225,VPWR,li1,111.7800,13.6000,1.799933
FILLER_0_221,VPWR,li1,107.8700,13.6000,1.799931
FILLER_0_209,VPWR,li1,104.4200,13.6000,1.799930
FILLER_0_197,VPWR,li1,98.9000,13.6000,1.799927
FILLER_0_193,VPWR,li1,94.9900,13.6000,1.799925
FILLER_0_181,VPWR,li1,91.5400,13.6000,1.799925
FILLER_0_169,VPWR,li1,86.0200,13.6000,1.799926
FILLER_0_165,VPWR,li1,82.1100,13.6000,1.799927
FILLER_0_153,VPWR,li1,78.6600,13.6000,1.799927
FILLER_0_141,VPWR,li1,73.1400,13.6000,1.799928
FILLER_0_139,VPWR,li1,69.6900,13.6000,1.799928
FILLER_0_133,VPWR,li1,68.0800,13.6000,1.799930
FILLER_0_122,VPWR,li1,62.3300,13.6000,1.799933
FILLER_0_113,VPWR,li1,57.7300,13.6000,1.799940
FILLER_0_111,VPWR,li1,56.8100,13.6000,1.799943
FILLER_0_105,VPWR,li1,55.2000,13.6000,1.799943
FILLER_0_93,VPWR,li1,51.0600,13.6000,1.799948
FILLER_0_83,VPWR,li1,43.9300,13.6000,1.799957
FILLER_0_77,VPWR,li1,42.3200,13.6000,1.799961
FILLER_0_65,VPWR,li1,38.1800,13.6000,1.799966
FILLER_0_53,VPWR,li1,30.5900,13.6000,1.799976
FILLER_0_41,VPWR,li1,27.1400,13.6000,1.799979
FILLER_0_29,VPWR,li1,21.6200,13.6000,1.799987
FILLER_0_27,VPWR,li1,18.1700,13.6000,1.799987
FILLER_0_15,VPWR,li1,15.1800,13.6000,1.799987
FILLER_0_3,VPWR,li1,9.6600,13.6000,1.799987
ANTENNA_2,VPWR,li1,152.2600,165.9200,1.799873
ANTENNA_1,VPWR,li1,192.7400,149.6000,1.799915
hold499,VPWR,li1,214.3600,258.4000,1.799797
hold498,VPWR,li1,236.4400,209.4400,1.799799
hold497,VPWR,li1,85.5600,133.2800,1.799835
hold496,VPWR,li1,166.0600,19.0400,1.799906
hold495,VPWR,li1,162.3800,19.0400,1.799894
hold494,VPWR,li1,101.6600,57.1200,1.799595
hold493,VPWR,li1,119.6000,57.1200,1.799601
hold492,VPWR,li1,246.5600,209.4400,1.799795
hold491,VPWR,li1,239.6600,236.6400,1.799727
hold490,VPWR,li1,117.7600,51.6800,1.799850
hold489,VPWR,li1,132.4800,57.1200,1.799648
hold488,VPWR,li1,244.2600,138.7200,1.799722
hold487,VPWR,li1,111.3200,19.0400,1.799761
hold486,VPWR,li1,201.0200,242.0800,1.799795
hold485,VPWR,li1,89.2400,144.1600,1.799882
hold484,VPWR,li1,149.5000,19.0400,1.799845
hold483,VPWR,li1,102.5800,133.2800,1.799833
hold482,VPWR,li1,153.6400,35.3600,1.799884
hold481,VPWR,li1,177.5600,220.3200,1.799806
hold480,VPWR,li1,123.2800,155.0400,1.799605
hold479,VPWR,li1,208.8400,252.9600,1.799830
hold478,VPWR,li1,161.0000,24.4800,1.799904
hold477,VPWR,li1,136.6200,35.3600,1.799845
hold476,VPWR,li1,140.7600,35.3600,1.799853
hold475,VPWR,li1,219.4200,198.5600,1.799844
hold474,VPWR,li1,108.1000,144.1600,1.799878
hold473,VPWR,li1,162.8400,35.3600,1.799911
hold472,VPWR,li1,182.6200,198.5600,1.799924
hold471,VPWR,li1,149.5000,247.5200,1.799846
hold470,VPWR,li1,123.7400,155.0400,1.799605
hold469,VPWR,li1,166.9800,29.9200,1.799816
hold468,VPWR,li1,186.7600,263.8400,1.799968
hold467,VPWR,li1,166.0600,220.3200,1.799785
hold466,VPWR,li1,145.8200,19.0400,1.799832
hold465,VPWR,li1,89.7000,214.8800,1.799697
hold464,VPWR,li1,153.6400,236.6400,1.799834
hold463,VPWR,li1,80.0400,138.7200,1.799789
hold462,VPWR,li1,208.8400,209.4400,1.799827
hold461,VPWR,li1,255.7600,220.3200,1.799534
hold460,VPWR,li1,257.1400,138.7200,1.799712
hold459,VPWR,li1,178.0200,231.2000,1.799871
hold458,VPWR,li1,218.5000,187.6800,1.799639
hold457,VPWR,li1,174.8000,252.9600,1.799868
hold456,VPWR,li1,203.7800,231.2000,1.799698
hold455,VPWR,li1,217.1200,204.0000,1.799596
hold454,VPWR,li1,126.5000,165.9200,1.799815
hold453,VPWR,li1,88.7800,155.0400,1.799598
hold452,VPWR,li1,256.6800,144.1600,1.799831
hold451,VPWR,li1,92.9200,144.1600,1.799880
hold450,VPWR,li1,110.8600,155.0400,1.799581
hold449,VPWR,li1,184.4600,209.4400,1.799889
hold448,VPWR,li1,194.5800,231.2000,1.799747
hold447,VPWR,li1,190.9000,133.2800,1.799798
hold446,VPWR,li1,106.7200,155.0400,1.799584
hold445,VPWR,li1,202.8600,247.5200,1.799784
hold444,VPWR,li1,123.7400,35.3600,1.799830
hold443,VPWR,li1,248.8600,133.2800,1.799534
hold442,VPWR,li1,182.6200,149.6000,1.799934
hold441,VPWR,li1,120.0600,165.9200,1.799802
hold440,VPWR,li1,184.0000,144.1600,1.799904
hold439,VPWR,li1,188.1400,193.1200,1.799861
hold438,VPWR,li1,226.7800,182.2400,1.799626
hold437,VPWR,li1,134.3200,29.9200,1.799615
hold436,VPWR,li1,224.9400,193.1200,1.799773
hold435,VPWR,li1,188.6000,187.6800,1.799791
hold434,VPWR,li1,105.3400,133.2800,1.799833
hold433,VPWR,li1,117.7600,62.5600,1.799653
hold432,VPWR,li1,219.4200,171.3600,1.799925
hold431,VPWR,li1,143.0600,225.7600,1.799552
hold430,VPWR,li1,195.0400,193.1200,1.799843
hold429,VPWR,li1,131.5600,187.6800,1.799735
hold428,VPWR,li1,239.6600,182.2400,1.799625
hold427,VPWR,li1,193.2000,95.2000,1.799888
hold426,VPWR,li1,140.3000,24.4800,1.799834
hold425,VPWR,li1,222.1800,209.4400,1.799812
hold424,VPWR,li1,227.2400,209.4400,1.799806
hold423,VPWR,li1,150.4200,149.6000,1.799921
hold422,VPWR,li1,226.7800,149.6000,1.799879
hold421,VPWR,li1,223.5600,133.2800,1.799638
hold420,VPWR,li1,132.9400,40.8000,1.799928
hold419,VPWR,li1,149.5000,19.0400,1.799845
hold418,VPWR,li1,209.7600,46.2400,1.799913
hold417,VPWR,li1,176.6400,40.8000,1.799975
hold416,VPWR,li1,157.7800,40.8000,1.799952
hold415,VPWR,li1,178.9400,160.4800,1.799890
hold414,VPWR,li1,136.6200,160.4800,1.799682
hold413,VPWR,li1,149.5000,209.4400,1.799804
hold412,VPWR,li1,188.1400,138.7200,1.799854
hold411,VPWR,li1,175.2600,51.6800,1.799945
hold410,VPWR,li1,136.6200,193.1200,1.799803
hold409,VPWR,li1,232.3000,209.4400,1.799801
hold408,VPWR,li1,166.9800,204.0000,1.799859
hold407,VPWR,li1,243.8000,165.9200,1.799804
hold406,VPWR,li1,239.6600,193.1200,1.799756
hold405,VPWR,li1,149.9600,165.9200,1.799866
hold404,VPWR,li1,230.9200,165.9200,1.799808
hold403,VPWR,li1,190.9000,46.2400,1.799923
hold402,VPWR,li1,217.5800,78.8800,1.799859
hold401,VPWR,li1,145.8200,182.2400,1.799644
hold400,VPWR,li1,114.0800,35.3600,1.799828
hold399,VPWR,li1,138.9200,204.0000,1.799820
hold398,VPWR,li1,231.8400,144.1600,1.799831
hold397,VPWR,li1,188.1400,40.8000,1.799963
hold396,VPWR,li1,139.3800,89.7600,1.799725
hold395,VPWR,li1,212.9800,62.5600,1.799780
hold394,VPWR,li1,213.9000,46.2400,1.799913
hold393,VPWR,li1,189.0600,165.9200,1.799891
hold392,VPWR,li1,196.4200,138.7200,1.799829
hold391,VPWR,li1,130.1800,231.2000,1.799825
hold390,VPWR,li1,137.0800,84.3200,1.799795
hold389,VPWR,li1,252.5400,165.9200,1.799804
hold388,VPWR,li1,143.5200,247.5200,1.799832
hold387,VPWR,li1,168.8200,73.4400,1.799942
hold386,VPWR,li1,224.9400,220.3200,1.799542
hold385,VPWR,li1,143.9800,89.7600,1.799746
hold384,VPWR,li1,175.2600,46.2400,1.799931
hold383,VPWR,li1,156.8600,84.3200,1.799845
hold382,VPWR,li1,213.9000,57.1200,1.799568
hold381,VPWR,li1,149.5000,106.0800,1.799756
hold380,VPWR,li1,205.6200,78.8800,1.799876
hold379,VPWR,li1,113.6200,252.9600,1.799612
hold378,VPWR,li1,192.2800,138.7200,1.799846
hold377,VPWR,li1,140.7600,62.5600,1.799737
hold376,VPWR,li1,166.9800,68.0000,1.799802
hold375,VPWR,li1,144.4400,78.8800,1.799777
hold374,VPWR,li1,153.1800,116.9600,1.799821
hold373,VPWR,li1,143.9800,116.9600,1.799779
hold372,VPWR,li1,209.7600,57.1200,1.799588
hold371,VPWR,li1,127.8800,242.0800,1.799530
hold370,VPWR,li1,223.5600,149.6000,1.799881
hold369,VPWR,li1,243.8000,51.6800,1.799813
hold368,VPWR,li1,153.6400,165.9200,1.799873
hold367,VPWR,li1,218.5000,100.6400,1.799718
hold366,VPWR,li1,140.7600,68.0000,1.799727
hold365,VPWR,li1,222.6400,231.2000,1.799625
hold364,VPWR,li1,207.4600,106.0800,1.799762
hold363,VPWR,li1,231.3800,68.0000,1.799542
hold362,VPWR,li1,220.8000,73.4400,1.799863
hold361,VPWR,li1,140.7600,95.2000,1.799814
hold360,VPWR,li1,183.5400,116.9600,1.799911
hold359,VPWR,li1,218.0400,95.2000,1.799833
hold358,VPWR,li1,231.8400,171.3600,1.799925
hold357,VPWR,li1,217.1200,73.4400,1.799868
hold356,VPWR,li1,162.3800,51.6800,1.799915
hold355,VPWR,li1,196.4200,73.4400,1.799905
hold354,VPWR,li1,140.7600,78.8800,1.799758
hold353,VPWR,li1,110.8600,263.8400,1.799961
hold352,VPWR,li1,213.9000,100.6400,1.799724
hold351,VPWR,li1,185.8400,111.5200,1.799899
hold350,VPWR,li1,118.6800,111.5200,1.799775
hold349,VPWR,li1,210.2200,68.0000,1.799629
hold348,VPWR,li1,155.0200,95.2000,1.799864
hold347,VPWR,li1,169.2800,62.5600,1.799854
hold346,VPWR,li1,243.8000,68.0000,1.799539
hold345,VPWR,li1,204.2400,155.0400,1.799419
hold344,VPWR,li1,115.0000,122.4000,1.799636
hold343,VPWR,li1,243.8000,160.4800,1.799733
hold342,VPWR,li1,116.8400,263.8400,1.799963
hold341,VPWR,li1,90.6200,40.8000,1.799903
hold340,VPWR,li1,207.4600,122.4000,1.799649
hold339,VPWR,li1,97.9800,35.3600,1.799837
hold338,VPWR,li1,115.4600,231.2000,1.799819
hold337,VPWR,li1,151.8000,171.3600,1.799858
hold336,VPWR,li1,245.1800,106.0800,1.799755
hold335,VPWR,li1,153.6400,68.0000,1.799743
hold334,VPWR,li1,114.5400,242.0800,1.799529
hold333,VPWR,li1,113.6200,89.7600,1.799632
hold332,VPWR,li1,149.5000,144.1600,1.799903
hold331,VPWR,li1,157.3200,111.5200,1.799861
hold330,VPWR,li1,123.7400,122.4000,1.799663
hold329,VPWR,li1,220.3400,247.5200,1.799717
hold328,VPWR,li1,152.7200,73.4400,1.799910
hold327,VPWR,li1,106.7200,100.6400,1.799626
hold326,VPWR,li1,145.8200,176.8000,1.799816
hold325,VPWR,li1,208.3800,236.6400,1.799780
hold324,VPWR,li1,154.1000,122.4000,1.799770
hold323,VPWR,li1,200.5600,138.7200,1.799817
hold322,VPWR,li1,162.3800,106.0800,1.799815
hold321,VPWR,li1,162.3800,111.5200,1.799878
hold320,VPWR,li1,242.8800,78.8800,1.799842
hold319,VPWR,li1,136.6200,100.6400,1.799731
hold318,VPWR,li1,97.9800,29.9200,1.799542
hold317,VPWR,li1,164.6800,258.4000,1.799824
hold316,VPWR,li1,118.2200,68.0000,1.799713
hold315,VPWR,li1,244.7200,89.7600,1.799609
hold314,VPWR,li1,230.9200,95.2000,1.799814
hold313,VPWR,li1,229.5400,57.1200,1.799502
hold312,VPWR,li1,230.9200,62.5600,1.799759
hold311,VPWR,li1,162.3800,89.7600,1.799835
hold310,VPWR,li1,229.0800,100.6400,1.799708
hold309,VPWR,li1,183.0800,122.4000,1.799797
hold308,VPWR,li1,227.2400,252.9600,1.799817
hold307,VPWR,li1,177.5600,106.0800,1.799863
hold306,VPWR,li1,92.0000,46.2400,1.799785
hold305,VPWR,li1,182.6200,127.8400,1.799892
hold304,VPWR,li1,162.3800,220.3200,1.799771
hold303,VPWR,li1,144.4400,122.4000,1.799732
hold302,VPWR,li1,132.4800,116.9600,1.799758
hold301,VPWR,li1,127.8800,73.4400,1.799883
hold300,VPWR,li1,159.6200,144.1600,1.799916
hold299,VPWR,li1,216.2000,149.6000,1.799886
hold298,VPWR,li1,230.4600,89.7600,1.799643
hold297,VPWR,li1,246.5600,84.3200,1.799839
hold296,VPWR,li1,131.5600,106.0800,1.799680
hold295,VPWR,li1,227.7000,78.8800,1.799850
hold294,VPWR,li1,230.9200,73.4400,1.799852
hold293,VPWR,li1,244.2600,62.5600,1.799748
hold292,VPWR,li1,106.7200,35.3600,1.799831
hold291,VPWR,li1,102.5800,46.2400,1.799782
hold290,VPWR,li1,194.1200,111.5200,1.799882
hold289,VPWR,li1,221.2600,236.6400,1.799752
hold288,VPWR,li1,135.7000,133.2800,1.799828
hold287,VPWR,li1,115.0000,106.0800,1.799639
hold286,VPWR,li1,171.1200,138.7200,1.799858
hold285,VPWR,li1,92.4600,35.3600,1.799843
hold284,VPWR,li1,208.3800,231.2000,1.799673
hold283,VPWR,li1,216.2000,106.0800,1.799757
hold282,VPWR,li1,241.5000,106.0800,1.799755
hold281,VPWR,li1,230.4600,78.8800,1.799848
hold280,VPWR,li1,233.2200,51.6800,1.799814
hold279,VPWR,li1,224.9400,111.5200,1.799857
hold278,VPWR,li1,97.9800,51.6800,1.799839
hold277,VPWR,li1,140.7600,231.2000,1.799837
hold276,VPWR,li1,126.9600,89.7600,1.799671
hold275,VPWR,li1,167.9000,106.0800,1.799842
hold274,VPWR,li1,231.8400,84.3200,1.799845
hold273,VPWR,li1,166.5200,78.8800,1.799879
hold272,VPWR,li1,247.4800,127.8400,1.799801
hold271,VPWR,li1,149.5000,138.7200,1.799696
hold270,VPWR,li1,169.2800,133.2800,1.799867
hold269,VPWR,li1,234.6000,182.2400,1.799625
hold268,VPWR,li1,175.2600,133.2800,1.799892
hold267,VPWR,li1,235.9800,247.5200,1.799709
hold266,VPWR,li1,168.8200,247.5200,1.799899
hold265,VPWR,li1,230.0000,242.0800,1.799754
hold264,VPWR,li1,213.9000,116.9600,1.799876
hold263,VPWR,li1,123.7400,78.8800,1.799700
hold262,VPWR,li1,16.1000,40.8000,1.799968
hold261,VPWR,li1,93.3800,122.4000,1.799570
hold260,VPWR,li1,81.8800,252.9600,1.799585
hold259,VPWR,li1,78.2000,247.5200,1.799769
hold258,VPWR,li1,39.1000,231.2000,1.799929
hold257,VPWR,li1,47.3800,225.7600,1.799704
hold256,VPWR,li1,55.2000,247.5200,1.799791
hold255,VPWR,li1,103.9600,182.2400,1.799513
hold254,VPWR,li1,51.0600,225.7600,1.799678
hold253,VPWR,li1,104.4200,247.5200,1.799780
hold252,VPWR,li1,28.0600,231.2000,1.799952
hold251,VPWR,li1,231.3800,62.5600,1.799759
hold250,VPWR,li1,32.2000,220.3200,1.799865
hold249,VPWR,li1,25.7600,78.8800,1.799900
hold248,VPWR,li1,34.5000,252.9600,1.799836
hold247,VPWR,li1,42.3200,263.8400,1.799974
hold246,VPWR,li1,102.1200,95.2000,1.799724
hold245,VPWR,li1,67.6200,24.4800,1.799721
hold244,VPWR,li1,91.5400,193.1200,1.799766
hold243,VPWR,li1,62.5600,204.0000,1.799897
hold242,VPWR,li1,55.2000,263.8400,1.799963
hold241,VPWR,li1,51.9800,13.6000,1.799948
hold240,VPWR,li1,76.8200,263.8400,1.799957
hold239,VPWR,li1,72.2200,100.6400,1.799598
hold238,VPWR,li1,80.9600,73.4400,1.799888
hold237,VPWR,li1,46.4600,182.2400,1.799680
hold236,VPWR,li1,63.4800,182.2400,1.799566
hold235,VPWR,li1,79.1200,220.3200,1.799598
hold234,VPWR,li1,103.9600,116.9600,1.799732
hold233,VPWR,li1,75.9000,165.9200,1.799769
hold232,VPWR,li1,90.6200,263.8400,1.799955
hold231,VPWR,li1,35.8800,220.3200,1.799834
hold230,VPWR,li1,105.8000,78.8800,1.799649
hold229,VPWR,li1,35.8800,122.4000,1.799772
hold228,VPWR,li1,59.3400,247.5200,1.799785
hold227,VPWR,li1,76.3600,122.4000,1.799578
hold226,VPWR,li1,67.1600,209.4400,1.799741
hold225,VPWR,li1,43.2400,225.7600,1.799733
hold224,VPWR,li1,43.7000,242.0800,1.799777
hold223,VPWR,li1,16.5600,78.8800,1.799923
hold222,VPWR,li1,87.8600,106.0800,1.799653
hold221,VPWR,li1,83.2600,122.4000,1.799567
hold220,VPWR,li1,101.2000,252.9600,1.799579
hold219,VPWR,li1,33.5800,51.6800,1.799889
hold218,VPWR,li1,93.8400,236.6400,1.799817
hold217,VPWR,li1,53.8200,214.8800,1.799757
hold216,VPWR,li1,80.5000,263.8400,1.799956
hold215,VPWR,li1,51.9800,231.2000,1.799897
hold214,VPWR,li1,44.6200,89.7600,1.799750
hold213,VPWR,li1,87.4000,247.5200,1.799771
hold212,VPWR,li1,85.1000,46.2400,1.799788
hold211,VPWR,li1,10.1200,78.8800,1.799919
hold210,VPWR,li1,28.5200,204.0000,1.799965
hold209,VPWR,li1,48.7600,204.0000,1.799919
hold208,VPWR,li1,96.6000,231.2000,1.799827
hold207,VPWR,li1,72.2200,78.8800,1.799677
hold206,VPWR,li1,38.1800,51.6800,1.799878
hold205,VPWR,li1,35.8800,29.9200,1.799810
hold204,VPWR,li1,45.5400,116.9600,1.799848
hold203,VPWR,li1,48.3000,263.8400,1.799970
hold202,VPWR,li1,63.4800,171.3600,1.799861
hold201,VPWR,li1,41.8600,187.6800,1.799784
hold200,VPWR,li1,68.0800,122.4000,1.799591
hold199,VPWR,li1,73.1400,51.6800,1.799833
hold198,VPWR,li1,72.2200,165.9200,1.799771
hold197,VPWR,li1,97.5200,89.7600,1.799622
hold196,VPWR,li1,49.6800,187.6800,1.799759
hold195,VPWR,li1,41.4000,106.0800,1.799815
hold194,VPWR,li1,12.4200,62.5600,1.799899
hold193,VPWR,li1,39.1000,187.6800,1.799810
hold192,VPWR,li1,50.6000,171.3600,1.799891
hold191,VPWR,li1,60.7200,116.9600,1.799792
hold190,VPWR,li1,84.6400,236.6400,1.799827
hold189,VPWR,li1,38.1800,171.3600,1.799929
hold188,VPWR,li1,28.0600,247.5200,1.799889
hold187,VPWR,li1,89.7000,247.5200,1.799771
hold186,VPWR,li1,39.5600,106.0800,1.799826
hold185,VPWR,li1,59.8000,13.6000,1.799937
hold184,VPWR,li1,72.2200,231.2000,1.799860
hold183,VPWR,li1,93.3800,263.8400,1.799956
hold182,VPWR,li1,55.2000,78.8800,1.799742
hold181,VPWR,li1,22.0800,19.0400,1.799942
hold180,VPWR,li1,67.1600,247.5200,1.799776
hold179,VPWR,li1,102.1200,106.0800,1.799641
hold178,VPWR,li1,65.7800,220.3200,1.799663
hold177,VPWR,li1,57.5000,171.3600,1.799875
hold176,VPWR,li1,49.2200,73.4400,1.799906
hold175,VPWR,li1,39.5600,204.0000,1.799941
hold174,VPWR,li1,21.6200,35.3600,1.799972
hold173,VPWR,li1,53.3600,122.4000,1.799650
hold172,VPWR,li1,110.8600,198.5600,1.799849
hold171,VPWR,li1,66.7000,35.3600,1.799874
hold170,VPWR,li1,55.2000,204.0000,1.799909
hold169,VPWR,li1,109.9400,187.6800,1.799667
hold168,VPWR,li1,76.3600,29.9200,1.799574
hold167,VPWR,li1,74.9800,198.5600,1.799856
hold166,VPWR,li1,113.1600,182.2400,1.799537
hold165,VPWR,li1,54.2800,89.7600,1.799705
hold164,VPWR,li1,92.4600,204.0000,1.799850
hold163,VPWR,li1,38.1800,187.6800,1.799810
hold162,VPWR,li1,115.0000,209.4400,1.799683
hold161,VPWR,li1,22.0800,78.8800,1.799926
hold160,VPWR,li1,37.7200,95.2000,1.799840
hold159,VPWR,li1,103.5000,62.5600,1.799612
hold158,VPWR,li1,63.9400,220.3200,1.799672
hold157,VPWR,li1,80.0400,236.6400,1.799832
hold156,VPWR,li1,67.6200,204.0000,1.799890
hold155,VPWR,li1,36.8000,171.3600,1.799929
hold154,VPWR,li1,38.6400,252.9600,1.799795
hold153,VPWR,li1,33.5800,13.6000,1.799971
hold152,VPWR,li1,31.7400,95.2000,1.799870
hold151,VPWR,li1,33.5800,236.6400,1.799925
hold150,VPWR,li1,41.8600,209.4400,1.799834
hold149,VPWR,li1,72.2200,46.2400,1.799793
hold148,VPWR,li1,37.7200,68.0000,1.799874
hold147,VPWR,li1,42.3200,78.8800,1.799806
hold146,VPWR,li1,36.3400,78.8800,1.799837
hold145,VPWR,li1,100.2800,116.9600,1.799732
hold144,VPWR,li1,102.1200,155.0400,1.799588
hold143,VPWR,li1,89.2400,19.0400,1.799755
hold142,VPWR,li1,66.2400,236.6400,1.799852
hold141,VPWR,li1,51.0600,263.8400,1.799966
hold140,VPWR,li1,80.9600,165.9200,1.799768
hold139,VPWR,li1,79.5800,187.6800,1.799687
hold138,VPWR,li1,79.5800,176.8000,1.799746
hold137,VPWR,li1,59.8000,106.0800,1.799710
hold136,VPWR,li1,54.7400,29.9200,1.799685
hold135,VPWR,li1,116.8400,187.6800,1.799691
hold134,VPWR,li1,97.9800,89.7600,1.799622
hold133,VPWR,li1,42.3200,29.9200,1.799772
hold132,VPWR,li1,25.7600,62.5600,1.799862
hold131,VPWR,li1,85.1000,165.9200,1.799767
hold130,VPWR,li1,82.8000,193.1200,1.799775
hold129,VPWR,li1,73.6000,155.0400,1.799656
hold128,VPWR,li1,74.5200,89.7600,1.799647
hold127,VPWR,li1,40.0200,204.0000,1.799937
hold126,VPWR,li1,38.6400,263.8400,1.799977
hold125,VPWR,li1,54.2800,155.0400,1.799753
hold124,VPWR,li1,107.1800,171.3600,1.799781
hold123,VPWR,li1,63.4800,111.5200,1.799808
hold122,VPWR,li1,84.6400,62.5600,1.799553
hold121,VPWR,li1,32.6600,40.8000,1.799958
hold120,VPWR,li1,43.2400,155.0400,1.799814
hold119,VPWR,li1,89.2400,57.1200,1.799603
hold118,VPWR,li1,67.6200,187.6800,1.799709
hold117,VPWR,li1,92.4600,182.2400,1.799479
hold116,VPWR,li1,66.2400,236.6400,1.799852
hold115,VPWR,li1,96.6000,171.3600,1.799796
hold114,VPWR,li1,53.8200,57.1200,1.799723
hold113,VPWR,li1,28.9800,95.2000,1.799884
hold112,VPWR,li1,28.9800,40.8000,1.799961
hold111,VPWR,li1,101.2000,73.4400,1.799878
hold110,VPWR,li1,92.9200,171.3600,1.799800
hold109,VPWR,li1,76.3600,165.9200,1.799769
hold108,VPWR,li1,82.3400,263.8400,1.799955
hold107,VPWR,li1,60.7200,62.5600,1.799609
hold106,VPWR,li1,64.4000,187.6800,1.799717
hold105,VPWR,li1,100.7400,247.5200,1.799777
hold104,VPWR,li1,44.6200,198.5600,1.799906
hold103,VPWR,li1,10.5800,51.6800,1.799933
hold102,VPWR,li1,50.6000,106.0800,1.799765
hold101,VPWR,li1,58.4200,236.6400,1.799867
hold100,VPWR,li1,59.3400,165.9200,1.799778
hold99,VPWR,li1,94.3000,155.0400,1.799593
hold98,VPWR,li1,55.2000,35.3600,1.799895
hold97,VPWR,li1,67.6200,176.8000,1.799768
hold96,VPWR,li1,103.5000,171.3600,1.799786
hold95,VPWR,li1,40.0200,57.1200,1.799804
hold94,VPWR,li1,54.7400,57.1200,1.799723
hold93,VPWR,li1,24.8400,95.2000,1.799899
hold92,VPWR,li1,92.4600,231.2000,1.799832
hold91,VPWR,li1,78.6600,24.4800,1.799724
hold90,VPWR,li1,59.3400,73.4400,1.799900
hold89,VPWR,li1,63.9400,89.7600,1.799676
hold88,VPWR,li1,97.5200,73.4400,1.799880
hold87,VPWR,li1,89.2400,106.0800,1.799653
hold86,VPWR,li1,85.1000,247.5200,1.799771
hold85,VPWR,li1,62.5600,263.8400,1.799961
hold84,VPWR,li1,29.4400,78.8800,1.799877
hold83,VPWR,li1,38.1800,225.7600,1.799781
hold82,VPWR,li1,51.5200,247.5200,1.799797
hold81,VPWR,li1,24.8400,40.8000,1.799968
hold80,VPWR,li1,110.8600,171.3600,1.799775
hold79,VPWR,li1,119.6000,198.5600,1.799858
hold78,VPWR,li1,60.2600,73.4400,1.799900
hold77,VPWR,li1,32.6600,204.0000,1.799953
hold76,VPWR,li1,45.0800,57.1200,1.799774
hold75,VPWR,li1,67.6200,62.5600,1.799588
hold74,VPWR,li1,27.6000,106.0800,1.799902
hold73,VPWR,li1,23.4600,24.4800,1.799888
hold72,VPWR,li1,65.3200,89.7600,1.799676
hold71,VPWR,li1,85.1000,231.2000,1.799842
hold70,VPWR,li1,66.2400,263.8400,1.799960
hold69,VPWR,li1,68.0800,106.0800,1.799681
hold68,VPWR,li1,44.1600,68.0000,1.799853
hold67,VPWR,li1,53.3600,187.6800,1.799748
hold66,VPWR,li1,77.7400,176.8000,1.799748
hold65,VPWR,li1,17.9400,62.5600,1.799899
hold64,VPWR,li1,98.4400,171.3600,1.799792
hold63,VPWR,li1,52.9000,231.2000,1.799897
hold62,VPWR,li1,48.7600,46.2400,1.799833
hold61,VPWR,li1,47.3800,171.3600,1.799902
hold60,VPWR,li1,63.9400,176.8000,1.799781
hold59,VPWR,li1,93.3800,62.5600,1.799579
hold58,VPWR,li1,90.1600,51.6800,1.799834
hold57,VPWR,li1,50.6000,182.2400,1.799657
hold56,VPWR,li1,33.5800,68.0000,1.799892
hold55,VPWR,li1,16.5600,68.0000,1.799945
hold54,VPWR,li1,47.8400,247.5200,1.799805
hold53,VPWR,li1,21.1600,84.3200,1.799950
hold52,VPWR,li1,57.0400,122.4000,1.799636
hold51,VPWR,li1,98.4400,106.0800,1.799643
hold50,VPWR,li1,76.3600,116.9600,1.799754
hold49,VPWR,li1,38.1800,35.3600,1.799933
hold48,VPWR,li1,71.7600,78.8800,1.799677
hold47,VPWR,li1,53.3600,40.8000,1.799937
hold46,VPWR,li1,90.1600,236.6400,1.799821
hold45,VPWR,li1,97.9800,204.0000,1.799841
hold44,VPWR,li1,46.4600,231.2000,1.799911
hold43,VPWR,li1,41.8600,46.2400,1.799851
hold42,VPWR,li1,91.5400,89.7600,1.799619
hold41,VPWR,li1,40.0200,116.9600,1.799866
hold40,VPWR,li1,51.5200,247.5200,1.799797
hold39,VPWR,li1,84.1800,106.0800,1.799658
hold38,VPWR,li1,74.9800,106.0800,1.799666
hold37,VPWR,li1,43.2400,73.4400,1.799909
hold36,VPWR,li1,55.2000,220.3200,1.799725
hold35,VPWR,li1,95.2200,100.6400,1.799596
hold34,VPWR,li1,64.8600,29.9200,1.799632
hold33,VPWR,li1,105.8000,89.7600,1.799627
hold32,VPWR,li1,50.6000,89.7600,1.799717
hold31,VPWR,li1,111.3200,165.9200,1.799785
hold30,VPWR,li1,64.8600,13.6000,1.799932
hold29,VPWR,li1,59.3400,89.7600,1.799691
hold28,VPWR,li1,101.6600,198.5600,1.799844
hold27,VPWR,li1,110.4000,204.0000,1.799826
hold26,VPWR,li1,36.8000,13.6000,1.799966
hold25,VPWR,li1,67.6200,89.7600,1.799666
hold24,VPWR,li1,75.9000,187.6800,1.799695
hold23,VPWR,li1,123.7400,209.4400,1.799702
hold22,VPWR,li1,107.6400,111.5200,1.799767
hold21,VPWR,li1,29.4400,116.9600,1.799913
hold20,VPWR,li1,36.3400,40.8000,1.799954
hold19,VPWR,li1,101.6600,220.3200,1.799577
hold18,VPWR,li1,106.7200,73.4400,1.799878
hold17,VPWR,li1,123.7400,204.0000,1.799816
hold16,VPWR,li1,67.6200,29.9200,1.799621
hold15,VPWR,li1,77.2800,78.8800,1.799659
hold14,VPWR,li1,53.3600,24.4800,1.799729
hold13,VPWR,li1,63.9400,40.8000,1.799925
hold12,VPWR,li1,83.7200,24.4800,1.799725
hold11,VPWR,li1,87.8600,89.7600,1.799617
hold10,VPWR,li1,46.4600,13.6000,1.799954
hold9,VPWR,li1,92.9200,176.8000,1.799731
hold8,VPWR,li1,28.0600,57.1200,1.799881
hold7,VPWR,li1,35.8800,106.0800,1.799847
hold6,VPWR,li1,35.4200,89.7600,1.799810
hold5,VPWR,li1,255.7600,198.5600,1.799821
hold4,VPWR,li1,61.1800,133.2800,1.799858
hold3,VPWR,li1,54.2800,127.8400,1.799905
hold2,VPWR,li1,66.2400,133.2800,1.799848
hold1,VPWR,li1,75.4400,138.7200,1.799803
clkload64,VPWR,li1,250.9300,231.2000,1.799577
clkload63,VPWR,li1,221.4900,252.9600,1.799817
clkload62,VPWR,li1,216.4300,236.6400,1.799759
clkload61,VPWR,li1,207.2300,220.3200,1.799560
clkload60,VPWR,li1,184.0000,231.2000,1.799819
clkload59,VPWR,li1,165.1400,263.8400,1.799977
clkload58,VPWR,li1,153.1800,225.7600,1.799595
clkload57,VPWR,li1,178.7100,198.5600,1.799936
clkload56,VPWR,li1,197.1100,187.6800,1.799728
clkload55,VPWR,li1,217.5800,160.4800,1.799777
clkload54,VPWR,li1,246.1000,155.0400,1.799050
clkload53,VPWR,li1,246.3300,193.1200,1.799754
clkload52,VPWR,li1,158.7000,182.2400,1.799695
clkload51,VPWR,li1,139.6100,160.4800,1.799689
clkload50,VPWR,li1,103.2700,214.8800,1.799678
clkload49,VPWR,li1,118.4500,214.8800,1.799716
clkload48,VPWR,li1,127.4200,242.0800,1.799529
clkload47,VPWR,li1,68.3100,220.3200,1.799649
clkload46,VPWR,li1,68.3100,252.9600,1.799612
clkload45,VPWR,li1,37.7200,247.5200,1.799840
clkload44,VPWR,li1,28.9800,220.3200,1.799879
clkload43,VPWR,li1,124.8900,171.3600,1.799779
clkload42,VPWR,li1,46.2300,187.6800,1.799770
clkload41,VPWR,li1,54.0500,171.3600,1.799881
clkload40,VPWR,li1,67.8500,187.6800,1.799709
clkload39,VPWR,li1,81.1900,155.0400,1.799616
clkload38,VPWR,li1,107.4100,160.4800,1.799651
clkload37,VPWR,li1,149.0400,116.9600,1.799802
clkload36,VPWR,li1,248.6300,133.2800,1.799534
clkload35,VPWR,li1,223.7900,122.4000,1.799583
clkload34,VPWR,li1,205.8500,100.6400,1.799736
clkload33,VPWR,li1,187.9100,116.9600,1.799902
clkload32,VPWR,li1,179.8600,127.8400,1.799900
clkload31,VPWR,li1,156.4000,133.2800,1.799827
clkload30,VPWR,li1,159.8500,89.7600,1.799816
clkload29,VPWR,li1,159.3900,73.4400,1.799921
clkload28,VPWR,li1,155.2500,46.2400,1.799838
clkload27,VPWR,li1,145.5900,29.9200,1.799662
clkload26,VPWR,li1,175.0300,29.9200,1.799884
clkload25,VPWR,li1,199.8700,51.6800,1.799866
clkload24,VPWR,li1,246.7900,57.1200,1.799448
clkload23,VPWR,li1,117.5300,89.7600,1.799634
clkload22,VPWR,li1,119.6000,106.0800,1.799640
clkload21,VPWR,li1,87.8600,122.4000,1.799559
clkload20,VPWR,li1,85.3300,100.6400,1.799575
clkload19,VPWR,li1,54.9700,100.6400,1.799692
clkload18,VPWR,li1,63.2500,122.4000,1.799599
clkload17,VPWR,li1,40.2500,122.4000,1.799733
clkload16,VPWR,li1,20.9300,95.2000,1.799919
clkload15,VPWR,li1,24.1500,68.0000,1.799932
clkload14,VPWR,li1,24.3800,51.6800,1.799917
clkload13,VPWR,li1,38.4100,24.4800,1.799781
clkload12,VPWR,li1,46.6900,24.4800,1.799748
clkload11,VPWR,li1,69.0000,57.1200,1.799649
clkload10,VPWR,li1,87.1700,24.4800,1.799726
clkload9,VPWR,li1,118.6800,62.5600,1.799653
clkload8,VPWR,li1,89.0100,78.8800,1.799633
clkload7,VPWR,li1,42.5500,73.4400,1.799909
clkload6,VPWR,li1,194.3500,214.8800,1.799892
clkload5,VPWR,li1,192.0500,176.8000,1.799860
clkload4,VPWR,li1,86.0200,220.3200,1.799567
clkload3,VPWR,li1,81.1900,182.2400,1.799488
clkload2,VPWR,li1,187.6800,100.6400,1.799829
clkload1,VPWR,li1,184.4600,68.0000,1.799763
clkload0,VPWR,li1,76.5900,106.0800,1.799666
clkbuf_3_7__f_clk,VPWR,li1,194.1200,220.3200,1.799621
clkbuf_3_6__f_clk,VPWR,li1,194.1200,182.2400,1.799672
clkbuf_3_5__f_clk,VPWR,li1,89.2400,220.3200,1.799553
clkbuf_3_4__f_clk,VPWR,li1,88.7800,182.2400,1.799467
clkbuf_3_3__f_clk,VPWR,li1,188.6000,106.0800,1.799782
clkbuf_3_2__f_clk,VPWR,li1,181.2400,62.5600,1.799831
clkbuf_3_1__f_clk,VPWR,li1,78.6600,100.6400,1.799565
clkbuf_3_0__f_clk,VPWR,li1,78.2000,62.5600,1.799540
clkbuf_0_clk,VPWR,li1,139.3800,138.7200,1.799630
clkbuf_leaf_66_clk,VPWR,li1,21.3900,73.4400,1.799939
clkbuf_leaf_65_clk,VPWR,li1,20.0100,46.2400,1.799902
clkbuf_leaf_64_clk,VPWR,li1,34.2700,24.4800,1.799801
clkbuf_leaf_63_clk,VPWR,li1,54.5100,24.4800,1.799719
clkbuf_leaf_62_clk,VPWR,li1,73.3700,57.1200,1.799616
clkbuf_leaf_61_clk,VPWR,li1,81.1900,29.9200,1.799553
clkbuf_leaf_60_clk,VPWR,li1,113.8500,29.9200,1.799542
clkbuf_leaf_59_clk,VPWR,li1,122.1300,57.1200,1.799604
clkbuf_leaf_58_clk,VPWR,li1,92.2300,78.8800,1.799623
clkbuf_leaf_57_clk,VPWR,li1,117.9900,89.7600,1.799634
clkbuf_leaf_56_clk,VPWR,li1,123.0500,106.0800,1.799640
clkbuf_leaf_55_clk,VPWR,li1,144.6700,116.9600,1.799779
clkbuf_leaf_54_clk,VPWR,li1,153.8700,84.3200,1.799826
clkbuf_leaf_52_clk,VPWR,li1,156.6300,68.0000,1.799747
clkbuf_leaf_51_clk,VPWR,li1,163.0700,46.2400,1.799860
clkbuf_leaf_50_clk,VPWR,li1,150.1900,29.9200,1.799684
clkbuf_leaf_49_clk,VPWR,li1,175.4900,29.9200,1.799884
clkbuf_leaf_48_clk,VPWR,li1,205.3900,57.1200,1.799609
clkbuf_leaf_47_clk,VPWR,li1,246.3300,57.1200,1.799448
clkbuf_leaf_46_clk,VPWR,li1,228.8500,68.0000,1.799544
clkbuf_leaf_45_clk,VPWR,li1,240.3500,89.7600,1.799609
clkbuf_leaf_44_clk,VPWR,li1,253.2300,133.2800,1.799518
clkbuf_leaf_43_clk,VPWR,li1,218.7300,122.4000,1.799590
clkbuf_leaf_42_clk,VPWR,li1,201.7100,100.6400,1.799750
clkbuf_leaf_41_clk,VPWR,li1,188.8300,122.4000,1.799750
clkbuf_leaf_40_clk,VPWR,li1,175.9500,127.8400,1.799911
clkbuf_leaf_39_clk,VPWR,li1,159.3900,133.2800,1.799829
clkbuf_leaf_38_clk,VPWR,li1,179.1700,155.0400,1.799729
clkbuf_leaf_37_clk,VPWR,li1,198.0300,187.6800,1.799728
clkbuf_leaf_36_clk,VPWR,li1,214.5900,155.0400,1.799304
clkbuf_leaf_35_clk,VPWR,li1,243.1100,155.0400,1.799062
clkbuf_leaf_34_clk,VPWR,li1,245.4100,187.6800,1.799535
clkbuf_leaf_33_clk,VPWR,li1,225.1700,204.0000,1.799553
clkbuf_leaf_32_clk,VPWR,li1,251.3900,225.7600,1.799420
clkbuf_leaf_31_clk,VPWR,li1,217.8100,247.5200,1.799721
clkbuf_leaf_30_clk,VPWR,li1,214.5900,231.2000,1.799648
clkbuf_leaf_29_clk,VPWR,li1,206.7700,220.3200,1.799560
clkbuf_leaf_28_clk,VPWR,li1,188.8300,231.2000,1.799777
clkbuf_leaf_27_clk,VPWR,li1,166.2900,252.9600,1.799811
clkbuf_leaf_26_clk,VPWR,li1,148.8100,225.7600,1.799563
clkbuf_leaf_25_clk,VPWR,li1,177.7900,204.0000,1.799838
clkbuf_leaf_24_clk,VPWR,li1,154.7900,182.2400,1.799676
clkbuf_leaf_23_clk,VPWR,li1,144.6700,160.4800,1.799703
clkbuf_leaf_22_clk,VPWR,li1,118.9100,171.3600,1.799765
clkbuf_leaf_21_clk,VPWR,li1,103.2700,187.6800,1.799651
clkbuf_leaf_20_clk,VPWR,li1,102.8100,214.8800,1.799678
clkbuf_leaf_19_clk,VPWR,li1,119.3700,209.4400,1.799684
clkbuf_leaf_18_clk,VPWR,li1,123.5100,242.0800,1.799519
clkbuf_leaf_17_clk,VPWR,li1,93.1500,252.9600,1.799561
clkbuf_leaf_16_clk,VPWR,li1,72.9100,225.7600,1.799538
clkbuf_leaf_15_clk,VPWR,li1,64.1700,252.9600,1.799619
clkbuf_leaf_14_clk,VPWR,li1,41.6300,247.5200,1.799813
clkbuf_leaf_13_clk,VPWR,li1,39.7900,214.8800,1.799788
clkbuf_leaf_12_clk,VPWR,li1,43.4700,187.6800,1.799784
clkbuf_leaf_11_clk,VPWR,li1,47.1500,165.9200,1.799792
clkbuf_leaf_10_clk,VPWR,li1,67.3900,182.2400,1.799533
clkbuf_leaf_9_clk,VPWR,li1,85.7900,155.0400,1.799600
clkbuf_leaf_8_clk,VPWR,li1,113.8500,155.0400,1.799579
clkbuf_leaf_7_clk,VPWR,li1,89.0100,122.4000,1.799559
clkbuf_leaf_6_clk,VPWR,li1,85.7900,89.7600,1.799616
clkbuf_leaf_5_clk,VPWR,li1,63.7100,106.0800,1.799690
clkbuf_leaf_4_clk,VPWR,li1,63.7100,122.4000,1.799599
clkbuf_leaf_3_clk,VPWR,li1,44.3900,122.4000,1.799703
clkbuf_leaf_2_clk,VPWR,li1,20.4700,95.2000,1.799919
clkbuf_leaf_1_clk,VPWR,li1,47.1500,89.7600,1.799728
clkbuf_leaf_0_clk,VPWR,li1,47.1500,62.5600,1.799677
_3745__156,VPWR,li1,48.0700,127.8400,1.799919
fanout155,VPWR,li1,183.5400,171.3600,1.799941
fanout154,VPWR,li1,116.3800,225.7600,1.799520
fanout153,VPWR,li1,67.8500,214.8800,1.799729
fanout152,VPWR,li1,114.5400,209.4400,1.799683
fanout151,VPWR,li1,67.8500,198.5600,1.799864
fanout150,VPWR,li1,119.6000,220.3200,1.799616
fanout149,VPWR,li1,84.6400,242.0800,1.799594
fanout148,VPWR,li1,122.8200,209.4400,1.799702
fanout147,VPWR,li1,71.7600,198.5600,1.799859
fanout146,VPWR,li1,110.4000,225.7600,1.799518
fanout145,VPWR,li1,101.2000,236.6400,1.799809
fanout144,VPWR,li1,172.5000,209.4400,1.799907
fanout143,VPWR,li1,215.7400,214.8800,1.799870
fanout142,VPWR,li1,205.1600,236.6400,1.799795
fanout141,VPWR,li1,249.3200,209.4400,1.799795
fanout140,VPWR,li1,213.4400,214.8800,1.799872
fanout139,VPWR,li1,196.4200,236.6400,1.799817
fanout138,VPWR,li1,169.2800,231.2000,1.799879
fanout137,VPWR,li1,200.1000,209.4400,1.799847
fanout136,VPWR,li1,170.2000,209.4400,1.799895
fanout135,VPWR,li1,172.0400,144.1600,1.799936
fanout134,VPWR,li1,253.9200,182.2400,1.799625
fanout133,VPWR,li1,217.5800,176.8000,1.799807
fanout132,VPWR,li1,238.7400,155.0400,1.799105
fanout131,VPWR,li1,230.0000,149.6000,1.799877
fanout130,VPWR,li1,167.4400,144.1600,1.799926
fanout129,VPWR,li1,194.5800,176.8000,1.799853
fanout128,VPWR,li1,172.9600,171.3600,1.799939
fanout127,VPWR,li1,169.7400,144.1600,1.799932
fanout126,VPWR,li1,78.6600,149.6000,1.799887
fanout125,VPWR,li1,129.2600,220.3200,1.799642
fanout124,VPWR,li1,148.5800,236.6400,1.799818
fanout123,VPWR,li1,127.4200,236.6400,1.799794
fanout122,VPWR,li1,130.1800,214.8800,1.799758
fanout121,VPWR,li1,115.4600,231.2000,1.799819
fanout120,VPWR,li1,82.8000,214.8800,1.799709
fanout119,VPWR,li1,149.5000,144.1600,1.799903
fanout118,VPWR,li1,123.2800,182.2400,1.799567
fanout117,VPWR,li1,147.2000,144.1600,1.799900
fanout116,VPWR,li1,80.5000,149.6000,1.799884
fanout115,VPWR,li1,80.9600,144.1600,1.799891
fanout114,VPWR,li1,80.9600,138.7200,1.799789
fanout113,VPWR,li1,172.0400,133.2800,1.799878
fanout112,VPWR,li1,220.3400,127.8400,1.799815
fanout111,VPWR,li1,213.4400,127.8400,1.799824
fanout110,VPWR,li1,238.2800,106.0800,1.799755
fanout109,VPWR,li1,221.7200,100.6400,1.799715
fanout108,VPWR,li1,175.2600,133.2800,1.799892
fanout107,VPWR,li1,166.0600,138.7200,1.799805
fanout106,VPWR,li1,174.8000,138.7200,1.799874
fanout105,VPWR,li1,245.6400,78.8800,1.799842
fanout104,VPWR,li1,217.5800,73.4400,1.799868
fanout103,VPWR,li1,195.5000,73.4400,1.799911
fanout102,VPWR,li1,183.0800,46.2400,1.799927
fanout101,VPWR,li1,79.1200,138.7200,1.799796
fanout100,VPWR,li1,152.2600,138.7200,1.799715
fanout99,VPWR,li1,132.9400,127.8400,1.799842
fanout98,VPWR,li1,132.4800,106.0800,1.799680
fanout97,VPWR,li1,136.1600,106.0800,1.799699
fanout96,VPWR,li1,72.6800,127.8400,1.799868
fanout95,VPWR,li1,97.9800,133.2800,1.799834
fanout94,VPWR,li1,130.6400,73.4400,1.799885
fanout93,VPWR,li1,129.2600,68.0000,1.799717
fanout92,VPWR,li1,149.0400,46.2400,1.799826
fanout91,VPWR,li1,124.6600,40.8000,1.799923
fanout90,VPWR,li1,84.6400,68.0000,1.799749
fanout89,VPWR,li1,109.9400,40.8000,1.799911
fanout88,VPWR,li1,73.1400,29.9200,1.799592
fanout87,VPWR,li1,242.4200,204.0000,1.799531
fanout86,VPWR,li1,240.5800,204.0000,1.799532
fanout85,VPWR,li1,109.9400,258.4000,1.799690
fanout84,VPWR,li1,51.0600,263.8400,1.799966
fanout83,VPWR,li1,110.4000,252.9600,1.799598
fanout82,VPWR,li1,84.1800,263.8400,1.799955
fanout81,VPWR,li1,128.3400,231.2000,1.799824
fanout80,VPWR,li1,43.2400,225.7600,1.799733
fanout79,VPWR,li1,111.7800,242.0800,1.799532
fanout78,VPWR,li1,55.2000,236.6400,1.799871
fanout77,VPWR,li1,65.7800,263.8400,1.799960
fanout76,VPWR,li1,113.6200,263.8400,1.799962
fanout75,VPWR,li1,106.0300,225.7600,1.799515
fanout74,VPWR,li1,111.7800,236.6400,1.799797
fanout73,VPWR,li1,101.2000,247.5200,1.799777
fanout72,VPWR,li1,127.4200,231.2000,1.799824
fanout71,VPWR,li1,143.5200,231.2000,1.799840
fanout70,VPWR,li1,97.0600,263.8400,1.799956
fanout69,VPWR,li1,102.5800,78.8800,1.799644
fanout68,VPWR,li1,55.6600,68.0000,1.799820
fanout67,VPWR,li1,92.0000,24.4800,1.799730
fanout66,VPWR,li1,95.6800,19.0400,1.799754
fanout65,VPWR,li1,107.1800,73.4400,1.799878
fanout64,VPWR,li1,63.4800,73.4400,1.799898
fanout63,VPWR,li1,81.8800,24.4800,1.799724
fanout62,VPWR,li1,97.5200,19.0400,1.799754
fanout61,VPWR,li1,80.0400,35.3600,1.799856
fanout60,VPWR,li1,84.1800,24.4800,1.799725
fanout59,VPWR,li1,155.4800,263.8400,1.799974
fanout58,VPWR,li1,94.3000,242.0800,1.799561
fanout57,VPWR,li1,133.4000,51.6800,1.799862
fanout56,VPWR,li1,197.3400,46.2400,1.799918
fanout55,VPWR,li1,183.0800,46.2400,1.799927
fanout54,VPWR,li1,137.0800,84.3200,1.799795
fanout53,VPWR,li1,140.3000,84.3200,1.799802
fanout52,VPWR,li1,168.3600,51.6800,1.799929
fanout51,VPWR,li1,136.1600,57.1200,1.799672
fanout50,VPWR,li1,122.8200,46.2400,1.799791
fanout49,VPWR,li1,99.3600,46.2400,1.799782
max_cap48,VPWR,li1,244.9500,127.8400,1.799801
max_cap47,VPWR,li1,94.0700,138.7200,1.799746
max_cap46,VPWR,li1,113.8500,138.7200,1.799693
max_cap45,VPWR,li1,131.7900,149.6000,1.799897
fanout44,VPWR,li1,80.9600,144.1600,1.799891
fanout43,VPWR,li1,93.8400,149.6000,1.799873
fanout42,VPWR,li1,137.5400,187.6800,1.799750
fanout41,VPWR,li1,174.3400,182.2400,1.799818
fanout40,VPWR,li1,125.1200,182.2400,1.799577
fanout39,VPWR,li1,175.7200,187.6800,1.799886
fanout38,VPWR,li1,115.9200,182.2400,1.799550
fanout37,VPWR,li1,161.4600,165.9200,1.799896
fanout36,VPWR,li1,123.2800,187.6800,1.799710
fanout35,VPWR,li1,128.8000,198.5600,1.799866
fanout34,VPWR,li1,106.7200,84.3200,1.799760
fanout33,VPWR,li1,100.7400,89.7600,1.799624
fanout32,VPWR,li1,104.8800,78.8800,1.799649
fanout31,VPWR,li1,94.7600,68.0000,1.799730
fanout30,VPWR,li1,84.1800,100.6400,1.799572
fanout29,VPWR,li1,80.0400,106.0800,1.799661
fanout28,VPWR,li1,102.3500,100.6400,1.799616
fanout27,VPWR,li1,71.3000,51.6800,1.799834
fanout26,VPWR,li1,110.1700,111.5200,1.799768
fanout25,VPWR,li1,88.3200,62.5600,1.799569
fanout24,VPWR,li1,78.4300,116.9600,1.799750
fanout23,VPWR,li1,46.0000,73.4400,1.799908
fanout22,VPWR,li1,88.3200,78.8800,1.799633
fanout21,VPWR,li1,32.6600,89.7600,1.799839
fanout20,VPWR,li1,89.7000,116.9600,1.799735
fanout19,VPWR,li1,80.5000,116.9600,1.799747
fanout18,VPWR,li1,184.4600,155.0400,1.799661
fanout17,VPWR,li1,235.9800,100.6400,1.799699
fanout16,VPWR,li1,174.3400,138.7200,1.799874
fanout15,VPWR,li1,177.1000,138.7200,1.799892
fanout14,VPWR,li1,177.1000,176.8000,1.799924
fanout13,VPWR,li1,179.8600,176.8000,1.799907
fanout12,VPWR,li1,185.3800,176.8000,1.799887
fanout11,VPWR,li1,211.1400,122.4000,1.799634
fanout10,VPWR,li1,239.2000,106.0800,1.799755
fanout9,VPWR,li1,172.0400,160.4800,1.799872
fanout8,VPWR,li1,178.9400,155.0400,1.799729
fanout7,VPWR,li1,128.8000,122.4000,1.799678
fanout6,VPWR,li1,143.0600,24.4800,1.799843
max_cap5,VPWR,li1,163.3000,187.6800,1.799835
fanout4,VPWR,li1,182.3900,214.8800,1.799921
fanout3,VPWR,li1,180.3200,209.4400,1.799896
output2,VPWR,li1,135.7000,13.6000,1.799944
input1,VPWR,li1,260.1300,138.7200,1.799712
TAP_TAPCELL_ROW_93_1099,VPWR,li1,250.4700,264.1460,1.799954
TAP_TAPCELL_ROW_93_1098,VPWR,li1,237.5900,264.1460,1.799954
TAP_TAPCELL_ROW_93_1097,VPWR,li1,224.7100,264.1460,1.799954
TAP_TAPCELL_ROW_93_1096,VPWR,li1,211.8300,264.1460,1.799954
TAP_TAPCELL_ROW_93_1095,VPWR,li1,198.9500,264.1460,1.799961
TAP_TAPCELL_ROW_93_1094,VPWR,li1,186.0700,264.1460,1.799970
TAP_TAPCELL_ROW_93_1093,VPWR,li1,173.1900,264.1460,1.799981
TAP_TAPCELL_ROW_93_1092,VPWR,li1,160.3100,264.1460,1.799975
TAP_TAPCELL_ROW_93_1091,VPWR,li1,147.4300,264.1460,1.799972
TAP_TAPCELL_ROW_93_1090,VPWR,li1,134.5500,264.1460,1.799968
TAP_TAPCELL_ROW_93_1089,VPWR,li1,121.6700,264.1460,1.799964
TAP_TAPCELL_ROW_93_1088,VPWR,li1,108.7900,264.1460,1.799960
TAP_TAPCELL_ROW_93_1087,VPWR,li1,95.9100,264.1460,1.799956
TAP_TAPCELL_ROW_93_1086,VPWR,li1,83.0300,264.1460,1.799955
TAP_TAPCELL_ROW_93_1085,VPWR,li1,70.1500,264.1460,1.799959
TAP_TAPCELL_ROW_93_1084,VPWR,li1,57.2700,264.1460,1.799962
TAP_TAPCELL_ROW_93_1083,VPWR,li1,44.3900,264.1460,1.799972
TAP_TAPCELL_ROW_93_1082,VPWR,li1,31.5100,264.1460,1.799984
TAP_TAPCELL_ROW_93_1081,VPWR,li1,18.6300,264.1460,1.799991
TAP_TAPCELL_ROW_92_1080,VPWR,li1,250.4700,263.5330,1.799954
TAP_TAPCELL_ROW_92_1079,VPWR,li1,224.7100,263.5330,1.799954
TAP_TAPCELL_ROW_92_1078,VPWR,li1,198.9500,263.5330,1.799961
TAP_TAPCELL_ROW_92_1077,VPWR,li1,173.1900,263.5330,1.799981
TAP_TAPCELL_ROW_92_1076,VPWR,li1,147.4300,263.5330,1.799972
TAP_TAPCELL_ROW_92_1075,VPWR,li1,121.6700,263.5330,1.799964
TAP_TAPCELL_ROW_92_1074,VPWR,li1,95.9100,263.5330,1.799956
TAP_TAPCELL_ROW_92_1073,VPWR,li1,70.1500,263.5330,1.799959
TAP_TAPCELL_ROW_92_1072,VPWR,li1,44.3900,263.5330,1.799972
TAP_TAPCELL_ROW_92_1071,VPWR,li1,18.6300,263.5330,1.799991
TAP_TAPCELL_ROW_91_1070,VPWR,li1,237.5900,258.7060,1.799797
TAP_TAPCELL_ROW_91_1069,VPWR,li1,211.8300,258.7060,1.799797
TAP_TAPCELL_ROW_91_1068,VPWR,li1,186.0700,258.7060,1.799832
TAP_TAPCELL_ROW_91_1067,VPWR,li1,160.3100,258.7060,1.799804
TAP_TAPCELL_ROW_91_1066,VPWR,li1,134.5500,258.7060,1.799721
TAP_TAPCELL_ROW_91_1065,VPWR,li1,108.7900,258.7060,1.799690
TAP_TAPCELL_ROW_91_1064,VPWR,li1,83.0300,258.7060,1.799709
TAP_TAPCELL_ROW_91_1063,VPWR,li1,57.2700,258.7060,1.799781
TAP_TAPCELL_ROW_91_1062,VPWR,li1,31.5100,258.7060,1.799902
TAP_TAPCELL_ROW_90_1061,VPWR,li1,250.4700,258.0930,1.799797
TAP_TAPCELL_ROW_90_1060,VPWR,li1,224.7100,258.0930,1.799797
TAP_TAPCELL_ROW_90_1059,VPWR,li1,198.9500,258.0930,1.799806
TAP_TAPCELL_ROW_90_1058,VPWR,li1,173.1900,258.0930,1.799859
TAP_TAPCELL_ROW_90_1057,VPWR,li1,147.4300,258.0930,1.799756
TAP_TAPCELL_ROW_90_1056,VPWR,li1,121.6700,258.0930,1.799701
TAP_TAPCELL_ROW_90_1055,VPWR,li1,95.9100,258.0930,1.799689
TAP_TAPCELL_ROW_90_1054,VPWR,li1,70.1500,258.0930,1.799747
TAP_TAPCELL_ROW_90_1053,VPWR,li1,44.3900,258.0930,1.799830
TAP_TAPCELL_ROW_90_1052,VPWR,li1,18.6300,258.0930,1.799949
TAP_TAPCELL_ROW_89_1051,VPWR,li1,237.5900,253.2660,1.799817
TAP_TAPCELL_ROW_89_1050,VPWR,li1,211.8300,253.2660,1.799827
TAP_TAPCELL_ROW_89_1049,VPWR,li1,186.0700,253.2660,1.799867
TAP_TAPCELL_ROW_89_1048,VPWR,li1,160.3100,253.2660,1.799781
TAP_TAPCELL_ROW_89_1047,VPWR,li1,134.5500,253.2660,1.799676
TAP_TAPCELL_ROW_89_1046,VPWR,li1,108.7900,253.2660,1.799598
TAP_TAPCELL_ROW_89_1045,VPWR,li1,83.0300,253.2660,1.799581
TAP_TAPCELL_ROW_89_1044,VPWR,li1,57.2700,253.2660,1.799664
TAP_TAPCELL_ROW_89_1043,VPWR,li1,31.5100,253.2660,1.799859
TAP_TAPCELL_ROW_88_1042,VPWR,li1,250.4700,252.6530,1.799817
TAP_TAPCELL_ROW_88_1041,VPWR,li1,224.7100,252.6530,1.799817
TAP_TAPCELL_ROW_88_1040,VPWR,li1,198.9500,252.6530,1.799845
TAP_TAPCELL_ROW_88_1039,VPWR,li1,173.1900,252.6530,1.799868
TAP_TAPCELL_ROW_88_1038,VPWR,li1,147.4300,252.6530,1.799721
TAP_TAPCELL_ROW_88_1037,VPWR,li1,121.6700,252.6530,1.799636
TAP_TAPCELL_ROW_88_1036,VPWR,li1,95.9100,252.6530,1.799568
TAP_TAPCELL_ROW_88_1035,VPWR,li1,70.1500,252.6530,1.799604
TAP_TAPCELL_ROW_88_1034,VPWR,li1,44.3900,252.6530,1.799753
TAP_TAPCELL_ROW_88_1033,VPWR,li1,18.6300,252.6530,1.799927
TAP_TAPCELL_ROW_87_1032,VPWR,li1,237.5900,247.8260,1.799709
TAP_TAPCELL_ROW_87_1031,VPWR,li1,211.8300,247.8260,1.799745
TAP_TAPCELL_ROW_87_1030,VPWR,li1,186.0700,247.8260,1.799861
TAP_TAPCELL_ROW_87_1029,VPWR,li1,160.3100,247.8260,1.799872
TAP_TAPCELL_ROW_87_1028,VPWR,li1,134.5500,247.8260,1.799817
TAP_TAPCELL_ROW_87_1027,VPWR,li1,108.7900,247.8260,1.799782
TAP_TAPCELL_ROW_87_1026,VPWR,li1,83.0300,247.8260,1.799770
TAP_TAPCELL_ROW_87_1025,VPWR,li1,57.2700,247.8260,1.799788
TAP_TAPCELL_ROW_87_1024,VPWR,li1,31.5100,247.8260,1.799871
TAP_TAPCELL_ROW_86_1023,VPWR,li1,250.4700,247.2130,1.799709
TAP_TAPCELL_ROW_86_1022,VPWR,li1,224.7100,247.2130,1.799714
TAP_TAPCELL_ROW_86_1021,VPWR,li1,198.9500,247.2130,1.799801
TAP_TAPCELL_ROW_86_1020,VPWR,li1,173.1900,247.2130,1.799907
TAP_TAPCELL_ROW_86_1019,VPWR,li1,147.4300,247.2130,1.799840
TAP_TAPCELL_ROW_86_1018,VPWR,li1,121.6700,247.2130,1.799799
TAP_TAPCELL_ROW_86_1017,VPWR,li1,95.9100,247.2130,1.799772
TAP_TAPCELL_ROW_86_1016,VPWR,li1,70.1500,247.2130,1.799774
TAP_TAPCELL_ROW_86_1015,VPWR,li1,44.3900,247.2130,1.799808
TAP_TAPCELL_ROW_86_1014,VPWR,li1,18.6300,247.2130,1.799934
TAP_TAPCELL_ROW_85_1013,VPWR,li1,237.5900,242.3860,1.799754
TAP_TAPCELL_ROW_85_1012,VPWR,li1,211.8300,242.3860,1.799778
TAP_TAPCELL_ROW_85_1011,VPWR,li1,186.0700,242.3860,1.799833
TAP_TAPCELL_ROW_85_1010,VPWR,li1,160.3100,242.3860,1.799747
TAP_TAPCELL_ROW_85_1009,VPWR,li1,134.5500,242.3860,1.799570
TAP_TAPCELL_ROW_85_1008,VPWR,li1,108.7900,242.3860,1.799536
TAP_TAPCELL_ROW_85_1007,VPWR,li1,83.0300,242.3860,1.799594
TAP_TAPCELL_ROW_85_1006,VPWR,li1,57.2700,242.3860,1.799699
TAP_TAPCELL_ROW_85_1005,VPWR,li1,31.5100,242.3860,1.799858
TAP_TAPCELL_ROW_84_1004,VPWR,li1,250.4700,241.7730,1.799754
TAP_TAPCELL_ROW_84_1003,VPWR,li1,224.7100,241.7730,1.799758
TAP_TAPCELL_ROW_84_1002,VPWR,li1,198.9500,241.7730,1.799798
TAP_TAPCELL_ROW_84_1001,VPWR,li1,173.1900,241.7730,1.799855
TAP_TAPCELL_ROW_84_1000,VPWR,li1,147.4300,241.7730,1.799654
TAP_TAPCELL_ROW_84_999,VPWR,li1,121.6700,241.7730,1.799522
TAP_TAPCELL_ROW_84_998,VPWR,li1,95.9100,241.7730,1.799561
TAP_TAPCELL_ROW_84_997,VPWR,li1,70.1500,241.7730,1.799647
TAP_TAPCELL_ROW_84_996,VPWR,li1,44.3900,241.7730,1.799777
TAP_TAPCELL_ROW_84_995,VPWR,li1,18.6300,241.7730,1.799925
TAP_TAPCELL_ROW_83_994,VPWR,li1,237.5900,236.9460,1.799730
TAP_TAPCELL_ROW_83_993,VPWR,li1,211.8300,236.9460,1.799773
TAP_TAPCELL_ROW_83_992,VPWR,li1,186.0700,236.9460,1.799863
TAP_TAPCELL_ROW_83_991,VPWR,li1,160.3100,236.9460,1.799854
TAP_TAPCELL_ROW_83_990,VPWR,li1,134.5500,236.9460,1.799800
TAP_TAPCELL_ROW_83_989,VPWR,li1,108.7900,236.9460,1.799802
TAP_TAPCELL_ROW_83_988,VPWR,li1,83.0300,236.9460,1.799830
TAP_TAPCELL_ROW_83_987,VPWR,li1,57.2700,236.9460,1.799867
TAP_TAPCELL_ROW_83_986,VPWR,li1,31.5100,236.9460,1.799934
TAP_TAPCELL_ROW_82_985,VPWR,li1,250.4700,236.3330,1.799719
TAP_TAPCELL_ROW_82_984,VPWR,li1,224.7100,236.3330,1.799748
TAP_TAPCELL_ROW_82_983,VPWR,li1,198.9500,236.3330,1.799811
TAP_TAPCELL_ROW_82_982,VPWR,li1,173.1900,236.3330,1.799892
TAP_TAPCELL_ROW_82_981,VPWR,li1,147.4300,236.3330,1.799818
TAP_TAPCELL_ROW_82_980,VPWR,li1,121.6700,236.3330,1.799794
TAP_TAPCELL_ROW_82_979,VPWR,li1,95.9100,236.3330,1.799815
TAP_TAPCELL_ROW_82_978,VPWR,li1,70.1500,236.3330,1.799847
TAP_TAPCELL_ROW_82_977,VPWR,li1,44.3900,236.3330,1.799892
TAP_TAPCELL_ROW_82_976,VPWR,li1,18.6300,236.3330,1.799966
TAP_TAPCELL_ROW_81_975,VPWR,li1,237.5900,231.5060,1.799595
TAP_TAPCELL_ROW_81_974,VPWR,li1,211.8300,231.5060,1.799661
TAP_TAPCELL_ROW_81_973,VPWR,li1,186.0700,231.5060,1.799801
TAP_TAPCELL_ROW_81_972,VPWR,li1,160.3100,231.5060,1.799863
TAP_TAPCELL_ROW_81_971,VPWR,li1,134.5500,231.5060,1.799827
TAP_TAPCELL_ROW_81_970,VPWR,li1,108.7900,231.5060,1.799820
TAP_TAPCELL_ROW_81_969,VPWR,li1,83.0300,231.5060,1.799844
TAP_TAPCELL_ROW_81_968,VPWR,li1,57.2700,231.5060,1.799885
TAP_TAPCELL_ROW_81_967,VPWR,li1,31.5100,231.5060,1.799945
TAP_TAPCELL_ROW_80_966,VPWR,li1,250.4700,230.8930,1.799577
TAP_TAPCELL_ROW_80_965,VPWR,li1,224.7100,230.8930,1.799621
TAP_TAPCELL_ROW_80_964,VPWR,li1,198.9500,230.8930,1.799732
TAP_TAPCELL_ROW_80_963,VPWR,li1,173.1900,230.8930,1.799886
TAP_TAPCELL_ROW_80_962,VPWR,li1,147.4300,230.8930,1.799843
TAP_TAPCELL_ROW_80_961,VPWR,li1,121.6700,230.8930,1.799819
TAP_TAPCELL_ROW_80_960,VPWR,li1,95.9100,230.8930,1.799830
TAP_TAPCELL_ROW_80_959,VPWR,li1,70.1500,230.8930,1.799863
TAP_TAPCELL_ROW_80_958,VPWR,li1,44.3900,230.8930,1.799915
TAP_TAPCELL_ROW_80_957,VPWR,li1,18.6300,230.8930,1.799972
TAP_TAPCELL_ROW_79_956,VPWR,li1,237.5900,226.0660,1.799473
TAP_TAPCELL_ROW_79_955,VPWR,li1,211.8300,226.0660,1.799584
TAP_TAPCELL_ROW_79_954,VPWR,li1,186.0700,226.0660,1.799740
TAP_TAPCELL_ROW_79_953,VPWR,li1,160.3100,226.0660,1.799663
TAP_TAPCELL_ROW_79_952,VPWR,li1,134.5500,226.0660,1.799539
TAP_TAPCELL_ROW_79_951,VPWR,li1,108.7900,226.0660,1.799516
TAP_TAPCELL_ROW_79_950,VPWR,li1,83.0300,226.0660,1.799521
TAP_TAPCELL_ROW_79_949,VPWR,li1,57.2700,226.0660,1.799633
TAP_TAPCELL_ROW_79_948,VPWR,li1,31.5100,226.0660,1.799817
TAP_TAPCELL_ROW_78_947,VPWR,li1,250.4700,225.4530,1.799429
TAP_TAPCELL_ROW_78_946,VPWR,li1,224.7100,225.4530,1.799525
TAP_TAPCELL_ROW_78_945,VPWR,li1,198.9500,225.4530,1.799657
TAP_TAPCELL_ROW_78_944,VPWR,li1,173.1900,225.4530,1.799791
TAP_TAPCELL_ROW_78_943,VPWR,li1,147.4300,225.4530,1.799563
TAP_TAPCELL_ROW_78_942,VPWR,li1,121.6700,225.4530,1.799523
TAP_TAPCELL_ROW_78_941,VPWR,li1,95.9100,225.4530,1.799513
TAP_TAPCELL_ROW_78_940,VPWR,li1,70.1500,225.4530,1.799553
TAP_TAPCELL_ROW_78_939,VPWR,li1,44.3900,225.4530,1.799733
TAP_TAPCELL_ROW_78_938,VPWR,li1,18.6300,225.4530,1.799911
TAP_TAPCELL_ROW_77_937,VPWR,li1,237.5900,220.6260,1.799534
TAP_TAPCELL_ROW_77_936,VPWR,li1,211.8300,220.6260,1.799555
TAP_TAPCELL_ROW_77_935,VPWR,li1,186.0700,220.6260,1.799719
TAP_TAPCELL_ROW_77_934,VPWR,li1,160.3100,220.6260,1.799755
TAP_TAPCELL_ROW_77_933,VPWR,li1,134.5500,220.6260,1.799659
TAP_TAPCELL_ROW_77_932,VPWR,li1,108.7900,220.6260,1.799590
TAP_TAPCELL_ROW_77_931,VPWR,li1,83.0300,220.6260,1.799585
TAP_TAPCELL_ROW_77_930,VPWR,li1,57.2700,220.6260,1.799708
TAP_TAPCELL_ROW_77_929,VPWR,li1,31.5100,220.6260,1.799865
TAP_TAPCELL_ROW_76_928,VPWR,li1,250.4700,220.0130,1.799534
TAP_TAPCELL_ROW_76_927,VPWR,li1,224.7100,220.0130,1.799542
TAP_TAPCELL_ROW_76_926,VPWR,li1,198.9500,220.0130,1.799603
TAP_TAPCELL_ROW_76_925,VPWR,li1,173.1900,220.0130,1.799822
TAP_TAPCELL_ROW_76_924,VPWR,li1,147.4300,220.0130,1.799707
TAP_TAPCELL_ROW_76_923,VPWR,li1,121.6700,220.0130,1.799623
TAP_TAPCELL_ROW_76_922,VPWR,li1,95.9100,220.0130,1.799563
TAP_TAPCELL_ROW_76_921,VPWR,li1,70.1500,220.0130,1.799640
TAP_TAPCELL_ROW_76_920,VPWR,li1,44.3900,220.0130,1.799787
TAP_TAPCELL_ROW_76_919,VPWR,li1,18.6300,220.0130,1.799934
TAP_TAPCELL_ROW_75_918,VPWR,li1,237.5900,215.1860,1.799857
TAP_TAPCELL_ROW_75_917,VPWR,li1,211.8300,215.1860,1.799872
TAP_TAPCELL_ROW_75_916,VPWR,li1,186.0700,215.1860,1.799915
TAP_TAPCELL_ROW_75_915,VPWR,li1,160.3100,215.1860,1.799872
TAP_TAPCELL_ROW_75_914,VPWR,li1,134.5500,215.1860,1.799775
TAP_TAPCELL_ROW_75_913,VPWR,li1,108.7900,215.1860,1.799691
TAP_TAPCELL_ROW_75_912,VPWR,li1,83.0300,215.1860,1.799709
TAP_TAPCELL_ROW_75_911,VPWR,li1,57.2700,215.1860,1.799747
TAP_TAPCELL_ROW_75_910,VPWR,li1,31.5100,215.1860,1.799856
TAP_TAPCELL_ROW_74_909,VPWR,li1,250.4700,214.5730,1.799854
TAP_TAPCELL_ROW_74_908,VPWR,li1,224.7100,214.5730,1.799865
TAP_TAPCELL_ROW_74_907,VPWR,li1,198.9500,214.5730,1.799886
TAP_TAPCELL_ROW_74_906,VPWR,li1,173.1900,214.5730,1.799923
TAP_TAPCELL_ROW_74_905,VPWR,li1,147.4300,214.5730,1.799822
TAP_TAPCELL_ROW_74_904,VPWR,li1,121.6700,214.5730,1.799726
TAP_TAPCELL_ROW_74_903,VPWR,li1,95.9100,214.5730,1.799688
TAP_TAPCELL_ROW_74_902,VPWR,li1,70.1500,214.5730,1.799726
TAP_TAPCELL_ROW_74_901,VPWR,li1,44.3900,214.5730,1.799776
TAP_TAPCELL_ROW_74_900,VPWR,li1,18.6300,214.5730,1.799925
TAP_TAPCELL_ROW_73_899,VPWR,li1,237.5900,209.7460,1.799799
TAP_TAPCELL_ROW_73_898,VPWR,li1,211.8300,209.7460,1.799825
TAP_TAPCELL_ROW_73_897,VPWR,li1,186.0700,209.7460,1.799882
TAP_TAPCELL_ROW_73_896,VPWR,li1,160.3100,209.7460,1.799850
TAP_TAPCELL_ROW_73_895,VPWR,li1,134.5500,209.7460,1.799745
TAP_TAPCELL_ROW_73_894,VPWR,li1,108.7900,209.7460,1.799681
TAP_TAPCELL_ROW_73_893,VPWR,li1,83.0300,209.7460,1.799702
TAP_TAPCELL_ROW_73_892,VPWR,li1,57.2700,209.7460,1.799769
TAP_TAPCELL_ROW_73_891,VPWR,li1,31.5100,209.7460,1.799882
TAP_TAPCELL_ROW_72_890,VPWR,li1,250.4700,209.1330,1.799795
TAP_TAPCELL_ROW_72_889,VPWR,li1,224.7100,209.1330,1.799809
TAP_TAPCELL_ROW_72_888,VPWR,li1,198.9500,209.1330,1.799847
TAP_TAPCELL_ROW_72_887,VPWR,li1,173.1900,209.1330,1.799907
TAP_TAPCELL_ROW_72_886,VPWR,li1,147.4300,209.1330,1.799790
TAP_TAPCELL_ROW_72_885,VPWR,li1,121.6700,209.1330,1.799694
TAP_TAPCELL_ROW_72_884,VPWR,li1,95.9100,209.1330,1.799686
TAP_TAPCELL_ROW_72_883,VPWR,li1,70.1500,209.1330,1.799734
TAP_TAPCELL_ROW_72_882,VPWR,li1,44.3900,209.1330,1.799825
TAP_TAPCELL_ROW_72_881,VPWR,li1,18.6300,209.1330,1.799939
TAP_TAPCELL_ROW_71_880,VPWR,li1,237.5900,204.3060,1.799536
TAP_TAPCELL_ROW_71_879,VPWR,li1,211.8300,204.3060,1.799629
TAP_TAPCELL_ROW_71_878,VPWR,li1,186.0700,204.3060,1.799788
TAP_TAPCELL_ROW_71_877,VPWR,li1,160.3100,204.3060,1.799845
TAP_TAPCELL_ROW_71_876,VPWR,li1,134.5500,204.3060,1.799818
TAP_TAPCELL_ROW_71_875,VPWR,li1,108.7900,204.3060,1.799826
TAP_TAPCELL_ROW_71_874,VPWR,li1,83.0300,204.3060,1.799867
TAP_TAPCELL_ROW_71_873,VPWR,li1,57.2700,204.3060,1.799905
TAP_TAPCELL_ROW_71_872,VPWR,li1,31.5100,204.3060,1.799958
TAP_TAPCELL_ROW_70_871,VPWR,li1,250.4700,203.6930,1.799531
TAP_TAPCELL_ROW_70_870,VPWR,li1,224.7100,203.6930,1.799553
TAP_TAPCELL_ROW_70_869,VPWR,li1,198.9500,203.6930,1.799700
TAP_TAPCELL_ROW_70_868,VPWR,li1,173.1900,203.6930,1.799869
TAP_TAPCELL_ROW_70_867,VPWR,li1,147.4300,203.6930,1.799825
TAP_TAPCELL_ROW_70_866,VPWR,li1,121.6700,203.6930,1.799817
TAP_TAPCELL_ROW_70_865,VPWR,li1,95.9100,203.6930,1.799845
TAP_TAPCELL_ROW_70_864,VPWR,li1,70.1500,203.6930,1.799885
TAP_TAPCELL_ROW_70_863,VPWR,li1,44.3900,203.6930,1.799930
TAP_TAPCELL_ROW_70_862,VPWR,li1,18.6300,203.6930,1.799978
TAP_TAPCELL_ROW_69_861,VPWR,li1,237.5900,198.8660,1.799831
TAP_TAPCELL_ROW_69_860,VPWR,li1,211.8300,198.8660,1.799855
TAP_TAPCELL_ROW_69_859,VPWR,li1,186.0700,198.8660,1.799918
TAP_TAPCELL_ROW_69_858,VPWR,li1,160.3100,198.8660,1.799921
TAP_TAPCELL_ROW_69_857,VPWR,li1,134.5500,198.8660,1.799877
TAP_TAPCELL_ROW_69_856,VPWR,li1,108.7900,198.8660,1.799848
TAP_TAPCELL_ROW_69_855,VPWR,li1,83.0300,198.8660,1.799847
TAP_TAPCELL_ROW_69_854,VPWR,li1,57.2700,198.8660,1.799881
TAP_TAPCELL_ROW_69_853,VPWR,li1,31.5100,198.8660,1.799942
TAP_TAPCELL_ROW_68_852,VPWR,li1,250.4700,198.2530,1.799822
TAP_TAPCELL_ROW_68_851,VPWR,li1,224.7100,198.2530,1.799840
TAP_TAPCELL_ROW_68_850,VPWR,li1,198.9500,198.2530,1.799881
TAP_TAPCELL_ROW_68_849,VPWR,li1,173.1900,198.2530,1.799944
TAP_TAPCELL_ROW_68_848,VPWR,li1,147.4300,198.2530,1.799900
TAP_TAPCELL_ROW_68_847,VPWR,li1,121.6700,198.2530,1.799860
TAP_TAPCELL_ROW_68_846,VPWR,li1,95.9100,198.2530,1.799843
TAP_TAPCELL_ROW_68_845,VPWR,li1,70.1500,198.2530,1.799862
TAP_TAPCELL_ROW_68_844,VPWR,li1,44.3900,198.2530,1.799906
TAP_TAPCELL_ROW_68_843,VPWR,li1,18.6300,198.2530,1.799971
TAP_TAPCELL_ROW_67_842,VPWR,li1,237.5900,193.4260,1.799758
TAP_TAPCELL_ROW_67_841,VPWR,li1,211.8300,193.4260,1.799796
TAP_TAPCELL_ROW_67_840,VPWR,li1,186.0700,193.4260,1.799871
TAP_TAPCELL_ROW_67_839,VPWR,li1,160.3100,193.4260,1.799865
TAP_TAPCELL_ROW_67_838,VPWR,li1,134.5500,193.4260,1.799797
TAP_TAPCELL_ROW_67_837,VPWR,li1,108.7900,193.4260,1.799761
TAP_TAPCELL_ROW_67_836,VPWR,li1,83.0300,193.4260,1.799775
TAP_TAPCELL_ROW_67_835,VPWR,li1,57.2700,193.4260,1.799818
TAP_TAPCELL_ROW_67_834,VPWR,li1,31.5100,193.4260,1.799900
TAP_TAPCELL_ROW_66_833,VPWR,li1,250.4700,192.8130,1.799754
TAP_TAPCELL_ROW_66_832,VPWR,li1,224.7100,192.8130,1.799773
TAP_TAPCELL_ROW_66_831,VPWR,li1,198.9500,192.8130,1.799829
TAP_TAPCELL_ROW_66_830,VPWR,li1,173.1900,192.8130,1.799906
TAP_TAPCELL_ROW_66_829,VPWR,li1,147.4300,192.8130,1.799830
TAP_TAPCELL_ROW_66_828,VPWR,li1,121.6700,192.8130,1.799775
TAP_TAPCELL_ROW_66_827,VPWR,li1,95.9100,192.8130,1.799762
TAP_TAPCELL_ROW_66_826,VPWR,li1,70.1500,192.8130,1.799793
TAP_TAPCELL_ROW_66_825,VPWR,li1,44.3900,192.8130,1.799856
TAP_TAPCELL_ROW_66_824,VPWR,li1,18.6300,192.8130,1.799950
TAP_TAPCELL_ROW_65_823,VPWR,li1,237.5900,187.9860,1.799566
TAP_TAPCELL_ROW_65_822,VPWR,li1,211.8300,187.9860,1.799673
TAP_TAPCELL_ROW_65_821,VPWR,li1,186.0700,187.9860,1.799808
TAP_TAPCELL_ROW_65_820,VPWR,li1,160.3100,187.9860,1.799828
TAP_TAPCELL_ROW_65_819,VPWR,li1,134.5500,187.9860,1.799741
TAP_TAPCELL_ROW_65_818,VPWR,li1,108.7900,187.9860,1.799667
TAP_TAPCELL_ROW_65_817,VPWR,li1,83.0300,187.9860,1.799676
TAP_TAPCELL_ROW_65_816,VPWR,li1,57.2700,187.9860,1.799740
TAP_TAPCELL_ROW_65_815,VPWR,li1,31.5100,187.9860,1.799867
TAP_TAPCELL_ROW_64_814,VPWR,li1,250.4700,187.3730,1.799535
TAP_TAPCELL_ROW_64_813,VPWR,li1,224.7100,187.3730,1.799615
TAP_TAPCELL_ROW_64_812,VPWR,li1,198.9500,187.3730,1.799720
TAP_TAPCELL_ROW_64_811,VPWR,li1,173.1900,187.3730,1.799876
TAP_TAPCELL_ROW_64_810,VPWR,li1,147.4300,187.3730,1.799777
TAP_TAPCELL_ROW_64_809,VPWR,li1,121.6700,187.3730,1.799704
TAP_TAPCELL_ROW_64_808,VPWR,li1,95.9100,187.3730,1.799658
TAP_TAPCELL_ROW_64_807,VPWR,li1,70.1500,187.3730,1.799705
TAP_TAPCELL_ROW_64_806,VPWR,li1,44.3900,187.3730,1.799777
TAP_TAPCELL_ROW_64_805,VPWR,li1,18.6300,187.3730,1.799931
TAP_TAPCELL_ROW_63_804,VPWR,li1,237.5900,182.5460,1.799625
TAP_TAPCELL_ROW_63_803,VPWR,li1,211.8300,182.5460,1.799641
TAP_TAPCELL_ROW_63_802,VPWR,li1,186.0700,182.5460,1.799739
TAP_TAPCELL_ROW_63_801,VPWR,li1,160.3100,182.5460,1.799716
TAP_TAPCELL_ROW_63_800,VPWR,li1,134.5500,182.5460,1.799604
TAP_TAPCELL_ROW_63_799,VPWR,li1,108.7900,182.5460,1.799528
TAP_TAPCELL_ROW_63_798,VPWR,li1,83.0300,182.5460,1.799482
TAP_TAPCELL_ROW_63_797,VPWR,li1,57.2700,182.5460,1.799602
TAP_TAPCELL_ROW_63_796,VPWR,li1,31.5100,182.5460,1.799809
TAP_TAPCELL_ROW_62_795,VPWR,li1,250.4700,181.9330,1.799625
TAP_TAPCELL_ROW_62_794,VPWR,li1,224.7100,181.9330,1.799628
TAP_TAPCELL_ROW_62_793,VPWR,li1,198.9500,181.9330,1.799666
TAP_TAPCELL_ROW_62_792,VPWR,li1,173.1900,181.9330,1.799818
TAP_TAPCELL_ROW_62_791,VPWR,li1,147.4300,181.9330,1.799644
TAP_TAPCELL_ROW_62_790,VPWR,li1,121.6700,181.9330,1.799567
TAP_TAPCELL_ROW_62_789,VPWR,li1,95.9100,181.9330,1.799486
TAP_TAPCELL_ROW_62_788,VPWR,li1,70.1500,181.9330,1.799520
TAP_TAPCELL_ROW_62_787,VPWR,li1,44.3900,181.9330,1.799695
TAP_TAPCELL_ROW_62_786,VPWR,li1,18.6300,181.9330,1.799906
TAP_TAPCELL_ROW_61_785,VPWR,li1,237.5900,177.1060,1.799774
TAP_TAPCELL_ROW_61_784,VPWR,li1,211.8300,177.1060,1.799814
TAP_TAPCELL_ROW_61_783,VPWR,li1,186.0700,177.1060,1.799887
TAP_TAPCELL_ROW_61_782,VPWR,li1,160.3100,177.1060,1.799860
TAP_TAPCELL_ROW_61_781,VPWR,li1,134.5500,177.1060,1.799779
TAP_TAPCELL_ROW_61_780,VPWR,li1,108.7900,177.1060,1.799730
TAP_TAPCELL_ROW_61_779,VPWR,li1,83.0300,177.1060,1.799742
TAP_TAPCELL_ROW_61_778,VPWR,li1,57.2700,177.1060,1.799794
TAP_TAPCELL_ROW_61_777,VPWR,li1,31.5100,177.1060,1.799907
TAP_TAPCELL_ROW_60_776,VPWR,li1,250.4700,176.4930,1.799762
TAP_TAPCELL_ROW_60_775,VPWR,li1,224.7100,176.4930,1.799792
TAP_TAPCELL_ROW_60_774,VPWR,li1,198.9500,176.4930,1.799843
TAP_TAPCELL_ROW_60_773,VPWR,li1,173.1900,176.4930,1.799915
TAP_TAPCELL_ROW_60_772,VPWR,li1,147.4300,176.4930,1.799816
TAP_TAPCELL_ROW_60_771,VPWR,li1,121.6700,176.4930,1.799752
TAP_TAPCELL_ROW_60_770,VPWR,li1,95.9100,176.4930,1.799728
TAP_TAPCELL_ROW_60_769,VPWR,li1,70.1500,176.4930,1.799762
TAP_TAPCELL_ROW_60_768,VPWR,li1,44.3900,176.4930,1.799843
TAP_TAPCELL_ROW_60_767,VPWR,li1,18.6300,176.4930,1.799951
TAP_TAPCELL_ROW_59_766,VPWR,li1,237.5900,171.6660,1.799925
TAP_TAPCELL_ROW_59_765,VPWR,li1,211.8300,171.6660,1.799925
TAP_TAPCELL_ROW_59_764,VPWR,li1,186.0700,171.6660,1.799940
TAP_TAPCELL_ROW_59_763,VPWR,li1,160.3100,171.6660,1.799891
TAP_TAPCELL_ROW_59_762,VPWR,li1,134.5500,171.6660,1.799803
TAP_TAPCELL_ROW_59_761,VPWR,li1,108.7900,171.6660,1.799778
TAP_TAPCELL_ROW_59_760,VPWR,li1,83.0300,171.6660,1.799817
TAP_TAPCELL_ROW_59_759,VPWR,li1,57.2700,171.6660,1.799875
TAP_TAPCELL_ROW_59_758,VPWR,li1,31.5100,171.6660,1.799947
TAP_TAPCELL_ROW_58_757,VPWR,li1,250.4700,171.0530,1.799925
TAP_TAPCELL_ROW_58_756,VPWR,li1,224.7100,171.0530,1.799925
TAP_TAPCELL_ROW_58_755,VPWR,li1,198.9500,171.0530,1.799932
TAP_TAPCELL_ROW_58_754,VPWR,li1,173.1900,171.0530,1.799939
TAP_TAPCELL_ROW_58_753,VPWR,li1,147.4300,171.0530,1.799847
TAP_TAPCELL_ROW_58_752,VPWR,li1,121.6700,171.0530,1.799771
TAP_TAPCELL_ROW_58_751,VPWR,li1,95.9100,171.0530,1.799796
TAP_TAPCELL_ROW_58_750,VPWR,li1,70.1500,171.0530,1.799844
TAP_TAPCELL_ROW_58_749,VPWR,li1,44.3900,171.0530,1.799909
TAP_TAPCELL_ROW_58_748,VPWR,li1,18.6300,171.0530,1.799973
TAP_TAPCELL_ROW_57_747,VPWR,li1,237.5900,166.2260,1.799804
TAP_TAPCELL_ROW_57_746,VPWR,li1,211.8300,166.2260,1.799836
TAP_TAPCELL_ROW_57_745,VPWR,li1,186.0700,166.2260,1.799896
TAP_TAPCELL_ROW_57_744,VPWR,li1,160.3100,166.2260,1.799892
TAP_TAPCELL_ROW_57_743,VPWR,li1,134.5500,166.2260,1.799829
TAP_TAPCELL_ROW_57_742,VPWR,li1,108.7900,166.2260,1.799781
TAP_TAPCELL_ROW_57_741,VPWR,li1,83.0300,166.2260,1.799767
TAP_TAPCELL_ROW_57_740,VPWR,li1,57.2700,166.2260,1.799780
TAP_TAPCELL_ROW_57_739,VPWR,li1,31.5100,166.2260,1.799883
TAP_TAPCELL_ROW_56_738,VPWR,li1,250.4700,165.6130,1.799804
TAP_TAPCELL_ROW_56_737,VPWR,li1,224.7100,165.6130,1.799813
TAP_TAPCELL_ROW_56_736,VPWR,li1,198.9500,165.6130,1.799867
TAP_TAPCELL_ROW_56_735,VPWR,li1,173.1900,165.6130,1.799927
TAP_TAPCELL_ROW_56_734,VPWR,li1,147.4300,165.6130,1.799860
TAP_TAPCELL_ROW_56_733,VPWR,li1,121.6700,165.6130,1.799802
TAP_TAPCELL_ROW_56_732,VPWR,li1,95.9100,165.6130,1.799769
TAP_TAPCELL_ROW_56_731,VPWR,li1,70.1500,165.6130,1.799771
TAP_TAPCELL_ROW_56_730,VPWR,li1,44.3900,165.6130,1.799806
TAP_TAPCELL_ROW_56_729,VPWR,li1,18.6300,165.6130,1.799939
TAP_TAPCELL_ROW_55_728,VPWR,li1,237.5900,160.7860,1.799740
TAP_TAPCELL_ROW_55_727,VPWR,li1,211.8300,160.7860,1.799791
TAP_TAPCELL_ROW_55_726,VPWR,li1,186.0700,160.7860,1.799868
TAP_TAPCELL_ROW_55_725,VPWR,li1,160.3100,160.7860,1.799799
TAP_TAPCELL_ROW_55_724,VPWR,li1,134.5500,160.7860,1.799677
TAP_TAPCELL_ROW_55_723,VPWR,li1,108.7900,160.7860,1.799651
TAP_TAPCELL_ROW_55_722,VPWR,li1,83.0300,160.7860,1.799677
TAP_TAPCELL_ROW_55_721,VPWR,li1,57.2700,160.7860,1.799758
TAP_TAPCELL_ROW_55_720,VPWR,li1,31.5100,160.7860,1.799881
TAP_TAPCELL_ROW_54_719,VPWR,li1,250.4700,160.1730,1.799728
TAP_TAPCELL_ROW_54_718,VPWR,li1,224.7100,160.1730,1.799762
TAP_TAPCELL_ROW_54_717,VPWR,li1,198.9500,160.1730,1.799830
TAP_TAPCELL_ROW_54_716,VPWR,li1,173.1900,160.1730,1.799888
TAP_TAPCELL_ROW_54_715,VPWR,li1,147.4300,160.1730,1.799721
TAP_TAPCELL_ROW_54_714,VPWR,li1,121.6700,160.1730,1.799655
TAP_TAPCELL_ROW_54_713,VPWR,li1,95.9100,160.1730,1.799659
TAP_TAPCELL_ROW_54_712,VPWR,li1,70.1500,160.1730,1.799709
TAP_TAPCELL_ROW_54_711,VPWR,li1,44.3900,160.1730,1.799820
TAP_TAPCELL_ROW_54_710,VPWR,li1,18.6300,160.1730,1.799941
TAP_TAPCELL_ROW_53_709,VPWR,li1,237.5900,155.3460,1.799105
TAP_TAPCELL_ROW_53_708,VPWR,li1,211.8300,155.3460,1.799327
TAP_TAPCELL_ROW_53_707,VPWR,li1,186.0700,155.3460,1.799661
TAP_TAPCELL_ROW_53_706,VPWR,li1,160.3100,155.3460,1.799727
TAP_TAPCELL_ROW_53_705,VPWR,li1,134.5500,155.3460,1.799636
TAP_TAPCELL_ROW_53_704,VPWR,li1,108.7900,155.3460,1.799583
TAP_TAPCELL_ROW_53_703,VPWR,li1,83.0300,155.3460,1.799609
TAP_TAPCELL_ROW_53_702,VPWR,li1,57.2700,155.3460,1.799744
TAP_TAPCELL_ROW_53_701,VPWR,li1,31.5100,155.3460,1.799890
TAP_TAPCELL_ROW_52_700,VPWR,li1,250.4700,154.7330,1.799047
TAP_TAPCELL_ROW_52_699,VPWR,li1,224.7100,154.7330,1.799209
TAP_TAPCELL_ROW_52_698,VPWR,li1,198.9500,154.7330,1.799484
TAP_TAPCELL_ROW_52_697,VPWR,li1,173.1900,154.7330,1.799784
TAP_TAPCELL_ROW_52_696,VPWR,li1,147.4300,154.7330,1.799675
TAP_TAPCELL_ROW_52_695,VPWR,li1,121.6700,154.7330,1.799598
TAP_TAPCELL_ROW_52_694,VPWR,li1,95.9100,154.7330,1.799593
TAP_TAPCELL_ROW_52_693,VPWR,li1,70.1500,154.7330,1.799680
TAP_TAPCELL_ROW_52_692,VPWR,li1,44.3900,154.7330,1.799814
TAP_TAPCELL_ROW_52_691,VPWR,li1,18.6300,154.7330,1.799943
TAP_TAPCELL_ROW_51_690,VPWR,li1,237.5900,149.9060,1.799872
TAP_TAPCELL_ROW_51_689,VPWR,li1,211.8300,149.9060,1.799888
TAP_TAPCELL_ROW_51_688,VPWR,li1,186.0700,149.9060,1.799928
TAP_TAPCELL_ROW_51_687,VPWR,li1,160.3100,149.9060,1.799932
TAP_TAPCELL_ROW_51_686,VPWR,li1,134.5500,149.9060,1.799900
TAP_TAPCELL_ROW_51_685,VPWR,li1,108.7900,149.9060,1.799872
TAP_TAPCELL_ROW_51_684,VPWR,li1,83.0300,149.9060,1.799881
TAP_TAPCELL_ROW_51_683,VPWR,li1,57.2700,149.9060,1.799922
TAP_TAPCELL_ROW_51_682,VPWR,li1,31.5100,149.9060,1.799968
TAP_TAPCELL_ROW_50_681,VPWR,li1,250.4700,149.2930,1.799866
TAP_TAPCELL_ROW_50_680,VPWR,li1,224.7100,149.2930,1.799881
TAP_TAPCELL_ROW_50_679,VPWR,li1,198.9500,149.2930,1.799904
TAP_TAPCELL_ROW_50_678,VPWR,li1,173.1900,149.2930,1.799949
TAP_TAPCELL_ROW_50_677,VPWR,li1,147.4300,149.2930,1.799916
TAP_TAPCELL_ROW_50_676,VPWR,li1,121.6700,149.2930,1.799885
TAP_TAPCELL_ROW_50_675,VPWR,li1,95.9100,149.2930,1.799872
TAP_TAPCELL_ROW_50_674,VPWR,li1,70.1500,149.2930,1.799901
TAP_TAPCELL_ROW_50_673,VPWR,li1,44.3900,149.2930,1.799944
TAP_TAPCELL_ROW_50_672,VPWR,li1,18.6300,149.2930,1.799983
TAP_TAPCELL_ROW_49_671,VPWR,li1,237.5900,144.4660,1.799831
TAP_TAPCELL_ROW_49_670,VPWR,li1,211.8300,144.4660,1.799847
TAP_TAPCELL_ROW_49_669,VPWR,li1,186.0700,144.4660,1.799896
TAP_TAPCELL_ROW_49_668,VPWR,li1,160.3100,144.4660,1.799916
TAP_TAPCELL_ROW_49_667,VPWR,li1,134.5500,144.4660,1.799886
TAP_TAPCELL_ROW_49_666,VPWR,li1,108.7900,144.4660,1.799878
TAP_TAPCELL_ROW_49_665,VPWR,li1,83.0300,144.4660,1.799888
TAP_TAPCELL_ROW_49_664,VPWR,li1,57.2700,144.4660,1.799925
TAP_TAPCELL_ROW_49_663,VPWR,li1,31.5100,144.4660,1.799969
TAP_TAPCELL_ROW_48_662,VPWR,li1,250.4700,143.8530,1.799831
TAP_TAPCELL_ROW_48_661,VPWR,li1,224.7100,143.8530,1.799833
TAP_TAPCELL_ROW_48_660,VPWR,li1,198.9500,143.8530,1.799863
TAP_TAPCELL_ROW_48_659,VPWR,li1,173.1900,143.8530,1.799936
TAP_TAPCELL_ROW_48_658,VPWR,li1,147.4300,143.8530,1.799900
TAP_TAPCELL_ROW_48_657,VPWR,li1,121.6700,143.8530,1.799880
TAP_TAPCELL_ROW_48_656,VPWR,li1,95.9100,143.8530,1.799879
TAP_TAPCELL_ROW_48_655,VPWR,li1,70.1500,143.8530,1.799904
TAP_TAPCELL_ROW_48_654,VPWR,li1,44.3900,143.8530,1.799946
TAP_TAPCELL_ROW_48_653,VPWR,li1,18.6300,143.8530,1.799984
TAP_TAPCELL_ROW_47_652,VPWR,li1,237.5900,139.0260,1.799732
TAP_TAPCELL_ROW_47_651,VPWR,li1,211.8300,139.0260,1.799785
TAP_TAPCELL_ROW_47_650,VPWR,li1,186.0700,139.0260,1.799860
TAP_TAPCELL_ROW_47_649,VPWR,li1,160.3100,139.0260,1.799767
TAP_TAPCELL_ROW_47_648,VPWR,li1,134.5500,139.0260,1.799644
TAP_TAPCELL_ROW_47_647,VPWR,li1,108.7900,139.0260,1.799709
TAP_TAPCELL_ROW_47_646,VPWR,li1,83.0300,139.0260,1.799782
TAP_TAPCELL_ROW_47_645,VPWR,li1,57.2700,139.0260,1.799858
TAP_TAPCELL_ROW_47_644,VPWR,li1,31.5100,139.0260,1.799941
TAP_TAPCELL_ROW_46_643,VPWR,li1,250.4700,138.4130,1.799716
TAP_TAPCELL_ROW_46_642,VPWR,li1,224.7100,138.4130,1.799757
TAP_TAPCELL_ROW_46_641,VPWR,li1,198.9500,138.4130,1.799823
TAP_TAPCELL_ROW_46_640,VPWR,li1,173.1900,138.4130,1.799874
TAP_TAPCELL_ROW_46_639,VPWR,li1,147.4300,138.4130,1.799673
TAP_TAPCELL_ROW_46_638,VPWR,li1,121.6700,138.4130,1.799678
TAP_TAPCELL_ROW_46_637,VPWR,li1,95.9100,138.4130,1.799740
TAP_TAPCELL_ROW_46_636,VPWR,li1,70.1500,138.4130,1.799819
TAP_TAPCELL_ROW_46_635,VPWR,li1,44.3900,138.4130,1.799897
TAP_TAPCELL_ROW_46_634,VPWR,li1,18.6300,138.4130,1.799969
TAP_TAPCELL_ROW_45_633,VPWR,li1,237.5900,133.5860,1.799578
TAP_TAPCELL_ROW_45_632,VPWR,li1,211.8300,133.5860,1.799691
TAP_TAPCELL_ROW_45_631,VPWR,li1,186.0700,133.5860,1.799824
TAP_TAPCELL_ROW_45_630,VPWR,li1,160.3100,133.5860,1.799829
TAP_TAPCELL_ROW_45_629,VPWR,li1,134.5500,133.5860,1.799828
TAP_TAPCELL_ROW_45_628,VPWR,li1,108.7900,133.5860,1.799832
TAP_TAPCELL_ROW_45_627,VPWR,li1,83.0300,133.5860,1.799836
TAP_TAPCELL_ROW_45_626,VPWR,li1,57.2700,133.5860,1.799864
TAP_TAPCELL_ROW_45_625,VPWR,li1,31.5100,133.5860,1.799941
TAP_TAPCELL_ROW_44_624,VPWR,li1,250.4700,132.9730,1.799528
TAP_TAPCELL_ROW_44_623,VPWR,li1,224.7100,132.9730,1.799638
TAP_TAPCELL_ROW_44_622,VPWR,li1,198.9500,132.9730,1.799760
TAP_TAPCELL_ROW_44_621,VPWR,li1,173.1900,132.9730,1.799878
TAP_TAPCELL_ROW_44_620,VPWR,li1,147.4300,132.9730,1.799826
TAP_TAPCELL_ROW_44_619,VPWR,li1,121.6700,132.9730,1.799830
TAP_TAPCELL_ROW_44_618,VPWR,li1,95.9100,132.9730,1.799834
TAP_TAPCELL_ROW_44_617,VPWR,li1,70.1500,132.9730,1.799844
TAP_TAPCELL_ROW_44_616,VPWR,li1,44.3900,132.9730,1.799897
TAP_TAPCELL_ROW_44_615,VPWR,li1,18.6300,132.9730,1.799970
TAP_TAPCELL_ROW_43_614,VPWR,li1,237.5900,128.1460,1.799801
TAP_TAPCELL_ROW_43_613,VPWR,li1,211.8300,128.1460,1.799828
TAP_TAPCELL_ROW_43_612,VPWR,li1,186.0700,128.1460,1.799881
TAP_TAPCELL_ROW_43_611,VPWR,li1,160.3100,128.1460,1.799872
TAP_TAPCELL_ROW_43_610,VPWR,li1,134.5500,128.1460,1.799842
TAP_TAPCELL_ROW_43_609,VPWR,li1,108.7900,128.1460,1.799838
TAP_TAPCELL_ROW_43_608,VPWR,li1,83.0300,128.1460,1.799856
TAP_TAPCELL_ROW_43_607,VPWR,li1,57.2700,128.1460,1.799897
TAP_TAPCELL_ROW_43_606,VPWR,li1,31.5100,128.1460,1.799957
TAP_TAPCELL_ROW_42_605,VPWR,li1,250.4700,127.5330,1.799801
TAP_TAPCELL_ROW_42_604,VPWR,li1,224.7100,127.5330,1.799810
TAP_TAPCELL_ROW_42_603,VPWR,li1,198.9500,127.5330,1.799850
TAP_TAPCELL_ROW_42_602,VPWR,li1,173.1900,127.5330,1.799902
TAP_TAPCELL_ROW_42_601,VPWR,li1,147.4300,127.5330,1.799854
TAP_TAPCELL_ROW_42_600,VPWR,li1,121.6700,127.5330,1.799839
TAP_TAPCELL_ROW_42_599,VPWR,li1,95.9100,127.5330,1.799840
TAP_TAPCELL_ROW_42_598,VPWR,li1,70.1500,127.5330,1.799872
TAP_TAPCELL_ROW_42_597,VPWR,li1,44.3900,127.5330,1.799924
TAP_TAPCELL_ROW_42_596,VPWR,li1,18.6300,127.5330,1.799978
TAP_TAPCELL_ROW_41_595,VPWR,li1,237.5900,122.7060,1.799574
TAP_TAPCELL_ROW_41_594,VPWR,li1,211.8300,122.7060,1.799634
TAP_TAPCELL_ROW_41_593,VPWR,li1,186.0700,122.7060,1.799778
TAP_TAPCELL_ROW_41_592,VPWR,li1,160.3100,122.7060,1.799797
TAP_TAPCELL_ROW_41_591,VPWR,li1,134.5500,122.7060,1.799695
TAP_TAPCELL_ROW_41_590,VPWR,li1,108.7900,122.7060,1.799616
TAP_TAPCELL_ROW_41_589,VPWR,li1,83.0300,122.7060,1.799567
TAP_TAPCELL_ROW_41_588,VPWR,li1,57.2700,122.7060,1.799636
TAP_TAPCELL_ROW_41_587,VPWR,li1,31.5100,122.7060,1.799826
TAP_TAPCELL_ROW_40_586,VPWR,li1,250.4700,122.0930,1.799567
TAP_TAPCELL_ROW_40_585,VPWR,li1,224.7100,122.0930,1.799582
TAP_TAPCELL_ROW_40_584,VPWR,li1,198.9500,122.0930,1.799695
TAP_TAPCELL_ROW_40_583,VPWR,li1,173.1900,122.0930,1.799847
TAP_TAPCELL_ROW_40_582,VPWR,li1,147.4300,122.0930,1.799740
TAP_TAPCELL_ROW_40_581,VPWR,li1,121.6700,122.0930,1.799654
TAP_TAPCELL_ROW_40_580,VPWR,li1,95.9100,122.0930,1.799579
TAP_TAPCELL_ROW_40_579,VPWR,li1,70.1500,122.0930,1.799588
TAP_TAPCELL_ROW_40_578,VPWR,li1,44.3900,122.0930,1.799703
TAP_TAPCELL_ROW_40_577,VPWR,li1,18.6300,122.0930,1.799910
TAP_TAPCELL_ROW_39_576,VPWR,li1,237.5900,117.2660,1.799876
TAP_TAPCELL_ROW_39_575,VPWR,li1,211.8300,117.2660,1.799876
TAP_TAPCELL_ROW_39_574,VPWR,li1,186.0700,117.2660,1.799906
TAP_TAPCELL_ROW_39_573,VPWR,li1,160.3100,117.2660,1.799852
TAP_TAPCELL_ROW_39_572,VPWR,li1,134.5500,117.2660,1.799761
TAP_TAPCELL_ROW_39_571,VPWR,li1,108.7900,117.2660,1.799732
TAP_TAPCELL_ROW_39_570,VPWR,li1,83.0300,117.2660,1.799743
TAP_TAPCELL_ROW_39_569,VPWR,li1,57.2700,117.2660,1.799803
TAP_TAPCELL_ROW_39_568,VPWR,li1,31.5100,117.2660,1.799903
TAP_TAPCELL_ROW_38_567,VPWR,li1,250.4700,116.6530,1.799876
TAP_TAPCELL_ROW_38_566,VPWR,li1,224.7100,116.6530,1.799876
TAP_TAPCELL_ROW_38_565,VPWR,li1,198.9500,116.6530,1.799888
TAP_TAPCELL_ROW_38_564,VPWR,li1,173.1900,116.6530,1.799913
TAP_TAPCELL_ROW_38_563,VPWR,li1,147.4300,116.6530,1.799790
TAP_TAPCELL_ROW_38_562,VPWR,li1,121.6700,116.6530,1.799742
TAP_TAPCELL_ROW_38_561,VPWR,li1,95.9100,116.6530,1.799732
TAP_TAPCELL_ROW_38_560,VPWR,li1,70.1500,116.6530,1.799766
TAP_TAPCELL_ROW_38_559,VPWR,li1,44.3900,116.6530,1.799848
TAP_TAPCELL_ROW_38_558,VPWR,li1,18.6300,116.6530,1.799954
TAP_TAPCELL_ROW_37_557,VPWR,li1,237.5900,111.8260,1.799857
TAP_TAPCELL_ROW_37_556,VPWR,li1,211.8300,111.8260,1.799863
TAP_TAPCELL_ROW_37_555,VPWR,li1,186.0700,111.8260,1.799899
TAP_TAPCELL_ROW_37_554,VPWR,li1,160.3100,111.8260,1.799869
TAP_TAPCELL_ROW_37_553,VPWR,li1,134.5500,111.8260,1.799797
TAP_TAPCELL_ROW_37_552,VPWR,li1,108.7900,111.8260,1.799767
TAP_TAPCELL_ROW_37_551,VPWR,li1,83.0300,111.8260,1.799774
TAP_TAPCELL_ROW_37_550,VPWR,li1,57.2700,111.8260,1.799826
TAP_TAPCELL_ROW_37_549,VPWR,li1,31.5100,111.8260,1.799908
TAP_TAPCELL_ROW_36_548,VPWR,li1,250.4700,111.2130,1.799857
TAP_TAPCELL_ROW_36_547,VPWR,li1,224.7100,111.2130,1.799857
TAP_TAPCELL_ROW_36_546,VPWR,li1,198.9500,111.2130,1.799876
TAP_TAPCELL_ROW_36_545,VPWR,li1,173.1900,111.2130,1.799914
TAP_TAPCELL_ROW_36_544,VPWR,li1,147.4300,111.2130,1.799828
TAP_TAPCELL_ROW_36_543,VPWR,li1,121.6700,111.2130,1.799777
TAP_TAPCELL_ROW_36_542,VPWR,li1,95.9100,111.2130,1.799767
TAP_TAPCELL_ROW_36_541,VPWR,li1,70.1500,111.2130,1.799796
TAP_TAPCELL_ROW_36_540,VPWR,li1,44.3900,111.2130,1.799866
TAP_TAPCELL_ROW_36_539,VPWR,li1,18.6300,111.2130,1.799952
TAP_TAPCELL_ROW_35_538,VPWR,li1,237.5900,106.3860,1.799755
TAP_TAPCELL_ROW_35_537,VPWR,li1,211.8300,106.3860,1.799761
TAP_TAPCELL_ROW_35_536,VPWR,li1,186.0700,106.3860,1.799805
TAP_TAPCELL_ROW_35_535,VPWR,li1,160.3100,106.3860,1.799805
TAP_TAPCELL_ROW_35_534,VPWR,li1,134.5500,106.3860,1.799689
TAP_TAPCELL_ROW_35_533,VPWR,li1,108.7900,106.3860,1.799639
TAP_TAPCELL_ROW_35_532,VPWR,li1,83.0300,106.3860,1.799658
TAP_TAPCELL_ROW_35_531,VPWR,li1,57.2700,106.3860,1.799727
TAP_TAPCELL_ROW_35_530,VPWR,li1,31.5100,106.3860,1.799879
TAP_TAPCELL_ROW_34_529,VPWR,li1,250.4700,105.7730,1.799755
TAP_TAPCELL_ROW_34_528,VPWR,li1,224.7100,105.7730,1.799755
TAP_TAPCELL_ROW_34_527,VPWR,li1,198.9500,105.7730,1.799770
TAP_TAPCELL_ROW_34_526,VPWR,li1,173.1900,105.7730,1.799867
TAP_TAPCELL_ROW_34_525,VPWR,li1,147.4300,105.7730,1.799741
TAP_TAPCELL_ROW_34_524,VPWR,li1,121.6700,105.7730,1.799640
TAP_TAPCELL_ROW_34_523,VPWR,li1,95.9100,105.7730,1.799645
TAP_TAPCELL_ROW_34_522,VPWR,li1,70.1500,105.7730,1.799676
TAP_TAPCELL_ROW_34_521,VPWR,li1,44.3900,105.7730,1.799798
TAP_TAPCELL_ROW_34_520,VPWR,li1,18.6300,105.7730,1.799936
TAP_TAPCELL_ROW_33_519,VPWR,li1,237.5900,100.9460,1.799697
TAP_TAPCELL_ROW_33_518,VPWR,li1,211.8300,100.9460,1.799727
TAP_TAPCELL_ROW_33_517,VPWR,li1,186.0700,100.9460,1.799829
TAP_TAPCELL_ROW_33_516,VPWR,li1,160.3100,100.9460,1.799826
TAP_TAPCELL_ROW_33_515,VPWR,li1,134.5500,100.9460,1.799716
TAP_TAPCELL_ROW_33_514,VPWR,li1,108.7900,100.9460,1.799632
TAP_TAPCELL_ROW_33_513,VPWR,li1,83.0300,100.9460,1.799572
TAP_TAPCELL_ROW_33_512,VPWR,li1,57.2700,100.9460,1.799678
TAP_TAPCELL_ROW_33_511,VPWR,li1,31.5100,100.9460,1.799838
TAP_TAPCELL_ROW_32_510,VPWR,li1,250.4700,100.3330,1.799694
TAP_TAPCELL_ROW_32_509,VPWR,li1,224.7100,100.3330,1.799712
TAP_TAPCELL_ROW_32_508,VPWR,li1,198.9500,100.3330,1.799768
TAP_TAPCELL_ROW_32_507,VPWR,li1,173.1900,100.3330,1.799885
TAP_TAPCELL_ROW_32_506,VPWR,li1,147.4300,100.3330,1.799778
TAP_TAPCELL_ROW_32_505,VPWR,li1,121.6700,100.3330,1.799672
TAP_TAPCELL_ROW_32_504,VPWR,li1,95.9100,100.3330,1.799596
TAP_TAPCELL_ROW_32_503,VPWR,li1,70.1500,100.3330,1.799614
TAP_TAPCELL_ROW_32_502,VPWR,li1,44.3900,100.3330,1.799756
TAP_TAPCELL_ROW_32_501,VPWR,li1,18.6300,100.3330,1.799920
TAP_TAPCELL_ROW_31_500,VPWR,li1,237.5900,95.5060,1.799806
TAP_TAPCELL_ROW_31_499,VPWR,li1,211.8300,95.5060,1.799847
TAP_TAPCELL_ROW_31_498,VPWR,li1,186.0700,95.5060,1.799905
TAP_TAPCELL_ROW_31_497,VPWR,li1,160.3100,95.5060,1.799882
TAP_TAPCELL_ROW_31_496,VPWR,li1,134.5500,95.5060,1.799791
TAP_TAPCELL_ROW_31_495,VPWR,li1,108.7900,95.5060,1.799731
TAP_TAPCELL_ROW_31_494,VPWR,li1,83.0300,95.5060,1.799721
TAP_TAPCELL_ROW_31_493,VPWR,li1,57.2700,95.5060,1.799767
TAP_TAPCELL_ROW_31_492,VPWR,li1,31.5100,95.5060,1.799870
TAP_TAPCELL_ROW_30_491,VPWR,li1,250.4700,94.8930,1.799802
TAP_TAPCELL_ROW_30_490,VPWR,li1,224.7100,94.8930,1.799822
TAP_TAPCELL_ROW_30_489,VPWR,li1,198.9500,94.8930,1.799876
TAP_TAPCELL_ROW_30_488,VPWR,li1,173.1900,94.8930,1.799924
TAP_TAPCELL_ROW_30_487,VPWR,li1,147.4300,94.8930,1.799836
TAP_TAPCELL_ROW_30_486,VPWR,li1,121.6700,94.8930,1.799756
TAP_TAPCELL_ROW_30_485,VPWR,li1,95.9100,94.8930,1.799718
TAP_TAPCELL_ROW_30_484,VPWR,li1,70.1500,94.8930,1.799737
TAP_TAPCELL_ROW_30_483,VPWR,li1,44.3900,94.8930,1.799815
TAP_TAPCELL_ROW_30_482,VPWR,li1,18.6300,94.8930,1.799919
TAP_TAPCELL_ROW_29_481,VPWR,li1,237.5900,90.0660,1.799617
TAP_TAPCELL_ROW_29_480,VPWR,li1,211.8300,90.0660,1.799726
TAP_TAPCELL_ROW_29_479,VPWR,li1,186.0700,90.0660,1.799847
TAP_TAPCELL_ROW_29_478,VPWR,li1,160.3100,90.0660,1.799816
TAP_TAPCELL_ROW_29_477,VPWR,li1,134.5500,90.0660,1.799700
TAP_TAPCELL_ROW_29_476,VPWR,li1,108.7900,90.0660,1.799629
TAP_TAPCELL_ROW_29_475,VPWR,li1,83.0300,90.0660,1.799625
TAP_TAPCELL_ROW_29_474,VPWR,li1,57.2700,90.0660,1.799697
TAP_TAPCELL_ROW_29_473,VPWR,li1,31.5100,90.0660,1.799839
TAP_TAPCELL_ROW_28_472,VPWR,li1,250.4700,89.4530,1.799609
TAP_TAPCELL_ROW_28_471,VPWR,li1,224.7100,89.4530,1.799667
TAP_TAPCELL_ROW_28_470,VPWR,li1,198.9500,89.4530,1.799785
TAP_TAPCELL_ROW_28_469,VPWR,li1,173.1900,89.4530,1.799887
TAP_TAPCELL_ROW_28_468,VPWR,li1,147.4300,89.4530,1.799758
TAP_TAPCELL_ROW_28_467,VPWR,li1,121.6700,89.4530,1.799647
TAP_TAPCELL_ROW_28_466,VPWR,li1,95.9100,89.4530,1.799621
TAP_TAPCELL_ROW_28_465,VPWR,li1,70.1500,89.4530,1.799660
TAP_TAPCELL_ROW_28_464,VPWR,li1,44.3900,89.4530,1.799750
TAP_TAPCELL_ROW_28_463,VPWR,li1,18.6300,89.4530,1.799920
TAP_TAPCELL_ROW_27_462,VPWR,li1,237.5900,84.6260,1.799842
TAP_TAPCELL_ROW_27_461,VPWR,li1,211.8300,84.6260,1.799873
TAP_TAPCELL_ROW_27_460,VPWR,li1,186.0700,84.6260,1.799919
TAP_TAPCELL_ROW_27_459,VPWR,li1,160.3100,84.6260,1.799857
TAP_TAPCELL_ROW_27_458,VPWR,li1,134.5500,84.6260,1.799789
TAP_TAPCELL_ROW_27_457,VPWR,li1,108.7900,84.6260,1.799760
TAP_TAPCELL_ROW_27_456,VPWR,li1,83.0300,84.6260,1.799773
TAP_TAPCELL_ROW_27_455,VPWR,li1,57.2700,84.6260,1.799825
TAP_TAPCELL_ROW_27_454,VPWR,li1,31.5100,84.6260,1.799912
TAP_TAPCELL_ROW_26_453,VPWR,li1,250.4700,84.0130,1.799839
TAP_TAPCELL_ROW_26_452,VPWR,li1,224.7100,84.0130,1.799852
TAP_TAPCELL_ROW_26_451,VPWR,li1,198.9500,84.0130,1.799893
TAP_TAPCELL_ROW_26_450,VPWR,li1,173.1900,84.0130,1.799924
TAP_TAPCELL_ROW_26_449,VPWR,li1,147.4300,84.0130,1.799815
TAP_TAPCELL_ROW_26_448,VPWR,li1,121.6700,84.0130,1.799768
TAP_TAPCELL_ROW_26_447,VPWR,li1,95.9100,84.0130,1.799759
TAP_TAPCELL_ROW_26_446,VPWR,li1,70.1500,84.0130,1.799794
TAP_TAPCELL_ROW_26_445,VPWR,li1,44.3900,84.0130,1.799861
TAP_TAPCELL_ROW_26_444,VPWR,li1,18.6300,84.0130,1.799948
TAP_TAPCELL_ROW_25_443,VPWR,li1,237.5900,79.1860,1.799845
TAP_TAPCELL_ROW_25_442,VPWR,li1,211.8300,79.1860,1.799867
TAP_TAPCELL_ROW_25_441,VPWR,li1,186.0700,79.1860,1.799913
TAP_TAPCELL_ROW_25_440,VPWR,li1,160.3100,79.1860,1.799849
TAP_TAPCELL_ROW_25_439,VPWR,li1,134.5500,79.1860,1.799733
TAP_TAPCELL_ROW_25_438,VPWR,li1,108.7900,79.1860,1.799655
TAP_TAPCELL_ROW_25_437,VPWR,li1,83.0300,79.1860,1.799645
TAP_TAPCELL_ROW_25_436,VPWR,li1,57.2700,79.1860,1.799732
TAP_TAPCELL_ROW_25_435,VPWR,li1,31.5100,79.1860,1.799866
TAP_TAPCELL_ROW_24_434,VPWR,li1,250.4700,78.5730,1.799842
TAP_TAPCELL_ROW_24_433,VPWR,li1,224.7100,78.5730,1.799853
TAP_TAPCELL_ROW_24_432,VPWR,li1,198.9500,78.5730,1.799890
TAP_TAPCELL_ROW_24_431,VPWR,li1,173.1900,78.5730,1.799915
TAP_TAPCELL_ROW_24_430,VPWR,li1,147.4300,78.5730,1.799786
TAP_TAPCELL_ROW_24_429,VPWR,li1,121.6700,78.5730,1.799694
TAP_TAPCELL_ROW_24_428,VPWR,li1,95.9100,78.5730,1.799628
TAP_TAPCELL_ROW_24_427,VPWR,li1,70.1500,78.5730,1.799688
TAP_TAPCELL_ROW_24_426,VPWR,li1,44.3900,78.5730,1.799793
TAP_TAPCELL_ROW_24_425,VPWR,li1,18.6300,78.5730,1.799924
TAP_TAPCELL_ROW_23_424,VPWR,li1,237.5900,73.7460,1.799844
TAP_TAPCELL_ROW_23_423,VPWR,li1,211.8300,73.7460,1.799875
TAP_TAPCELL_ROW_23_422,VPWR,li1,186.0700,73.7460,1.799932
TAP_TAPCELL_ROW_23_421,VPWR,li1,160.3100,73.7460,1.799921
TAP_TAPCELL_ROW_23_420,VPWR,li1,134.5500,73.7460,1.799886
TAP_TAPCELL_ROW_23_419,VPWR,li1,108.7900,73.7460,1.799878
TAP_TAPCELL_ROW_23_418,VPWR,li1,83.0300,73.7460,1.799887
TAP_TAPCELL_ROW_23_417,VPWR,li1,57.2700,73.7460,1.799901
TAP_TAPCELL_ROW_23_416,VPWR,li1,31.5100,73.7460,1.799920
TAP_TAPCELL_ROW_22_415,VPWR,li1,250.4700,73.1330,1.799841
TAP_TAPCELL_ROW_22_414,VPWR,li1,224.7100,73.1330,1.799860
TAP_TAPCELL_ROW_22_413,VPWR,li1,198.9500,73.1330,1.799901
TAP_TAPCELL_ROW_22_412,VPWR,li1,173.1900,73.1330,1.799952
TAP_TAPCELL_ROW_22_411,VPWR,li1,147.4300,73.1330,1.799901
TAP_TAPCELL_ROW_22_410,VPWR,li1,121.6700,73.1330,1.799879
TAP_TAPCELL_ROW_22_409,VPWR,li1,95.9100,73.1330,1.799880
TAP_TAPCELL_ROW_22_408,VPWR,li1,70.1500,73.1330,1.799894
TAP_TAPCELL_ROW_22_407,VPWR,li1,44.3900,73.1330,1.799908
TAP_TAPCELL_ROW_22_406,VPWR,li1,18.6300,73.1330,1.799935
TAP_TAPCELL_ROW_21_405,VPWR,li1,237.5900,68.3060,1.799539
TAP_TAPCELL_ROW_21_404,VPWR,li1,211.8300,68.3060,1.799629
TAP_TAPCELL_ROW_21_403,VPWR,li1,186.0700,68.3060,1.799763
TAP_TAPCELL_ROW_21_402,VPWR,li1,160.3100,68.3060,1.799764
TAP_TAPCELL_ROW_21_401,VPWR,li1,134.5500,68.3060,1.799721
TAP_TAPCELL_ROW_21_400,VPWR,li1,108.7900,68.3060,1.799714
TAP_TAPCELL_ROW_21_399,VPWR,li1,83.0300,68.3060,1.799749
TAP_TAPCELL_ROW_21_398,VPWR,li1,57.2700,68.3060,1.799812
TAP_TAPCELL_ROW_21_397,VPWR,li1,31.5100,68.3060,1.799901
TAP_TAPCELL_ROW_20_396,VPWR,li1,250.4700,67.6930,1.799539
TAP_TAPCELL_ROW_20_395,VPWR,li1,224.7100,67.6930,1.799567
TAP_TAPCELL_ROW_20_394,VPWR,li1,198.9500,67.6930,1.799690
TAP_TAPCELL_ROW_20_393,VPWR,li1,173.1900,67.6930,1.799834
TAP_TAPCELL_ROW_20_392,VPWR,li1,147.4300,67.6930,1.799733
TAP_TAPCELL_ROW_20_391,VPWR,li1,121.6700,67.6930,1.799714
TAP_TAPCELL_ROW_20_390,VPWR,li1,95.9100,67.6930,1.799727
TAP_TAPCELL_ROW_20_389,VPWR,li1,70.1500,67.6930,1.799780
TAP_TAPCELL_ROW_20_388,VPWR,li1,44.3900,67.6930,1.799853
TAP_TAPCELL_ROW_20_387,VPWR,li1,18.6300,67.6930,1.799946
TAP_TAPCELL_ROW_19_386,VPWR,li1,237.5900,62.8660,1.799751
TAP_TAPCELL_ROW_19_385,VPWR,li1,211.8300,62.8660,1.799783
TAP_TAPCELL_ROW_19_384,VPWR,li1,186.0700,62.8660,1.799825
TAP_TAPCELL_ROW_19_383,VPWR,li1,160.3100,62.8660,1.799818
TAP_TAPCELL_ROW_19_382,VPWR,li1,134.5500,62.8660,1.799716
TAP_TAPCELL_ROW_19_381,VPWR,li1,108.7900,62.8660,1.799626
TAP_TAPCELL_ROW_19_380,VPWR,li1,83.0300,62.8660,1.799553
TAP_TAPCELL_ROW_19_379,VPWR,li1,57.2700,62.8660,1.799627
TAP_TAPCELL_ROW_19_378,VPWR,li1,31.5100,62.8660,1.799809
TAP_TAPCELL_ROW_18_377,VPWR,li1,250.4700,62.2530,1.799748
TAP_TAPCELL_ROW_18_376,VPWR,li1,224.7100,62.2530,1.799767
TAP_TAPCELL_ROW_18_375,VPWR,li1,198.9500,62.2530,1.799802
TAP_TAPCELL_ROW_18_374,VPWR,li1,173.1900,62.2530,1.799867
TAP_TAPCELL_ROW_18_373,VPWR,li1,147.4300,62.2530,1.799765
TAP_TAPCELL_ROW_18_372,VPWR,li1,121.6700,62.2530,1.799662
TAP_TAPCELL_ROW_18_371,VPWR,li1,95.9100,62.2530,1.799588
TAP_TAPCELL_ROW_18_370,VPWR,li1,70.1500,62.2530,1.799574
TAP_TAPCELL_ROW_18_369,VPWR,li1,44.3900,62.2530,1.799696
TAP_TAPCELL_ROW_18_368,VPWR,li1,18.6300,62.2530,1.799899
TAP_TAPCELL_ROW_17_367,VPWR,li1,237.5900,57.4260,1.799474
TAP_TAPCELL_ROW_17_366,VPWR,li1,211.8300,57.4260,1.799578
TAP_TAPCELL_ROW_17_365,VPWR,li1,186.0700,57.4260,1.799782
TAP_TAPCELL_ROW_17_364,VPWR,li1,160.3100,57.4260,1.799779
TAP_TAPCELL_ROW_17_363,VPWR,li1,134.5500,57.4260,1.799658
TAP_TAPCELL_ROW_17_362,VPWR,li1,108.7900,57.4260,1.799595
TAP_TAPCELL_ROW_17_361,VPWR,li1,83.0300,57.4260,1.799606
TAP_TAPCELL_ROW_17_360,VPWR,li1,57.2700,57.4260,1.799709
TAP_TAPCELL_ROW_17_359,VPWR,li1,31.5100,57.4260,1.799861
TAP_TAPCELL_ROW_16_358,VPWR,li1,250.4700,56.8130,1.799448
TAP_TAPCELL_ROW_16_357,VPWR,li1,224.7100,56.8130,1.799526
TAP_TAPCELL_ROW_16_356,VPWR,li1,198.9500,56.8130,1.799667
TAP_TAPCELL_ROW_16_355,VPWR,li1,173.1900,56.8130,1.799842
TAP_TAPCELL_ROW_16_354,VPWR,li1,147.4300,56.8130,1.799725
TAP_TAPCELL_ROW_16_353,VPWR,li1,121.6700,56.8130,1.799604
TAP_TAPCELL_ROW_16_352,VPWR,li1,95.9100,56.8130,1.799598
TAP_TAPCELL_ROW_16_351,VPWR,li1,70.1500,56.8130,1.799634
TAP_TAPCELL_ROW_16_350,VPWR,li1,44.3900,56.8130,1.799788
TAP_TAPCELL_ROW_16_349,VPWR,li1,18.6300,56.8130,1.799920
TAP_TAPCELL_ROW_15_348,VPWR,li1,237.5900,51.9860,1.799813
TAP_TAPCELL_ROW_15_347,VPWR,li1,211.8300,51.9860,1.799839
TAP_TAPCELL_ROW_15_346,VPWR,li1,186.0700,51.9860,1.799910
TAP_TAPCELL_ROW_15_345,VPWR,li1,160.3100,51.9860,1.799911
TAP_TAPCELL_ROW_15_344,VPWR,li1,134.5500,51.9860,1.799862
TAP_TAPCELL_ROW_15_343,VPWR,li1,108.7900,51.9860,1.799844
TAP_TAPCELL_ROW_15_342,VPWR,li1,83.0300,51.9860,1.799830
TAP_TAPCELL_ROW_15_341,VPWR,li1,57.2700,51.9860,1.799847
TAP_TAPCELL_ROW_15_340,VPWR,li1,31.5100,51.9860,1.799899
TAP_TAPCELL_ROW_14_339,VPWR,li1,250.4700,51.3730,1.799813
TAP_TAPCELL_ROW_14_338,VPWR,li1,224.7100,51.3730,1.799819
TAP_TAPCELL_ROW_14_337,VPWR,li1,198.9500,51.3730,1.799873
TAP_TAPCELL_ROW_14_336,VPWR,li1,173.1900,51.3730,1.799941
TAP_TAPCELL_ROW_14_335,VPWR,li1,147.4300,51.3730,1.799886
TAP_TAPCELL_ROW_14_334,VPWR,li1,121.6700,51.3730,1.799852
TAP_TAPCELL_ROW_14_333,VPWR,li1,95.9100,51.3730,1.799838
TAP_TAPCELL_ROW_14_332,VPWR,li1,70.1500,51.3730,1.799836
TAP_TAPCELL_ROW_14_331,VPWR,li1,44.3900,51.3730,1.799868
TAP_TAPCELL_ROW_14_330,VPWR,li1,18.6300,51.3730,1.799933
TAP_TAPCELL_ROW_13_329,VPWR,li1,237.5900,46.5460,1.799913
TAP_TAPCELL_ROW_13_328,VPWR,li1,211.8300,46.5460,1.799913
TAP_TAPCELL_ROW_13_327,VPWR,li1,186.0700,46.5460,1.799926
TAP_TAPCELL_ROW_13_326,VPWR,li1,160.3100,46.5460,1.799852
TAP_TAPCELL_ROW_13_325,VPWR,li1,134.5500,46.5460,1.799804
TAP_TAPCELL_ROW_13_324,VPWR,li1,108.7900,46.5460,1.799784
TAP_TAPCELL_ROW_13_323,VPWR,li1,83.0300,46.5460,1.799789
TAP_TAPCELL_ROW_13_322,VPWR,li1,57.2700,46.5460,1.799815
TAP_TAPCELL_ROW_13_321,VPWR,li1,31.5100,46.5460,1.799885
TAP_TAPCELL_ROW_12_320,VPWR,li1,250.4700,45.9330,1.799913
TAP_TAPCELL_ROW_12_319,VPWR,li1,224.7100,45.9330,1.799913
TAP_TAPCELL_ROW_12_318,VPWR,li1,198.9500,45.9330,1.799918
TAP_TAPCELL_ROW_12_317,VPWR,li1,173.1900,45.9330,1.799913
TAP_TAPCELL_ROW_12_316,VPWR,li1,147.4300,45.9330,1.799821
TAP_TAPCELL_ROW_12_315,VPWR,li1,121.6700,45.9330,1.799790
TAP_TAPCELL_ROW_12_314,VPWR,li1,95.9100,45.9330,1.799784
TAP_TAPCELL_ROW_12_313,VPWR,li1,70.1500,45.9330,1.799795
TAP_TAPCELL_ROW_12_312,VPWR,li1,44.3900,45.9330,1.799845
TAP_TAPCELL_ROW_12_311,VPWR,li1,18.6300,45.9330,1.799902
TAP_TAPCELL_ROW_11_310,VPWR,li1,237.5900,41.1060,1.799959
TAP_TAPCELL_ROW_11_309,VPWR,li1,211.8300,41.1060,1.799959
TAP_TAPCELL_ROW_11_308,VPWR,li1,186.0700,41.1060,1.799964
TAP_TAPCELL_ROW_11_307,VPWR,li1,160.3100,41.1060,1.799956
TAP_TAPCELL_ROW_11_306,VPWR,li1,134.5500,41.1060,1.799930
TAP_TAPCELL_ROW_11_305,VPWR,li1,108.7900,41.1060,1.799911
TAP_TAPCELL_ROW_11_304,VPWR,li1,83.0300,41.1060,1.799905
TAP_TAPCELL_ROW_11_303,VPWR,li1,57.2700,41.1060,1.799932
TAP_TAPCELL_ROW_11_302,VPWR,li1,31.5100,41.1060,1.799958
TAP_TAPCELL_ROW_10_301,VPWR,li1,250.4700,40.4930,1.799959
TAP_TAPCELL_ROW_10_300,VPWR,li1,224.7100,40.4930,1.799959
TAP_TAPCELL_ROW_10_299,VPWR,li1,198.9500,40.4930,1.799959
TAP_TAPCELL_ROW_10_298,VPWR,li1,173.1900,40.4930,1.799972
TAP_TAPCELL_ROW_10_297,VPWR,li1,147.4300,40.4930,1.799938
TAP_TAPCELL_ROW_10_296,VPWR,li1,121.6700,40.4930,1.799921
TAP_TAPCELL_ROW_10_295,VPWR,li1,95.9100,40.4930,1.799904
TAP_TAPCELL_ROW_10_294,VPWR,li1,70.1500,40.4930,1.799920
TAP_TAPCELL_ROW_10_293,VPWR,li1,44.3900,40.4930,1.799945
TAP_TAPCELL_ROW_10_292,VPWR,li1,18.6300,40.4930,1.799969
TAP_TAPCELL_ROW_9_291,VPWR,li1,237.5900,35.6660,1.799958
TAP_TAPCELL_ROW_9_290,VPWR,li1,211.8300,35.6660,1.799958
TAP_TAPCELL_ROW_9_289,VPWR,li1,186.0700,35.6660,1.799958
TAP_TAPCELL_ROW_9_288,VPWR,li1,160.3100,35.6660,1.799899
TAP_TAPCELL_ROW_9_287,VPWR,li1,134.5500,35.6660,1.799839
TAP_TAPCELL_ROW_9_286,VPWR,li1,108.7900,35.6660,1.799830
TAP_TAPCELL_ROW_9_285,VPWR,li1,83.0300,35.6660,1.799854
TAP_TAPCELL_ROW_9_284,VPWR,li1,57.2700,35.6660,1.799891
TAP_TAPCELL_ROW_9_283,VPWR,li1,31.5100,35.6660,1.799949
TAP_TAPCELL_ROW_8_282,VPWR,li1,250.4700,35.0530,1.799958
TAP_TAPCELL_ROW_8_281,VPWR,li1,224.7100,35.0530,1.799958
TAP_TAPCELL_ROW_8_280,VPWR,li1,198.9500,35.0530,1.799958
TAP_TAPCELL_ROW_8_279,VPWR,li1,173.1900,35.0530,1.799948
TAP_TAPCELL_ROW_8_278,VPWR,li1,147.4300,35.0530,1.799868
TAP_TAPCELL_ROW_8_277,VPWR,li1,121.6700,35.0530,1.799827
TAP_TAPCELL_ROW_8_276,VPWR,li1,95.9100,35.0530,1.799840
TAP_TAPCELL_ROW_8_275,VPWR,li1,70.1500,35.0530,1.799870
TAP_TAPCELL_ROW_8_274,VPWR,li1,44.3900,35.0530,1.799919
TAP_TAPCELL_ROW_8_273,VPWR,li1,18.6300,35.0530,1.799972
TAP_TAPCELL_ROW_7_272,VPWR,li1,237.5900,30.2260,1.799884
TAP_TAPCELL_ROW_7_271,VPWR,li1,211.8300,30.2260,1.799884
TAP_TAPCELL_ROW_7_270,VPWR,li1,186.0700,30.2260,1.799884
TAP_TAPCELL_ROW_7_269,VPWR,li1,160.3100,30.2260,1.799762
TAP_TAPCELL_ROW_7_268,VPWR,li1,134.5500,30.2260,1.799615
TAP_TAPCELL_ROW_7_267,VPWR,li1,108.7900,30.2260,1.799542
TAP_TAPCELL_ROW_7_266,VPWR,li1,83.0300,30.2260,1.799551
TAP_TAPCELL_ROW_7_265,VPWR,li1,57.2700,30.2260,1.799671
TAP_TAPCELL_ROW_7_264,VPWR,li1,31.5100,30.2260,1.799838
TAP_TAPCELL_ROW_6_263,VPWR,li1,250.4700,29.6130,1.799884
TAP_TAPCELL_ROW_6_262,VPWR,li1,224.7100,29.6130,1.799884
TAP_TAPCELL_ROW_6_261,VPWR,li1,198.9500,29.6130,1.799884
TAP_TAPCELL_ROW_6_260,VPWR,li1,173.1900,29.6130,1.799863
TAP_TAPCELL_ROW_6_259,VPWR,li1,147.4300,29.6130,1.799670
TAP_TAPCELL_ROW_6_258,VPWR,li1,121.6700,29.6130,1.799566
TAP_TAPCELL_ROW_6_257,VPWR,li1,95.9100,29.6130,1.799542
TAP_TAPCELL_ROW_6_256,VPWR,li1,70.1500,29.6130,1.799605
TAP_TAPCELL_ROW_6_255,VPWR,li1,44.3900,29.6130,1.799750
TAP_TAPCELL_ROW_6_254,VPWR,li1,18.6300,29.6130,1.799916
TAP_TAPCELL_ROW_5_253,VPWR,li1,237.5900,24.7860,1.799960
TAP_TAPCELL_ROW_5_252,VPWR,li1,211.8300,24.7860,1.799960
TAP_TAPCELL_ROW_5_251,VPWR,li1,186.0700,24.7860,1.799960
TAP_TAPCELL_ROW_5_250,VPWR,li1,160.3100,24.7860,1.799904
TAP_TAPCELL_ROW_5_249,VPWR,li1,134.5500,24.7860,1.799813
TAP_TAPCELL_ROW_5_248,VPWR,li1,108.7900,24.7860,1.799753
TAP_TAPCELL_ROW_5_247,VPWR,li1,83.0300,24.7860,1.799725
TAP_TAPCELL_ROW_5_246,VPWR,li1,57.2700,24.7860,1.799718
TAP_TAPCELL_ROW_5_245,VPWR,li1,31.5100,24.7860,1.799832
TAP_TAPCELL_ROW_4_244,VPWR,li1,250.4700,24.1730,1.799960
TAP_TAPCELL_ROW_4_243,VPWR,li1,224.7100,24.1730,1.799960
TAP_TAPCELL_ROW_4_242,VPWR,li1,198.9500,24.1730,1.799960
TAP_TAPCELL_ROW_4_241,VPWR,li1,173.1900,24.1730,1.799951
TAP_TAPCELL_ROW_4_240,VPWR,li1,147.4300,24.1730,1.799860
TAP_TAPCELL_ROW_4_239,VPWR,li1,121.6700,24.1730,1.799777
TAP_TAPCELL_ROW_4_238,VPWR,li1,95.9100,24.1730,1.799733
TAP_TAPCELL_ROW_4_237,VPWR,li1,70.1500,24.1730,1.799722
TAP_TAPCELL_ROW_4_236,VPWR,li1,44.3900,24.1730,1.799757
TAP_TAPCELL_ROW_4_235,VPWR,li1,18.6300,24.1730,1.799915
TAP_TAPCELL_ROW_3_234,VPWR,li1,237.5900,19.3460,1.799954
TAP_TAPCELL_ROW_3_233,VPWR,li1,211.8300,19.3460,1.799954
TAP_TAPCELL_ROW_3_232,VPWR,li1,186.0700,19.3460,1.799954
TAP_TAPCELL_ROW_3_231,VPWR,li1,160.3100,19.3460,1.799880
TAP_TAPCELL_ROW_3_230,VPWR,li1,134.5500,19.3460,1.799801
TAP_TAPCELL_ROW_3_229,VPWR,li1,108.7900,19.3460,1.799757
TAP_TAPCELL_ROW_3_228,VPWR,li1,83.0300,19.3460,1.799759
TAP_TAPCELL_ROW_3_227,VPWR,li1,57.2700,19.3460,1.799802
TAP_TAPCELL_ROW_3_226,VPWR,li1,31.5100,19.3460,1.799892
TAP_TAPCELL_ROW_2_225,VPWR,li1,250.4700,18.7330,1.799954
TAP_TAPCELL_ROW_2_224,VPWR,li1,224.7100,18.7330,1.799954
TAP_TAPCELL_ROW_2_223,VPWR,li1,198.9500,18.7330,1.799954
TAP_TAPCELL_ROW_2_222,VPWR,li1,173.1900,18.7330,1.799943
TAP_TAPCELL_ROW_2_221,VPWR,li1,147.4300,18.7330,1.799832
TAP_TAPCELL_ROW_2_220,VPWR,li1,121.6700,18.7330,1.799774
TAP_TAPCELL_ROW_2_219,VPWR,li1,95.9100,18.7330,1.799754
TAP_TAPCELL_ROW_2_218,VPWR,li1,70.1500,18.7330,1.799777
TAP_TAPCELL_ROW_2_217,VPWR,li1,44.3900,18.7330,1.799841
TAP_TAPCELL_ROW_2_216,VPWR,li1,18.6300,18.7330,1.799942
TAP_TAPCELL_ROW_1_215,VPWR,li1,237.5900,13.9060,1.799984
TAP_TAPCELL_ROW_1_214,VPWR,li1,211.8300,13.9060,1.799984
TAP_TAPCELL_ROW_1_213,VPWR,li1,186.0700,13.9060,1.799984
TAP_TAPCELL_ROW_1_212,VPWR,li1,160.3100,13.9060,1.799963
TAP_TAPCELL_ROW_1_211,VPWR,li1,134.5500,13.9060,1.799943
TAP_TAPCELL_ROW_1_210,VPWR,li1,108.7900,13.9060,1.799931
TAP_TAPCELL_ROW_1_209,VPWR,li1,83.0300,13.9060,1.799927
TAP_TAPCELL_ROW_1_208,VPWR,li1,57.2700,13.9060,1.799940
TAP_TAPCELL_ROW_1_207,VPWR,li1,31.5100,13.9060,1.799973
TAP_TAPCELL_ROW_0_206,VPWR,li1,250.4700,13.2930,1.799984
TAP_TAPCELL_ROW_0_205,VPWR,li1,237.5900,13.2930,1.799984
TAP_TAPCELL_ROW_0_204,VPWR,li1,224.7100,13.2930,1.799984
TAP_TAPCELL_ROW_0_203,VPWR,li1,211.8300,13.2930,1.799984
TAP_TAPCELL_ROW_0_202,VPWR,li1,198.9500,13.2930,1.799984
TAP_TAPCELL_ROW_0_201,VPWR,li1,186.0700,13.2930,1.799984
TAP_TAPCELL_ROW_0_200,VPWR,li1,173.1900,13.2930,1.799979
TAP_TAPCELL_ROW_0_199,VPWR,li1,160.3100,13.2930,1.799963
TAP_TAPCELL_ROW_0_198,VPWR,li1,147.4300,13.2930,1.799948
TAP_TAPCELL_ROW_0_197,VPWR,li1,134.5500,13.2930,1.799943
TAP_TAPCELL_ROW_0_196,VPWR,li1,121.6700,13.2930,1.799937
TAP_TAPCELL_ROW_0_195,VPWR,li1,108.7900,13.2930,1.799931
TAP_TAPCELL_ROW_0_194,VPWR,li1,95.9100,13.2930,1.799926
TAP_TAPCELL_ROW_0_193,VPWR,li1,83.0300,13.2930,1.799927
TAP_TAPCELL_ROW_0_192,VPWR,li1,70.1500,13.2930,1.799928
TAP_TAPCELL_ROW_0_191,VPWR,li1,57.2700,13.2930,1.799940
TAP_TAPCELL_ROW_0_190,VPWR,li1,44.3900,13.2930,1.799957
TAP_TAPCELL_ROW_0_189,VPWR,li1,31.5100,13.2930,1.799973
TAP_TAPCELL_ROW_0_188,VPWR,li1,18.6300,13.2930,1.799987
PHY_EDGE_ROW_93_Left_187,VPWR,li1,6.2100,263.8400,1.799991
PHY_EDGE_ROW_92_Left_186,VPWR,li1,6.2100,263.8400,1.799991
PHY_EDGE_ROW_91_Left_185,VPWR,li1,6.2100,258.4000,1.799949
PHY_EDGE_ROW_90_Left_184,VPWR,li1,6.2100,258.4000,1.799949
PHY_EDGE_ROW_89_Left_183,VPWR,li1,6.2100,252.9600,1.799927
PHY_EDGE_ROW_88_Left_182,VPWR,li1,6.2100,252.9600,1.799927
PHY_EDGE_ROW_87_Left_181,VPWR,li1,6.2100,247.5200,1.799934
PHY_EDGE_ROW_86_Left_180,VPWR,li1,6.2100,247.5200,1.799934
PHY_EDGE_ROW_85_Left_179,VPWR,li1,6.2100,242.0800,1.799925
PHY_EDGE_ROW_84_Left_178,VPWR,li1,6.2100,242.0800,1.799925
PHY_EDGE_ROW_83_Left_177,VPWR,li1,6.2100,236.6400,1.799966
PHY_EDGE_ROW_82_Left_176,VPWR,li1,6.2100,236.6400,1.799966
PHY_EDGE_ROW_81_Left_175,VPWR,li1,6.2100,231.2000,1.799972
PHY_EDGE_ROW_80_Left_174,VPWR,li1,6.2100,231.2000,1.799972
PHY_EDGE_ROW_79_Left_173,VPWR,li1,6.2100,225.7600,1.799911
PHY_EDGE_ROW_78_Left_172,VPWR,li1,6.2100,225.7600,1.799911
PHY_EDGE_ROW_77_Left_171,VPWR,li1,6.2100,220.3200,1.799934
PHY_EDGE_ROW_76_Left_170,VPWR,li1,6.2100,220.3200,1.799934
PHY_EDGE_ROW_75_Left_169,VPWR,li1,6.2100,214.8800,1.799925
PHY_EDGE_ROW_74_Left_168,VPWR,li1,6.2100,214.8800,1.799925
PHY_EDGE_ROW_73_Left_167,VPWR,li1,6.2100,209.4400,1.799939
PHY_EDGE_ROW_72_Left_166,VPWR,li1,6.2100,209.4400,1.799939
PHY_EDGE_ROW_71_Left_165,VPWR,li1,6.2100,204.0000,1.799978
PHY_EDGE_ROW_70_Left_164,VPWR,li1,6.2100,204.0000,1.799978
PHY_EDGE_ROW_69_Left_163,VPWR,li1,6.2100,198.5600,1.799971
PHY_EDGE_ROW_68_Left_162,VPWR,li1,6.2100,198.5600,1.799971
PHY_EDGE_ROW_67_Left_161,VPWR,li1,6.2100,193.1200,1.799950
PHY_EDGE_ROW_66_Left_160,VPWR,li1,6.2100,193.1200,1.799950
PHY_EDGE_ROW_65_Left_159,VPWR,li1,6.2100,187.6800,1.799931
PHY_EDGE_ROW_64_Left_158,VPWR,li1,6.2100,187.6800,1.799931
PHY_EDGE_ROW_63_Left_157,VPWR,li1,6.2100,182.2400,1.799906
PHY_EDGE_ROW_62_Left_156,VPWR,li1,6.2100,182.2400,1.799906
PHY_EDGE_ROW_61_Left_155,VPWR,li1,6.2100,176.8000,1.799951
PHY_EDGE_ROW_60_Left_154,VPWR,li1,6.2100,176.8000,1.799951
PHY_EDGE_ROW_59_Left_153,VPWR,li1,6.2100,171.3600,1.799973
PHY_EDGE_ROW_58_Left_152,VPWR,li1,6.2100,171.3600,1.799973
PHY_EDGE_ROW_57_Left_151,VPWR,li1,6.2100,165.9200,1.799939
PHY_EDGE_ROW_56_Left_150,VPWR,li1,6.2100,165.9200,1.799939
PHY_EDGE_ROW_55_Left_149,VPWR,li1,6.2100,160.4800,1.799941
PHY_EDGE_ROW_54_Left_148,VPWR,li1,6.2100,160.4800,1.799941
PHY_EDGE_ROW_53_Left_147,VPWR,li1,6.2100,155.0400,1.799943
PHY_EDGE_ROW_52_Left_146,VPWR,li1,6.2100,155.0400,1.799943
PHY_EDGE_ROW_51_Left_145,VPWR,li1,6.2100,149.6000,1.799983
PHY_EDGE_ROW_50_Left_144,VPWR,li1,6.2100,149.6000,1.799983
PHY_EDGE_ROW_49_Left_143,VPWR,li1,6.2100,144.1600,1.799984
PHY_EDGE_ROW_48_Left_142,VPWR,li1,6.2100,144.1600,1.799984
PHY_EDGE_ROW_47_Left_141,VPWR,li1,6.2100,138.7200,1.799969
PHY_EDGE_ROW_46_Left_140,VPWR,li1,6.2100,138.7200,1.799969
PHY_EDGE_ROW_45_Left_139,VPWR,li1,6.2100,133.2800,1.799970
PHY_EDGE_ROW_44_Left_138,VPWR,li1,6.2100,133.2800,1.799970
PHY_EDGE_ROW_43_Left_137,VPWR,li1,6.2100,127.8400,1.799978
PHY_EDGE_ROW_42_Left_136,VPWR,li1,6.2100,127.8400,1.799978
PHY_EDGE_ROW_41_Left_135,VPWR,li1,6.2100,122.4000,1.799910
PHY_EDGE_ROW_40_Left_134,VPWR,li1,6.2100,122.4000,1.799910
PHY_EDGE_ROW_39_Left_133,VPWR,li1,6.2100,116.9600,1.799954
PHY_EDGE_ROW_38_Left_132,VPWR,li1,6.2100,116.9600,1.799954
PHY_EDGE_ROW_37_Left_131,VPWR,li1,6.2100,111.5200,1.799952
PHY_EDGE_ROW_36_Left_130,VPWR,li1,6.2100,111.5200,1.799952
PHY_EDGE_ROW_35_Left_129,VPWR,li1,6.2100,106.0800,1.799936
PHY_EDGE_ROW_34_Left_128,VPWR,li1,6.2100,106.0800,1.799936
PHY_EDGE_ROW_33_Left_127,VPWR,li1,6.2100,100.6400,1.799920
PHY_EDGE_ROW_32_Left_126,VPWR,li1,6.2100,100.6400,1.799920
PHY_EDGE_ROW_31_Left_125,VPWR,li1,6.2100,95.2000,1.799919
PHY_EDGE_ROW_30_Left_124,VPWR,li1,6.2100,95.2000,1.799919
PHY_EDGE_ROW_29_Left_123,VPWR,li1,6.2100,89.7600,1.799920
PHY_EDGE_ROW_28_Left_122,VPWR,li1,6.2100,89.7600,1.799920
PHY_EDGE_ROW_27_Left_121,VPWR,li1,6.2100,84.3200,1.799948
PHY_EDGE_ROW_26_Left_120,VPWR,li1,6.2100,84.3200,1.799948
PHY_EDGE_ROW_25_Left_119,VPWR,li1,6.2100,78.8800,1.799919
PHY_EDGE_ROW_24_Left_118,VPWR,li1,6.2100,78.8800,1.799919
PHY_EDGE_ROW_23_Left_117,VPWR,li1,6.2100,73.4400,1.799927
PHY_EDGE_ROW_22_Left_116,VPWR,li1,6.2100,73.4400,1.799927
PHY_EDGE_ROW_21_Left_115,VPWR,li1,6.2100,68.0000,1.799945
PHY_EDGE_ROW_20_Left_114,VPWR,li1,6.2100,68.0000,1.799945
PHY_EDGE_ROW_19_Left_113,VPWR,li1,6.2100,62.5600,1.799899
PHY_EDGE_ROW_18_Left_112,VPWR,li1,6.2100,62.5600,1.799899
PHY_EDGE_ROW_17_Left_111,VPWR,li1,6.2100,57.1200,1.799918
PHY_EDGE_ROW_16_Left_110,VPWR,li1,6.2100,57.1200,1.799918
PHY_EDGE_ROW_15_Left_109,VPWR,li1,6.2100,51.6800,1.799933
PHY_EDGE_ROW_14_Left_108,VPWR,li1,6.2100,51.6800,1.799933
PHY_EDGE_ROW_13_Left_107,VPWR,li1,6.2100,46.2400,1.799896
PHY_EDGE_ROW_12_Left_106,VPWR,li1,6.2100,46.2400,1.799896
PHY_EDGE_ROW_11_Left_105,VPWR,li1,6.2100,40.8000,1.799964
PHY_EDGE_ROW_10_Left_104,VPWR,li1,6.2100,40.8000,1.799964
PHY_EDGE_ROW_9_Left_103,VPWR,li1,6.2100,35.3600,1.799972
PHY_EDGE_ROW_8_Left_102,VPWR,li1,6.2100,35.3600,1.799972
PHY_EDGE_ROW_7_Left_101,VPWR,li1,6.2100,29.9200,1.799916
PHY_EDGE_ROW_6_Left_100,VPWR,li1,6.2100,29.9200,1.799916
PHY_EDGE_ROW_5_Left_99,VPWR,li1,6.2100,24.4800,1.799915
PHY_EDGE_ROW_4_Left_98,VPWR,li1,6.2100,24.4800,1.799915
PHY_EDGE_ROW_3_Left_97,VPWR,li1,6.2100,19.0400,1.799942
PHY_EDGE_ROW_2_Left_96,VPWR,li1,6.2100,19.0400,1.799942
PHY_EDGE_ROW_1_Left_95,VPWR,li1,6.2100,13.6000,1.799987
PHY_EDGE_ROW_0_Left_94,VPWR,li1,6.2100,13.6000,1.799987
PHY_EDGE_ROW_93_Right_93,VPWR,li1,261.5100,263.8400,1.799954
PHY_EDGE_ROW_92_Right_92,VPWR,li1,261.5100,263.8400,1.799954
PHY_EDGE_ROW_91_Right_91,VPWR,li1,261.5100,258.4000,1.799797
PHY_EDGE_ROW_90_Right_90,VPWR,li1,261.5100,258.4000,1.799797
PHY_EDGE_ROW_89_Right_89,VPWR,li1,261.5100,252.9600,1.799817
PHY_EDGE_ROW_88_Right_88,VPWR,li1,261.5100,252.9600,1.799817
PHY_EDGE_ROW_87_Right_87,VPWR,li1,261.5100,247.5200,1.799709
PHY_EDGE_ROW_86_Right_86,VPWR,li1,261.5100,247.5200,1.799709
PHY_EDGE_ROW_85_Right_85,VPWR,li1,261.5100,242.0800,1.799754
PHY_EDGE_ROW_84_Right_84,VPWR,li1,261.5100,242.0800,1.799754
PHY_EDGE_ROW_83_Right_83,VPWR,li1,261.5100,236.6400,1.799715
PHY_EDGE_ROW_82_Right_82,VPWR,li1,261.5100,236.6400,1.799715
PHY_EDGE_ROW_81_Right_81,VPWR,li1,261.5100,231.2000,1.799574
PHY_EDGE_ROW_80_Right_80,VPWR,li1,261.5100,231.2000,1.799574
PHY_EDGE_ROW_79_Right_79,VPWR,li1,261.5100,225.7600,1.799417
PHY_EDGE_ROW_78_Right_78,VPWR,li1,261.5100,225.7600,1.799417
PHY_EDGE_ROW_77_Right_77,VPWR,li1,261.5100,220.3200,1.799534
PHY_EDGE_ROW_76_Right_76,VPWR,li1,261.5100,220.3200,1.799534
PHY_EDGE_ROW_75_Right_75,VPWR,li1,261.5100,214.8800,1.799854
PHY_EDGE_ROW_74_Right_74,VPWR,li1,261.5100,214.8800,1.799854
PHY_EDGE_ROW_73_Right_73,VPWR,li1,261.5100,209.4400,1.799795
PHY_EDGE_ROW_72_Right_72,VPWR,li1,261.5100,209.4400,1.799795
PHY_EDGE_ROW_71_Right_71,VPWR,li1,261.5100,204.0000,1.799531
PHY_EDGE_ROW_70_Right_70,VPWR,li1,261.5100,204.0000,1.799531
PHY_EDGE_ROW_69_Right_69,VPWR,li1,261.5100,198.5600,1.799821
PHY_EDGE_ROW_68_Right_68,VPWR,li1,261.5100,198.5600,1.799821
PHY_EDGE_ROW_67_Right_67,VPWR,li1,261.5100,193.1200,1.799754
PHY_EDGE_ROW_66_Right_66,VPWR,li1,261.5100,193.1200,1.799754
PHY_EDGE_ROW_65_Right_65,VPWR,li1,261.5100,187.6800,1.799535
PHY_EDGE_ROW_64_Right_64,VPWR,li1,261.5100,187.6800,1.799535
PHY_EDGE_ROW_63_Right_63,VPWR,li1,261.5100,182.2400,1.799625
PHY_EDGE_ROW_62_Right_62,VPWR,li1,261.5100,182.2400,1.799625
PHY_EDGE_ROW_61_Right_61,VPWR,li1,261.5100,176.8000,1.799762
PHY_EDGE_ROW_60_Right_60,VPWR,li1,261.5100,176.8000,1.799762
PHY_EDGE_ROW_59_Right_59,VPWR,li1,261.5100,171.3600,1.799925
PHY_EDGE_ROW_58_Right_58,VPWR,li1,261.5100,171.3600,1.799925
PHY_EDGE_ROW_57_Right_57,VPWR,li1,261.5100,165.9200,1.799804
PHY_EDGE_ROW_56_Right_56,VPWR,li1,261.5100,165.9200,1.799804
PHY_EDGE_ROW_55_Right_55,VPWR,li1,261.5100,160.4800,1.799725
PHY_EDGE_ROW_54_Right_54,VPWR,li1,261.5100,160.4800,1.799725
PHY_EDGE_ROW_53_Right_53,VPWR,li1,261.5100,155.0400,1.799045
PHY_EDGE_ROW_52_Right_52,VPWR,li1,261.5100,155.0400,1.799045
PHY_EDGE_ROW_51_Right_51,VPWR,li1,261.5100,149.6000,1.799863
PHY_EDGE_ROW_50_Right_50,VPWR,li1,261.5100,149.6000,1.799863
PHY_EDGE_ROW_49_Right_49,VPWR,li1,261.5100,144.1600,1.799831
PHY_EDGE_ROW_48_Right_48,VPWR,li1,261.5100,144.1600,1.799831
PHY_EDGE_ROW_47_Right_47,VPWR,li1,261.5100,138.7200,1.799712
PHY_EDGE_ROW_46_Right_46,VPWR,li1,261.5100,138.7200,1.799712
PHY_EDGE_ROW_45_Right_45,VPWR,li1,261.5100,133.2800,1.799517
PHY_EDGE_ROW_44_Right_44,VPWR,li1,261.5100,133.2800,1.799517
PHY_EDGE_ROW_43_Right_43,VPWR,li1,261.5100,127.8400,1.799801
PHY_EDGE_ROW_42_Right_42,VPWR,li1,261.5100,127.8400,1.799801
PHY_EDGE_ROW_41_Right_41,VPWR,li1,261.5100,122.4000,1.799564
PHY_EDGE_ROW_40_Right_40,VPWR,li1,261.5100,122.4000,1.799564
PHY_EDGE_ROW_39_Right_39,VPWR,li1,261.5100,116.9600,1.799876
PHY_EDGE_ROW_38_Right_38,VPWR,li1,261.5100,116.9600,1.799876
PHY_EDGE_ROW_37_Right_37,VPWR,li1,261.5100,111.5200,1.799857
PHY_EDGE_ROW_36_Right_36,VPWR,li1,261.5100,111.5200,1.799857
PHY_EDGE_ROW_35_Right_35,VPWR,li1,261.5100,106.0800,1.799755
PHY_EDGE_ROW_34_Right_34,VPWR,li1,261.5100,106.0800,1.799755
PHY_EDGE_ROW_33_Right_33,VPWR,li1,261.5100,100.6400,1.799694
PHY_EDGE_ROW_32_Right_32,VPWR,li1,261.5100,100.6400,1.799694
PHY_EDGE_ROW_31_Right_31,VPWR,li1,261.5100,95.2000,1.799802
PHY_EDGE_ROW_30_Right_30,VPWR,li1,261.5100,95.2000,1.799802
PHY_EDGE_ROW_29_Right_29,VPWR,li1,261.5100,89.7600,1.799609
PHY_EDGE_ROW_28_Right_28,VPWR,li1,261.5100,89.7600,1.799609
PHY_EDGE_ROW_27_Right_27,VPWR,li1,261.5100,84.3200,1.799839
PHY_EDGE_ROW_26_Right_26,VPWR,li1,261.5100,84.3200,1.799839
PHY_EDGE_ROW_25_Right_25,VPWR,li1,261.5100,78.8800,1.799842
PHY_EDGE_ROW_24_Right_24,VPWR,li1,261.5100,78.8800,1.799842
PHY_EDGE_ROW_23_Right_23,VPWR,li1,261.5100,73.4400,1.799841
PHY_EDGE_ROW_22_Right_22,VPWR,li1,261.5100,73.4400,1.799841
PHY_EDGE_ROW_21_Right_21,VPWR,li1,261.5100,68.0000,1.799539
PHY_EDGE_ROW_20_Right_20,VPWR,li1,261.5100,68.0000,1.799539
PHY_EDGE_ROW_19_Right_19,VPWR,li1,261.5100,62.5600,1.799748
PHY_EDGE_ROW_18_Right_18,VPWR,li1,261.5100,62.5600,1.799748
PHY_EDGE_ROW_17_Right_17,VPWR,li1,261.5100,57.1200,1.799448
PHY_EDGE_ROW_16_Right_16,VPWR,li1,261.5100,57.1200,1.799448
PHY_EDGE_ROW_15_Right_15,VPWR,li1,261.5100,51.6800,1.799813
PHY_EDGE_ROW_14_Right_14,VPWR,li1,261.5100,51.6800,1.799813
PHY_EDGE_ROW_13_Right_13,VPWR,li1,261.5100,46.2400,1.799913
PHY_EDGE_ROW_12_Right_12,VPWR,li1,261.5100,46.2400,1.799913
PHY_EDGE_ROW_11_Right_11,VPWR,li1,261.5100,40.8000,1.799959
PHY_EDGE_ROW_10_Right_10,VPWR,li1,261.5100,40.8000,1.799959
PHY_EDGE_ROW_9_Right_9,VPWR,li1,261.5100,35.3600,1.799958
PHY_EDGE_ROW_8_Right_8,VPWR,li1,261.5100,35.3600,1.799958
PHY_EDGE_ROW_7_Right_7,VPWR,li1,261.5100,29.9200,1.799884
PHY_EDGE_ROW_6_Right_6,VPWR,li1,261.5100,29.9200,1.799884
PHY_EDGE_ROW_5_Right_5,VPWR,li1,261.5100,24.4800,1.799960
PHY_EDGE_ROW_4_Right_4,VPWR,li1,261.5100,24.4800,1.799960
PHY_EDGE_ROW_3_Right_3,VPWR,li1,261.5100,19.0400,1.799954
PHY_EDGE_ROW_2_Right_2,VPWR,li1,261.5100,19.0400,1.799954
PHY_EDGE_ROW_1_Right_1,VPWR,li1,261.5100,13.6000,1.799984
PHY_EDGE_ROW_0_Right_0,VPWR,li1,261.5100,13.6000,1.799984
_3838_,VPWR,li1,43.7000,24.4800,1.799765
_3837_,VPWR,li1,27.6000,19.0400,1.799910
_3836_,VPWR,li1,24.8400,35.3600,1.799963
_3835_,VPWR,li1,51.9800,29.9200,1.799701
_3834_,VPWR,li1,74.0600,19.0400,1.799768
_3833_,VPWR,li1,27.6000,46.2400,1.799895
_3832_,VPWR,li1,82.3400,57.1200,1.799607
_3831_,VPWR,li1,57.0400,19.0400,1.799802
_3830_,VPWR,li1,81.8800,95.2000,1.799721
_3829_,VPWR,li1,85.1000,116.9600,1.799738
_3828_,VPWR,li1,86.9400,84.3200,1.799765
_3827_,VPWR,li1,101.2000,68.0000,1.799720
_3826_,VPWR,li1,100.2800,78.8800,1.799636
_3825_,VPWR,li1,74.0600,116.9600,1.799761
_3824_,VPWR,li1,102.1200,111.5200,1.799765
_3823_,VPWR,li1,98.9000,95.2000,1.799720
_3822_,VPWR,li1,133.4000,236.6400,1.799798
_3821_,VPWR,li1,117.3000,236.6400,1.799794
_3820_,VPWR,li1,112.7000,236.6400,1.799797
_3819_,VPWR,li1,115.4600,258.4000,1.799694
_3818_,VPWR,li1,107.6400,247.5200,1.799782
_3817_,VPWR,li1,126.5000,236.6400,1.799794
_3816_,VPWR,li1,116.3800,252.9600,1.799620
_3815_,VPWR,li1,109.9400,258.4000,1.799690
_3814_,VPWR,li1,126.9600,225.7600,1.799527
_3813_,VPWR,li1,151.5700,258.4000,1.799768
_3812_,VPWR,li1,158.2400,258.4000,1.799793
_3811_,VPWR,li1,75.6700,35.3600,1.799861
_3810_,VPWR,li1,77.7400,29.9200,1.799574
_3809_,VPWR,li1,93.6100,13.6000,1.799925
_3808_,VPWR,li1,90.8500,19.0400,1.799755
_3807_,VPWR,li1,230.2300,242.0800,1.799754
_3806_,VPWR,li1,134.3200,231.2000,1.799827
_3805_,VPWR,li1,121.9000,231.2000,1.799819
_3804_,VPWR,li1,109.9400,231.2000,1.799819
_3803_,VPWR,li1,103.9600,258.4000,1.799687
_3802_,VPWR,li1,106.2600,242.0800,1.799539
_3801_,VPWR,li1,124.6600,225.7600,1.799524
_3800_,VPWR,li1,107.1800,252.9600,1.799590
_3799_,VPWR,li1,100.7400,258.4000,1.799687
_3798_,VPWR,li1,139.3800,258.4000,1.799734
_3797_,VPWR,li1,129.4900,258.4000,1.799710
_3796_,VPWR,li1,134.5500,258.4000,1.799721
_3795_,VPWR,li1,216.6600,252.9600,1.799819
_3794_,VPWR,li1,215.2800,252.9600,1.799819
_3793_,VPWR,li1,212.0600,263.8400,1.799954
_3792_,VPWR,li1,206.0800,258.4000,1.799798
_3791_,VPWR,li1,203.7800,258.4000,1.799799
_3790_,VPWR,li1,199.1800,242.0800,1.799798
_3789_,VPWR,li1,193.2000,236.6400,1.799827
_3788_,VPWR,li1,194.1200,242.0800,1.799812
_3787_,VPWR,li1,190.9000,236.6400,1.799836
_3786_,VPWR,li1,193.6600,258.4000,1.799811
_3785_,VPWR,li1,190.9000,258.4000,1.799817
_3784_,VPWR,li1,181.2400,258.4000,1.799850
_3783_,VPWR,li1,178.0200,258.4000,1.799865
_3782_,VPWR,li1,172.0400,258.4000,1.799859
_3781_,VPWR,li1,178.4800,242.0800,1.799856
_3780_,VPWR,li1,178.9400,236.6400,1.799887
_3779_,VPWR,li1,166.5200,242.0800,1.799802
_3778_,VPWR,li1,167.4400,258.4000,1.799834
_3777_,VPWR,li1,154.5600,236.6400,1.799834
_3776_,VPWR,li1,166.5200,236.6400,1.799868
_3775_,VPWR,li1,154.1000,231.2000,1.799853
_3774_,VPWR,li1,87.8600,263.8400,1.799954
_3773_,VPWR,li1,89.2400,242.0800,1.799572
_3772_,VPWR,li1,87.8600,225.7600,1.799517
_3771_,VPWR,li1,56.5800,263.8400,1.799963
_3770_,VPWR,li1,40.0200,236.6400,1.799903
_3769_,VPWR,li1,48.3000,214.8800,1.799768
_3768_,VPWR,li1,71.7600,252.9600,1.799604
_3767_,VPWR,li1,38.6400,252.9600,1.799795
_3766_,VPWR,li1,65.3200,193.1200,1.799799
_3765_,VPWR,li1,56.1200,182.2400,1.799616
_3764_,VPWR,li1,63.4800,160.4800,1.799736
_3763_,VPWR,li1,53.3600,165.9200,1.799783
_3762_,VPWR,li1,40.9400,182.2400,1.799725
_3761_,VPWR,li1,38.6400,160.4800,1.799848
_3760_,VPWR,li1,50.1400,198.5600,1.799893
_3759_,VPWR,li1,36.3400,198.5600,1.799926
_3758_,VPWR,li1,35.4200,57.1200,1.799842
_3757_,VPWR,li1,11.5000,73.4400,1.799927
_3756_,VPWR,li1,10.5800,40.8000,1.799964
_3755_,VPWR,li1,14.7200,57.1200,1.799918
_3754_,VPWR,li1,49.2200,57.1200,1.799749
_3753_,VPWR,li1,28.0600,73.4400,1.799925
_3752_,VPWR,li1,49.2200,68.0000,1.799832
_3751_,VPWR,li1,63.4800,51.6800,1.799839
_3750_,VPWR,li1,246.3300,193.1200,1.799754
_3749_,VPWR,li1,249.0900,198.5600,1.799822
_3748_,VPWR,li1,66.0100,133.2800,1.799848
_3747_,VPWR,li1,61.6400,127.8400,1.799886
_3746_,VPWR,li1,55.6600,133.2800,1.799868
_3745_,VPWR,li1,48.3000,133.2800,1.799885
_3744_,VPWR,li1,48.3000,19.0400,1.799829
_3743_,VPWR,li1,33.1200,19.0400,1.799892
_3742_,VPWR,li1,35.4200,29.9200,1.799810
_3741_,VPWR,li1,61.1800,29.9200,1.799651
_3740_,VPWR,li1,81.4200,19.0400,1.799759
_3739_,VPWR,li1,36.3400,46.2400,1.799866
_3738_,VPWR,li1,84.6400,51.6800,1.799830
_3737_,VPWR,li1,64.4000,19.0400,1.799785
_3736_,VPWR,li1,103.9600,19.0400,1.799754
_3735_,VPWR,li1,100.7400,24.4800,1.799739
_3734_,VPWR,li1,107.8700,19.0400,1.799757
_3733_,VPWR,li1,225.4000,247.5200,1.799711
_3732_,VPWR,li1,229.5400,247.5200,1.799709
_3731_,VPWR,li1,223.5600,242.0800,1.799758
_3730_,VPWR,li1,216.6600,236.6400,1.799759
_3729_,VPWR,li1,219.4200,242.0800,1.799764
_3728_,VPWR,li1,210.2200,242.0800,1.799778
_3727_,VPWR,li1,208.8400,236.6400,1.799780
_3726_,VPWR,li1,218.5000,225.7600,1.799547
_3725_,VPWR,li1,218.5000,220.3200,1.799546
_3724_,VPWR,li1,221.2600,225.7600,1.799535
_3723_,VPWR,li1,230.4600,231.2000,1.799606
_3722_,VPWR,li1,222.1800,209.4400,1.799812
_3721_,VPWR,li1,231.3800,209.4400,1.799803
_3720_,VPWR,li1,230.4600,204.0000,1.799541
_3719_,VPWR,li1,232.3000,204.0000,1.799539
_3718_,VPWR,li1,242.8800,204.0000,1.799531
_3717_,VPWR,li1,242.8800,209.4400,1.799795
_3716_,VPWR,li1,237.8200,220.3200,1.799534
_3715_,VPWR,li1,242.4200,214.8800,1.799854
_3714_,VPWR,li1,255.3000,225.7600,1.799418
_3713_,VPWR,li1,255.3000,231.2000,1.799574
_3712_,VPWR,li1,255.3000,236.6400,1.799715
_3711_,VPWR,li1,242.4200,231.2000,1.799586
_3710_,VPWR,li1,238.2800,236.6400,1.799727
_3709_,VPWR,li1,127.6500,19.0400,1.799783
_3708_,VPWR,li1,129.7200,29.9200,1.799592
_3707_,VPWR,li1,129.7200,35.3600,1.799834
_3706_,VPWR,li1,133.4000,35.3600,1.799839
_3705_,VPWR,li1,142.6000,35.3600,1.799856
_3704_,VPWR,li1,147.6600,29.9200,1.799670
_3703_,VPWR,li1,156.8600,35.3600,1.799889
_3702_,VPWR,li1,166.0600,35.3600,1.799919
_3701_,VPWR,li1,168.3600,29.9200,1.799816
_3700_,VPWR,li1,169.7400,24.4800,1.799932
_3699_,VPWR,li1,166.5200,13.6000,1.799969
_3698_,VPWR,li1,165.1400,19.0400,1.799906
_3697_,VPWR,li1,155.9400,19.0400,1.799862
_3696_,VPWR,li1,146.2800,13.6000,1.799948
_3695_,VPWR,li1,142.6000,19.0400,1.799821
_3694_,VPWR,li1,139.3800,19.0400,1.799812
_3693_,VPWR,li1,133.8600,24.4800,1.799813
_3692_,VPWR,li1,123.7400,24.4800,1.799785
_3691_,VPWR,li1,120.5200,19.0400,1.799771
_3690_,VPWR,li1,114.0800,24.4800,1.799759
_3689_,VPWR,li1,79.1200,100.6400,1.799565
_3688_,VPWR,li1,86.9400,116.9600,1.799736
_3687_,VPWR,li1,82.8000,78.8800,1.799645
_3686_,VPWR,li1,99.8200,73.4400,1.799878
_3685_,VPWR,li1,98.4400,84.3200,1.799758
_3684_,VPWR,li1,66.2400,116.9600,1.799775
_3683_,VPWR,li1,97.9800,106.0800,1.799643
_3682_,VPWR,li1,91.5400,95.2000,1.799716
_3681_,VPWR,li1,40.4800,19.0400,1.799855
_3680_,VPWR,li1,25.7600,24.4800,1.799868
_3679_,VPWR,li1,23.4600,29.9200,1.799900
_3678_,VPWR,li1,49.2200,29.9200,1.799718
_3677_,VPWR,li1,71.3000,13.6000,1.799928
_3676_,VPWR,li1,27.6000,40.8000,1.799963
_3675_,VPWR,li1,74.9800,57.1200,1.799616
_3674_,VPWR,li1,58.8800,24.4800,1.799718
_3673_,VPWR,li1,46.4600,13.6000,1.799954
_3672_,VPWR,li1,25.7600,19.0400,1.799919
_3671_,VPWR,li1,30.3600,29.9200,1.799855
_3670_,VPWR,li1,61.1800,35.3600,1.799885
_3669_,VPWR,li1,78.6600,13.6000,1.799927
_3668_,VPWR,li1,34.0400,51.6800,1.799889
_3667_,VPWR,li1,79.1200,51.6800,1.799830
_3666_,VPWR,li1,62.5600,13.6000,1.799933
_3665_,VPWR,li1,114.3100,214.8800,1.799704
_3664_,VPWR,li1,110.4000,225.7600,1.799518
_3663_,VPWR,li1,113.8500,220.3200,1.799600
_3662_,VPWR,li1,116.1500,220.3200,1.799606
_3661_,VPWR,li1,75.2100,68.0000,1.799769
_3660_,VPWR,li1,80.7300,68.0000,1.799753
_3659_,VPWR,li1,97.9800,51.6800,1.799839
_3658_,VPWR,li1,100.7400,57.1200,1.799595
_3657_,VPWR,li1,120.5200,35.3600,1.799827
_3656_,VPWR,li1,116.8400,35.3600,1.799827
_3655_,VPWR,li1,113.6200,46.2400,1.799785
_3654_,VPWR,li1,113.1600,57.1200,1.799595
_3653_,VPWR,li1,115.0000,57.1200,1.799596
_3652_,VPWR,li1,106.7200,155.0400,1.799584
_3651_,VPWR,li1,101.6600,144.1600,1.799877
_3650_,VPWR,li1,100.7400,138.7200,1.799727
_3649_,VPWR,li1,101.6600,149.6000,1.799870
_3648_,VPWR,li1,103.9600,149.6000,1.799870
_3647_,VPWR,li1,96.6000,127.8400,1.799840
_3646_,VPWR,li1,100.7400,127.8400,1.799838
_3645_,VPWR,li1,103.9600,122.4000,1.799601
_3644_,VPWR,li1,228.6200,165.9200,1.799810
_3643_,VPWR,li1,238.7400,165.9200,1.799804
_3642_,VPWR,li1,234.6000,160.4800,1.799743
_3641_,VPWR,li1,245.6400,160.4800,1.799730
_3640_,VPWR,li1,254.8400,160.4800,1.799725
_3639_,VPWR,li1,232.7600,155.0400,1.799150
_3638_,VPWR,li1,253.0000,149.6000,1.799863
_3637_,VPWR,li1,255.3000,155.0400,1.799045
_3636_,VPWR,li1,139.3800,176.8000,1.799791
_3635_,VPWR,li1,139.3800,182.2400,1.799620
_3634_,VPWR,li1,126.9600,193.1200,1.799782
_3633_,VPWR,li1,129.2600,193.1200,1.799786
_3632_,VPWR,li1,127.4200,198.5600,1.799866
_3631_,VPWR,li1,128.3400,176.8000,1.799766
_3630_,VPWR,li1,119.6000,171.3600,1.799765
_3629_,VPWR,li1,119.1400,176.8000,1.799747
_3628_,VPWR,li1,183.5400,133.2800,1.799838
_3627_,VPWR,li1,186.7600,144.1600,1.799896
_3626_,VPWR,li1,181.2400,133.2800,1.799852
_3625_,VPWR,li1,190.9000,144.1600,1.799882
_3624_,VPWR,li1,200.1000,144.1600,1.799863
_3623_,VPWR,li1,197.8000,133.2800,1.799760
_3622_,VPWR,li1,186.5300,127.8400,1.799881
_3621_,VPWR,li1,198.7200,127.8400,1.799850
_3620_,VPWR,li1,132.4800,160.4800,1.799672
_3619_,VPWR,li1,116.8400,160.4800,1.799652
_3618_,VPWR,li1,120.5200,160.4800,1.799655
_3617_,VPWR,li1,116.8400,165.9200,1.799793
_3616_,VPWR,li1,129.7200,160.4800,1.799667
_3615_,VPWR,li1,116.8400,149.6000,1.799878
_3614_,VPWR,li1,127.4200,144.1600,1.799881
_3613_,VPWR,li1,118.2200,144.1600,1.799879
_3612_,VPWR,li1,182.6200,165.9200,1.799907
_3611_,VPWR,li1,178.0200,171.3600,1.799945
_3610_,VPWR,li1,181.2400,165.9200,1.799907
_3609_,VPWR,li1,192.2800,176.8000,1.799860
_3608_,VPWR,li1,212.5200,171.3600,1.799925
_3607_,VPWR,li1,200.1000,176.8000,1.799837
_3606_,VPWR,li1,203.7800,176.8000,1.799828
_3605_,VPWR,li1,216.6600,165.9200,1.799824
_3604_,VPWR,li1,74.9800,144.1600,1.799897
_3603_,VPWR,li1,81.4200,149.6000,1.799884
_3602_,VPWR,li1,90.6200,144.1600,1.799882
_3601_,VPWR,li1,87.8600,149.6000,1.799877
_3600_,VPWR,li1,74.9800,144.1600,1.799897
_3599_,VPWR,li1,74.0600,133.2800,1.799837
_3598_,VPWR,li1,78.2000,127.8400,1.799861
_3597_,VPWR,li1,74.9800,133.2800,1.799837
_3596_,VPWR,li1,255.3000,133.2800,1.799517
_3595_,VPWR,li1,241.0400,138.7200,1.799727
_3594_,VPWR,li1,242.4200,133.2800,1.799557
_3593_,VPWR,li1,250.7000,138.7200,1.799716
_3592_,VPWR,li1,255.3000,138.7200,1.799713
_3591_,VPWR,li1,239.2000,127.8400,1.799801
_3590_,VPWR,li1,255.3000,122.4000,1.799564
_3589_,VPWR,li1,253.4600,116.9600,1.799876
_3588_,VPWR,li1,229.5400,182.2400,1.799625
_3587_,VPWR,li1,230.9200,193.1200,1.799764
_3586_,VPWR,li1,229.5400,176.8000,1.799783
_3585_,VPWR,li1,231.3800,187.6800,1.799585
_3584_,VPWR,li1,245.1800,187.6800,1.799535
_3583_,VPWR,li1,240.1200,193.1200,1.799756
_3582_,VPWR,li1,248.1700,176.8000,1.799762
_3581_,VPWR,li1,245.6400,176.8000,1.799764
_3580_,VPWR,li1,189.5200,198.5600,1.799904
_3579_,VPWR,li1,180.3200,193.1200,1.799890
_3578_,VPWR,li1,190.9000,182.2400,1.799697
_3577_,VPWR,li1,188.6000,193.1200,1.799861
_3576_,VPWR,li1,178.4800,193.1200,1.799899
_3575_,VPWR,li1,171.1200,193.1200,1.799897
_3574_,VPWR,li1,169.9700,187.6800,1.799857
_3573_,VPWR,li1,168.3600,182.2400,1.799770
_3572_,VPWR,li1,145.3600,171.3600,1.799835
_3571_,VPWR,li1,143.5200,165.9200,1.799846
_3570_,VPWR,li1,142.6000,155.0400,1.799658
_3569_,VPWR,li1,145.8200,160.4800,1.799703
_3568_,VPWR,li1,157.3200,165.9200,1.799886
_3567_,VPWR,li1,166.5200,165.9200,1.799910
_3566_,VPWR,li1,145.5900,155.0400,1.799668
_3565_,VPWR,li1,159.1600,155.0400,1.799719
_3564_,VPWR,li1,177.5600,144.1600,1.799929
_3563_,VPWR,li1,178.0200,149.6000,1.799945
_3562_,VPWR,li1,178.0200,160.4800,1.799890
_3561_,VPWR,li1,172.9600,155.0400,1.799784
_3560_,VPWR,li1,212.0600,160.4800,1.799791
_3559_,VPWR,li1,203.7800,144.1600,1.799855
_3558_,VPWR,li1,224.9400,160.4800,1.799762
_3557_,VPWR,li1,219.8800,165.9200,1.799819
_3556_,VPWR,li1,139.3800,144.1600,1.799889
_3555_,VPWR,li1,126.5000,106.0800,1.799658
_3554_,VPWR,li1,131.5600,127.8400,1.799840
_3553_,VPWR,li1,126.0400,116.9600,1.799746
_3552_,VPWR,li1,176.6400,122.4000,1.799862
_3551_,VPWR,li1,207.0000,116.9600,1.799878
_3550_,VPWR,li1,190.4400,116.9600,1.799898
_3549_,VPWR,li1,200.5600,111.5200,1.799870
_3548_,VPWR,li1,116.8400,116.9600,1.799737
_3547_,VPWR,li1,120.9800,100.6400,1.799663
_3546_,VPWR,li1,141.2200,127.8400,1.799847
_3545_,VPWR,li1,107.6400,116.9600,1.799732
_3544_,VPWR,li1,209.7600,149.6000,1.799889
_3543_,VPWR,li1,237.8200,89.7600,1.799617
_3542_,VPWR,li1,242.4200,95.2000,1.799802
_3541_,VPWR,li1,219.4200,111.5200,1.799857
_3540_,VPWR,li1,142.6000,138.7200,1.799650
_3539_,VPWR,li1,109.9400,106.0800,1.799638
_3538_,VPWR,li1,121.4400,84.3200,1.799768
_3537_,VPWR,li1,113.6200,95.2000,1.799737
_3536_,VPWR,li1,219.8800,89.7600,1.799684
_3535_,VPWR,li1,224.9400,68.0000,1.799559
_3534_,VPWR,li1,229.5400,84.3200,1.799847
_3533_,VPWR,li1,224.4800,95.2000,1.799822
_3532_,VPWR,li1,155.4800,138.7200,1.799727
_3531_,VPWR,li1,166.9800,144.1600,1.799926
_3530_,VPWR,li1,165.6000,127.8400,1.799883
_3529_,VPWR,li1,156.8600,127.8400,1.799867
_3528_,VPWR,li1,201.0200,149.6000,1.799899
_3527_,VPWR,li1,242.4200,73.4400,1.799841
_3526_,VPWR,li1,242.4200,78.8800,1.799842
_3525_,VPWR,li1,235.5200,100.6400,1.799699
_3524_,VPWR,li1,112.7000,84.3200,1.799761
_3523_,VPWR,li1,113.6200,78.8800,1.799670
_3522_,VPWR,li1,123.2800,68.0000,1.799715
_3521_,VPWR,li1,111.7800,68.0000,1.799712
_3520_,VPWR,li1,223.1000,57.1200,1.799526
_3519_,VPWR,li1,242.4200,62.5600,1.799748
_3518_,VPWR,li1,237.8200,62.5600,1.799751
_3517_,VPWR,li1,222.6400,51.6800,1.799821
_3516_,VPWR,li1,167.4400,209.4400,1.799882
_3515_,VPWR,li1,178.0200,209.4400,1.799903
_3514_,VPWR,li1,179.8600,204.0000,1.799823
_3513_,VPWR,li1,184.9200,204.0000,1.799788
_3512_,VPWR,li1,190.9000,209.4400,1.799866
_3511_,VPWR,li1,197.3400,204.0000,1.799712
_3510_,VPWR,li1,202.4000,209.4400,1.799840
_3509_,VPWR,li1,209.3000,209.4400,1.799827
_3508_,VPWR,li1,210.2200,214.8800,1.799873
_3507_,VPWR,li1,204.2400,225.7600,1.799619
_3506_,VPWR,li1,202.4000,225.7600,1.799629
_3505_,VPWR,li1,189.9800,225.7600,1.799706
_3504_,VPWR,li1,190.9000,225.7600,1.799706
_3503_,VPWR,li1,171.1200,220.3200,1.799811
_3502_,VPWR,li1,178.0200,225.7600,1.799794
_3501_,VPWR,li1,176.6400,225.7600,1.799814
_3500_,VPWR,li1,163.3000,225.7600,1.799685
_3499_,VPWR,li1,153.6400,220.3200,1.799729
_3498_,VPWR,li1,155.4800,220.3200,1.799737
_3497_,VPWR,li1,156.4000,193.1200,1.799852
_3496_,VPWR,li1,146.0500,187.6800,1.799777
_3495_,VPWR,li1,155.7100,176.8000,1.799848
_3494_,VPWR,li1,157.5500,182.2400,1.799695
_3493_,VPWR,li1,219.8800,155.0400,1.799263
_3492_,VPWR,li1,221.2600,144.1600,1.799836
_3491_,VPWR,li1,217.1200,133.2800,1.799669
_3490_,VPWR,li1,223.5600,138.7200,1.799757
_3489_,VPWR,li1,229.5400,144.1600,1.799831
_3488_,VPWR,li1,216.6600,122.4000,1.799603
_3487_,VPWR,li1,214.8200,127.8400,1.799824
_3486_,VPWR,li1,230.0000,127.8400,1.799806
_3485_,VPWR,li1,146.5100,127.8400,1.799854
_3484_,VPWR,li1,129.9500,100.6400,1.799701
_3483_,VPWR,li1,139.1500,122.4000,1.799707
_3482_,VPWR,li1,131.7900,111.5200,1.799791
_3481_,VPWR,li1,178.2500,122.4000,1.799837
_3480_,VPWR,li1,210.9100,116.9600,1.799876
_3479_,VPWR,li1,191.1300,111.5200,1.799889
_3478_,VPWR,li1,204.4700,111.5200,1.799866
_3477_,VPWR,li1,124.2000,111.5200,1.799780
_3476_,VPWR,li1,125.1200,95.2000,1.799766
_3475_,VPWR,li1,152.2600,122.4000,1.799759
_3474_,VPWR,li1,113.6200,111.5200,1.799770
_3473_,VPWR,li1,209.0700,138.7200,1.799792
_3472_,VPWR,li1,242.4200,84.3200,1.799839
_3471_,VPWR,li1,239.6600,95.2000,1.799804
_3470_,VPWR,li1,219.4200,106.0800,1.799755
_3469_,VPWR,li1,152.2600,133.2800,1.799825
_3468_,VPWR,li1,111.7800,100.6400,1.799639
_3467_,VPWR,li1,126.5000,84.3200,1.799775
_3466_,VPWR,li1,112.7000,95.2000,1.799737
_3465_,VPWR,li1,218.9600,84.3200,1.799858
_3464_,VPWR,li1,223.5600,73.4400,1.799860
_3463_,VPWR,li1,224.0200,78.8800,1.799853
_3462_,VPWR,li1,224.0200,89.7600,1.799667
_3461_,VPWR,li1,159.6200,138.7200,1.799767
_3460_,VPWR,li1,169.7400,133.2800,1.799867
_3459_,VPWR,li1,168.3600,127.8400,1.799890
_3458_,VPWR,li1,165.1400,122.4000,1.799818
_3457_,VPWR,li1,187.2200,149.6000,1.799923
_3456_,VPWR,li1,237.8200,68.0000,1.799539
_3455_,VPWR,li1,237.8200,73.4400,1.799844
_3454_,VPWR,li1,244.7200,100.6400,1.799694
_3453_,VPWR,li1,121.4400,73.4400,1.799879
_3452_,VPWR,li1,113.6200,78.8800,1.799670
_3451_,VPWR,li1,126.5000,62.5600,1.799683
_3450_,VPWR,li1,114.0800,68.0000,1.799711
_3449_,VPWR,li1,219.8800,57.1200,1.799539
_3448_,VPWR,li1,236.9000,57.1200,1.799481
_3447_,VPWR,li1,236.4400,51.6800,1.799813
_3446_,VPWR,li1,219.8800,51.6800,1.799824
_3445_,VPWR,li1,176.1800,149.6000,1.799952
_3444_,VPWR,li1,137.0800,247.5200,1.799821
_3443_,VPWR,li1,146.7400,242.0800,1.799654
_3442_,VPWR,li1,146.5100,252.9600,1.799721
_3441_,VPWR,li1,142.6000,236.6400,1.799810
_3440_,VPWR,li1,146.9700,236.6400,1.799818
_3439_,VPWR,li1,92.0000,258.4000,1.799692
_3438_,VPWR,li1,95.2200,247.5200,1.799772
_3437_,VPWR,li1,99.8200,231.2000,1.799825
_3436_,VPWR,li1,61.1800,258.4000,1.799768
_3435_,VPWR,li1,46.4600,236.6400,1.799886
_3434_,VPWR,li1,45.5400,220.3200,1.799772
_3433_,VPWR,li1,76.8200,263.8400,1.799957
_3432_,VPWR,li1,45.0800,258.4000,1.799830
_3431_,VPWR,li1,88.3200,29.9200,1.799545
_3430_,VPWR,li1,89.7000,24.4800,1.799727
_3429_,VPWR,li1,92.0000,29.9200,1.799543
_3428_,VPWR,li1,103.0400,35.3600,1.799833
_3427_,VPWR,li1,84.1800,40.8000,1.799905
_3426_,VPWR,li1,88.3200,40.8000,1.799903
_3425_,VPWR,li1,100.7400,46.2400,1.799782
_3424_,VPWR,li1,99.3600,40.8000,1.799904
_3423_,VPWR,li1,108.5600,209.4400,1.799681
_3422_,VPWR,li1,97.5200,176.8000,1.799726
_3421_,VPWR,li1,97.5200,160.4800,1.799656
_3420_,VPWR,li1,81.4200,160.4800,1.799682
_3419_,VPWR,li1,71.7600,182.2400,1.799520
_3418_,VPWR,li1,73.1400,171.3600,1.799834
_3417_,VPWR,li1,104.8800,193.1200,1.799758
_3416_,VPWR,li1,87.4000,198.5600,1.799844
_3415_,VPWR,li1,69.4600,95.2000,1.799740
_3414_,VPWR,li1,80.0400,111.5200,1.799777
_3413_,VPWR,li1,74.5200,84.3200,1.799784
_3412_,VPWR,li1,89.7000,68.0000,1.799736
_3411_,VPWR,li1,92.9200,78.8800,1.799623
_3410_,VPWR,li1,65.3200,111.5200,1.799804
_3409_,VPWR,li1,92.0000,111.5200,1.799767
_3408_,VPWR,li1,90.1600,100.6400,1.799585
_3407_,VPWR,li1,148.3500,40.8000,1.799940
_3406_,VPWR,li1,145.5900,46.2400,1.799818
_3405_,VPWR,li1,135.0100,51.6800,1.799862
_3404_,VPWR,li1,129.4900,46.2400,1.799797
_3403_,VPWR,li1,153.1800,89.7600,1.799788
_3402_,VPWR,li1,135.7000,95.2000,1.799796
_3401_,VPWR,li1,150.8800,111.5200,1.799838
_3400_,VPWR,li1,138.9200,106.0800,1.799711
_3399_,VPWR,li1,179.4000,111.5200,1.799917
_3398_,VPWR,li1,165.1400,57.1200,1.799808
_3397_,VPWR,li1,186.7600,95.2000,1.799905
_3396_,VPWR,li1,203.7800,106.0800,1.799765
_3395_,VPWR,li1,143.9800,89.7600,1.799746
_3394_,VPWR,li1,129.7200,78.8800,1.799717
_3393_,VPWR,li1,156.8600,116.9600,1.799837
_3392_,VPWR,li1,139.8400,111.5200,1.799809
_3391_,VPWR,li1,178.0200,111.5200,1.799917
_3390_,VPWR,li1,212.0600,78.8800,1.799867
_3389_,VPWR,li1,210.6800,73.4400,1.799875
_3388_,VPWR,li1,212.0600,100.6400,1.799727
_3387_,VPWR,li1,146.2800,73.4400,1.799897
_3386_,VPWR,li1,132.9400,89.7600,1.799689
_3385_,VPWR,li1,151.8000,78.8800,1.799807
_3384_,VPWR,li1,133.4000,68.0000,1.799719
_3383_,VPWR,li1,206.5400,57.1200,1.799609
_3382_,VPWR,li1,217.1200,68.0000,1.799594
_3381_,VPWR,li1,207.0000,73.4400,1.799884
_3380_,VPWR,li1,212.5200,95.2000,1.799843
_3379_,VPWR,li1,153.1800,89.7600,1.799788
_3378_,VPWR,li1,159.6200,78.8800,1.799838
_3377_,VPWR,li1,167.4400,111.5200,1.799895
_3376_,VPWR,li1,155.4800,106.0800,1.799781
_3375_,VPWR,li1,178.4800,100.6400,1.799872
_3374_,VPWR,li1,205.6200,62.5600,1.799790
_3373_,VPWR,li1,192.2800,68.0000,1.799727
_3372_,VPWR,li1,206.0800,100.6400,1.799736
_3371_,VPWR,li1,139.3800,73.4400,1.799890
_3370_,VPWR,li1,134.3200,78.8800,1.799733
_3369_,VPWR,li1,147.6600,68.0000,1.799733
_3368_,VPWR,li1,132.4800,62.5600,1.799708
_3367_,VPWR,li1,206.5400,51.6800,1.799848
_3366_,VPWR,li1,206.0800,51.6800,1.799848
_3365_,VPWR,li1,206.5400,46.2400,1.799913
_3364_,VPWR,li1,158.7000,51.6800,1.799906
_3363_,VPWR,li1,165.1400,68.0000,1.799792
_3362_,VPWR,li1,160.5400,68.0000,1.799764
_3361_,VPWR,li1,172.9600,46.2400,1.799913
_3360_,VPWR,li1,157.7800,46.2400,1.799844
_3359_,VPWR,li1,183.0800,40.8000,1.799966
_3358_,VPWR,li1,171.1200,35.3600,1.799939
_3357_,VPWR,li1,194.5800,40.8000,1.799959
_3356_,VPWR,li1,166.9800,46.2400,1.799882
_3355_,VPWR,li1,216.6600,198.5600,1.799846
_3354_,VPWR,li1,212.9800,198.5600,1.799851
_3353_,VPWR,li1,217.5800,182.2400,1.799632
_3352_,VPWR,li1,218.5000,193.1200,1.799783
_3351_,VPWR,li1,216.6600,182.2400,1.799632
_3350_,VPWR,li1,203.7800,193.1200,1.799812
_3349_,VPWR,li1,199.8700,193.1200,1.799823
_3348_,VPWR,li1,203.7800,198.5600,1.799871
_3347_,VPWR,li1,74.0600,95.2000,1.799730
_3346_,VPWR,li1,79.1200,111.5200,1.799777
_3345_,VPWR,li1,78.2000,78.8800,1.799659
_3344_,VPWR,li1,89.7000,68.0000,1.799736
_3343_,VPWR,li1,92.0000,84.3200,1.799760
_3342_,VPWR,li1,66.2400,116.9600,1.799775
_3341_,VPWR,li1,94.7600,116.9600,1.799732
_3340_,VPWR,li1,92.0000,95.2000,1.799716
_3339_,VPWR,li1,46.4600,95.2000,1.799805
_3338_,VPWR,li1,30.3600,106.0800,1.799879
_3337_,VPWR,li1,37.2600,89.7600,1.799796
_3336_,VPWR,li1,65.7800,78.8800,1.799700
_3335_,VPWR,li1,49.6800,78.8800,1.799772
_3334_,VPWR,li1,37.7200,111.5200,1.799881
_3333_,VPWR,li1,54.2800,116.9600,1.799810
_3332_,VPWR,li1,63.0200,100.6400,1.799646
_3331_,VPWR,li1,151.3400,204.0000,1.799829
_3330_,VPWR,li1,166.9800,171.3600,1.799909
_3329_,VPWR,li1,152.4900,204.0000,1.799829
_3328_,VPWR,li1,123.2800,204.0000,1.799816
_3327_,VPWR,li1,107.6400,176.8000,1.799730
_3326_,VPWR,li1,104.8800,160.4800,1.799652
_3325_,VPWR,li1,88.7800,160.4800,1.799668
_3324_,VPWR,li1,87.8600,187.6800,1.799667
_3323_,VPWR,li1,87.4000,176.8000,1.799735
_3322_,VPWR,li1,114.5400,193.1200,1.799765
_3321_,VPWR,li1,99.8200,198.5600,1.799843
_3320_,VPWR,li1,79.1200,242.0800,1.799607
_3319_,VPWR,li1,64.8600,242.0800,1.799667
_3318_,VPWR,li1,79.1200,225.7600,1.799526
_3317_,VPWR,li1,61.1800,209.4400,1.799756
_3316_,VPWR,li1,32.6600,225.7600,1.799817
_3315_,VPWR,li1,36.3400,209.4400,1.799858
_3314_,VPWR,li1,63.4800,225.7600,1.799594
_3313_,VPWR,li1,35.4200,247.5200,1.799852
_3312_,VPWR,li1,39.1000,68.0000,1.799874
_3311_,VPWR,li1,11.0400,73.4400,1.799927
_3310_,VPWR,li1,14.7200,46.2400,1.799898
_3309_,VPWR,li1,22.5400,62.5600,1.799899
_3308_,VPWR,li1,51.5200,51.6800,1.799853
_3307_,VPWR,li1,31.2800,78.8800,1.799866
_3306_,VPWR,li1,53.3600,62.5600,1.799643
_3305_,VPWR,li1,65.7800,46.2400,1.799800
_3304_,VPWR,li1,30.8200,62.5600,1.799827
_3303_,VPWR,li1,11.0400,78.8800,1.799919
_3302_,VPWR,li1,11.0400,46.2400,1.799896
_3301_,VPWR,li1,14.7200,57.1200,1.799918
_3300_,VPWR,li1,44.1600,51.6800,1.799868
_3299_,VPWR,li1,23.9200,78.8800,1.799912
_3298_,VPWR,li1,50.1400,68.0000,1.799832
_3297_,VPWR,li1,60.2600,46.2400,1.799807
_3296_,VPWR,li1,43.7000,100.6400,1.799756
_3295_,VPWR,li1,27.6000,100.6400,1.799865
_3294_,VPWR,li1,27.1400,84.3200,1.799930
_3293_,VPWR,li1,64.4000,84.3200,1.799806
_3292_,VPWR,li1,46.4600,84.3200,1.799854
_3291_,VPWR,li1,36.3400,116.9600,1.799881
_3290_,VPWR,li1,52.9000,111.5200,1.799835
_3289_,VPWR,li1,61.1800,95.2000,1.799756
_3288_,VPWR,li1,77.7400,193.1200,1.799781
_3287_,VPWR,li1,58.4200,176.8000,1.799794
_3286_,VPWR,li1,74.0600,160.4800,1.799698
_3285_,VPWR,li1,53.3600,160.4800,1.799772
_3284_,VPWR,li1,40.4800,182.2400,1.799725
_3283_,VPWR,li1,40.9400,165.9200,1.799831
_3282_,VPWR,li1,51.9800,193.1200,1.799828
_3281_,VPWR,li1,38.1800,193.1200,1.799872
_3280_,VPWR,li1,40.9400,62.5600,1.799739
_3279_,VPWR,li1,17.4800,68.0000,1.799945
_3278_,VPWR,li1,17.9400,40.8000,1.799969
_3277_,VPWR,li1,22.5400,57.1200,1.799922
_3276_,VPWR,li1,52.4400,46.2400,1.799826
_3275_,VPWR,li1,35.4200,73.4400,1.799915
_3274_,VPWR,li1,61.1800,62.5600,1.799609
_3273_,VPWR,li1,73.1400,46.2400,1.799793
_3272_,VPWR,li1,63.0200,198.5600,1.799870
_3271_,VPWR,li1,53.3600,176.8000,1.799806
_3270_,VPWR,li1,66.2400,160.4800,1.799721
_3269_,VPWR,li1,51.5200,155.0400,1.799770
_3268_,VPWR,li1,33.1200,182.2400,1.799790
_3267_,VPWR,li1,30.8200,165.9200,1.799883
_3266_,VPWR,li1,48.7600,193.1200,1.799837
_3265_,VPWR,li1,30.8200,193.1200,1.799900
_3264_,VPWR,li1,87.8600,258.4000,1.799702
_3263_,VPWR,li1,89.7000,242.0800,1.799572
_3262_,VPWR,li1,91.0800,225.7600,1.799514
_3261_,VPWR,li1,54.2800,258.4000,1.799791
_3260_,VPWR,li1,39.1000,236.6400,1.799903
_3259_,VPWR,li1,40.4800,214.8800,1.799788
_3258_,VPWR,li1,71.7600,258.4000,1.799738
_3257_,VPWR,li1,40.4800,258.4000,1.799853
_3256_,VPWR,li1,39.1000,95.2000,1.799840
_3255_,VPWR,li1,22.5400,106.0800,1.799925
_3254_,VPWR,li1,18.4000,84.3200,1.799948
_3253_,VPWR,li1,58.4200,89.7600,1.799691
_3252_,VPWR,li1,41.8600,78.8800,1.799806
_3251_,VPWR,li1,27.6000,111.5200,1.799924
_3250_,VPWR,li1,49.6800,122.4000,1.799674
_3249_,VPWR,li1,57.5000,106.0800,1.799727
_3248_,VPWR,li1,104.8800,204.0000,1.799830
_3247_,VPWR,li1,100.2800,176.8000,1.799726
_3246_,VPWR,li1,95.6800,165.9200,1.799769
_3245_,VPWR,li1,79.1200,155.0400,1.799626
_3244_,VPWR,li1,71.3000,176.8000,1.799762
_3243_,VPWR,li1,74.0600,176.8000,1.799753
_3242_,VPWR,li1,105.3400,193.1200,1.799758
_3241_,VPWR,li1,82.3400,198.5600,1.799847
_3240_,VPWR,li1,77.2800,247.5200,1.799769
_3239_,VPWR,li1,61.1800,247.5200,1.799782
_3238_,VPWR,li1,77.7400,231.2000,1.799848
_3237_,VPWR,li1,61.1800,214.8800,1.799739
_3236_,VPWR,li1,27.6000,225.7600,1.799847
_3235_,VPWR,li1,30.8200,214.8800,1.799856
_3234_,VPWR,li1,61.1800,231.2000,1.799876
_3233_,VPWR,li1,30.8200,242.0800,1.799858
_3232_,VPWR,li1,62.1000,187.6800,1.799724
_3231_,VPWR,li1,51.0600,176.8000,1.799815
_3230_,VPWR,li1,65.7800,165.9200,1.799772
_3229_,VPWR,li1,46.0000,160.4800,1.799807
_3228_,VPWR,li1,33.5800,176.8000,1.799893
_3227_,VPWR,li1,32.6600,160.4800,1.799881
_3226_,VPWR,li1,48.3000,204.0000,1.799919
_3225_,VPWR,li1,27.6000,193.1200,1.799915
_3224_,VPWR,li1,74.5200,236.6400,1.799840
_3223_,VPWR,li1,57.5000,242.0800,1.799699
_3222_,VPWR,li1,73.6000,220.3200,1.799622
_3221_,VPWR,li1,57.5000,209.4400,1.799769
_3220_,VPWR,li1,27.6000,231.2000,1.799952
_3219_,VPWR,li1,27.6000,209.4400,1.799902
_3218_,VPWR,li1,57.5000,225.7600,1.799633
_3217_,VPWR,li1,27.6000,242.0800,1.799881
_3216_,VPWR,li1,116.3800,204.0000,1.799820
_3215_,VPWR,li1,104.8800,176.8000,1.799727
_3214_,VPWR,li1,103.0400,165.9200,1.799775
_3213_,VPWR,li1,86.9400,165.9200,1.799766
_3212_,VPWR,li1,86.9400,187.6800,1.799667
_3211_,VPWR,li1,86.9400,171.3600,1.799807
_3210_,VPWR,li1,112.7000,198.5600,1.799850
_3209_,VPWR,li1,93.8400,193.1200,1.799763
_3208_,VPWR,li1,40.4800,100.6400,1.799776
_3207_,VPWR,li1,20.2400,100.6400,1.799920
_3206_,VPWR,li1,20.7000,89.7600,1.799920
_3205_,VPWR,li1,59.3400,78.8800,1.799723
_3204_,VPWR,li1,40.4800,84.3200,1.799873
_3203_,VPWR,li1,30.3600,111.5200,1.799908
_3202_,VPWR,li1,51.0600,116.9600,1.799826
_3201_,VPWR,li1,58.8800,95.2000,1.799767
_3200_,VPWR,li1,95.2200,258.4000,1.799689
_3199_,VPWR,li1,97.0600,242.0800,1.799554
_3198_,VPWR,li1,99.8200,225.7600,1.799513
_3197_,VPWR,li1,62.1000,252.9600,1.799632
_3196_,VPWR,li1,48.3000,242.0800,1.799752
_3195_,VPWR,li1,48.3000,220.3200,1.799756
_3194_,VPWR,li1,79.1200,258.4000,1.799719
_3193_,VPWR,li1,48.3000,252.9600,1.799733
_3192_,VPWR,li1,72.6800,247.5200,1.799772
_3191_,VPWR,li1,53.3600,242.0800,1.799722
_3190_,VPWR,li1,71.7600,225.7600,1.799553
_3189_,VPWR,li1,53.3600,209.4400,1.799790
_3188_,VPWR,li1,25.3000,225.7600,1.799866
_3187_,VPWR,li1,28.0600,209.4400,1.799902
_3186_,VPWR,li1,53.3600,225.7600,1.799661
_3185_,VPWR,li1,27.6000,247.5200,1.799889
_3184_,VPWR,li1,127.8800,51.6800,1.799856
_3183_,VPWR,li1,80.7300,209.4400,1.799706
_3182_,VPWR,li1,77.5100,209.4400,1.799712
_3181_,VPWR,li1,91.0800,209.4400,1.799691
_3180_,VPWR,li1,97.0600,209.4400,1.799686
_3179_,VPWR,li1,145.8200,209.4400,1.799782
_3178_,VPWR,li1,137.0800,204.0000,1.799818
_3177_,VPWR,li1,126.5000,214.8800,1.799743
_3176_,VPWR,li1,139.3800,220.3200,1.799677
_3175_,VPWR,li1,142.6000,225.7600,1.799552
_3174_,VPWR,li1,42.0900,24.4800,1.799765
_3173_,VPWR,li1,29.2100,13.6000,1.799976
_3172_,VPWR,li1,27.8300,35.3600,1.799955
_3171_,VPWR,li1,53.1300,35.3600,1.799901
_3170_,VPWR,li1,75.6700,24.4800,1.799723
_3169_,VPWR,li1,30.5900,46.2400,1.799885
_3168_,VPWR,li1,85.3300,57.1200,1.799605
_3167_,VPWR,li1,54.9700,19.0400,1.799808
_3166_,VPWR,li1,79.1200,62.5600,1.799540
_3165_,VPWR,li1,85.3300,95.2000,1.799719
_3164_,VPWR,li1,86.2500,111.5200,1.799772
_3163_,VPWR,li1,85.3300,78.8800,1.799638
_3162_,VPWR,li1,105.1100,68.0000,1.799717
_3161_,VPWR,li1,104.1900,84.3200,1.799759
_3160_,VPWR,li1,72.4500,116.9600,1.799761
_3159_,VPWR,li1,103.7300,106.0800,1.799641
_3158_,VPWR,li1,99.5900,100.6400,1.799609
_3157_,VPWR,li1,85.3300,73.4400,1.799886
_3156_,VPWR,li1,136.8500,236.6400,1.799803
_3155_,VPWR,li1,119.3700,242.0800,1.799524
_3154_,VPWR,li1,131.3300,242.0800,1.799555
_3153_,VPWR,li1,116.6100,242.0800,1.799527
_3152_,VPWR,li1,119.6000,242.0800,1.799524
_3151_,VPWR,li1,120.7500,247.5200,1.799799
_3150_,VPWR,li1,121.6700,258.4000,1.799701
_3149_,VPWR,li1,119.1400,258.4000,1.799697
_3148_,VPWR,li1,114.3100,247.5200,1.799791
_3147_,VPWR,li1,125.8100,247.5200,1.799806
_3146_,VPWR,li1,123.5100,247.5200,1.799802
_3145_,VPWR,li1,126.5000,247.5200,1.799806
_3144_,VPWR,li1,127.6500,247.5200,1.799809
_3143_,VPWR,li1,120.2900,247.5200,1.799799
_3142_,VPWR,li1,117.5300,247.5200,1.799795
_3141_,VPWR,li1,123.5100,252.9600,1.799644
_3140_,VPWR,li1,122.8200,247.5200,1.799802
_3139_,VPWR,li1,129.0300,247.5200,1.799809
_3138_,VPWR,li1,125.8100,252.9600,1.799652
_3137_,VPWR,li1,123.5100,258.4000,1.799704
_3136_,VPWR,li1,112.9300,263.8400,1.799962
_3135_,VPWR,li1,127.6500,263.8400,1.799966
_3134_,VPWR,li1,153.1800,263.8400,1.799973
_3133_,VPWR,li1,157.3200,258.4000,1.799793
_3132_,VPWR,li1,158.9300,258.4000,1.799793
_3131_,VPWR,li1,167.4400,263.8400,1.799978
_3130_,VPWR,li1,161.6900,258.4000,1.799812
_3129_,VPWR,li1,169.9700,252.9600,1.799835
_3128_,VPWR,li1,165.1400,247.5200,1.799884
_3127_,VPWR,li1,159.6200,252.9600,1.799773
_3126_,VPWR,li1,164.2200,242.0800,1.799785
_3125_,VPWR,li1,159.1600,242.0800,1.799747
_3124_,VPWR,li1,71.0700,29.9200,1.799605
_3123_,VPWR,li1,68.5400,29.9200,1.799621
_3122_,VPWR,li1,77.0500,35.3600,1.799859
_3121_,VPWR,li1,82.5700,35.3600,1.799854
_3120_,VPWR,li1,92.6900,19.0400,1.799755
_3119_,VPWR,li1,98.2100,19.0400,1.799754
_3118_,VPWR,li1,89.9300,24.4800,1.799727
_3117_,VPWR,li1,93.6100,24.4800,1.799730
_3116_,VPWR,li1,136.8500,231.2000,1.799832
_3115_,VPWR,li1,123.9700,236.6400,1.799794
_3114_,VPWR,li1,111.5500,231.2000,1.799819
_3113_,VPWR,li1,103.2700,263.8400,1.799959
_3112_,VPWR,li1,112.9300,242.0800,1.799532
_3111_,VPWR,li1,125.3500,231.2000,1.799822
_3110_,VPWR,li1,111.0900,247.5200,1.799787
_3109_,VPWR,li1,107.4100,263.8400,1.799960
_3108_,VPWR,li1,132.9400,252.9600,1.799676
_3107_,VPWR,li1,140.9900,258.4000,1.799734
_3106_,VPWR,li1,130.8700,252.9600,1.799669
_3105_,VPWR,li1,127.8800,258.4000,1.799710
_3104_,VPWR,li1,129.0300,252.9600,1.799663
_3103_,VPWR,li1,122.5900,252.9600,1.799636
_3102_,VPWR,li1,136.8500,252.9600,1.799690
_3101_,VPWR,li1,145.8200,252.9600,1.799721
_3100_,VPWR,li1,148.3500,252.9600,1.799731
_3099_,VPWR,li1,218.0400,258.4000,1.799797
_3098_,VPWR,li1,208.1500,252.9600,1.799830
_3097_,VPWR,li1,215.9700,258.4000,1.799797
_3096_,VPWR,li1,209.7600,247.5200,1.799754
_3095_,VPWR,li1,213.6700,258.4000,1.799797
_3094_,VPWR,li1,210.4500,258.4000,1.799797
_3093_,VPWR,li1,206.3100,252.9600,1.799834
_3092_,VPWR,li1,204.4700,263.8400,1.799958
_3091_,VPWR,li1,203.7800,252.9600,1.799837
_3090_,VPWR,li1,220.5700,258.4000,1.799797
_3089_,VPWR,li1,205.8500,252.9600,1.799834
_3088_,VPWR,li1,199.4100,252.9600,1.799845
_3087_,VPWR,li1,194.8100,252.9600,1.799851
_3086_,VPWR,li1,196.8800,247.5200,1.799810
_3085_,VPWR,li1,199.8700,252.9600,1.799845
_3084_,VPWR,li1,200.7900,247.5200,1.799793
_3083_,VPWR,li1,193.4300,247.5200,1.799829
_3082_,VPWR,li1,185.1500,242.0800,1.799838
_3081_,VPWR,li1,203.7800,242.0800,1.799790
_3080_,VPWR,li1,190.2100,247.5200,1.799839
_3079_,VPWR,li1,193.2000,242.0800,1.799812
_3078_,VPWR,li1,194.3500,247.5200,1.799821
_3077_,VPWR,li1,188.3700,242.0800,1.799826
_3076_,VPWR,li1,188.3700,242.0800,1.799826
_3075_,VPWR,li1,186.5300,242.0800,1.799833
_3074_,VPWR,li1,192.5100,247.5200,1.799829
_3073_,VPWR,li1,190.6700,242.0800,1.799819
_3072_,VPWR,li1,190.4400,263.8400,1.799967
_3071_,VPWR,li1,191.1300,252.9600,1.799859
_3070_,VPWR,li1,189.9800,252.9600,1.799859
_3069_,VPWR,li1,186.9900,258.4000,1.799832
_3068_,VPWR,li1,181.0100,252.9600,1.799875
_3067_,VPWR,li1,179.4000,263.8400,1.799976
_3066_,VPWR,li1,186.0700,252.9600,1.799867
_3065_,VPWR,li1,183.3100,252.9600,1.799870
_3064_,VPWR,li1,183.7700,258.4000,1.799840
_3063_,VPWR,li1,171.3500,252.9600,1.799852
_3062_,VPWR,li1,178.4800,252.9600,1.799881
_3061_,VPWR,li1,180.7800,252.9600,1.799875
_3060_,VPWR,li1,169.2800,252.9600,1.799835
_3059_,VPWR,li1,178.0200,252.9600,1.799881
_3058_,VPWR,li1,161.9200,247.5200,1.799878
_3057_,VPWR,li1,179.6300,247.5200,1.799889
_3056_,VPWR,li1,177.1000,247.5200,1.799899
_3055_,VPWR,li1,175.4900,247.5200,1.799914
_3054_,VPWR,li1,178.7100,247.5200,1.799889
_3053_,VPWR,li1,173.6500,236.6400,1.799900
_3052_,VPWR,li1,178.2500,242.0800,1.799856
_3051_,VPWR,li1,168.3600,247.5200,1.799892
_3050_,VPWR,li1,162.6100,252.9600,1.799791
_3049_,VPWR,li1,162.1500,247.5200,1.799878
_3048_,VPWR,li1,172.2700,242.0800,1.799838
_3047_,VPWR,li1,167.6700,242.0800,1.799802
_3046_,VPWR,li1,162.1500,231.2000,1.799868
_3045_,VPWR,li1,160.3100,236.6400,1.799854
_3044_,VPWR,li1,167.6700,236.6400,1.799878
_3043_,VPWR,li1,164.9100,236.6400,1.799868
_3042_,VPWR,li1,161.9200,236.6400,1.799854
_3041_,VPWR,li1,158.0100,236.6400,1.799847
_3040_,VPWR,li1,158.0100,252.9600,1.799773
_3039_,VPWR,li1,175.0300,242.0800,1.799870
_3038_,VPWR,li1,175.0300,247.5200,1.799914
_3037_,VPWR,li1,155.7100,247.5200,1.799859
_3036_,VPWR,li1,153.8700,252.9600,1.799751
_3035_,VPWR,li1,158.4700,247.5200,1.799867
_3034_,VPWR,li1,146.7400,247.5200,1.799840
_3033_,VPWR,li1,87.6300,252.9600,1.799572
_3032_,VPWR,li1,88.5500,236.6400,1.799824
_3031_,VPWR,li1,89.9300,220.3200,1.799553
_3030_,VPWR,li1,54.9700,258.4000,1.799791
_3029_,VPWR,li1,41.6300,231.2000,1.799920
_3028_,VPWR,li1,39.7900,220.3200,1.799809
_3027_,VPWR,li1,72.9100,263.8400,1.799958
_3026_,VPWR,li1,39.3300,258.4000,1.799853
_3025_,VPWR,li1,87.1700,214.8800,1.799702
_3024_,VPWR,li1,62.3300,193.1200,1.799805
_3023_,VPWR,li1,59.5700,171.3600,1.799868
_3022_,VPWR,li1,69.6900,155.0400,1.799680
_3021_,VPWR,li1,54.5100,165.9200,1.799783
_3020_,VPWR,li1,42.0900,176.8000,1.799853
_3019_,VPWR,li1,40.2500,160.4800,1.799834
_3018_,VPWR,li1,46.6900,198.5600,1.799901
_3017_,VPWR,li1,36.1100,198.5600,1.799926
_3016_,VPWR,li1,77.5100,204.0000,1.799873
_3015_,VPWR,li1,41.1700,57.1200,1.799804
_3014_,VPWR,li1,14.0300,78.8800,1.799921
_3013_,VPWR,li1,14.4900,51.6800,1.799933
_3012_,VPWR,li1,19.0900,51.6800,1.799933
_3011_,VPWR,li1,49.9100,57.1200,1.799749
_3010_,VPWR,li1,33.8100,68.0000,1.799892
_3009_,VPWR,li1,53.1300,73.4400,1.799904
_3008_,VPWR,li1,64.6300,57.1200,1.799664
_3007_,VPWR,li1,70.3800,62.5600,1.799574
_3006_,VPWR,li1,49.4500,24.4800,1.799738
_3005_,VPWR,li1,35.6500,24.4800,1.799801
_3004_,VPWR,li1,40.2500,35.3600,1.799928
_3003_,VPWR,li1,66.9300,35.3600,1.799874
_3002_,VPWR,li1,85.3300,19.0400,1.799757
_3001_,VPWR,li1,39.7900,51.6800,1.799878
_3000_,VPWR,li1,88.0900,57.1200,1.799603
_2999_,VPWR,li1,65.5500,24.4800,1.799721
_2998_,VPWR,li1,68.7700,57.1200,1.799649
_2997_,VPWR,li1,107.4100,24.4800,1.799750
_2996_,VPWR,li1,101.4300,24.4800,1.799739
_2995_,VPWR,li1,103.9600,24.4800,1.799745
_2994_,VPWR,li1,104.6500,29.9200,1.799542
_2993_,VPWR,li1,106.7200,24.4800,1.799750
_2992_,VPWR,li1,114.5400,19.0400,1.799764
_2991_,VPWR,li1,116.8400,19.0400,1.799767
_2990_,VPWR,li1,113.3900,24.4800,1.799759
_2989_,VPWR,li1,223.3300,247.5200,1.799714
_2988_,VPWR,li1,235.7500,242.0800,1.799754
_2987_,VPWR,li1,217.3500,247.5200,1.799721
_2986_,VPWR,li1,213.2100,231.2000,1.799648
_2985_,VPWR,li1,213.2100,242.0800,1.799773
_2984_,VPWR,li1,202.6300,236.6400,1.799803
_2983_,VPWR,li1,208.6100,231.2000,1.799673
_2982_,VPWR,li1,213.2100,225.7600,1.799574
_2981_,VPWR,li1,219.4200,220.3200,1.799546
_2980_,VPWR,li1,218.5000,231.2000,1.799636
_2979_,VPWR,li1,216.6600,231.2000,1.799643
_2978_,VPWR,li1,228.1600,225.7600,1.799509
_2977_,VPWR,li1,226.0900,225.7600,1.799517
_2976_,VPWR,li1,222.8700,231.2000,1.799625
_2975_,VPWR,li1,227.2400,231.2000,1.799614
_2974_,VPWR,li1,230.6900,231.2000,1.799606
_2973_,VPWR,li1,231.6100,225.7600,1.799502
_2972_,VPWR,li1,238.9700,225.7600,1.799473
_2971_,VPWR,li1,241.2700,225.7600,1.799458
_2970_,VPWR,li1,247.2500,225.7600,1.799441
_2969_,VPWR,li1,218.9600,209.4400,1.799815
_2968_,VPWR,li1,228.1600,214.8800,1.799862
_2967_,VPWR,li1,226.3200,214.8800,1.799863
_2966_,VPWR,li1,223.7900,214.8800,1.799865
_2965_,VPWR,li1,226.0900,214.8800,1.799863
_2964_,VPWR,li1,221.7200,204.0000,1.799570
_2963_,VPWR,li1,229.7700,214.8800,1.799862
_2962_,VPWR,li1,236.9000,214.8800,1.799857
_2961_,VPWR,li1,232.3000,214.8800,1.799860
_2960_,VPWR,li1,235.9800,204.0000,1.799536
_2959_,VPWR,li1,238.7400,214.8800,1.799856
_2958_,VPWR,li1,243.5700,214.8800,1.799854
_2957_,VPWR,li1,248.4000,209.4400,1.799795
_2956_,VPWR,li1,242.4200,209.4400,1.799795
_2955_,VPWR,li1,241.0400,214.8800,1.799854
_2954_,VPWR,li1,232.3000,220.3200,1.799537
_2953_,VPWR,li1,241.7300,220.3200,1.799534
_2952_,VPWR,li1,236.4400,220.3200,1.799536
_2951_,VPWR,li1,239.2000,220.3200,1.799534
_2950_,VPWR,li1,243.8000,220.3200,1.799534
_2949_,VPWR,li1,248.8600,225.7600,1.799429
_2948_,VPWR,li1,246.7900,225.7600,1.799441
_2947_,VPWR,li1,250.4700,220.3200,1.799534
_2946_,VPWR,li1,247.9400,231.2000,1.799580
_2945_,VPWR,li1,255.0700,225.7600,1.799418
_2944_,VPWR,li1,257.1400,225.7600,1.799417
_2943_,VPWR,li1,254.3800,231.2000,1.799574
_2942_,VPWR,li1,249.3200,236.6400,1.799719
_2941_,VPWR,li1,243.8000,236.6400,1.799723
_2940_,VPWR,li1,241.7300,231.2000,1.799586
_2939_,VPWR,li1,239.6600,231.2000,1.799590
_2938_,VPWR,li1,242.8800,236.6400,1.799723
_2937_,VPWR,li1,232.7600,236.6400,1.799737
_2936_,VPWR,li1,125.5800,13.6000,1.799939
_2935_,VPWR,li1,110.6300,24.4800,1.799756
_2934_,VPWR,li1,101.4300,29.9200,1.799542
_2933_,VPWR,li1,106.7200,29.9200,1.799542
_2932_,VPWR,li1,100.9700,40.8000,1.799904
_2931_,VPWR,li1,127.6500,35.3600,1.799831
_2930_,VPWR,li1,130.8700,29.9200,1.799603
_2929_,VPWR,li1,137.5400,40.8000,1.799932
_2928_,VPWR,li1,141.9100,29.9200,1.799647
_2927_,VPWR,li1,147.4300,35.3600,1.799868
_2926_,VPWR,li1,145.5900,35.3600,1.799864
_2925_,VPWR,li1,148.8100,35.3600,1.799868
_2924_,VPWR,li1,150.8800,35.3600,1.799876
_2923_,VPWR,li1,148.8100,35.3600,1.799868
_2922_,VPWR,li1,155.2500,29.9200,1.799724
_2921_,VPWR,li1,165.6000,35.3600,1.799919
_2920_,VPWR,li1,158.9300,35.3600,1.799899
_2919_,VPWR,li1,157.0900,35.3600,1.799889
_2918_,VPWR,li1,163.3000,40.8000,1.799958
_2917_,VPWR,li1,161.6900,29.9200,1.799762
_2916_,VPWR,li1,171.3500,29.9200,1.799839
_2915_,VPWR,li1,169.7400,29.9200,1.799839
_2914_,VPWR,li1,163.5300,29.9200,1.799778
_2913_,VPWR,li1,164.4500,24.4800,1.799915
_2912_,VPWR,li1,168.3600,24.4800,1.799932
_2911_,VPWR,li1,163.9900,24.4800,1.799915
_2910_,VPWR,li1,170.4300,19.0400,1.799923
_2909_,VPWR,li1,168.8200,19.0400,1.799923
_2908_,VPWR,li1,166.2900,24.4800,1.799924
_2907_,VPWR,li1,159.3900,24.4800,1.799895
_2906_,VPWR,li1,157.7800,24.4800,1.799895
_2905_,VPWR,li1,158.4700,13.6000,1.799961
_2904_,VPWR,li1,154.3300,13.6000,1.799956
_2903_,VPWR,li1,155.4800,19.0400,1.799862
_2902_,VPWR,li1,156.1700,13.6000,1.799958
_2901_,VPWR,li1,152.0300,19.0400,1.799854
_2900_,VPWR,li1,148.5800,24.4800,1.799860
_2899_,VPWR,li1,152.0300,13.6000,1.799953
_2898_,VPWR,li1,153.4100,19.0400,1.799854
_2897_,VPWR,li1,142.6000,24.4800,1.799843
_2896_,VPWR,li1,145.1300,24.4800,1.799852
_2895_,VPWR,li1,137.7700,24.4800,1.799827
_2894_,VPWR,li1,138.0000,13.6000,1.799945
_2893_,VPWR,li1,136.8500,19.0400,1.799806
_2892_,VPWR,li1,133.6300,19.0400,1.799796
_2891_,VPWR,li1,132.4800,19.0400,1.799796
_2890_,VPWR,li1,126.7300,19.0400,1.799783
_2889_,VPWR,li1,135.9300,13.6000,1.799944
_2888_,VPWR,li1,80.2700,89.7600,1.799631
_2887_,VPWR,li1,85.3300,106.0800,1.799655
_2886_,VPWR,li1,83.9500,89.7600,1.799625
_2885_,VPWR,li1,99.5900,62.5600,1.799601
_2884_,VPWR,li1,99.1300,78.8800,1.799636
_2883_,VPWR,li1,72.4500,122.4000,1.799584
_2882_,VPWR,li1,98.6700,116.9600,1.799732
_2881_,VPWR,li1,98.2100,95.2000,1.799720
_2880_,VPWR,li1,104.6500,73.4400,1.799878
_2879_,VPWR,li1,40.7100,13.6000,1.799961
_2878_,VPWR,li1,27.3700,24.4800,1.799868
_2877_,VPWR,li1,29.2100,29.9200,1.799855
_2876_,VPWR,li1,46.2300,29.9200,1.799738
_2875_,VPWR,li1,74.2900,24.4800,1.799723
_2874_,VPWR,li1,28.2900,51.6800,1.799904
_2873_,VPWR,li1,77.9700,57.1200,1.799611
_2872_,VPWR,li1,59.5700,24.4800,1.799719
_2871_,VPWR,li1,64.6300,57.1200,1.799664
_2870_,VPWR,li1,49.4500,24.4800,1.799738
_2869_,VPWR,li1,31.5100,24.4800,1.799832
_2868_,VPWR,li1,33.8100,35.3600,1.799943
_2867_,VPWR,li1,60.9500,29.9200,1.799651
_2866_,VPWR,li1,79.8100,24.4800,1.799724
_2865_,VPWR,li1,35.1900,40.8000,1.799954
_2864_,VPWR,li1,78.8900,51.6800,1.799830
_2863_,VPWR,li1,63.7100,24.4800,1.799720
_2862_,VPWR,li1,71.9900,62.5600,1.799564
_2861_,VPWR,li1,64.1700,62.5600,1.799596
_2860_,VPWR,li1,106.9500,214.8800,1.799687
_2859_,VPWR,li1,105.1100,220.3200,1.799581
_2858_,VPWR,li1,107.4100,220.3200,1.799587
_2857_,VPWR,li1,105.1100,220.3200,1.799581
_2856_,VPWR,li1,112.0100,225.7600,1.799518
_2855_,VPWR,li1,111.7800,214.8800,1.799698
_2854_,VPWR,li1,106.9500,220.3200,1.799587
_2853_,VPWR,li1,109.7100,220.3200,1.799590
_2852_,VPWR,li1,74.2900,68.0000,1.799769
_2851_,VPWR,li1,69.2300,73.4400,1.799895
_2850_,VPWR,li1,81.1900,57.1200,1.799607
_2849_,VPWR,li1,74.7500,73.4400,1.799891
_2848_,VPWR,li1,91.3100,57.1200,1.799601
_2847_,VPWR,li1,93.8400,57.1200,1.799599
_2846_,VPWR,li1,94.0700,57.1200,1.799599
_2845_,VPWR,li1,117.0700,29.9200,1.799553
_2844_,VPWR,li1,117.0700,40.8000,1.799917
_2843_,VPWR,li1,110.6300,35.3600,1.799830
_2842_,VPWR,li1,110.6300,40.8000,1.799913
_2841_,VPWR,li1,120.0600,46.2400,1.799790
_2840_,VPWR,li1,115.2300,40.8000,1.799916
_2839_,VPWR,li1,113.3900,51.6800,1.799848
_2838_,VPWR,li1,113.8500,46.2400,1.799785
_2837_,VPWR,li1,117.0700,46.2400,1.799787
_2836_,VPWR,li1,117.3000,51.6800,1.799849
_2835_,VPWR,li1,113.8500,51.6800,1.799848
_2834_,VPWR,li1,121.2100,51.6800,1.799851
_2833_,VPWR,li1,110.1700,51.6800,1.799846
_2832_,VPWR,li1,119.6000,51.6800,1.799851
_2831_,VPWR,li1,120.7500,51.6800,1.799851
_2830_,VPWR,li1,123.0500,51.6800,1.799852
_2829_,VPWR,li1,112.0100,62.5600,1.799636
_2828_,VPWR,li1,107.8700,51.6800,1.799844
_2827_,VPWR,li1,110.1700,51.6800,1.799846
_2826_,VPWR,li1,111.0900,46.2400,1.799784
_2825_,VPWR,li1,114.0800,155.0400,1.799579
_2824_,VPWR,li1,102.8100,138.7200,1.799721
_2823_,VPWR,li1,101.4300,133.2800,1.799833
_2822_,VPWR,li1,111.0900,149.6000,1.799874
_2821_,VPWR,li1,104.1900,144.1600,1.799877
_2820_,VPWR,li1,98.6700,133.2800,1.799834
_2819_,VPWR,li1,103.2700,127.8400,1.799838
_2818_,VPWR,li1,107.4100,127.8400,1.799838
_2817_,VPWR,li1,111.0900,160.4800,1.799652
_2816_,VPWR,li1,227.2400,171.3600,1.799925
_2815_,VPWR,li1,239.8900,165.9200,1.799804
_2814_,VPWR,li1,235.2900,155.0400,1.799123
_2813_,VPWR,li1,245.4100,165.9200,1.799804
_2812_,VPWR,li1,252.7700,160.4800,1.799726
_2811_,VPWR,li1,233.9100,149.6000,1.799875
_2810_,VPWR,li1,248.1700,155.0400,1.799049
_2809_,VPWR,li1,253.6900,155.0400,1.799045
_2808_,VPWR,li1,229.7700,171.3600,1.799925
_2807_,VPWR,li1,138.0000,176.8000,1.799791
_2806_,VPWR,li1,136.3900,182.2400,1.799611
_2805_,VPWR,li1,127.6500,187.6800,1.799722
_2804_,VPWR,li1,133.6300,193.1200,1.799797
_2803_,VPWR,li1,127.1900,187.6800,1.799722
_2802_,VPWR,li1,119.3700,182.2400,1.799556
_2801_,VPWR,li1,121.6700,182.2400,1.799567
_2800_,VPWR,li1,119.3700,176.8000,1.799747
_2799_,VPWR,li1,139.6100,182.2400,1.799620
_2798_,VPWR,li1,193.4300,133.2800,1.799784
_2797_,VPWR,li1,188.3700,138.7200,1.799854
_2796_,VPWR,li1,184.2300,138.7200,1.799866
_2795_,VPWR,li1,193.4300,144.1600,1.799876
_2794_,VPWR,li1,195.2700,149.6000,1.799909
_2793_,VPWR,li1,196.6500,138.7200,1.799829
_2792_,VPWR,li1,188.3700,127.8400,1.799873
_2791_,VPWR,li1,201.2500,127.8400,1.799845
_2790_,VPWR,li1,188.8300,155.0400,1.799608
_2789_,VPWR,li1,139.8400,160.4800,1.799689
_2788_,VPWR,li1,119.3700,155.0400,1.799591
_2787_,VPWR,li1,123.9700,160.4800,1.799659
_2786_,VPWR,li1,113.8500,160.4800,1.799652
_2785_,VPWR,li1,131.3300,165.9200,1.799824
_2784_,VPWR,li1,119.3700,149.6000,1.799882
_2783_,VPWR,li1,123.5100,149.6000,1.799887
_2782_,VPWR,li1,123.9700,149.6000,1.799887
_2781_,VPWR,li1,134.5500,165.9200,1.799829
_2780_,VPWR,li1,160.3100,187.6800,1.799828
_2779_,VPWR,li1,182.8500,160.4800,1.799875
_2778_,VPWR,li1,181.2400,182.2400,1.799780
_2777_,VPWR,li1,176.8700,171.3600,1.799945
_2776_,VPWR,li1,176.8700,182.2400,1.799817
_2775_,VPWR,li1,183.0800,171.3600,1.799941
_2774_,VPWR,li1,180.0900,171.3600,1.799943
_2773_,VPWR,li1,177.7900,176.8000,1.799915
_2772_,VPWR,li1,184.2300,182.2400,1.799756
_2771_,VPWR,li1,182.6200,176.8000,1.799896
_2770_,VPWR,li1,191.1300,171.3600,1.799937
_2769_,VPWR,li1,182.6200,176.8000,1.799896
_2768_,VPWR,li1,175.0300,182.2400,1.799833
_2767_,VPWR,li1,183.5400,187.6800,1.799827
_2766_,VPWR,li1,191.5900,187.6800,1.799768
_2765_,VPWR,li1,186.0700,187.6800,1.799808
_2764_,VPWR,li1,180.7800,187.6800,1.799859
_2763_,VPWR,li1,180.5500,182.2400,1.799797
_2762_,VPWR,li1,177.3300,182.2400,1.799817
_2761_,VPWR,li1,184.0000,187.6800,1.799827
_2760_,VPWR,li1,214.1300,171.3600,1.799925
_2759_,VPWR,li1,207.0000,182.2400,1.799649
_2758_,VPWR,li1,202.6300,182.2400,1.799659
_2757_,VPWR,li1,205.3900,187.6800,1.799693
_2756_,VPWR,li1,204.0100,171.3600,1.799930
_2755_,VPWR,li1,206.3100,176.8000,1.799824
_2754_,VPWR,li1,201.7100,182.2400,1.799659
_2753_,VPWR,li1,209.9900,182.2400,1.799644
_2752_,VPWR,li1,202.6300,171.3600,1.799931
_2751_,VPWR,li1,213.6700,176.8000,1.799811
_2750_,VPWR,li1,210.2200,182.2400,1.799644
_2749_,VPWR,li1,204.4700,182.2400,1.799654
_2748_,VPWR,li1,221.7200,187.6800,1.799625
_2747_,VPWR,li1,224.2500,187.6800,1.799615
_2746_,VPWR,li1,220.5700,193.1200,1.799779
_2745_,VPWR,li1,210.2200,187.6800,1.799673
_2744_,VPWR,li1,210.9100,187.6800,1.799673
_2743_,VPWR,li1,207.6900,187.6800,1.799684
_2742_,VPWR,li1,214.8200,187.6800,1.799654
_2741_,VPWR,li1,76.1300,138.7200,1.799803
_2740_,VPWR,li1,85.3300,144.1600,1.799886
_2739_,VPWR,li1,92.2300,138.7200,1.799752
_2738_,VPWR,li1,89.9300,149.6000,1.799875
_2737_,VPWR,li1,74.7500,149.6000,1.799893
_2736_,VPWR,li1,76.5900,127.8400,1.799861
_2735_,VPWR,li1,81.6500,133.2800,1.799836
_2734_,VPWR,li1,80.7300,133.2800,1.799836
_2733_,VPWR,li1,115.6900,165.9200,1.799793
_2732_,VPWR,li1,249.0900,138.7200,1.799716
_2731_,VPWR,li1,240.3500,138.7200,1.799727
_2730_,VPWR,li1,238.9700,133.2800,1.799578
_2729_,VPWR,li1,252.7700,144.1600,1.799831
_2728_,VPWR,li1,248.1700,144.1600,1.799831
_2727_,VPWR,li1,239.8900,127.8400,1.799801
_2726_,VPWR,li1,250.9300,122.4000,1.799567
_2725_,VPWR,li1,255.0700,122.4000,1.799564
_2724_,VPWR,li1,168.3600,165.9200,1.799915
_2723_,VPWR,li1,223.5600,182.2400,1.799628
_2722_,VPWR,li1,232.0700,193.1200,1.799764
_2721_,VPWR,li1,230.6900,182.2400,1.799625
_2720_,VPWR,li1,232.0700,187.6800,1.799585
_2719_,VPWR,li1,240.8100,187.6800,1.799557
_2718_,VPWR,li1,236.6700,187.6800,1.799566
_2717_,VPWR,li1,246.7900,182.2400,1.799625
_2716_,VPWR,li1,246.7900,182.2400,1.799625
_2715_,VPWR,li1,223.3300,182.2400,1.799629
_2714_,VPWR,li1,191.1300,193.1200,1.799851
_2713_,VPWR,li1,175.4900,198.5600,1.799948
_2712_,VPWR,li1,187.4500,182.2400,1.799739
_2711_,VPWR,li1,188.3700,187.6800,1.799791
_2710_,VPWR,li1,179.6300,198.5600,1.799936
_2709_,VPWR,li1,170.8900,193.1200,1.799897
_2708_,VPWR,li1,170.8900,187.6800,1.799867
_2707_,VPWR,li1,170.8900,182.2400,1.799799
_2706_,VPWR,li1,167.9000,176.8000,1.799890
_2705_,VPWR,li1,145.8200,171.3600,1.799835
_2704_,VPWR,li1,145.1300,165.9200,1.799854
_2703_,VPWR,li1,149.7300,155.0400,1.799684
_2702_,VPWR,li1,149.7300,165.9200,1.799866
_2701_,VPWR,li1,156.6300,160.4800,1.799781
_2700_,VPWR,li1,162.6100,160.4800,1.799819
_2699_,VPWR,li1,149.7300,160.4800,1.799736
_2698_,VPWR,li1,162.6100,155.0400,1.799737
_2697_,VPWR,li1,148.8100,171.3600,1.799847
_2696_,VPWR,li1,155.2500,171.3600,1.799870
_2695_,VPWR,li1,176.8700,144.1600,1.799929
_2694_,VPWR,li1,144.2100,144.1600,1.799896
_2693_,VPWR,li1,140.9900,144.1600,1.799892
_2692_,VPWR,li1,145.5900,144.1600,1.799896
_2691_,VPWR,li1,123.5100,138.7200,1.799670
_2690_,VPWR,li1,170.8900,149.6000,1.799947
_2689_,VPWR,li1,164.9100,144.1600,1.799924
_2688_,VPWR,li1,125.3500,127.8400,1.799840
_2687_,VPWR,li1,112.9300,127.8400,1.799839
_2686_,VPWR,li1,122.1300,127.8400,1.799839
_2685_,VPWR,li1,175.0300,160.4800,1.799900
_2684_,VPWR,li1,136.3900,138.7200,1.799638
_2683_,VPWR,li1,132.2500,133.2800,1.799828
_2682_,VPWR,li1,126.2700,133.2800,1.799830
_2681_,VPWR,li1,129.4900,133.2800,1.799829
_2680_,VPWR,li1,170.8900,160.4800,1.799872
_2679_,VPWR,li1,127.1900,133.2800,1.799829
_2678_,VPWR,li1,118.9100,127.8400,1.799839
_2677_,VPWR,li1,118.4500,127.8400,1.799839
_2676_,VPWR,li1,115.6900,127.8400,1.799839
_2675_,VPWR,li1,209.5300,155.0400,1.799355
_2674_,VPWR,li1,213.6700,155.0400,1.799304
_2673_,VPWR,li1,208.6100,127.8400,1.799832
_2672_,VPWR,li1,222.8700,122.4000,1.799583
_2671_,VPWR,li1,210.4500,155.0400,1.799355
_2670_,VPWR,li1,206.7700,144.1600,1.799851
_2669_,VPWR,li1,217.3500,116.9600,1.799876
_2668_,VPWR,li1,240.8100,116.9600,1.799876
_2667_,VPWR,li1,238.0500,111.5200,1.799857
_2666_,VPWR,li1,234.8300,111.5200,1.799857
_2665_,VPWR,li1,227.0100,160.4800,1.799757
_2664_,VPWR,li1,237.5900,116.9600,1.799876
_2663_,VPWR,li1,239.4300,111.5200,1.799857
_2662_,VPWR,li1,242.6500,111.5200,1.799857
_2661_,VPWR,li1,229.7700,116.9600,1.799876
_2660_,VPWR,li1,227.0100,165.9200,1.799810
_2659_,VPWR,li1,226.5500,116.9600,1.799876
_2658_,VPWR,li1,228.3900,111.5200,1.799857
_2657_,VPWR,li1,231.6100,111.5200,1.799857
_2656_,VPWR,li1,218.7300,116.9600,1.799876
_2655_,VPWR,li1,146.0500,138.7200,1.799673
_2654_,VPWR,li1,136.1600,149.6000,1.799903
_2653_,VPWR,li1,127.6500,106.0800,1.799658
_2652_,VPWR,li1,123.9700,144.1600,1.799880
_2651_,VPWR,li1,127.1900,149.6000,1.799891
_2650_,VPWR,li1,131.3300,122.4000,1.799687
_2649_,VPWR,li1,132.2500,144.1600,1.799885
_2648_,VPWR,li1,126.7300,144.1600,1.799881
_2647_,VPWR,li1,133.1700,149.6000,1.799897
_2646_,VPWR,li1,127.1900,116.9600,1.799750
_2645_,VPWR,li1,129.7200,144.1600,1.799883
_2644_,VPWR,li1,129.9500,149.6000,1.799895
_2643_,VPWR,li1,129.9500,149.6000,1.799895
_2642_,VPWR,li1,129.7200,155.0400,1.799621
_2641_,VPWR,li1,132.7100,144.1600,1.799885
_2640_,VPWR,li1,129.0300,155.0400,1.799621
_2639_,VPWR,li1,132.9400,155.0400,1.799630
_2638_,VPWR,li1,132.2500,155.0400,1.799630
_2637_,VPWR,li1,127.1900,149.6000,1.799891
_2636_,VPWR,li1,178.7100,127.8400,1.799900
_2635_,VPWR,li1,192.7400,127.8400,1.799863
_2634_,VPWR,li1,208.1500,122.4000,1.799649
_2633_,VPWR,li1,202.6300,122.4000,1.799675
_2632_,VPWR,li1,204.9300,127.8400,1.799840
_2631_,VPWR,li1,192.5100,116.9600,1.799895
_2630_,VPWR,li1,200.3300,122.4000,1.799695
_2629_,VPWR,li1,197.1100,122.4000,1.799705
_2628_,VPWR,li1,195.9600,133.2800,1.799770
_2627_,VPWR,li1,201.2500,116.9600,1.799885
_2626_,VPWR,li1,200.1000,122.4000,1.799695
_2625_,VPWR,li1,196.4200,127.8400,1.799855
_2624_,VPWR,li1,204.4700,133.2800,1.799734
_2623_,VPWR,li1,192.9700,138.7200,1.799840
_2622_,VPWR,li1,200.7900,133.2800,1.799745
_2621_,VPWR,li1,204.0100,127.8400,1.799840
_2620_,VPWR,li1,193.8900,122.4000,1.799730
_2619_,VPWR,li1,203.0900,133.2800,1.799734
_2618_,VPWR,li1,190.9000,133.2800,1.799798
_2617_,VPWR,li1,193.2000,127.8400,1.799863
_2616_,VPWR,li1,119.3700,116.9600,1.799740
_2615_,VPWR,li1,133.4000,176.8000,1.799779
_2614_,VPWR,li1,119.3700,100.6400,1.799663
_2613_,VPWR,li1,130.6400,171.3600,1.799796
_2612_,VPWR,li1,139.1500,127.8400,1.799846
_2611_,VPWR,li1,133.1700,171.3600,1.799803
_2610_,VPWR,li1,133.6300,176.8000,1.799779
_2609_,VPWR,li1,130.1800,176.8000,1.799770
_2608_,VPWR,li1,127.6500,171.3600,1.799787
_2607_,VPWR,li1,128.1100,182.2400,1.799584
_2606_,VPWR,li1,113.8500,116.9600,1.799735
_2605_,VPWR,li1,126.2700,176.8000,1.799761
_2604_,VPWR,li1,127.1900,182.2400,1.799584
_2603_,VPWR,li1,123.0500,176.8000,1.799752
_2602_,VPWR,li1,132.4800,182.2400,1.799598
_2601_,VPWR,li1,131.7900,182.2400,1.799598
_2600_,VPWR,li1,141.4500,182.2400,1.799628
_2599_,VPWR,li1,135.7000,176.8000,1.799785
_2598_,VPWR,li1,214.1300,144.1600,1.799843
_2597_,VPWR,li1,235.5200,149.6000,1.799874
_2596_,VPWR,li1,235.2900,89.7600,1.799626
_2595_,VPWR,li1,239.2000,144.1600,1.799831
_2594_,VPWR,li1,244.0300,100.6400,1.799694
_2593_,VPWR,li1,241.7300,144.1600,1.799831
_2592_,VPWR,li1,244.9500,149.6000,1.799868
_2591_,VPWR,li1,247.4800,160.4800,1.799729
_2590_,VPWR,li1,242.6500,149.6000,1.799870
_2589_,VPWR,li1,244.4900,149.6000,1.799868
_2588_,VPWR,li1,221.0300,111.5200,1.799857
_2587_,VPWR,li1,238.9700,149.6000,1.799872
_2586_,VPWR,li1,240.8100,149.6000,1.799871
_2585_,VPWR,li1,239.4300,155.0400,1.799091
_2584_,VPWR,li1,256.6800,160.4800,1.799725
_2583_,VPWR,li1,248.1700,165.9200,1.799804
_2582_,VPWR,li1,240.3500,160.4800,1.799737
_2581_,VPWR,li1,247.0200,149.6000,1.799867
_2580_,VPWR,li1,144.2100,133.2800,1.799827
_2579_,VPWR,li1,110.4000,138.7200,1.799702
_2578_,VPWR,li1,111.5500,100.6400,1.799639
_2577_,VPWR,li1,110.1700,122.4000,1.799616
_2576_,VPWR,li1,106.9500,127.8400,1.799838
_2575_,VPWR,li1,123.9700,89.7600,1.799659
_2574_,VPWR,li1,115.6900,133.2800,1.799831
_2573_,VPWR,li1,110.6300,127.8400,1.799839
_2572_,VPWR,li1,106.9500,133.2800,1.799832
_2571_,VPWR,li1,106.4900,95.2000,1.799729
_2570_,VPWR,li1,113.1600,133.2800,1.799831
_2569_,VPWR,li1,110.1700,133.2800,1.799832
_2568_,VPWR,li1,113.8500,133.2800,1.799831
_2567_,VPWR,li1,111.3200,138.7200,1.799702
_2566_,VPWR,li1,110.1700,127.8400,1.799838
_2565_,VPWR,li1,107.4100,138.7200,1.799709
_2564_,VPWR,li1,110.8600,133.2800,1.799832
_2563_,VPWR,li1,106.4900,138.7200,1.799714
_2562_,VPWR,li1,117.9900,133.2800,1.799831
_2561_,VPWR,li1,222.4100,95.2000,1.799825
_2560_,VPWR,li1,226.3200,122.4000,1.799582
_2559_,VPWR,li1,230.2300,73.4400,1.799852
_2558_,VPWR,li1,229.0800,122.4000,1.799580
_2557_,VPWR,li1,227.9300,84.3200,1.799847
_2556_,VPWR,li1,231.6100,122.4000,1.799578
_2555_,VPWR,li1,225.6300,127.8400,1.799810
_2554_,VPWR,li1,232.3000,127.8400,1.799804
_2553_,VPWR,li1,232.0700,122.4000,1.799578
_2552_,VPWR,li1,222.8700,127.8400,1.799813
_2551_,VPWR,li1,225.1700,100.6400,1.799712
_2550_,VPWR,li1,228.3900,122.4000,1.799580
_2549_,VPWR,li1,227.0100,133.2800,1.799623
_2548_,VPWR,li1,224.2500,127.8400,1.799813
_2547_,VPWR,li1,226.7800,138.7200,1.799751
_2546_,VPWR,li1,227.0100,133.2800,1.799623
_2545_,VPWR,li1,232.9900,138.7200,1.799740
_2544_,VPWR,li1,223.5600,133.2800,1.799638
_2543_,VPWR,li1,155.2500,144.1600,1.799911
_2542_,VPWR,li1,153.6400,149.6000,1.799925
_2541_,VPWR,li1,166.7500,138.7200,1.799823
_2540_,VPWR,li1,165.1400,149.6000,1.799939
_2539_,VPWR,li1,165.3700,133.2800,1.799851
_2538_,VPWR,li1,162.1500,149.6000,1.799936
_2537_,VPWR,li1,156.6300,149.6000,1.799929
_2536_,VPWR,li1,162.1500,149.6000,1.799936
_2535_,VPWR,li1,155.7100,155.0400,1.799708
_2534_,VPWR,li1,156.6300,127.8400,1.799867
_2533_,VPWR,li1,159.6200,149.6000,1.799932
_2532_,VPWR,li1,157.0900,149.6000,1.799929
_2531_,VPWR,li1,158.4700,155.0400,1.799719
_2530_,VPWR,li1,152.2600,160.4800,1.799752
_2529_,VPWR,li1,157.0900,144.1600,1.799913
_2528_,VPWR,li1,153.4100,160.4800,1.799752
_2527_,VPWR,li1,150.6500,171.3600,1.799858
_2526_,VPWR,li1,153.1800,155.0400,1.799698
_2525_,VPWR,li1,207.6900,149.6000,1.799891
_2524_,VPWR,li1,235.0600,171.3600,1.799925
_2523_,VPWR,li1,235.2900,73.4400,1.799846
_2522_,VPWR,li1,239.8900,176.8000,1.799771
_2521_,VPWR,li1,239.4300,182.2400,1.799625
_2520_,VPWR,li1,242.6500,84.3200,1.799839
_2519_,VPWR,li1,238.9700,171.3600,1.799925
_2518_,VPWR,li1,237.1300,176.8000,1.799774
_2517_,VPWR,li1,235.7500,176.8000,1.799777
_2516_,VPWR,li1,235.2900,106.0800,1.799755
_2515_,VPWR,li1,234.1400,176.8000,1.799777
_2514_,VPWR,li1,239.8900,176.8000,1.799771
_2513_,VPWR,li1,251.8500,182.2400,1.799625
_2512_,VPWR,li1,235.9800,182.2400,1.799625
_2511_,VPWR,li1,242.6500,176.8000,1.799767
_2510_,VPWR,li1,240.8100,171.3600,1.799925
_2509_,VPWR,li1,242.8800,182.2400,1.799625
_2508_,VPWR,li1,229.3100,187.6800,1.799593
_2507_,VPWR,li1,242.4200,182.2400,1.799625
_2506_,VPWR,li1,114.3100,84.3200,1.799762
_2505_,VPWR,li1,92.0000,138.7200,1.799752
_2504_,VPWR,li1,119.3700,84.3200,1.799766
_2503_,VPWR,li1,88.5500,127.8400,1.799849
_2502_,VPWR,li1,89.0100,133.2800,1.799835
_2501_,VPWR,li1,123.9700,73.4400,1.799880
_2500_,VPWR,li1,89.9300,127.8400,1.799846
_2499_,VPWR,li1,85.3300,127.8400,1.799851
_2498_,VPWR,li1,89.0100,138.7200,1.799764
_2497_,VPWR,li1,111.5500,73.4400,1.799878
_2496_,VPWR,li1,92.0000,133.2800,1.799835
_2495_,VPWR,li1,86.2500,133.2800,1.799835
_2494_,VPWR,li1,91.3100,133.2800,1.799835
_2493_,VPWR,li1,84.1800,144.1600,1.799888
_2492_,VPWR,li1,87.6300,127.8400,1.799849
_2491_,VPWR,li1,85.3300,138.7200,1.799772
_2490_,VPWR,li1,85.5600,138.7200,1.799772
_2489_,VPWR,li1,88.0900,138.7200,1.799764
_2488_,VPWR,li1,89.0100,133.2800,1.799835
_2487_,VPWR,li1,223.7900,62.5600,1.799767
_2486_,VPWR,li1,255.3000,127.8400,1.799801
_2485_,VPWR,li1,235.2900,62.5600,1.799754
_2484_,VPWR,li1,243.1100,116.9600,1.799876
_2483_,VPWR,li1,247.2500,122.4000,1.799568
_2482_,VPWR,li1,239.8900,57.1200,1.799467
_2481_,VPWR,li1,244.9500,116.9600,1.799876
_2480_,VPWR,li1,245.8700,116.9600,1.799876
_2479_,VPWR,li1,247.2500,122.4000,1.799568
_2478_,VPWR,li1,227.0100,62.5600,1.799764
_2477_,VPWR,li1,244.2600,122.4000,1.799570
_2476_,VPWR,li1,252.3100,127.8400,1.799801
_2475_,VPWR,li1,246.3300,127.8400,1.799801
_2474_,VPWR,li1,253.4600,127.8400,1.799801
_2473_,VPWR,li1,249.5500,122.4000,1.799567
_2472_,VPWR,li1,249.5500,127.8400,1.799801
_2471_,VPWR,li1,257.1400,127.8400,1.799801
_2470_,VPWR,li1,246.3300,133.2800,1.799547
_2469_,VPWR,li1,257.8300,127.8400,1.799801
_2468_,VPWR,li1,164.4500,171.3600,1.799901
_2467_,VPWR,li1,170.4300,204.0000,1.799864
_2466_,VPWR,li1,173.4200,204.0000,1.799869
_2465_,VPWR,li1,167.9000,209.4400,1.799882
_2464_,VPWR,li1,182.8500,209.4400,1.799889
_2463_,VPWR,li1,178.2500,209.4400,1.799903
_2462_,VPWR,li1,176.1800,209.4400,1.799909
_2461_,VPWR,li1,187.6800,209.4400,1.799875
_2460_,VPWR,li1,190.4400,209.4400,1.799866
_2459_,VPWR,li1,189.5200,204.0000,1.799759
_2458_,VPWR,li1,189.7500,214.8800,1.799902
_2457_,VPWR,li1,185.1500,209.4400,1.799882
_2456_,VPWR,li1,187.4500,214.8800,1.799908
_2455_,VPWR,li1,184.6900,214.8800,1.799915
_2454_,VPWR,li1,196.8800,209.4400,1.799852
_2453_,VPWR,li1,194.1200,214.8800,1.799892
_2452_,VPWR,li1,197.5700,214.8800,1.799890
_2451_,VPWR,li1,200.3300,220.3200,1.799591
_2450_,VPWR,li1,200.3300,214.8800,1.799886
_2449_,VPWR,li1,196.6500,209.4400,1.799852
_2448_,VPWR,li1,201.9400,209.4400,1.799840
_2447_,VPWR,li1,203.5500,214.8800,1.799881
_2446_,VPWR,li1,212.9800,209.4400,1.799823
_2445_,VPWR,li1,214.8200,209.4400,1.799820
_2444_,VPWR,li1,207.6900,214.8800,1.799878
_2443_,VPWR,li1,206.0800,214.8800,1.799878
_2442_,VPWR,li1,204.4700,214.8800,1.799881
_2441_,VPWR,li1,209.9900,225.7600,1.799596
_2440_,VPWR,li1,203.0900,220.3200,1.799578
_2439_,VPWR,li1,203.0900,220.3200,1.799578
_2438_,VPWR,li1,201.0200,220.3200,1.799591
_2437_,VPWR,li1,196.8800,225.7600,1.799670
_2436_,VPWR,li1,197.8000,225.7600,1.799657
_2435_,VPWR,li1,184.2300,225.7600,1.799758
_2434_,VPWR,li1,188.8300,220.3200,1.799693
_2433_,VPWR,li1,195.7300,225.7600,1.799670
_2432_,VPWR,li1,187.9100,220.3200,1.799693
_2431_,VPWR,li1,190.4400,220.3200,1.799662
_2430_,VPWR,li1,192.2800,220.3200,1.799642
_2429_,VPWR,li1,173.1900,214.8800,1.799923
_2428_,VPWR,li1,170.6600,220.3200,1.799811
_2427_,VPWR,li1,181.0100,220.3200,1.799770
_2426_,VPWR,li1,178.2500,220.3200,1.799806
_2425_,VPWR,li1,171.1200,225.7600,1.799771
_2424_,VPWR,li1,175.0300,220.3200,1.799834
_2423_,VPWR,li1,171.1200,225.7600,1.799771
_2422_,VPWR,li1,174.8000,231.2000,1.799890
_2421_,VPWR,li1,163.9900,225.7600,1.799685
_2420_,VPWR,li1,169.5100,231.2000,1.799882
_2419_,VPWR,li1,168.1300,225.7600,1.799740
_2418_,VPWR,li1,162.1500,214.8800,1.799881
_2417_,VPWR,li1,159.1600,220.3200,1.799755
_2416_,VPWR,li1,157.3200,214.8800,1.799865
_2415_,VPWR,li1,167.2100,214.8800,1.799904
_2414_,VPWR,li1,162.3800,220.3200,1.799771
_2413_,VPWR,li1,163.0700,209.4400,1.799860
_2412_,VPWR,li1,161.2300,209.4400,1.799850
_2411_,VPWR,li1,165.3700,220.3200,1.799785
_2410_,VPWR,li1,165.3700,209.4400,1.799873
_2409_,VPWR,li1,165.8300,214.8800,1.799894
_2408_,VPWR,li1,162.3800,193.1200,1.799871
_2407_,VPWR,li1,162.3800,187.6800,1.799835
_2406_,VPWR,li1,158.2400,187.6800,1.799821
_2405_,VPWR,li1,150.8800,187.6800,1.799795
_2404_,VPWR,li1,154.3300,187.6800,1.799802
_2403_,VPWR,li1,151.8000,176.8000,1.799836
_2402_,VPWR,li1,155.7100,176.8000,1.799848
_2401_,VPWR,li1,156.1700,198.5600,1.799915
_2400_,VPWR,li1,158.0100,198.5600,1.799918
_2399_,VPWR,li1,160.0800,209.4400,1.799850
_2398_,VPWR,li1,219.4200,149.6000,1.799884
_2397_,VPWR,li1,222.4100,144.1600,1.799835
_2396_,VPWR,li1,218.7300,133.2800,1.799659
_2395_,VPWR,li1,227.9300,144.1600,1.799831
_2394_,VPWR,li1,230.2300,138.7200,1.799745
_2393_,VPWR,li1,221.0300,127.8400,1.799815
_2392_,VPWR,li1,216.8900,127.8400,1.799820
_2391_,VPWR,li1,228.3900,127.8400,1.799806
_2390_,VPWR,li1,218.2700,155.0400,1.799263
_2389_,VPWR,li1,167.2100,171.3600,1.799917
_2388_,VPWR,li1,162.1500,182.2400,1.799730
_2387_,VPWR,li1,151.1100,182.2400,1.799658
_2386_,VPWR,li1,144.2100,133.2800,1.799827
_2385_,VPWR,li1,129.4900,100.6400,1.799701
_2384_,VPWR,li1,137.7700,122.4000,1.799707
_2383_,VPWR,li1,131.3300,111.5200,1.799791
_2382_,VPWR,li1,176.8700,116.9600,1.799924
_2381_,VPWR,li1,214.1300,111.5200,1.799860
_2380_,VPWR,li1,189.7500,111.5200,1.799889
_2379_,VPWR,li1,207.2300,111.5200,1.799864
_2378_,VPWR,li1,123.9700,111.5200,1.799780
_2377_,VPWR,li1,125.3500,95.2000,1.799766
_2376_,VPWR,li1,148.8100,122.4000,1.799749
_2375_,VPWR,li1,114.7700,111.5200,1.799770
_2374_,VPWR,li1,214.1300,138.7200,1.799780
_2373_,VPWR,li1,238.5100,84.3200,1.799842
_2372_,VPWR,li1,235.2900,95.2000,1.799810
_2371_,VPWR,li1,220.1100,106.0800,1.799755
_2370_,VPWR,li1,150.1900,133.2800,1.799826
_2369_,VPWR,li1,116.6100,106.0800,1.799639
_2368_,VPWR,li1,128.1100,84.3200,1.799775
_2367_,VPWR,li1,113.8500,89.7600,1.799632
_2366_,VPWR,li1,227.0100,89.7600,1.799656
_2365_,VPWR,li1,227.0100,73.4400,1.799856
_2364_,VPWR,li1,222.4100,84.3200,1.799854
_2363_,VPWR,li1,227.0100,95.2000,1.799819
_2362_,VPWR,li1,162.6100,133.2800,1.799843
_2361_,VPWR,li1,169.5100,138.7200,1.799841
_2360_,VPWR,li1,172.2700,127.8400,1.799902
_2359_,VPWR,li1,158.0100,122.4000,1.799787
_2358_,VPWR,li1,188.3700,149.6000,1.799923
_2357_,VPWR,li1,239.8900,68.0000,1.799539
_2356_,VPWR,li1,238.5100,78.8800,1.799844
_2355_,VPWR,li1,239.8900,100.6400,1.799696
_2354_,VPWR,li1,120.2900,78.8800,1.799688
_2353_,VPWR,li1,114.3100,73.4400,1.799878
_2352_,VPWR,li1,126.7300,68.0000,1.799716
_2351_,VPWR,li1,115.6900,73.4400,1.799878
_2350_,VPWR,li1,227.0100,57.1200,1.799511
_2349_,VPWR,li1,235.2900,57.1200,1.799481
_2348_,VPWR,li1,239.8900,51.6800,1.799813
_2347_,VPWR,li1,229.3100,51.6800,1.799818
_2346_,VPWR,li1,192.9700,155.0400,1.799557
_2345_,VPWR,li1,203.5500,160.4800,1.799815
_2344_,VPWR,li1,200.1000,165.9200,1.799867
_2343_,VPWR,li1,203.3200,165.9200,1.799856
_2342_,VPWR,li1,196.4200,165.9200,1.799872
_2341_,VPWR,li1,200.7900,160.4800,1.799823
_2340_,VPWR,li1,204.9300,165.9200,1.799856
_2339_,VPWR,li1,192.5100,165.9200,1.799881
_2338_,VPWR,li1,88.5500,252.9600,1.799572
_2337_,VPWR,li1,98.2100,247.5200,1.799775
_2336_,VPWR,li1,93.6100,231.2000,1.799832
_2335_,VPWR,li1,55.4300,252.9600,1.799680
_2334_,VPWR,li1,48.0700,231.2000,1.799906
_2333_,VPWR,li1,54.0500,220.3200,1.799725
_2332_,VPWR,li1,77.9700,252.9600,1.799591
_2331_,VPWR,li1,50.8300,258.4000,1.799807
_2330_,VPWR,li1,86.2500,214.8800,1.799702
_2329_,VPWR,li1,87.1700,35.3600,1.799848
_2328_,VPWR,li1,50.8300,35.3600,1.799908
_2327_,VPWR,li1,49.6800,35.3600,1.799908
_2326_,VPWR,li1,47.1500,40.8000,1.799943
_2325_,VPWR,li1,39.3300,62.5600,1.799739
_2324_,VPWR,li1,48.0700,19.0400,1.799829
_2323_,VPWR,li1,53.1300,95.2000,1.799782
_2322_,VPWR,li1,49.4500,100.6400,1.799723
_2321_,VPWR,li1,77.9700,95.2000,1.799726
_2320_,VPWR,li1,85.3300,29.9200,1.799548
_2319_,VPWR,li1,42.5500,35.3600,1.799923
_2318_,VPWR,li1,42.7800,29.9200,1.799772
_2317_,VPWR,li1,39.7900,40.8000,1.799951
_2316_,VPWR,li1,19.5500,73.4400,1.799935
_2315_,VPWR,li1,36.5700,19.0400,1.799871
_2314_,VPWR,li1,49.4500,100.6400,1.799723
_2313_,VPWR,li1,29.6700,100.6400,1.799851
_2312_,VPWR,li1,88.0900,111.5200,1.799770
_2311_,VPWR,li1,93.6100,35.3600,1.799843
_2310_,VPWR,li1,45.7700,35.3600,1.799919
_2309_,VPWR,li1,46.0000,35.3600,1.799919
_2308_,VPWR,li1,42.0900,40.8000,1.799947
_2307_,VPWR,li1,23.6900,46.2400,1.799910
_2306_,VPWR,li1,33.3500,35.3600,1.799943
_2305_,VPWR,li1,48.5300,78.8800,1.799772
_2304_,VPWR,li1,28.7500,89.7600,1.799860
_2303_,VPWR,li1,83.0300,84.3200,1.799773
_2302_,VPWR,li1,101.8900,35.3600,1.799833
_2301_,VPWR,li1,66.0100,40.8000,1.799923
_2300_,VPWR,li1,72.6800,35.3600,1.799865
_2299_,VPWR,li1,58.6500,40.8000,1.799932
_2298_,VPWR,li1,23.2300,57.1200,1.799922
_2297_,VPWR,li1,60.0300,35.3600,1.799885
_2296_,VPWR,li1,67.8500,68.0000,1.799785
_2295_,VPWR,li1,65.0900,84.3200,1.799806
_2294_,VPWR,li1,98.2100,68.0000,1.799724
_2293_,VPWR,li1,80.7300,40.8000,1.799907
_2292_,VPWR,li1,76.1300,40.8000,1.799912
_2291_,VPWR,li1,77.7400,40.8000,1.799912
_2290_,VPWR,li1,60.9500,40.8000,1.799928
_2289_,VPWR,li1,53.5900,51.6800,1.799850
_2288_,VPWR,li1,77.9700,19.0400,1.799764
_2287_,VPWR,li1,78.4300,89.7600,1.799640
_2286_,VPWR,li1,49.4500,84.3200,1.799846
_2285_,VPWR,li1,100.9700,84.3200,1.799758
_2284_,VPWR,li1,87.6300,46.2400,1.799787
_2283_,VPWR,li1,46.2300,40.8000,1.799943
_2282_,VPWR,li1,42.7800,40.8000,1.799947
_2281_,VPWR,li1,40.2500,40.8000,1.799949
_2280_,VPWR,li1,36.5700,73.4400,1.799915
_2279_,VPWR,li1,36.5700,46.2400,1.799866
_2278_,VPWR,li1,47.1500,116.9600,1.799837
_2277_,VPWR,li1,38.4100,111.5200,1.799881
_2276_,VPWR,li1,70.1500,111.5200,1.799796
_2275_,VPWR,li1,96.3700,46.2400,1.799784
_2274_,VPWR,li1,76.1300,46.2400,1.799791
_2273_,VPWR,li1,79.1200,46.2400,1.799790
_2272_,VPWR,li1,66.9300,40.8000,1.799923
_2271_,VPWR,li1,57.7300,68.0000,1.799812
_2270_,VPWR,li1,88.0900,51.6800,1.799833
_2269_,VPWR,li1,74.2900,111.5200,1.799786
_2268_,VPWR,li1,56.3500,111.5200,1.799826
_2267_,VPWR,li1,98.6700,111.5200,1.799766
_2266_,VPWR,li1,106.0300,40.8000,1.799909
_2265_,VPWR,li1,71.9900,40.8000,1.799916
_2264_,VPWR,li1,69.9200,35.3600,1.799870
_2263_,VPWR,li1,69.2300,40.8000,1.799920
_2262_,VPWR,li1,65.0900,51.6800,1.799839
_2261_,VPWR,li1,65.5500,19.0400,1.799785
_2260_,VPWR,li1,73.8300,89.7600,1.799652
_2259_,VPWR,li1,64.6300,100.6400,1.799646
_2258_,VPWR,li1,100.9700,100.6400,1.799609
_2257_,VPWR,li1,111.0900,209.4400,1.799682
_2256_,VPWR,li1,103.2700,171.3600,1.799786
_2255_,VPWR,li1,99.5900,160.4800,1.799655
_2254_,VPWR,li1,80.7300,160.4800,1.799682
_2253_,VPWR,li1,77.5100,182.2400,1.799498
_2252_,VPWR,li1,78.8900,171.3600,1.799823
_2251_,VPWR,li1,106.9500,198.5600,1.799847
_2250_,VPWR,li1,88.0900,193.1200,1.799771
_2249_,VPWR,li1,73.3700,100.6400,1.799598
_2248_,VPWR,li1,80.7300,106.0800,1.799661
_2247_,VPWR,li1,75.2100,84.3200,1.799784
_2246_,VPWR,li1,89.4700,73.4400,1.799883
_2245_,VPWR,li1,93.6100,73.4400,1.799881
_2244_,VPWR,li1,67.8500,122.4000,1.799591
_2243_,VPWR,li1,105.5700,111.5200,1.799767
_2242_,VPWR,li1,91.3100,100.6400,1.799585
_2241_,VPWR,li1,86.7100,73.4400,1.799886
_2240_,VPWR,li1,141.9100,46.2400,1.799814
_2239_,VPWR,li1,137.5400,51.6800,1.799870
_2238_,VPWR,li1,144.6700,46.2400,1.799818
_2237_,VPWR,li1,152.0300,51.6800,1.799894
_2236_,VPWR,li1,149.2700,51.6800,1.799890
_2235_,VPWR,li1,136.1600,57.1200,1.799672
_2234_,VPWR,li1,136.8500,46.2400,1.799807
_2233_,VPWR,li1,133.6300,46.2400,1.799801
_2232_,VPWR,li1,149.7300,95.2000,1.799846
_2231_,VPWR,li1,137.3100,89.7600,1.799716
_2230_,VPWR,li1,150.1900,111.5200,1.799838
_2229_,VPWR,li1,144.2100,111.5200,1.799821
_2228_,VPWR,li1,179.6300,116.9600,1.799918
_2227_,VPWR,li1,165.3700,62.5600,1.799841
_2226_,VPWR,li1,188.3700,95.2000,1.799899
_2225_,VPWR,li1,203.0900,106.0800,1.799765
_2224_,VPWR,li1,144.6700,95.2000,1.799828
_2223_,VPWR,li1,133.1700,84.3200,1.799785
_2222_,VPWR,li1,157.0900,116.9600,1.799837
_2221_,VPWR,li1,140.0700,111.5200,1.799809
_2220_,VPWR,li1,175.4900,116.9600,1.799929
_2219_,VPWR,li1,216.8900,84.3200,1.799862
_2218_,VPWR,li1,214.1300,68.0000,1.799609
_2217_,VPWR,li1,214.1300,95.2000,1.799843
_2216_,VPWR,li1,149.7300,78.8800,1.799799
_2215_,VPWR,li1,136.8500,95.2000,1.799796
_2214_,VPWR,li1,152.9500,84.3200,1.799826
_2213_,VPWR,li1,136.8500,68.0000,1.799723
_2212_,VPWR,li1,207.2300,62.5600,1.799787
_2211_,VPWR,li1,218.2700,68.0000,1.799594
_2210_,VPWR,li1,214.1300,73.4400,1.799871
_2209_,VPWR,li1,214.1300,89.7600,1.799712
_2208_,VPWR,li1,155.2500,95.2000,1.799864
_2207_,VPWR,li1,162.6100,78.8800,1.799861
_2206_,VPWR,li1,168.5900,106.0800,1.799842
_2205_,VPWR,li1,155.2500,106.0800,1.799781
_2204_,VPWR,li1,181.4700,106.0800,1.799846
_2203_,VPWR,li1,206.3100,68.0000,1.799649
_2202_,VPWR,li1,192.5100,73.4400,1.799917
_2201_,VPWR,li1,210.4500,106.0800,1.799761
_2200_,VPWR,li1,139.6100,73.4400,1.799890
_2199_,VPWR,li1,136.8500,78.8800,1.799745
_2198_,VPWR,li1,149.7300,68.0000,1.799737
_2197_,VPWR,li1,136.8500,62.5600,1.799725
_2196_,VPWR,li1,214.1300,51.6800,1.799836
_2195_,VPWR,li1,213.2100,57.1200,1.799578
_2194_,VPWR,li1,213.2100,51.6800,1.799836
_2193_,VPWR,li1,165.3700,51.6800,1.799922
_2192_,VPWR,li1,164.4500,73.4400,1.799933
_2191_,VPWR,li1,177.3300,68.0000,1.799831
_2190_,VPWR,li1,162.6100,62.5600,1.799830
_2189_,VPWR,li1,178.2500,62.5600,1.799855
_2188_,VPWR,li1,175.0300,62.5600,1.799880
_2187_,VPWR,li1,171.3500,51.6800,1.799936
_2186_,VPWR,li1,178.9400,51.6800,1.799935
_2185_,VPWR,li1,181.4700,51.6800,1.799925
_2184_,VPWR,li1,175.0300,62.5600,1.799880
_2183_,VPWR,li1,171.8100,62.5600,1.799867
_2182_,VPWR,li1,158.0100,40.8000,1.799952
_2181_,VPWR,li1,179.1700,46.2400,1.799930
_2180_,VPWR,li1,192.5100,46.2400,1.799921
_2179_,VPWR,li1,175.0300,51.6800,1.799945
_2178_,VPWR,li1,181.4700,62.5600,1.799831
_2177_,VPWR,li1,170.8900,68.0000,1.799824
_2176_,VPWR,li1,183.7700,40.8000,1.799966
_2175_,VPWR,li1,180.0900,46.2400,1.799929
_2174_,VPWR,li1,178.2500,51.6800,1.799935
_2173_,VPWR,li1,196.6500,57.1200,1.799683
_2172_,VPWR,li1,190.2100,62.5600,1.799816
_2171_,VPWR,li1,188.3700,78.8800,1.799907
_2170_,VPWR,li1,186.5300,84.3200,1.799915
_2169_,VPWR,li1,172.7300,40.8000,1.799972
_2168_,VPWR,li1,180.0900,40.8000,1.799970
_2167_,VPWR,li1,194.3500,46.2400,1.799920
_2166_,VPWR,li1,193.4300,57.1200,1.799716
_2165_,VPWR,li1,194.8100,68.0000,1.799707
_2164_,VPWR,li1,202.1700,68.0000,1.799676
_2163_,VPWR,li1,187.4500,46.2400,1.799924
_2162_,VPWR,li1,191.8200,40.8000,1.799961
_2161_,VPWR,li1,194.3500,40.8000,1.799959
_2160_,VPWR,li1,195.7300,46.2400,1.799920
_2159_,VPWR,li1,189.2900,46.2400,1.799923
_2158_,VPWR,li1,190.2100,57.1200,1.799737
_2157_,VPWR,li1,193.4300,62.5600,1.799810
_2156_,VPWR,li1,188.8300,73.4400,1.799925
_2155_,VPWR,li1,191.1300,84.3200,1.799907
_2154_,VPWR,li1,202.1700,84.3200,1.799887
_2153_,VPWR,li1,197.1100,84.3200,1.799898
_2152_,VPWR,li1,167.6700,40.8000,1.799964
_2151_,VPWR,li1,190.6700,51.6800,1.799900
_2150_,VPWR,li1,186.9900,57.1200,1.799765
_2149_,VPWR,li1,184.6900,62.5600,1.799825
_2148_,VPWR,li1,173.1900,73.4400,1.799952
_2147_,VPWR,li1,175.0300,73.4400,1.799956
_2146_,VPWR,li1,170.8900,78.8800,1.799905
_2145_,VPWR,li1,189.2900,78.8800,1.799907
_2144_,VPWR,li1,202.1700,78.8800,1.799884
_2143_,VPWR,li1,201.2500,78.8800,1.799884
_2142_,VPWR,li1,200.3300,84.3200,1.799893
_2141_,VPWR,li1,165.8300,84.3200,1.799888
_2140_,VPWR,li1,187.9100,73.4400,1.799925
_2139_,VPWR,li1,193.8900,84.3200,1.799902
_2138_,VPWR,li1,189.2900,84.3200,1.799910
_2137_,VPWR,li1,203.5500,89.7600,1.799763
_2136_,VPWR,li1,203.5500,95.2000,1.799864
_2135_,VPWR,li1,200.7900,95.2000,1.799870
_2134_,VPWR,li1,186.0700,51.6800,1.799910
_2133_,VPWR,li1,181.4700,73.4400,1.799940
_2132_,VPWR,li1,181.4700,73.4400,1.799940
_2131_,VPWR,li1,180.5500,84.3200,1.799925
_2130_,VPWR,li1,170.4300,89.7600,1.799870
_2129_,VPWR,li1,177.3300,89.7600,1.799889
_2128_,VPWR,li1,177.3300,95.2000,1.799930
_2127_,VPWR,li1,170.4300,100.6400,1.799873
_2126_,VPWR,li1,169.2800,95.2000,1.799910
_2125_,VPWR,li1,176.4100,84.3200,1.799934
_2124_,VPWR,li1,175.0300,89.7600,1.799900
_2123_,VPWR,li1,168.1300,95.2000,1.799910
_2122_,VPWR,li1,162.1500,95.2000,1.799889
_2121_,VPWR,li1,163.7600,100.6400,1.799848
_2120_,VPWR,li1,138.2300,100.6400,1.799731
_2119_,VPWR,li1,176.4100,73.4400,1.799956
_2118_,VPWR,li1,172.7300,78.8800,1.799915
_2117_,VPWR,li1,174.5700,84.3200,1.799924
_2116_,VPWR,li1,191.5900,89.7600,1.799821
_2115_,VPWR,li1,197.1100,89.7600,1.799801
_2114_,VPWR,li1,198.9500,89.7600,1.799785
_2113_,VPWR,li1,196.6500,95.2000,1.799883
_2112_,VPWR,li1,153.6400,100.6400,1.799804
_2111_,VPWR,li1,145.5900,100.6400,1.799770
_2110_,VPWR,li1,169.9700,84.3200,1.799908
_2109_,VPWR,li1,165.8300,89.7600,1.799853
_2108_,VPWR,li1,165.8300,89.7600,1.799853
_2107_,VPWR,li1,183.5400,89.7600,1.799862
_2106_,VPWR,li1,204.2400,89.7600,1.799763
_2105_,VPWR,li1,195.5000,95.2000,1.799883
_2104_,VPWR,li1,194.5800,100.6400,1.799783
_2103_,VPWR,li1,148.1200,95.2000,1.799836
_2102_,VPWR,li1,211.8300,84.3200,1.799873
_2101_,VPWR,li1,163.9900,84.3200,1.799879
_2100_,VPWR,li1,169.0500,89.7600,1.799870
_2099_,VPWR,li1,181.2400,100.6400,1.799857
_2098_,VPWR,li1,175.9500,106.0800,1.799878
_2097_,VPWR,li1,191.3600,100.6400,1.799801
_2096_,VPWR,li1,163.9900,100.6400,1.799848
_2095_,VPWR,li1,160.7700,106.0800,1.799805
_2094_,VPWR,li1,163.0700,116.9600,1.799869
_2093_,VPWR,li1,145.8200,106.0800,1.799734
_2092_,VPWR,li1,159.8500,111.5200,1.799869
_2091_,VPWR,li1,140.0700,116.9600,1.799772
_2090_,VPWR,li1,169.5100,111.5200,1.799903
_2089_,VPWR,li1,222.4100,198.5600,1.799841
_2088_,VPWR,li1,213.2100,193.1200,1.799796
_2087_,VPWR,li1,220.1100,187.6800,1.799639
_2086_,VPWR,li1,217.8100,193.1200,1.799783
_2085_,VPWR,li1,215.9700,187.6800,1.799654
_2084_,VPWR,li1,206.7700,193.1200,1.799806
_2083_,VPWR,li1,202.6300,187.6800,1.799711
_2082_,VPWR,li1,202.1700,198.5600,1.799871
_2081_,VPWR,li1,166.2900,187.6800,1.799844
_2080_,VPWR,li1,155.9400,187.6800,1.799813
_2079_,VPWR,li1,164.9100,193.1200,1.799879
_2078_,VPWR,li1,162.6100,176.8000,1.799869
_2077_,VPWR,li1,164.9100,182.2400,1.799751
_2076_,VPWR,li1,69.2300,100.6400,1.799614
_2075_,VPWR,li1,80.2700,116.9600,1.799747
_2074_,VPWR,li1,79.3500,84.3200,1.799777
_2073_,VPWR,li1,93.6100,73.4400,1.799881
_2072_,VPWR,li1,92.6900,84.3200,1.799760
_2071_,VPWR,li1,60.4900,116.9600,1.799792
_2070_,VPWR,li1,93.6100,116.9600,1.799732
_2069_,VPWR,li1,93.6100,89.7600,1.799620
_2068_,VPWR,li1,79.3500,73.4400,1.799889
_2067_,VPWR,li1,81.6500,68.0000,1.799753
_2066_,VPWR,li1,47.6100,95.2000,1.799805
_2065_,VPWR,li1,33.8100,100.6400,1.799822
_2064_,VPWR,li1,33.8100,84.3200,1.799904
_2063_,VPWR,li1,70.1500,84.3200,1.799794
_2062_,VPWR,li1,52.2100,84.3200,1.799838
_2061_,VPWR,li1,42.0900,116.9600,1.799857
_2060_,VPWR,li1,59.5700,111.5200,1.799818
_2059_,VPWR,li1,64.1700,106.0800,1.799690
_2058_,VPWR,li1,67.3900,73.4400,1.799896
_2057_,VPWR,li1,117.9900,209.4400,1.799684
_2056_,VPWR,li1,111.0900,176.8000,1.799735
_2055_,VPWR,li1,110.1700,165.9200,1.799785
_2054_,VPWR,li1,89.9300,165.9200,1.799767
_2053_,VPWR,li1,88.5500,182.2400,1.799467
_2052_,VPWR,li1,92.6900,171.3600,1.799800
_2051_,VPWR,li1,120.7500,193.1200,1.799772
_2050_,VPWR,li1,97.7500,198.5600,1.799843
_2049_,VPWR,li1,89.4700,204.0000,1.799856
_2048_,VPWR,li1,83.0300,247.5200,1.799770
_2047_,VPWR,li1,66.9300,247.5200,1.799776
_2046_,VPWR,li1,83.4900,231.2000,1.799842
_2045_,VPWR,li1,61.8700,220.3200,1.799685
_2044_,VPWR,li1,35.1900,231.2000,1.799938
_2043_,VPWR,li1,43.4700,209.4400,1.799834
_2042_,VPWR,li1,66.9300,231.2000,1.799866
_2041_,VPWR,li1,41.1700,247.5200,1.799813
_2040_,VPWR,li1,75.6700,214.8800,1.799719
_2039_,VPWR,li1,35.1900,62.5600,1.799776
_2038_,VPWR,li1,18.1700,78.8800,1.799923
_2037_,VPWR,li1,20.9300,40.8000,1.799972
_2036_,VPWR,li1,21.8500,62.5600,1.799899
_2035_,VPWR,li1,46.6900,51.6800,1.799861
_2034_,VPWR,li1,29.2100,73.4400,1.799925
_2033_,VPWR,li1,56.8100,62.5600,1.799627
_2032_,VPWR,li1,69.2300,51.6800,1.799836
_2031_,VPWR,li1,64.1700,68.0000,1.799796
_2030_,VPWR,li1,36.1100,57.1200,1.799828
_2029_,VPWR,li1,11.7300,68.0000,1.799945
_2028_,VPWR,li1,12.1900,51.6800,1.799933
_2027_,VPWR,li1,16.3300,62.5600,1.799899
_2026_,VPWR,li1,46.2300,46.2400,1.799839
_2025_,VPWR,li1,29.2100,68.0000,1.799910
_2024_,VPWR,li1,51.7500,73.4400,1.799904
_2023_,VPWR,li1,60.0300,46.2400,1.799807
_2022_,VPWR,li1,63.7100,68.0000,1.799796
_2021_,VPWR,li1,46.6900,106.0800,1.799785
_2020_,VPWR,li1,37.9500,100.6400,1.799803
_2019_,VPWR,li1,29.2100,89.7600,1.799860
_2018_,VPWR,li1,65.0900,78.8800,1.799700
_2017_,VPWR,li1,51.7500,89.7600,1.799717
_2016_,VPWR,li1,37.4900,106.0800,1.799847
_2015_,VPWR,li1,54.0500,106.0800,1.799747
_2014_,VPWR,li1,57.7300,100.6400,1.799678
_2013_,VPWR,li1,66.4700,73.4400,1.799896
_2012_,VPWR,li1,105.1100,57.1200,1.799595
_2011_,VPWR,li1,72.4500,193.1200,1.799788
_2010_,VPWR,li1,61.8700,182.2400,1.799566
_2009_,VPWR,li1,72.4500,165.9200,1.799771
_2008_,VPWR,li1,59.1100,165.9200,1.799778
_2007_,VPWR,li1,46.6900,182.2400,1.799680
_2006_,VPWR,li1,46.6900,171.3600,1.799902
_2005_,VPWR,li1,54.5100,193.1200,1.799822
_2004_,VPWR,li1,40.2500,198.5600,1.799916
_2003_,VPWR,li1,73.8300,204.0000,1.799879
_2002_,VPWR,li1,46.6900,62.5600,1.799677
_2001_,VPWR,li1,20.9300,68.0000,1.799947
_2000_,VPWR,li1,16.3300,51.6800,1.799933
_1999_,VPWR,li1,23.6900,51.6800,1.799917
_1998_,VPWR,li1,53.5900,46.2400,1.799821
_1997_,VPWR,li1,37.0300,78.8800,1.799837
_1996_,VPWR,li1,59.5700,68.0000,1.799806
_1995_,VPWR,li1,67.8500,46.2400,1.799797
_1994_,VPWR,li1,67.8500,68.0000,1.799785
_1993_,VPWR,li1,66.0100,62.5600,1.799588
_1992_,VPWR,li1,97.7500,57.1200,1.799597
_1991_,VPWR,li1,63.7100,198.5600,1.799870
_1990_,VPWR,li1,59.5700,182.2400,1.799582
_1989_,VPWR,li1,68.3100,165.9200,1.799772
_1988_,VPWR,li1,49.9100,160.4800,1.799788
_1987_,VPWR,li1,36.1100,176.8000,1.799879
_1986_,VPWR,li1,35.1900,165.9200,1.799854
_1985_,VPWR,li1,46.2300,193.1200,1.799850
_1984_,VPWR,li1,35.1900,187.6800,1.799830
_1983_,VPWR,li1,74.5200,204.0000,1.799879
_1982_,VPWR,li1,86.2500,258.4000,1.799702
_1981_,VPWR,li1,91.3100,247.5200,1.799771
_1980_,VPWR,li1,89.4700,231.2000,1.799836
_1979_,VPWR,li1,54.9700,252.9600,1.799680
_1978_,VPWR,li1,42.0900,242.0800,1.799790
_1977_,VPWR,li1,40.2500,220.3200,1.799809
_1976_,VPWR,li1,73.8300,252.9600,1.799597
_1975_,VPWR,li1,46.6900,263.8400,1.799970
_1974_,VPWR,li1,79.3500,214.8800,1.799712
_1973_,VPWR,li1,40.7100,89.7600,1.799772
_1972_,VPWR,li1,25.0700,95.2000,1.799899
_1971_,VPWR,li1,16.3300,89.7600,1.799920
_1970_,VPWR,li1,59.5700,78.8800,1.799723
_1969_,VPWR,li1,34.7300,84.3200,1.799895
_1968_,VPWR,li1,30.5900,116.9600,1.799913
_1967_,VPWR,li1,49.4500,111.5200,1.799845
_1966_,VPWR,li1,54.9700,95.2000,1.799775
_1965_,VPWR,li1,63.2500,73.4400,1.799898
_1964_,VPWR,li1,98.2100,62.5600,1.799594
_1963_,VPWR,li1,106.4900,204.0000,1.799830
_1962_,VPWR,li1,99.5900,182.2400,1.799500
_1961_,VPWR,li1,93.6100,165.9200,1.799768
_1960_,VPWR,li1,80.7300,165.9200,1.799768
_1959_,VPWR,li1,73.3700,182.2400,1.799510
_1958_,VPWR,li1,73.8300,171.3600,1.799834
_1957_,VPWR,li1,106.0300,187.6800,1.799659
_1956_,VPWR,li1,86.7100,193.1200,1.799771
_1955_,VPWR,li1,85.3300,204.0000,1.799861
_1954_,VPWR,li1,73.3700,242.0800,1.799630
_1953_,VPWR,li1,62.3300,236.6400,1.799859
_1952_,VPWR,li1,77.9700,231.2000,1.799848
_1951_,VPWR,li1,63.2500,209.4400,1.799751
_1950_,VPWR,li1,33.8100,220.3200,1.799848
_1949_,VPWR,li1,33.8100,204.0000,1.799953
_1948_,VPWR,li1,62.3300,236.6400,1.799859
_1947_,VPWR,li1,36.5700,242.0800,1.799822
_1946_,VPWR,li1,79.3500,214.8800,1.799712
_1945_,VPWR,li1,59.5700,193.1200,1.799813
_1944_,VPWR,li1,54.5100,171.3600,1.799881
_1943_,VPWR,li1,65.5500,155.0400,1.799695
_1942_,VPWR,li1,47.6100,165.9200,1.799792
_1941_,VPWR,li1,35.1900,182.2400,1.799772
_1940_,VPWR,li1,34.2700,171.3600,1.799936
_1939_,VPWR,li1,42.0900,198.5600,1.799912
_1938_,VPWR,li1,30.5900,198.5600,1.799942
_1937_,VPWR,li1,72.4500,198.5600,1.799859
_1936_,VPWR,li1,68.3100,204.0000,1.799887
_1935_,VPWR,li1,73.8300,242.0800,1.799630
_1934_,VPWR,li1,59.5700,252.9600,1.799649
_1933_,VPWR,li1,67.8500,225.7600,1.799568
_1932_,VPWR,li1,55.4300,214.8800,1.799751
_1931_,VPWR,li1,21.8500,225.7600,1.799911
_1930_,VPWR,li1,33.8100,214.8800,1.799829
_1929_,VPWR,li1,63.2500,225.7600,1.799594
_1928_,VPWR,li1,33.8100,247.5200,1.799852
_1927_,VPWR,li1,115.6900,198.5600,1.799853
_1926_,VPWR,li1,113.3900,176.8000,1.799738
_1925_,VPWR,li1,104.1900,160.4800,1.799652
_1924_,VPWR,li1,90.3900,155.0400,1.799598
_1923_,VPWR,li1,95.4500,182.2400,1.799486
_1922_,VPWR,li1,89.0100,171.3600,1.799805
_1921_,VPWR,li1,112.9300,187.6800,1.799679
_1920_,VPWR,li1,93.6100,198.5600,1.799844
_1919_,VPWR,li1,88.5500,204.0000,1.799856
_1918_,VPWR,li1,41.6300,95.2000,1.799824
_1917_,VPWR,li1,150.8800,73.4400,1.799907
_1916_,VPWR,li1,149.5000,84.3200,1.799819
_1915_,VPWR,li1,157.5500,84.3200,1.799845
_1914_,VPWR,li1,156.1700,73.4400,1.799916
_1913_,VPWR,li1,22.7700,100.6400,1.799901
_1912_,VPWR,li1,155.9400,73.4400,1.799916
_1911_,VPWR,li1,142.6000,78.8800,1.799769
_1910_,VPWR,li1,140.9900,84.3200,1.799802
_1909_,VPWR,li1,161.6900,73.4400,1.799927
_1908_,VPWR,li1,21.8500,89.7600,1.799920
_1907_,VPWR,li1,157.5500,62.5600,1.799805
_1906_,VPWR,li1,154.1000,62.5600,1.799795
_1905_,VPWR,li1,155.0200,111.5200,1.799854
_1904_,VPWR,li1,152.7200,62.5600,1.799787
_1903_,VPWR,li1,165.3700,106.0800,1.799826
_1902_,VPWR,li1,58.1900,84.3200,1.799825
_1901_,VPWR,li1,148.1200,62.5600,1.799765
_1900_,VPWR,li1,150.4200,100.6400,1.799790
_1899_,VPWR,li1,146.0500,106.0800,1.799741
_1898_,VPWR,li1,140.9900,68.0000,1.799727
_1897_,VPWR,li1,40.7100,84.3200,1.799873
_1896_,VPWR,li1,188.1400,57.1200,1.799765
_1895_,VPWR,li1,183.0800,106.0800,1.799822
_1894_,VPWR,li1,184.6900,100.6400,1.799845
_1893_,VPWR,li1,201.2500,57.1200,1.799650
_1892_,VPWR,li1,34.2700,116.9600,1.799890
_1891_,VPWR,li1,168.5900,62.5600,1.799854
_1890_,VPWR,li1,162.8400,57.1200,1.799797
_1889_,VPWR,li1,154.7900,51.6800,1.799897
_1888_,VPWR,li1,140.0700,57.1200,1.799684
_1887_,VPWR,li1,213.9000,62.5600,1.799780
_1886_,VPWR,li1,216.4300,62.5600,1.799776
_1885_,VPWR,li1,47.1500,111.5200,1.799856
_1884_,VPWR,li1,189.9800,62.5600,1.799816
_1883_,VPWR,li1,198.7200,68.0000,1.799690
_1882_,VPWR,li1,156.6300,57.1200,1.799764
_1881_,VPWR,li1,205.1600,68.0000,1.799663
_1880_,VPWR,li1,208.1500,68.0000,1.799640
_1879_,VPWR,li1,64.6300,95.2000,1.799748
_1878_,VPWR,li1,165.8300,51.6800,1.799922
_1877_,VPWR,li1,158.9300,57.1200,1.799779
_1876_,VPWR,li1,156.1700,51.6800,1.799902
_1875_,VPWR,li1,155.7100,57.1200,1.799764
_1874_,VPWR,li1,152.0300,57.1200,1.799742
_1873_,VPWR,li1,151.3400,51.6800,1.799894
_1872_,VPWR,li1,151.1100,57.1200,1.799742
_1871_,VPWR,li1,206.0800,95.2000,1.799858
_1870_,VPWR,li1,149.7300,62.5600,1.799778
_1869_,VPWR,li1,146.0500,57.1200,1.799716
_1868_,VPWR,li1,142.8300,57.1200,1.799697
_1867_,VPWR,li1,208.1500,95.2000,1.799853
_1866_,VPWR,li1,147.8900,51.6800,1.799886
_1865_,VPWR,li1,142.3700,57.1200,1.799697
_1864_,VPWR,li1,143.2900,51.6800,1.799880
_1863_,VPWR,li1,145.5900,57.1200,1.799716
_1862_,VPWR,li1,71.9900,68.0000,1.799775
_1861_,VPWR,li1,74.7500,62.5600,1.799557
_1860_,VPWR,li1,71.9900,73.4400,1.799893
_1859_,VPWR,li1,101.6600,62.5600,1.799607
_1858_,VPWR,li1,98.2100,252.9600,1.799573
_1857_,VPWR,li1,98.2100,242.0800,1.799554
_1856_,VPWR,li1,103.2700,225.7600,1.799514
_1855_,VPWR,li1,63.2500,247.5200,1.799780
_1854_,VPWR,li1,52.2100,236.6400,1.799876
_1853_,VPWR,li1,51.2900,220.3200,1.799740
_1852_,VPWR,li1,80.2700,252.9600,1.799585
_1851_,VPWR,li1,48.0700,258.4000,1.799816
_1850_,VPWR,li1,91.3100,214.8800,1.799697
_1849_,VPWR,li1,83.4900,220.3200,1.799585
_1848_,VPWR,li1,90.3900,209.4400,1.799691
_1847_,VPWR,li1,73.3700,236.6400,1.799840
_1846_,VPWR,li1,55.4300,247.5200,1.799791
_1845_,VPWR,li1,73.3700,231.2000,1.799856
_1844_,VPWR,li1,51.7500,209.4400,1.799790
_1843_,VPWR,li1,33.8100,231.2000,1.799938
_1842_,VPWR,li1,21.8500,209.4400,1.799939
_1841_,VPWR,li1,56.8100,231.2000,1.799890
_1840_,VPWR,li1,21.8500,242.0800,1.799925
_1839_,VPWR,li1,74.2900,220.3200,1.799622
_1838_,VPWR,li1,93.6100,214.8800,1.799691
_1837_,VPWR,li1,129.0300,57.1200,1.799631
_1836_,VPWR,li1,133.1700,57.1200,1.799658
_1835_,VPWR,li1,125.8100,51.6800,1.799854
_1834_,VPWR,li1,128.3400,51.6800,1.799856
_1833_,VPWR,li1,123.5100,46.2400,1.799791
_1832_,VPWR,li1,141.4500,51.6800,1.799874
_1831_,VPWR,li1,144.6700,51.6800,1.799880
_1830_,VPWR,li1,79.3500,204.0000,1.799870
_1829_,VPWR,li1,72.4500,214.8800,1.799723
_1828_,VPWR,li1,73.3700,209.4400,1.799724
_1827_,VPWR,li1,87.1700,209.4400,1.799697
_1826_,VPWR,li1,74.7500,214.8800,1.799719
_1825_,VPWR,li1,70.6100,209.4400,1.799734
_1824_,VPWR,li1,70.6100,214.8800,1.799726
_1823_,VPWR,li1,71.5300,214.8800,1.799726
_1822_,VPWR,li1,84.6400,209.4400,1.799702
_1821_,VPWR,li1,93.6100,204.0000,1.799850
_1820_,VPWR,li1,99.1300,209.4400,1.799685
_1819_,VPWR,li1,96.3700,214.8800,1.799688
_1818_,VPWR,li1,94.5300,214.8800,1.799691
_1817_,VPWR,li1,97.2900,214.8800,1.799688
_1816_,VPWR,li1,97.2900,209.4400,1.799686
_1815_,VPWR,li1,102.3500,209.4400,1.799684
_1814_,VPWR,li1,140.0700,209.4400,1.799766
_1813_,VPWR,li1,139.8400,214.8800,1.799796
_1812_,VPWR,li1,142.3700,209.4400,1.799775
_1811_,VPWR,li1,137.0800,214.8800,1.799782
_1810_,VPWR,li1,132.7100,204.0000,1.799818
_1809_,VPWR,li1,136.8500,209.4400,1.799754
_1808_,VPWR,li1,135.4700,209.4400,1.799745
_1807_,VPWR,li1,133.1700,214.8800,1.799768
_1806_,VPWR,li1,128.5700,209.4400,1.799722
_1805_,VPWR,li1,127.1900,214.8800,1.799743
_1804_,VPWR,li1,141.4500,214.8800,1.799796
_1803_,VPWR,li1,136.3900,220.3200,1.799668
_1802_,VPWR,li1,143.2900,220.3200,1.799686
_1801_,VPWR,li1,139.3800,220.3200,1.799677
_1800_,VPWR,li1,141.6800,220.3200,1.799686
_1799_,VPWR,li1,144.6700,220.3200,1.799696
_1798_,VPWR,li1,133.6300,220.3200,1.799659
_1797_,VPWR,li1,136.3900,225.7600,1.799542
_1796_,VPWR,li1,132.7100,214.8800,1.799768
_1795_,VPWR,li1,124.8900,214.8800,1.799734
_1794_,VPWR,li1,125.8100,209.4400,1.799713
_1793_,VPWR,li1,135.4700,214.8800,1.799775
_1792_,VPWR,li1,132.7100,209.4400,1.799739
_1791_,VPWR,li1,140.5300,214.8800,1.799796
_1790_,VPWR,li1,161.6900,171.3600,1.799891
_1789_,VPWR,li1,158.4700,193.1200,1.799859
_1788_,VPWR,li1,129.9500,225.7600,1.799531
_1787_,VPWR,li1,138.2300,242.0800,1.799598
_1786_,VPWR,li1,142.8300,247.5200,1.799832
_1785_,VPWR,li1,228.3900,236.6400,1.799742
_1784_,VPWR,li1,225.8600,236.6400,1.799745
_1783_,VPWR,li1,233.2200,242.0800,1.799754
_1782_,VPWR,li1,220.8000,231.2000,1.799631
_1781_,VPWR,li1,227.7000,225.7600,1.799517
_1780_,VPWR,li1,235.5200,225.7600,1.799480
_1779_,VPWR,li1,248.4000,231.2000,1.799580
_1778_,VPWR,li1,234.8300,214.8800,1.799858
_1777_,VPWR,li1,239.4300,209.4400,1.799797
_1776_,VPWR,li1,117.7600,24.4800,1.799771
_1775_,VPWR,li1,117.5300,13.6000,1.799935
_1774_,VPWR,li1,123.9700,24.4800,1.799785
_1773_,VPWR,li1,119.8300,19.0400,1.799771
_1772_,VPWR,li1,114.3100,19.0400,1.799764
_1771_,VPWR,li1,113.1600,40.8000,1.799914
_1770_,VPWR,li1,120.2900,24.4800,1.799777
_1769_,VPWR,li1,120.0600,46.2400,1.799790
_1768_,VPWR,li1,129.4900,19.0400,1.799789
_1767_,VPWR,li1,109.2500,29.9200,1.799542
_1766_,VPWR,li1,112.0100,29.9200,1.799542
_1765_,VPWR,li1,115.2300,24.4800,1.799765
_1764_,VPWR,li1,127.1900,24.4800,1.799794
_1763_,VPWR,li1,121.6700,13.6000,1.799937
_1762_,VPWR,li1,137.0800,29.9200,1.799628
_1761_,VPWR,li1,149.0400,24.4800,1.799860
_1760_,VPWR,li1,158.0100,29.9200,1.799745
_1759_,VPWR,li1,158.7000,19.0400,1.799880
_1758_,VPWR,li1,152.9500,242.0800,1.799701
_1757_,VPWR,li1,149.7300,242.0800,1.799677
_1756_,VPWR,li1,151.5700,247.5200,1.799850
_1755_,VPWR,li1,153.8700,198.5600,1.799911
_1754_,VPWR,li1,158.2400,204.0000,1.799841
_1753_,VPWR,li1,160.0800,204.0000,1.799845
_1752_,VPWR,li1,161.6900,204.0000,1.799849
_1751_,VPWR,li1,161.9200,204.0000,1.799849
_1750_,VPWR,li1,152.7200,193.1200,1.799844
_1749_,VPWR,li1,150.1900,182.2400,1.799658
_1748_,VPWR,li1,158.0100,171.3600,1.799883
_1747_,VPWR,li1,153.8700,209.4400,1.799823
_1746_,VPWR,li1,196.1900,160.4800,1.799837
_1745_,VPWR,li1,201.2500,165.9200,1.799860
_1744_,VPWR,li1,192.5100,160.4800,1.799847
_1743_,VPWR,li1,191.1300,160.4800,1.799855
_1742_,VPWR,li1,186.5300,160.4800,1.799868
_1741_,VPWR,li1,188.8300,160.4800,1.799861
_1740_,VPWR,li1,188.3700,165.9200,1.799891
_1739_,VPWR,li1,204.0100,160.4800,1.799815
_1738_,VPWR,li1,195.9600,160.4800,1.799837
_1737_,VPWR,li1,214.5900,160.4800,1.799784
_1736_,VPWR,li1,214.1300,165.9200,1.799830
_1735_,VPWR,li1,199.8700,160.4800,1.799830
_1734_,VPWR,li1,207.6900,165.9200,1.799846
_1733_,VPWR,li1,209.5300,165.9200,1.799841
_1732_,VPWR,li1,187.9100,160.4800,1.799861
_1731_,VPWR,li1,152.9500,209.4400,1.799814
_1730_,VPWR,li1,157.5500,204.0000,1.799841
_1729_,VPWR,li1,149.9600,193.1200,1.799837
_1728_,VPWR,li1,149.9600,193.1200,1.799837
_1727_,VPWR,li1,156.1700,209.4400,1.799833
_1726_,VPWR,li1,156.4000,209.4400,1.799833
_1725_,VPWR,li1,164.2200,204.0000,1.799853
_1724_,VPWR,li1,180.5500,214.8800,1.799928
_1723_,VPWR,li1,194.3500,209.4400,1.799857
_1722_,VPWR,li1,201.2500,214.8800,1.799883
_1721_,VPWR,li1,194.8100,220.3200,1.799621
_1720_,VPWR,li1,184.2300,220.3200,1.799747
_1719_,VPWR,li1,164.9100,214.8800,1.799894
_1718_,VPWR,li1,180.5500,231.2000,1.799849
_1717_,VPWR,li1,153.8700,198.5600,1.799911
_1716_,VPWR,li1,155.9400,193.1200,1.799852
_1715_,VPWR,li1,140.5300,193.1200,1.799814
_1714_,VPWR,li1,139.8400,193.1200,1.799809
_1713_,VPWR,li1,136.3900,198.5600,1.799882
_1712_,VPWR,li1,93.8400,187.6800,1.799660
_1711_,VPWR,li1,95.4500,220.3200,1.799563
_1710_,VPWR,li1,96.3700,225.7600,1.799513
_1709_,VPWR,li1,80.7300,225.7600,1.799526
_1708_,VPWR,li1,100.7400,182.2400,1.799500
_1707_,VPWR,li1,103.2700,165.9200,1.799775
_1706_,VPWR,li1,84.4100,176.8000,1.799739
_1705_,VPWR,li1,71.9900,160.4800,1.799704
_1704_,VPWR,li1,137.0800,193.1200,1.799803
_1703_,VPWR,li1,142.8300,193.1200,1.799819
_1702_,VPWR,li1,139.6100,187.6800,1.799758
_1701_,VPWR,li1,77.9700,187.6800,1.799687
_1700_,VPWR,li1,47.6100,209.4400,1.799814
_1699_,VPWR,li1,36.5700,209.4400,1.799858
_1698_,VPWR,li1,47.1500,214.8800,1.799768
_1697_,VPWR,li1,82.8000,187.6800,1.799676
_1696_,VPWR,li1,49.4500,182.2400,1.799657
_1695_,VPWR,li1,39.3300,165.9200,1.799831
_1694_,VPWR,li1,82.1100,171.3600,1.799817
_1693_,VPWR,li1,79.8100,198.5600,1.799850
_1692_,VPWR,li1,80.7300,236.6400,1.799832
_1691_,VPWR,li1,78.4300,258.4000,1.799719
_1690_,VPWR,li1,63.7100,231.2000,1.799872
_1689_,VPWR,li1,84.6400,193.1200,1.799773
_1688_,VPWR,li1,113.8500,193.1200,1.799765
_1687_,VPWR,li1,60.4900,198.5600,1.799877
_1686_,VPWR,li1,53.5900,198.5600,1.799887
_1685_,VPWR,li1,76.1300,198.5600,1.799856
_1684_,VPWR,li1,47.6100,242.0800,1.799752
_1683_,VPWR,li1,36.5700,242.0800,1.799822
_1682_,VPWR,li1,47.1500,252.9600,1.799733
_1681_,VPWR,li1,79.5800,193.1200,1.799778
_1680_,VPWR,li1,90.8500,198.5600,1.799844
_1679_,VPWR,li1,43.0100,204.0000,1.799930
_1678_,VPWR,li1,39.3300,193.1200,1.799872
_1677_,VPWR,li1,94.7600,187.6800,1.799660
_1676_,VPWR,li1,100.0500,187.6800,1.799656
_1675_,VPWR,li1,98.2100,236.6400,1.799812
_1674_,VPWR,li1,95.4500,236.6400,1.799817
_1673_,VPWR,li1,64.1700,242.0800,1.799667
_1672_,VPWR,li1,107.1800,182.2400,1.799521
_1671_,VPWR,li1,106.4900,182.2400,1.799521
_1670_,VPWR,li1,66.4700,182.2400,1.799533
_1669_,VPWR,li1,62.3300,176.8000,1.799781
_1668_,VPWR,li1,136.8500,187.6800,1.799750
_1667_,VPWR,li1,99.3600,193.1200,1.799761
_1666_,VPWR,li1,102.8100,242.0800,1.799545
_1665_,VPWR,li1,80.7300,242.0800,1.799607
_1664_,VPWR,li1,94.5300,252.9600,1.799561
_1663_,VPWR,li1,101.2000,204.0000,1.799837
_1662_,VPWR,li1,114.7700,204.0000,1.799820
_1661_,VPWR,li1,77.9700,198.5600,1.799853
_1660_,VPWR,li1,69.2300,193.1200,1.799793
_1659_,VPWR,li1,74.2900,187.6800,1.799695
_1658_,VPWR,li1,66.9300,209.4400,1.799741
_1657_,VPWR,li1,62.3300,214.8800,1.799739
_1656_,VPWR,li1,62.7900,258.4000,1.799768
_1655_,VPWR,li1,81.4200,187.6800,1.799683
_1654_,VPWR,li1,61.4100,187.6800,1.799724
_1653_,VPWR,li1,56.8100,160.4800,1.799758
_1652_,VPWR,li1,88.0900,160.4800,1.799668
_1651_,VPWR,li1,72.2200,187.6800,1.799699
_1650_,VPWR,li1,47.6100,225.7600,1.799704
_1649_,VPWR,li1,36.5700,225.7600,1.799781
_1648_,VPWR,li1,49.4500,236.6400,1.799881
_1647_,VPWR,li1,76.8200,193.1200,1.799781
_1646_,VPWR,li1,80.7300,182.2400,1.799488
_1645_,VPWR,li1,51.7500,182.2400,1.799639
_1644_,VPWR,li1,43.0100,176.8000,1.799853
_1643_,VPWR,li1,156.1700,198.5600,1.799915
_1642_,VPWR,li1,146.0500,209.4400,1.799790
_1641_,VPWR,li1,144.2100,209.4400,1.799782
_1640_,VPWR,li1,140.0700,209.4400,1.799766
_1639_,VPWR,li1,137.7700,214.8800,1.799782
_1638_,VPWR,li1,138.0000,242.0800,1.799598
_1637_,VPWR,li1,144.9000,247.5200,1.799836
_1636_,VPWR,li1,136.6200,252.9600,1.799683
_1635_,VPWR,li1,140.0700,252.9600,1.799701
_1634_,VPWR,li1,153.1800,247.5200,1.799850
_1633_,VPWR,li1,144.2100,258.4000,1.799749
_1632_,VPWR,li1,156.4000,247.5200,1.799859
_1631_,VPWR,li1,142.8300,252.9600,1.799710
_1630_,VPWR,li1,133.8600,252.9600,1.799676
_1629_,VPWR,li1,127.1900,252.9600,1.799652
_1628_,VPWR,li1,149.7300,247.5200,1.799846
_1627_,VPWR,li1,163.9900,247.5200,1.799884
_1626_,VPWR,li1,181.0100,247.5200,1.799879
_1625_,VPWR,li1,183.3100,247.5200,1.799869
_1624_,VPWR,li1,210.2200,252.9600,1.799827
_1623_,VPWR,li1,196.8800,247.5200,1.799810
_1622_,VPWR,li1,184.0000,252.9600,1.799870
_1621_,VPWR,li1,176.8700,252.9600,1.799888
_1620_,VPWR,li1,188.1400,252.9600,1.799863
_1619_,VPWR,li1,159.8500,247.5200,1.799872
_1618_,VPWR,li1,161.2300,242.0800,1.799762
_1617_,VPWR,li1,169.5100,236.6400,1.799885
_1616_,VPWR,li1,187.9100,133.2800,1.799814
_1615_,VPWR,li1,128.5700,171.3600,1.799787
_1614_,VPWR,li1,246.7900,149.6000,1.799867
_1613_,VPWR,li1,229.7700,133.2800,1.799611
_1612_,VPWR,li1,48.0700,35.3600,1.799912
_1611_,VPWR,li1,51.7500,40.8000,1.799937
_1610_,VPWR,li1,192.9700,160.4800,1.799847
_1609_,VPWR,li1,195.7300,165.9200,1.799877
_1608_,VPWR,li1,207.2300,160.4800,1.799808
_1607_,VPWR,li1,203.5500,171.3600,1.799930
_1606_,VPWR,li1,205.8500,160.4800,1.799808
_1605_,VPWR,li1,202.1700,171.3600,1.799931
_1604_,VPWR,li1,174.5700,204.0000,1.799873
_1603_,VPWR,li1,182.8500,220.3200,1.799747
_1602_,VPWR,li1,192.0500,204.0000,1.799743
_1601_,VPWR,li1,91.3100,187.6800,1.799663
_1600_,VPWR,li1,100.5100,231.2000,1.799825
_1599_,VPWR,li1,140.0700,29.9200,1.799635
_1598_,VPWR,li1,153.4100,231.2000,1.799850
_1597_,VPWR,li1,148.3500,247.5200,1.799840
_1596_,VPWR,li1,221.9500,258.4000,1.799797
_1595_,VPWR,li1,185.1500,252.9600,1.799867
_1594_,VPWR,li1,153.4100,247.5200,1.799855
_1593_,VPWR,li1,124.4300,252.9600,1.799644
_1592_,VPWR,li1,115.6900,13.6000,1.799934
_1591_,VPWR,li1,129.4900,13.6000,1.799940
_1590_,VPWR,li1,124.8900,40.8000,1.799923
_1589_,VPWR,li1,130.8700,209.4400,1.799732
_1588_,VPWR,li1,133.6300,220.3200,1.799659
