
 /----------------------------------------------------------------------------\
 |  yosys -- Yosys Open SYnthesis Suite                                       |
 |  Copyright (C) 2012 - 2024  Claire Xenia Wolf <claire@yosyshq.com>         |
 |  Distributed under an ISC-like license, type "license" to see terms        |
 \----------------------------------------------------------------------------/
 Yosys 0.46 (git sha1 e97731b9dda91fa5fa53ed87df7c34163ba59a41, clang++ 17.0.6 -fPIC -O3)
Loaded SDC plugin

1. Executing Verilog-2005 frontend: /home/hiepthai/Desktop/uart-fifo-rfid-asic/rdm6300_asic_fpga_modular/runs/RUN_2026-08-25_11-45-20/tmp/54211393941a4963885af945606ff2a2.bb.v
Parsing SystemVerilog input from `/home/hiepthai/Desktop/uart-fifo-rfid-asic/rdm6300_asic_fpga_modular/runs/RUN_2026-08-25_11-45-20/tmp/54211393941a4963885af945606ff2a2.bb.v' to AST representation.
Generating RTLIL representation for module `\sky130_ef_sc_hd__decap_12'.
Generating RTLIL representation for module `\sky130_ef_sc_hd__fill_12'.
Generating RTLIL representation for module `\sky130_ef_sc_hd__fill_4'.
Generating RTLIL representation for module `\sky130_ef_sc_hd__fill_8'.
Generating RTLIL representation for module `\sky130_fd_sc_hd__a2111o_1'.
Generating RTLIL representation for module `\sky130_fd_sc_hd__a2111o_2'.
Generating RTLIL representation for module `\sky130_fd_sc_hd__a2111o_4'.
Generating RTLIL representation for module `\sky130_fd_sc_hd__a2111oi_0'.
Generating RTLIL representation for module `\sky130_fd_sc_hd__a2111oi_1'.
Generating RTLIL representation for module `\sky130_fd_sc_hd__a2111oi_2'.
Generating RTLIL representation for module `\sky130_fd_sc_hd__a2111oi_4'.
Generating RTLIL representation for module `\sky130_fd_sc_hd__a211o_1'.
Generating RTLIL representation for module `\sky130_fd_sc_hd__a211o_2'.
Generating RTLIL representation for module `\sky130_fd_sc_hd__a211o_4'.
Generating RTLIL representation for module `\sky130_fd_sc_hd__a211oi_1'.
Generating RTLIL representation for module `\sky130_fd_sc_hd__a211oi_2'.
Generating RTLIL representation for module `\sky130_fd_sc_hd__a211oi_4'.
Generating RTLIL representation for module `\sky130_fd_sc_hd__a21bo_1'.
Generating RTLIL representation for module `\sky130_fd_sc_hd__a21bo_2'.
Generating RTLIL representation for module `\sky130_fd_sc_hd__a21bo_4'.
Generating RTLIL representation for module `\sky130_fd_sc_hd__a21boi_0'.
Generating RTLIL representation for module `\sky130_fd_sc_hd__a21boi_1'.
Generating RTLIL representation for module `\sky130_fd_sc_hd__a21boi_2'.
Generating RTLIL representation for module `\sky130_fd_sc_hd__a21boi_4'.
Generating RTLIL representation for module `\sky130_fd_sc_hd__a21o_1'.
Generating RTLIL representation for module `\sky130_fd_sc_hd__a21o_2'.
Generating RTLIL representation for module `\sky130_fd_sc_hd__a21o_4'.
Generating RTLIL representation for module `\sky130_fd_sc_hd__a21oi_1'.
Generating RTLIL representation for module `\sky130_fd_sc_hd__a21oi_2'.
Generating RTLIL representation for module `\sky130_fd_sc_hd__a21oi_4'.
Generating RTLIL representation for module `\sky130_fd_sc_hd__a221o_1'.
Generating RTLIL representation for module `\sky130_fd_sc_hd__a221o_2'.
Generating RTLIL representation for module `\sky130_fd_sc_hd__a221o_4'.
Generating RTLIL representation for module `\sky130_fd_sc_hd__a221oi_1'.
Generating RTLIL representation for module `\sky130_fd_sc_hd__a221oi_2'.
Generating RTLIL representation for module `\sky130_fd_sc_hd__a221oi_4'.
Generating RTLIL representation for module `\sky130_fd_sc_hd__a222oi_1'.
Generating RTLIL representation for module `\sky130_fd_sc_hd__a22o_1'.
Generating RTLIL representation for module `\sky130_fd_sc_hd__a22o_2'.
Generating RTLIL representation for module `\sky130_fd_sc_hd__a22o_4'.
Generating RTLIL representation for module `\sky130_fd_sc_hd__a22oi_1'.
Generating RTLIL representation for module `\sky130_fd_sc_hd__a22oi_2'.
Generating RTLIL representation for module `\sky130_fd_sc_hd__a22oi_4'.
Generating RTLIL representation for module `\sky130_fd_sc_hd__a2bb2o_1'.
Generating RTLIL representation for module `\sky130_fd_sc_hd__a2bb2o_2'.
Generating RTLIL representation for module `\sky130_fd_sc_hd__a2bb2o_4'.
Generating RTLIL representation for module `\sky130_fd_sc_hd__a2bb2oi_1'.
Generating RTLIL representation for module `\sky130_fd_sc_hd__a2bb2oi_2'.
Generating RTLIL representation for module `\sky130_fd_sc_hd__a2bb2oi_4'.
Generating RTLIL representation for module `\sky130_fd_sc_hd__a311o_1'.
Generating RTLIL representation for module `\sky130_fd_sc_hd__a311o_2'.
Generating RTLIL representation for module `\sky130_fd_sc_hd__a311o_4'.
Generating RTLIL representation for module `\sky130_fd_sc_hd__a311oi_1'.
Generating RTLIL representation for module `\sky130_fd_sc_hd__a311oi_2'.
Generating RTLIL representation for module `\sky130_fd_sc_hd__a311oi_4'.
Generating RTLIL representation for module `\sky130_fd_sc_hd__a31o_1'.
Generating RTLIL representation for module `\sky130_fd_sc_hd__a31o_2'.
Generating RTLIL representation for module `\sky130_fd_sc_hd__a31o_4'.
Generating RTLIL representation for module `\sky130_fd_sc_hd__a31oi_1'.
Generating RTLIL representation for module `\sky130_fd_sc_hd__a31oi_2'.
Generating RTLIL representation for module `\sky130_fd_sc_hd__a31oi_4'.
Generating RTLIL representation for module `\sky130_fd_sc_hd__a32o_1'.
Generating RTLIL representation for module `\sky130_fd_sc_hd__a32o_2'.
Generating RTLIL representation for module `\sky130_fd_sc_hd__a32o_4'.
Generating RTLIL representation for module `\sky130_fd_sc_hd__a32oi_1'.
Generating RTLIL representation for module `\sky130_fd_sc_hd__a32oi_2'.
Generating RTLIL representation for module `\sky130_fd_sc_hd__a32oi_4'.
Generating RTLIL representation for module `\sky130_fd_sc_hd__a41o_1'.
Generating RTLIL representation for module `\sky130_fd_sc_hd__a41o_2'.
Generating RTLIL representation for module `\sky130_fd_sc_hd__a41o_4'.
Generating RTLIL representation for module `\sky130_fd_sc_hd__a41oi_1'.
Generating RTLIL representation for module `\sky130_fd_sc_hd__a41oi_2'.
Generating RTLIL representation for module `\sky130_fd_sc_hd__a41oi_4'.
Generating RTLIL representation for module `\sky130_fd_sc_hd__and2_0'.
Generating RTLIL representation for module `\sky130_fd_sc_hd__and2_1'.
Generating RTLIL representation for module `\sky130_fd_sc_hd__and2_2'.
Generating RTLIL representation for module `\sky130_fd_sc_hd__and2_4'.
Generating RTLIL representation for module `\sky130_fd_sc_hd__and2b_1'.
Generating RTLIL representation for module `\sky130_fd_sc_hd__and2b_2'.
Generating RTLIL representation for module `\sky130_fd_sc_hd__and2b_4'.
Generating RTLIL representation for module `\sky130_fd_sc_hd__and3_1'.
Generating RTLIL representation for module `\sky130_fd_sc_hd__and3_2'.
Generating RTLIL representation for module `\sky130_fd_sc_hd__and3_4'.
Generating RTLIL representation for module `\sky130_fd_sc_hd__and3b_1'.
Generating RTLIL representation for module `\sky130_fd_sc_hd__and3b_2'.
Generating RTLIL representation for module `\sky130_fd_sc_hd__and3b_4'.
Generating RTLIL representation for module `\sky130_fd_sc_hd__and4_1'.
Generating RTLIL representation for module `\sky130_fd_sc_hd__and4_2'.
Generating RTLIL representation for module `\sky130_fd_sc_hd__and4_4'.
Generating RTLIL representation for module `\sky130_fd_sc_hd__and4b_1'.
Generating RTLIL representation for module `\sky130_fd_sc_hd__and4b_2'.
Generating RTLIL representation for module `\sky130_fd_sc_hd__and4b_4'.
Generating RTLIL representation for module `\sky130_fd_sc_hd__and4bb_1'.
Generating RTLIL representation for module `\sky130_fd_sc_hd__and4bb_2'.
Generating RTLIL representation for module `\sky130_fd_sc_hd__and4bb_4'.
Generating RTLIL representation for module `\sky130_fd_sc_hd__buf_1'.
Generating RTLIL representation for module `\sky130_fd_sc_hd__buf_12'.
Generating RTLIL representation for module `\sky130_fd_sc_hd__buf_16'.
Generating RTLIL representation for module `\sky130_fd_sc_hd__buf_2'.
Generating RTLIL representation for module `\sky130_fd_sc_hd__buf_4'.
Generating RTLIL representation for module `\sky130_fd_sc_hd__buf_6'.
Generating RTLIL representation for module `\sky130_fd_sc_hd__buf_8'.
Generating RTLIL representation for module `\sky130_fd_sc_hd__bufbuf_16'.
Generating RTLIL representation for module `\sky130_fd_sc_hd__bufbuf_8'.
Generating RTLIL representation for module `\sky130_fd_sc_hd__bufinv_16'.
Generating RTLIL representation for module `\sky130_fd_sc_hd__bufinv_8'.
Generating RTLIL representation for module `\sky130_fd_sc_hd__clkbuf_1'.
Generating RTLIL representation for module `\sky130_fd_sc_hd__clkbuf_16'.
Generating RTLIL representation for module `\sky130_fd_sc_hd__clkbuf_2'.
Generating RTLIL representation for module `\sky130_fd_sc_hd__clkbuf_4'.
Generating RTLIL representation for module `\sky130_fd_sc_hd__clkbuf_8'.
Generating RTLIL representation for module `\sky130_fd_sc_hd__clkdlybuf4s15_1'.
Generating RTLIL representation for module `\sky130_fd_sc_hd__clkdlybuf4s15_2'.
Generating RTLIL representation for module `\sky130_fd_sc_hd__clkdlybuf4s18_1'.
Generating RTLIL representation for module `\sky130_fd_sc_hd__clkdlybuf4s18_2'.
Generating RTLIL representation for module `\sky130_fd_sc_hd__clkdlybuf4s25_1'.
Generating RTLIL representation for module `\sky130_fd_sc_hd__clkdlybuf4s25_2'.
Generating RTLIL representation for module `\sky130_fd_sc_hd__clkdlybuf4s50_1'.
Generating RTLIL representation for module `\sky130_fd_sc_hd__clkdlybuf4s50_2'.
Generating RTLIL representation for module `\sky130_fd_sc_hd__clkinv_1'.
Generating RTLIL representation for module `\sky130_fd_sc_hd__clkinv_16'.
Generating RTLIL representation for module `\sky130_fd_sc_hd__clkinv_2'.
Generating RTLIL representation for module `\sky130_fd_sc_hd__clkinv_4'.
Generating RTLIL representation for module `\sky130_fd_sc_hd__clkinv_8'.
Generating RTLIL representation for module `\sky130_fd_sc_hd__clkinvlp_2'.
Generating RTLIL representation for module `\sky130_fd_sc_hd__clkinvlp_4'.
Generating RTLIL representation for module `\sky130_fd_sc_hd__conb_1'.
Generating RTLIL representation for module `\sky130_fd_sc_hd__decap_12'.
Generating RTLIL representation for module `\sky130_fd_sc_hd__decap_3'.
Generating RTLIL representation for module `\sky130_fd_sc_hd__decap_4'.
Generating RTLIL representation for module `\sky130_fd_sc_hd__decap_6'.
Generating RTLIL representation for module `\sky130_fd_sc_hd__decap_8'.
Generating RTLIL representation for module `\sky130_fd_sc_hd__dfbbn_1'.
Generating RTLIL representation for module `\sky130_fd_sc_hd__dfbbn_2'.
Generating RTLIL representation for module `\sky130_fd_sc_hd__dfbbp_1'.
Generating RTLIL representation for module `\sky130_fd_sc_hd__dfrbp_1'.
Generating RTLIL representation for module `\sky130_fd_sc_hd__dfrbp_2'.
Generating RTLIL representation for module `\sky130_fd_sc_hd__dfrtn_1'.
Generating RTLIL representation for module `\sky130_fd_sc_hd__dfrtp_1'.
Generating RTLIL representation for module `\sky130_fd_sc_hd__dfrtp_2'.
Generating RTLIL representation for module `\sky130_fd_sc_hd__dfrtp_4'.
Generating RTLIL representation for module `\sky130_fd_sc_hd__dfsbp_1'.
Generating RTLIL representation for module `\sky130_fd_sc_hd__dfsbp_2'.
Generating RTLIL representation for module `\sky130_fd_sc_hd__dfstp_1'.
Generating RTLIL representation for module `\sky130_fd_sc_hd__dfstp_2'.
Generating RTLIL representation for module `\sky130_fd_sc_hd__dfstp_4'.
Generating RTLIL representation for module `\sky130_fd_sc_hd__dfxbp_1'.
Generating RTLIL representation for module `\sky130_fd_sc_hd__dfxbp_2'.
Generating RTLIL representation for module `\sky130_fd_sc_hd__dfxtp_1'.
Generating RTLIL representation for module `\sky130_fd_sc_hd__dfxtp_2'.
Generating RTLIL representation for module `\sky130_fd_sc_hd__dfxtp_4'.
Generating RTLIL representation for module `\sky130_fd_sc_hd__diode_2'.
Generating RTLIL representation for module `\sky130_fd_sc_hd__dlclkp_1'.
Generating RTLIL representation for module `\sky130_fd_sc_hd__dlclkp_2'.
Generating RTLIL representation for module `\sky130_fd_sc_hd__dlclkp_4'.
Generating RTLIL representation for module `\sky130_fd_sc_hd__dlrbn_1'.
Generating RTLIL representation for module `\sky130_fd_sc_hd__dlrbn_2'.
Generating RTLIL representation for module `\sky130_fd_sc_hd__dlrbp_1'.
Generating RTLIL representation for module `\sky130_fd_sc_hd__dlrbp_2'.
Generating RTLIL representation for module `\sky130_fd_sc_hd__dlrtn_1'.
Generating RTLIL representation for module `\sky130_fd_sc_hd__dlrtn_2'.
Generating RTLIL representation for module `\sky130_fd_sc_hd__dlrtn_4'.
Generating RTLIL representation for module `\sky130_fd_sc_hd__dlrtp_1'.
Generating RTLIL representation for module `\sky130_fd_sc_hd__dlrtp_2'.
Generating RTLIL representation for module `\sky130_fd_sc_hd__dlrtp_4'.
Generating RTLIL representation for module `\sky130_fd_sc_hd__dlxbn_1'.
Generating RTLIL representation for module `\sky130_fd_sc_hd__dlxbn_2'.
Generating RTLIL representation for module `\sky130_fd_sc_hd__dlxbp_1'.
Generating RTLIL representation for module `\sky130_fd_sc_hd__dlxtn_1'.
Generating RTLIL representation for module `\sky130_fd_sc_hd__dlxtn_2'.
Generating RTLIL representation for module `\sky130_fd_sc_hd__dlxtn_4'.
Generating RTLIL representation for module `\sky130_fd_sc_hd__dlxtp_1'.
Generating RTLIL representation for module `\sky130_fd_sc_hd__dlygate4sd1_1'.
Generating RTLIL representation for module `\sky130_fd_sc_hd__dlygate4sd2_1'.
Generating RTLIL representation for module `\sky130_fd_sc_hd__dlygate4sd3_1'.
Generating RTLIL representation for module `\sky130_fd_sc_hd__dlymetal6s2s_1'.
Generating RTLIL representation for module `\sky130_fd_sc_hd__dlymetal6s4s_1'.
Generating RTLIL representation for module `\sky130_fd_sc_hd__dlymetal6s6s_1'.
Generating RTLIL representation for module `\sky130_fd_sc_hd__ebufn_1'.
Generating RTLIL representation for module `\sky130_fd_sc_hd__ebufn_2'.
Generating RTLIL representation for module `\sky130_fd_sc_hd__ebufn_4'.
Generating RTLIL representation for module `\sky130_fd_sc_hd__ebufn_8'.
Generating RTLIL representation for module `\sky130_fd_sc_hd__edfxbp_1'.
Generating RTLIL representation for module `\sky130_fd_sc_hd__edfxtp_1'.
Generating RTLIL representation for module `\sky130_fd_sc_hd__einvn_0'.
Generating RTLIL representation for module `\sky130_fd_sc_hd__einvn_1'.
Generating RTLIL representation for module `\sky130_fd_sc_hd__einvn_2'.
Generating RTLIL representation for module `\sky130_fd_sc_hd__einvn_4'.
Generating RTLIL representation for module `\sky130_fd_sc_hd__einvn_8'.
Generating RTLIL representation for module `\sky130_fd_sc_hd__einvp_1'.
Generating RTLIL representation for module `\sky130_fd_sc_hd__einvp_2'.
Generating RTLIL representation for module `\sky130_fd_sc_hd__einvp_4'.
Generating RTLIL representation for module `\sky130_fd_sc_hd__einvp_8'.
Generating RTLIL representation for module `\sky130_fd_sc_hd__fa_1'.
Generating RTLIL representation for module `\sky130_fd_sc_hd__fa_2'.
Generating RTLIL representation for module `\sky130_fd_sc_hd__fa_4'.
Generating RTLIL representation for module `\sky130_fd_sc_hd__fah_1'.
Generating RTLIL representation for module `\sky130_fd_sc_hd__fahcin_1'.
Generating RTLIL representation for module `\sky130_fd_sc_hd__fahcon_1'.
Generating RTLIL representation for module `\sky130_fd_sc_hd__fill_1'.
Generating RTLIL representation for module `\sky130_fd_sc_hd__fill_2'.
Generating RTLIL representation for module `\sky130_fd_sc_hd__fill_4'.
Generating RTLIL representation for module `\sky130_fd_sc_hd__fill_8'.
Generating RTLIL representation for module `\sky130_fd_sc_hd__ha_1'.
Generating RTLIL representation for module `\sky130_fd_sc_hd__ha_2'.
Generating RTLIL representation for module `\sky130_fd_sc_hd__ha_4'.
Generating RTLIL representation for module `\sky130_fd_sc_hd__inv_1'.
Generating RTLIL representation for module `\sky130_fd_sc_hd__inv_12'.
Generating RTLIL representation for module `\sky130_fd_sc_hd__inv_16'.
Generating RTLIL representation for module `\sky130_fd_sc_hd__inv_2'.
Generating RTLIL representation for module `\sky130_fd_sc_hd__inv_4'.
Generating RTLIL representation for module `\sky130_fd_sc_hd__inv_6'.
Generating RTLIL representation for module `\sky130_fd_sc_hd__inv_8'.
Generating RTLIL representation for module `\sky130_fd_sc_hd__lpflow_bleeder_1'.
Generating RTLIL representation for module `\sky130_fd_sc_hd__lpflow_clkbufkapwr_1'.
Generating RTLIL representation for module `\sky130_fd_sc_hd__lpflow_clkbufkapwr_16'.
Generating RTLIL representation for module `\sky130_fd_sc_hd__lpflow_clkbufkapwr_2'.
Generating RTLIL representation for module `\sky130_fd_sc_hd__lpflow_clkbufkapwr_4'.
Generating RTLIL representation for module `\sky130_fd_sc_hd__lpflow_clkbufkapwr_8'.
Generating RTLIL representation for module `\sky130_fd_sc_hd__lpflow_clkinvkapwr_1'.
Generating RTLIL representation for module `\sky130_fd_sc_hd__lpflow_clkinvkapwr_16'.
Generating RTLIL representation for module `\sky130_fd_sc_hd__lpflow_clkinvkapwr_2'.
Generating RTLIL representation for module `\sky130_fd_sc_hd__lpflow_clkinvkapwr_4'.
Generating RTLIL representation for module `\sky130_fd_sc_hd__lpflow_clkinvkapwr_8'.
Generating RTLIL representation for module `\sky130_fd_sc_hd__lpflow_decapkapwr_12'.
Generating RTLIL representation for module `\sky130_fd_sc_hd__lpflow_decapkapwr_3'.
Generating RTLIL representation for module `\sky130_fd_sc_hd__lpflow_decapkapwr_4'.
Generating RTLIL representation for module `\sky130_fd_sc_hd__lpflow_decapkapwr_6'.
Generating RTLIL representation for module `\sky130_fd_sc_hd__lpflow_decapkapwr_8'.
Generating RTLIL representation for module `\sky130_fd_sc_hd__lpflow_inputiso0n_1'.
Generating RTLIL representation for module `\sky130_fd_sc_hd__lpflow_inputiso0p_1'.
Generating RTLIL representation for module `\sky130_fd_sc_hd__lpflow_inputiso1n_1'.
Generating RTLIL representation for module `\sky130_fd_sc_hd__lpflow_inputiso1p_1'.
Generating RTLIL representation for module `\sky130_fd_sc_hd__lpflow_inputisolatch_1'.
Generating RTLIL representation for module `\sky130_fd_sc_hd__lpflow_isobufsrc_1'.
Generating RTLIL representation for module `\sky130_fd_sc_hd__lpflow_isobufsrc_16'.
Generating RTLIL representation for module `\sky130_fd_sc_hd__lpflow_isobufsrc_2'.
Generating RTLIL representation for module `\sky130_fd_sc_hd__lpflow_isobufsrc_4'.
Generating RTLIL representation for module `\sky130_fd_sc_hd__lpflow_isobufsrc_8'.
Generating RTLIL representation for module `\sky130_fd_sc_hd__lpflow_isobufsrckapwr_16'.
Generating RTLIL representation for module `\sky130_fd_sc_hd__lpflow_lsbuf_lh_hl_isowell_tap_1'.
Generating RTLIL representation for module `\sky130_fd_sc_hd__lpflow_lsbuf_lh_hl_isowell_tap_2'.
Generating RTLIL representation for module `\sky130_fd_sc_hd__lpflow_lsbuf_lh_hl_isowell_tap_4'.
Generating RTLIL representation for module `\sky130_fd_sc_hd__lpflow_lsbuf_lh_isowell_4'.
Generating RTLIL representation for module `\sky130_fd_sc_hd__lpflow_lsbuf_lh_isowell_tap_1'.
Generating RTLIL representation for module `\sky130_fd_sc_hd__lpflow_lsbuf_lh_isowell_tap_2'.
Generating RTLIL representation for module `\sky130_fd_sc_hd__lpflow_lsbuf_lh_isowell_tap_4'.
Generating RTLIL representation for module `\sky130_fd_sc_hd__macro_sparecell'.
Generating RTLIL representation for module `\sky130_fd_sc_hd__maj3_1'.
Generating RTLIL representation for module `\sky130_fd_sc_hd__maj3_2'.
Generating RTLIL representation for module `\sky130_fd_sc_hd__maj3_4'.
Generating RTLIL representation for module `\sky130_fd_sc_hd__mux2_1'.
Generating RTLIL representation for module `\sky130_fd_sc_hd__mux2_2'.
Generating RTLIL representation for module `\sky130_fd_sc_hd__mux2_4'.
Generating RTLIL representation for module `\sky130_fd_sc_hd__mux2_8'.
Generating RTLIL representation for module `\sky130_fd_sc_hd__mux2i_1'.
Generating RTLIL representation for module `\sky130_fd_sc_hd__mux2i_2'.
Generating RTLIL representation for module `\sky130_fd_sc_hd__mux2i_4'.
Generating RTLIL representation for module `\sky130_fd_sc_hd__mux4_1'.
Generating RTLIL representation for module `\sky130_fd_sc_hd__mux4_2'.
Generating RTLIL representation for module `\sky130_fd_sc_hd__mux4_4'.
Generating RTLIL representation for module `\sky130_fd_sc_hd__nand2_1'.
Generating RTLIL representation for module `\sky130_fd_sc_hd__nand2_2'.
Generating RTLIL representation for module `\sky130_fd_sc_hd__nand2_4'.
Generating RTLIL representation for module `\sky130_fd_sc_hd__nand2_8'.
Generating RTLIL representation for module `\sky130_fd_sc_hd__nand2b_1'.
Generating RTLIL representation for module `\sky130_fd_sc_hd__nand2b_2'.
Generating RTLIL representation for module `\sky130_fd_sc_hd__nand2b_4'.
Generating RTLIL representation for module `\sky130_fd_sc_hd__nand3_1'.
Generating RTLIL representation for module `\sky130_fd_sc_hd__nand3_2'.
Generating RTLIL representation for module `\sky130_fd_sc_hd__nand3_4'.
Generating RTLIL representation for module `\sky130_fd_sc_hd__nand3b_1'.
Generating RTLIL representation for module `\sky130_fd_sc_hd__nand3b_2'.
Generating RTLIL representation for module `\sky130_fd_sc_hd__nand3b_4'.
Generating RTLIL representation for module `\sky130_fd_sc_hd__nand4_1'.
Generating RTLIL representation for module `\sky130_fd_sc_hd__nand4_2'.
Generating RTLIL representation for module `\sky130_fd_sc_hd__nand4_4'.
Generating RTLIL representation for module `\sky130_fd_sc_hd__nand4b_1'.
Generating RTLIL representation for module `\sky130_fd_sc_hd__nand4b_2'.
Generating RTLIL representation for module `\sky130_fd_sc_hd__nand4b_4'.
Generating RTLIL representation for module `\sky130_fd_sc_hd__nand4bb_1'.
Generating RTLIL representation for module `\sky130_fd_sc_hd__nand4bb_2'.
Generating RTLIL representation for module `\sky130_fd_sc_hd__nand4bb_4'.
Generating RTLIL representation for module `\sky130_fd_sc_hd__nor2_1'.
Generating RTLIL representation for module `\sky130_fd_sc_hd__nor2_2'.
Generating RTLIL representation for module `\sky130_fd_sc_hd__nor2_4'.
Generating RTLIL representation for module `\sky130_fd_sc_hd__nor2_8'.
Generating RTLIL representation for module `\sky130_fd_sc_hd__nor2b_1'.
Generating RTLIL representation for module `\sky130_fd_sc_hd__nor2b_2'.
Generating RTLIL representation for module `\sky130_fd_sc_hd__nor2b_4'.
Generating RTLIL representation for module `\sky130_fd_sc_hd__nor3_1'.
Generating RTLIL representation for module `\sky130_fd_sc_hd__nor3_2'.
Generating RTLIL representation for module `\sky130_fd_sc_hd__nor3_4'.
Generating RTLIL representation for module `\sky130_fd_sc_hd__nor3b_1'.
Generating RTLIL representation for module `\sky130_fd_sc_hd__nor3b_2'.
Generating RTLIL representation for module `\sky130_fd_sc_hd__nor3b_4'.
Generating RTLIL representation for module `\sky130_fd_sc_hd__nor4_1'.
Generating RTLIL representation for module `\sky130_fd_sc_hd__nor4_2'.
Generating RTLIL representation for module `\sky130_fd_sc_hd__nor4_4'.
Generating RTLIL representation for module `\sky130_fd_sc_hd__nor4b_1'.
Generating RTLIL representation for module `\sky130_fd_sc_hd__nor4b_2'.
Generating RTLIL representation for module `\sky130_fd_sc_hd__nor4b_4'.
Generating RTLIL representation for module `\sky130_fd_sc_hd__nor4bb_1'.
Generating RTLIL representation for module `\sky130_fd_sc_hd__nor4bb_2'.
Generating RTLIL representation for module `\sky130_fd_sc_hd__nor4bb_4'.
Generating RTLIL representation for module `\sky130_fd_sc_hd__o2111a_1'.
Generating RTLIL representation for module `\sky130_fd_sc_hd__o2111a_2'.
Generating RTLIL representation for module `\sky130_fd_sc_hd__o2111a_4'.
Generating RTLIL representation for module `\sky130_fd_sc_hd__o2111ai_1'.
Generating RTLIL representation for module `\sky130_fd_sc_hd__o2111ai_2'.
Generating RTLIL representation for module `\sky130_fd_sc_hd__o2111ai_4'.
Generating RTLIL representation for module `\sky130_fd_sc_hd__o211a_1'.
Generating RTLIL representation for module `\sky130_fd_sc_hd__o211a_2'.
Generating RTLIL representation for module `\sky130_fd_sc_hd__o211a_4'.
Generating RTLIL representation for module `\sky130_fd_sc_hd__o211ai_1'.
Generating RTLIL representation for module `\sky130_fd_sc_hd__o211ai_2'.
Generating RTLIL representation for module `\sky130_fd_sc_hd__o211ai_4'.
Generating RTLIL representation for module `\sky130_fd_sc_hd__o21a_1'.
Generating RTLIL representation for module `\sky130_fd_sc_hd__o21a_2'.
Generating RTLIL representation for module `\sky130_fd_sc_hd__o21a_4'.
Generating RTLIL representation for module `\sky130_fd_sc_hd__o21ai_0'.
Generating RTLIL representation for module `\sky130_fd_sc_hd__o21ai_1'.
Generating RTLIL representation for module `\sky130_fd_sc_hd__o21ai_2'.
Generating RTLIL representation for module `\sky130_fd_sc_hd__o21ai_4'.
Generating RTLIL representation for module `\sky130_fd_sc_hd__o21ba_1'.
Generating RTLIL representation for module `\sky130_fd_sc_hd__o21ba_2'.
Generating RTLIL representation for module `\sky130_fd_sc_hd__o21ba_4'.
Generating RTLIL representation for module `\sky130_fd_sc_hd__o21bai_1'.
Generating RTLIL representation for module `\sky130_fd_sc_hd__o21bai_2'.
Generating RTLIL representation for module `\sky130_fd_sc_hd__o21bai_4'.
Generating RTLIL representation for module `\sky130_fd_sc_hd__o221a_1'.
Generating RTLIL representation for module `\sky130_fd_sc_hd__o221a_2'.
Generating RTLIL representation for module `\sky130_fd_sc_hd__o221a_4'.
Generating RTLIL representation for module `\sky130_fd_sc_hd__o221ai_1'.
Generating RTLIL representation for module `\sky130_fd_sc_hd__o221ai_2'.
Generating RTLIL representation for module `\sky130_fd_sc_hd__o221ai_4'.
Generating RTLIL representation for module `\sky130_fd_sc_hd__o22a_1'.
Generating RTLIL representation for module `\sky130_fd_sc_hd__o22a_2'.
Generating RTLIL representation for module `\sky130_fd_sc_hd__o22a_4'.
Generating RTLIL representation for module `\sky130_fd_sc_hd__o22ai_1'.
Generating RTLIL representation for module `\sky130_fd_sc_hd__o22ai_2'.
Generating RTLIL representation for module `\sky130_fd_sc_hd__o22ai_4'.
Generating RTLIL representation for module `\sky130_fd_sc_hd__o2bb2a_1'.
Generating RTLIL representation for module `\sky130_fd_sc_hd__o2bb2a_2'.
Generating RTLIL representation for module `\sky130_fd_sc_hd__o2bb2a_4'.
Generating RTLIL representation for module `\sky130_fd_sc_hd__o2bb2ai_1'.
Generating RTLIL representation for module `\sky130_fd_sc_hd__o2bb2ai_2'.
Generating RTLIL representation for module `\sky130_fd_sc_hd__o2bb2ai_4'.
Generating RTLIL representation for module `\sky130_fd_sc_hd__o311a_1'.
Generating RTLIL representation for module `\sky130_fd_sc_hd__o311a_2'.
Generating RTLIL representation for module `\sky130_fd_sc_hd__o311a_4'.
Generating RTLIL representation for module `\sky130_fd_sc_hd__o311ai_0'.
Generating RTLIL representation for module `\sky130_fd_sc_hd__o311ai_1'.
Generating RTLIL representation for module `\sky130_fd_sc_hd__o311ai_2'.
Generating RTLIL representation for module `\sky130_fd_sc_hd__o311ai_4'.
Generating RTLIL representation for module `\sky130_fd_sc_hd__o31a_1'.
Generating RTLIL representation for module `\sky130_fd_sc_hd__o31a_2'.
Generating RTLIL representation for module `\sky130_fd_sc_hd__o31a_4'.
Generating RTLIL representation for module `\sky130_fd_sc_hd__o31ai_1'.
Generating RTLIL representation for module `\sky130_fd_sc_hd__o31ai_2'.
Generating RTLIL representation for module `\sky130_fd_sc_hd__o31ai_4'.
Generating RTLIL representation for module `\sky130_fd_sc_hd__o32a_1'.
Generating RTLIL representation for module `\sky130_fd_sc_hd__o32a_2'.
Generating RTLIL representation for module `\sky130_fd_sc_hd__o32a_4'.
Generating RTLIL representation for module `\sky130_fd_sc_hd__o32ai_1'.
Generating RTLIL representation for module `\sky130_fd_sc_hd__o32ai_2'.
Generating RTLIL representation for module `\sky130_fd_sc_hd__o32ai_4'.
Generating RTLIL representation for module `\sky130_fd_sc_hd__o41a_1'.
Generating RTLIL representation for module `\sky130_fd_sc_hd__o41a_2'.
Generating RTLIL representation for module `\sky130_fd_sc_hd__o41a_4'.
Generating RTLIL representation for module `\sky130_fd_sc_hd__o41ai_1'.
Generating RTLIL representation for module `\sky130_fd_sc_hd__o41ai_2'.
Generating RTLIL representation for module `\sky130_fd_sc_hd__o41ai_4'.
Generating RTLIL representation for module `\sky130_fd_sc_hd__or2_0'.
Generating RTLIL representation for module `\sky130_fd_sc_hd__or2_1'.
Generating RTLIL representation for module `\sky130_fd_sc_hd__or2_2'.
Generating RTLIL representation for module `\sky130_fd_sc_hd__or2_4'.
Generating RTLIL representation for module `\sky130_fd_sc_hd__or2b_1'.
Generating RTLIL representation for module `\sky130_fd_sc_hd__or2b_2'.
Generating RTLIL representation for module `\sky130_fd_sc_hd__or2b_4'.
Generating RTLIL representation for module `\sky130_fd_sc_hd__or3_1'.
Generating RTLIL representation for module `\sky130_fd_sc_hd__or3_2'.
Generating RTLIL representation for module `\sky130_fd_sc_hd__or3_4'.
Generating RTLIL representation for module `\sky130_fd_sc_hd__or3b_1'.
Generating RTLIL representation for module `\sky130_fd_sc_hd__or3b_2'.
Generating RTLIL representation for module `\sky130_fd_sc_hd__or3b_4'.
Generating RTLIL representation for module `\sky130_fd_sc_hd__or4_1'.
Generating RTLIL representation for module `\sky130_fd_sc_hd__or4_2'.
Generating RTLIL representation for module `\sky130_fd_sc_hd__or4_4'.
Generating RTLIL representation for module `\sky130_fd_sc_hd__or4b_1'.
Generating RTLIL representation for module `\sky130_fd_sc_hd__or4b_2'.
Generating RTLIL representation for module `\sky130_fd_sc_hd__or4b_4'.
Generating RTLIL representation for module `\sky130_fd_sc_hd__or4bb_1'.
Generating RTLIL representation for module `\sky130_fd_sc_hd__or4bb_2'.
Generating RTLIL representation for module `\sky130_fd_sc_hd__or4bb_4'.
Generating RTLIL representation for module `\sky130_fd_sc_hd__probe_p_8'.
Generating RTLIL representation for module `\sky130_fd_sc_hd__probec_p_8'.
Generating RTLIL representation for module `\sky130_fd_sc_hd__sdfbbn_1'.
Generating RTLIL representation for module `\sky130_fd_sc_hd__sdfbbn_2'.
Generating RTLIL representation for module `\sky130_fd_sc_hd__sdfbbp_1'.
Generating RTLIL representation for module `\sky130_fd_sc_hd__sdfrbp_1'.
Generating RTLIL representation for module `\sky130_fd_sc_hd__sdfrbp_2'.
Generating RTLIL representation for module `\sky130_fd_sc_hd__sdfrtn_1'.
Generating RTLIL representation for module `\sky130_fd_sc_hd__sdfrtp_1'.
Generating RTLIL representation for module `\sky130_fd_sc_hd__sdfrtp_2'.
Generating RTLIL representation for module `\sky130_fd_sc_hd__sdfrtp_4'.
Generating RTLIL representation for module `\sky130_fd_sc_hd__sdfsbp_1'.
Generating RTLIL representation for module `\sky130_fd_sc_hd__sdfsbp_2'.
Generating RTLIL representation for module `\sky130_fd_sc_hd__sdfstp_1'.
Generating RTLIL representation for module `\sky130_fd_sc_hd__sdfstp_2'.
Generating RTLIL representation for module `\sky130_fd_sc_hd__sdfstp_4'.
Generating RTLIL representation for module `\sky130_fd_sc_hd__sdfxbp_1'.
Generating RTLIL representation for module `\sky130_fd_sc_hd__sdfxbp_2'.
Generating RTLIL representation for module `\sky130_fd_sc_hd__sdfxtp_1'.
Generating RTLIL representation for module `\sky130_fd_sc_hd__sdfxtp_2'.
Generating RTLIL representation for module `\sky130_fd_sc_hd__sdfxtp_4'.
Generating RTLIL representation for module `\sky130_fd_sc_hd__sdlclkp_1'.
Generating RTLIL representation for module `\sky130_fd_sc_hd__sdlclkp_2'.
Generating RTLIL representation for module `\sky130_fd_sc_hd__sdlclkp_4'.
Generating RTLIL representation for module `\sky130_fd_sc_hd__sedfxbp_1'.
Generating RTLIL representation for module `\sky130_fd_sc_hd__sedfxbp_2'.
Generating RTLIL representation for module `\sky130_fd_sc_hd__sedfxtp_1'.
Generating RTLIL representation for module `\sky130_fd_sc_hd__sedfxtp_2'.
Generating RTLIL representation for module `\sky130_fd_sc_hd__sedfxtp_4'.
Generating RTLIL representation for module `\sky130_fd_sc_hd__tap_1'.
Generating RTLIL representation for module `\sky130_fd_sc_hd__tap_2'.
Generating RTLIL representation for module `\sky130_fd_sc_hd__tapvgnd2_1'.
Generating RTLIL representation for module `\sky130_fd_sc_hd__tapvgnd_1'.
Generating RTLIL representation for module `\sky130_fd_sc_hd__tapvpwrvgnd_1'.
Generating RTLIL representation for module `\sky130_fd_sc_hd__xnor2_1'.
Generating RTLIL representation for module `\sky130_fd_sc_hd__xnor2_2'.
Generating RTLIL representation for module `\sky130_fd_sc_hd__xnor2_4'.
Generating RTLIL representation for module `\sky130_fd_sc_hd__xnor3_1'.
Generating RTLIL representation for module `\sky130_fd_sc_hd__xnor3_2'.
Generating RTLIL representation for module `\sky130_fd_sc_hd__xnor3_4'.
Generating RTLIL representation for module `\sky130_fd_sc_hd__xor2_1'.
Generating RTLIL representation for module `\sky130_fd_sc_hd__xor2_2'.
Generating RTLIL representation for module `\sky130_fd_sc_hd__xor2_4'.
Generating RTLIL representation for module `\sky130_fd_sc_hd__xor3_1'.
Generating RTLIL representation for module `\sky130_fd_sc_hd__xor3_2'.
Generating RTLIL representation for module `\sky130_fd_sc_hd__xor3_4'.
Successfully finished Verilog frontend.

2. Executing Verilog-2005 frontend: /home/hiepthai/Desktop/uart-fifo-rfid-asic/rdm6300_asic_fpga_modular/rtl/common/sync_2ff.v
Parsing SystemVerilog input from `/home/hiepthai/Desktop/uart-fifo-rfid-asic/rdm6300_asic_fpga_modular/rtl/common/sync_2ff.v' to AST representation.
Storing AST representation for module `$abstract\sync_2ff'.
Successfully finished Verilog frontend.

3. Executing Verilog-2005 frontend: /home/hiepthai/Desktop/uart-fifo-rfid-asic/rdm6300_asic_fpga_modular/rtl/fifo/rx_fifo.v
Parsing SystemVerilog input from `/home/hiepthai/Desktop/uart-fifo-rfid-asic/rdm6300_asic_fpga_modular/rtl/fifo/rx_fifo.v' to AST representation.
Storing AST representation for module `$abstract\rx_fifo'.
Successfully finished Verilog frontend.

4. Executing Verilog-2005 frontend: /home/hiepthai/Desktop/uart-fifo-rfid-asic/rdm6300_asic_fpga_modular/rtl/fifo/tx_fifo.v
Parsing SystemVerilog input from `/home/hiepthai/Desktop/uart-fifo-rfid-asic/rdm6300_asic_fpga_modular/rtl/fifo/tx_fifo.v' to AST representation.
Storing AST representation for module `$abstract\tx_fifo'.
Successfully finished Verilog frontend.

5. Executing Verilog-2005 frontend: /home/hiepthai/Desktop/uart-fifo-rfid-asic/rdm6300_asic_fpga_modular/rtl/uart/uart_rx.v
Parsing SystemVerilog input from `/home/hiepthai/Desktop/uart-fifo-rfid-asic/rdm6300_asic_fpga_modular/rtl/uart/uart_rx.v' to AST representation.
Storing AST representation for module `$abstract\uart_rx'.
Successfully finished Verilog frontend.

6. Executing Verilog-2005 frontend: /home/hiepthai/Desktop/uart-fifo-rfid-asic/rdm6300_asic_fpga_modular/rtl/uart/uart_tx.v
Parsing SystemVerilog input from `/home/hiepthai/Desktop/uart-fifo-rfid-asic/rdm6300_asic_fpga_modular/rtl/uart/uart_tx.v' to AST representation.
Storing AST representation for module `$abstract\uart_tx'.
Successfully finished Verilog frontend.

7. Executing Verilog-2005 frontend: /home/hiepthai/Desktop/uart-fifo-rfid-asic/rdm6300_asic_fpga_modular/rtl/rdm6300/rdm6300_frame_decoder.v
Parsing SystemVerilog input from `/home/hiepthai/Desktop/uart-fifo-rfid-asic/rdm6300_asic_fpga_modular/rtl/rdm6300/rdm6300_frame_decoder.v' to AST representation.
Storing AST representation for module `$abstract\rdm6300_frame_decoder'.
Successfully finished Verilog frontend.

8. Executing Verilog-2005 frontend: /home/hiepthai/Desktop/uart-fifo-rfid-asic/rdm6300_asic_fpga_modular/rtl/app/card_packet_encoder.v
Parsing SystemVerilog input from `/home/hiepthai/Desktop/uart-fifo-rfid-asic/rdm6300_asic_fpga_modular/rtl/app/card_packet_encoder.v' to AST representation.
Storing AST representation for module `$abstract\card_packet_encoder'.
Successfully finished Verilog frontend.

9. Executing Verilog-2005 frontend: /home/hiepthai/Desktop/uart-fifo-rfid-asic/rdm6300_asic_fpga_modular/rtl/parser/rfid_parser.v
Parsing SystemVerilog input from `/home/hiepthai/Desktop/uart-fifo-rfid-asic/rdm6300_asic_fpga_modular/rtl/parser/rfid_parser.v' to AST representation.
Storing AST representation for module `$abstract\rfid_parser'.
Successfully finished Verilog frontend.

10. Executing Verilog-2005 frontend: /home/hiepthai/Desktop/uart-fifo-rfid-asic/rdm6300_asic_fpga_modular/fpga/rtl/top_basys3_rdm6300.v
Parsing SystemVerilog input from `/home/hiepthai/Desktop/uart-fifo-rfid-asic/rdm6300_asic_fpga_modular/fpga/rtl/top_basys3_rdm6300.v' to AST representation.
Storing AST representation for module `$abstract\top_basys3_rdm6300'.
Successfully finished Verilog frontend.

11. Executing HIERARCHY pass (managing design hierarchy).

12. Executing AST frontend in derive mode using pre-parsed AST for module `\top_basys3_rdm6300'.
Generating RTLIL representation for module `\top_basys3_rdm6300'.

12.1. Analyzing design hierarchy..
Top module:  \top_basys3_rdm6300
Parameter \CLKS_PER_BIT = 10417

12.2. Executing AST frontend in derive mode using pre-parsed AST for module `\uart_tx'.
Parameter \CLKS_PER_BIT = 10417
Generating RTLIL representation for module `$paramod\uart_tx\CLKS_PER_BIT=s32'00000000000000000010100010110001'.
Parameter \DATA_W = 8
Parameter \DEPTH = 16
Parameter \ADDR_W = 4

12.3. Executing AST frontend in derive mode using pre-parsed AST for module `\tx_fifo'.
Parameter \DATA_W = 8
Parameter \DEPTH = 16
Parameter \ADDR_W = 4
Generating RTLIL representation for module `$paramod$9725208b3e344c3de14a607aed5740fe612d0487\tx_fifo'.
Parameter \FRAME_TIMEOUT_CYCLES = 500000
Parameter \FRAME_TIMEOUT_COUNTER_W = 19

12.4. Executing AST frontend in derive mode using pre-parsed AST for module `\rfid_parser'.
Parameter \FRAME_TIMEOUT_CYCLES = 500000
Parameter \FRAME_TIMEOUT_COUNTER_W = 19
Generating RTLIL representation for module `$paramod$19b30effc69b8f95885a3366612311c5bdf2a060\rfid_parser'.
Parameter \DATA_W = 8
Parameter \DEPTH = 16
Parameter \ADDR_W = 4

12.5. Executing AST frontend in derive mode using pre-parsed AST for module `\rx_fifo'.
Parameter \DATA_W = 8
Parameter \DEPTH = 16
Parameter \ADDR_W = 4
Generating RTLIL representation for module `$paramod$9725208b3e344c3de14a607aed5740fe612d0487\rx_fifo'.
Parameter \CLKS_PER_BIT = 10417

12.6. Executing AST frontend in derive mode using pre-parsed AST for module `\uart_rx'.
Parameter \CLKS_PER_BIT = 10417
Generating RTLIL representation for module `$paramod\uart_rx\CLKS_PER_BIT=s32'00000000000000000010100010110001'.
Parameter \RESET_VALUE = 1'1

12.7. Executing AST frontend in derive mode using pre-parsed AST for module `\sync_2ff'.
Parameter \RESET_VALUE = 1'1
Generating RTLIL representation for module `$paramod\sync_2ff\RESET_VALUE=1'1'.

12.8. Analyzing design hierarchy..
Top module:  \top_basys3_rdm6300
Used module:     $paramod\uart_tx\CLKS_PER_BIT=s32'00000000000000000010100010110001
Used module:     $paramod$9725208b3e344c3de14a607aed5740fe612d0487\tx_fifo
Used module:     $paramod$19b30effc69b8f95885a3366612311c5bdf2a060\rfid_parser
Used module:     $paramod$9725208b3e344c3de14a607aed5740fe612d0487\rx_fifo
Used module:     $paramod\uart_rx\CLKS_PER_BIT=s32'00000000000000000010100010110001
Used module:     $paramod\sync_2ff\RESET_VALUE=1'1

12.9. Executing AST frontend in derive mode using pre-parsed AST for module `\card_packet_encoder'.
Generating RTLIL representation for module `\card_packet_encoder'.
Parameter \FRAME_TIMEOUT_CYCLES = 500000
Parameter \TIMEOUT_COUNTER_W = 19

12.10. Executing AST frontend in derive mode using pre-parsed AST for module `\rdm6300_frame_decoder'.
Parameter \FRAME_TIMEOUT_CYCLES = 500000
Parameter \TIMEOUT_COUNTER_W = 19
Generating RTLIL representation for module `$paramod$02e80c0e2bf5fb0d9d18f581cd4dceb28fc227a5\rdm6300_frame_decoder'.
Warning: Replacing memory \nibble with list of registers. See /home/hiepthai/Desktop/uart-fifo-rfid-asic/rdm6300_asic_fpga_modular/rtl/rdm6300/rdm6300_frame_decoder.v:122, /home/hiepthai/Desktop/uart-fifo-rfid-asic/rdm6300_asic_fpga_modular/rtl/rdm6300/rdm6300_frame_decoder.v:120
Warning: Replacing memory \ascii_buf with list of registers. See /home/hiepthai/Desktop/uart-fifo-rfid-asic/rdm6300_asic_fpga_modular/rtl/rdm6300/rdm6300_frame_decoder.v:75

12.11. Analyzing design hierarchy..
Top module:  \top_basys3_rdm6300
Used module:     $paramod\uart_tx\CLKS_PER_BIT=s32'00000000000000000010100010110001
Used module:     $paramod$9725208b3e344c3de14a607aed5740fe612d0487\tx_fifo
Used module:     $paramod$19b30effc69b8f95885a3366612311c5bdf2a060\rfid_parser
Used module:         \card_packet_encoder
Used module:         $paramod$02e80c0e2bf5fb0d9d18f581cd4dceb28fc227a5\rdm6300_frame_decoder
Used module:     $paramod$9725208b3e344c3de14a607aed5740fe612d0487\rx_fifo
Used module:     $paramod\uart_rx\CLKS_PER_BIT=s32'00000000000000000010100010110001
Used module:     $paramod\sync_2ff\RESET_VALUE=1'1

12.12. Analyzing design hierarchy..
Top module:  \top_basys3_rdm6300
Used module:     $paramod\uart_tx\CLKS_PER_BIT=s32'00000000000000000010100010110001
Used module:     $paramod$9725208b3e344c3de14a607aed5740fe612d0487\tx_fifo
Used module:     $paramod$19b30effc69b8f95885a3366612311c5bdf2a060\rfid_parser
Used module:         \card_packet_encoder
Used module:         $paramod$02e80c0e2bf5fb0d9d18f581cd4dceb28fc227a5\rdm6300_frame_decoder
Used module:     $paramod$9725208b3e344c3de14a607aed5740fe612d0487\rx_fifo
Used module:     $paramod\uart_rx\CLKS_PER_BIT=s32'00000000000000000010100010110001
Used module:     $paramod\sync_2ff\RESET_VALUE=1'1
Removing unused module `$abstract\top_basys3_rdm6300'.
Removing unused module `$abstract\rfid_parser'.
Removing unused module `$abstract\card_packet_encoder'.
Removing unused module `$abstract\rdm6300_frame_decoder'.
Removing unused module `$abstract\uart_tx'.
Removing unused module `$abstract\uart_rx'.
Removing unused module `$abstract\tx_fifo'.
Removing unused module `$abstract\rx_fifo'.
Removing unused module `$abstract\sync_2ff'.
Removed 9 unused modules.
Renaming module top_basys3_rdm6300 to top_basys3_rdm6300.

13. Executing PROC pass (convert processes to netlists).

13.1. Executing PROC_CLEAN pass (remove empty switches from decision trees).
Cleaned up 0 empty switches.

13.2. Executing PROC_RMDEAD pass (remove dead branches from decision trees).
Marked 3 switch rules as full_case in process $proc$/home/hiepthai/Desktop/uart-fifo-rfid-asic/rdm6300_asic_fpga_modular/rtl/app/card_packet_encoder.v:64$134 in module card_packet_encoder.
Marked 1 switch rules as full_case in process $proc$/home/hiepthai/Desktop/uart-fifo-rfid-asic/rdm6300_asic_fpga_modular/rtl/app/card_packet_encoder.v:49$133 in module card_packet_encoder.
Marked 1 switch rules as full_case in process $proc$/home/hiepthai/Desktop/uart-fifo-rfid-asic/rdm6300_asic_fpga_modular/rtl/common/sync_2ff.v:13$123 in module $paramod\sync_2ff\RESET_VALUE=1'1.
Marked 12 switch rules as full_case in process $proc$/home/hiepthai/Desktop/uart-fifo-rfid-asic/rdm6300_asic_fpga_modular/rtl/uart/uart_rx.v:61$81 in module $paramod\uart_rx\CLKS_PER_BIT=s32'00000000000000000010100010110001.
Marked 3 switch rules as full_case in process $proc$/home/hiepthai/Desktop/uart-fifo-rfid-asic/rdm6300_asic_fpga_modular/rtl/uart/uart_rx.v:45$75 in module $paramod\uart_rx\CLKS_PER_BIT=s32'00000000000000000010100010110001.
Marked 2 switch rules as full_case in process $proc$/home/hiepthai/Desktop/uart-fifo-rfid-asic/rdm6300_asic_fpga_modular/rtl/fifo/rx_fifo.v:42$58 in module $paramod$9725208b3e344c3de14a607aed5740fe612d0487\rx_fifo.
Marked 1 switch rules as full_case in process $proc$/home/hiepthai/Desktop/uart-fifo-rfid-asic/rdm6300_asic_fpga_modular/rtl/fifo/rx_fifo.v:37$51 in module $paramod$9725208b3e344c3de14a607aed5740fe612d0487\rx_fifo.
Marked 2 switch rules as full_case in process $proc$/home/hiepthai/Desktop/uart-fifo-rfid-asic/rdm6300_asic_fpga_modular/rtl/fifo/tx_fifo.v:42$33 in module $paramod$9725208b3e344c3de14a607aed5740fe612d0487\tx_fifo.
Marked 1 switch rules as full_case in process $proc$/home/hiepthai/Desktop/uart-fifo-rfid-asic/rdm6300_asic_fpga_modular/rtl/fifo/tx_fifo.v:37$26 in module $paramod$9725208b3e344c3de14a607aed5740fe612d0487\tx_fifo.
Marked 7 switch rules as full_case in process $proc$/home/hiepthai/Desktop/uart-fifo-rfid-asic/rdm6300_asic_fpga_modular/rtl/uart/uart_tx.v:29$7 in module $paramod\uart_tx\CLKS_PER_BIT=s32'00000000000000000010100010110001.
Marked 51 switch rules as full_case in process $proc$/home/hiepthai/Desktop/uart-fifo-rfid-asic/rdm6300_asic_fpga_modular/rtl/rdm6300/rdm6300_frame_decoder.v:60$450 in module $paramod$02e80c0e2bf5fb0d9d18f581cd4dceb28fc227a5\rdm6300_frame_decoder.
Removed a total of 0 dead cases.

13.3. Executing PROC_PRUNE pass (remove redundant assignments in processes).
Removed 16 redundant assignments.
Promoted 92 assignments to connections.

13.4. Executing PROC_INIT pass (extract init attributes).
Found init rule in `\top_basys3_rdm6300.$proc$/home/hiepthai/Desktop/uart-fifo-rfid-asic/rdm6300_asic_fpga_modular/fpga/rtl/top_basys3_rdm6300.v:17$5'.
  Set init value: \startup_reset = 4'0000

13.5. Executing PROC_ARST pass (detect async resets in processes).
Found async reset \rst_n in `\card_packet_encoder.$proc$/home/hiepthai/Desktop/uart-fifo-rfid-asic/rdm6300_asic_fpga_modular/rtl/app/card_packet_encoder.v:64$134'.
Found async reset \rst_n in `$paramod\sync_2ff\RESET_VALUE=1'1.$proc$/home/hiepthai/Desktop/uart-fifo-rfid-asic/rdm6300_asic_fpga_modular/rtl/common/sync_2ff.v:13$123'.
Found async reset \rst_n in `$paramod\uart_rx\CLKS_PER_BIT=s32'00000000000000000010100010110001.$proc$/home/hiepthai/Desktop/uart-fifo-rfid-asic/rdm6300_asic_fpga_modular/rtl/uart/uart_rx.v:61$81'.
Found async reset \rst_n in `$paramod\uart_rx\CLKS_PER_BIT=s32'00000000000000000010100010110001.$proc$/home/hiepthai/Desktop/uart-fifo-rfid-asic/rdm6300_asic_fpga_modular/rtl/uart/uart_rx.v:45$75'.
Found async reset \rst_n in `$paramod$9725208b3e344c3de14a607aed5740fe612d0487\rx_fifo.$proc$/home/hiepthai/Desktop/uart-fifo-rfid-asic/rdm6300_asic_fpga_modular/rtl/fifo/rx_fifo.v:42$58'.
Found async reset \rst_n in `$paramod$9725208b3e344c3de14a607aed5740fe612d0487\tx_fifo.$proc$/home/hiepthai/Desktop/uart-fifo-rfid-asic/rdm6300_asic_fpga_modular/rtl/fifo/tx_fifo.v:42$33'.
Found async reset \rst_n in `$paramod\uart_tx\CLKS_PER_BIT=s32'00000000000000000010100010110001.$proc$/home/hiepthai/Desktop/uart-fifo-rfid-asic/rdm6300_asic_fpga_modular/rtl/uart/uart_tx.v:29$7'.
Found async reset \rst_n in `$paramod$02e80c0e2bf5fb0d9d18f581cd4dceb28fc227a5\rdm6300_frame_decoder.$proc$/home/hiepthai/Desktop/uart-fifo-rfid-asic/rdm6300_asic_fpga_modular/rtl/rdm6300/rdm6300_frame_decoder.v:60$450'.

13.6. Executing PROC_ROM pass (convert switches to ROMs).
Converted 0 switches.
<suppressed ~88 debug messages>

13.7. Executing PROC_MUX pass (convert decision trees to multiplexers).
Creating decoders for process `\top_basys3_rdm6300.$proc$/home/hiepthai/Desktop/uart-fifo-rfid-asic/rdm6300_asic_fpga_modular/fpga/rtl/top_basys3_rdm6300.v:17$5'.
Creating decoders for process `\top_basys3_rdm6300.$proc$/home/hiepthai/Desktop/uart-fifo-rfid-asic/rdm6300_asic_fpga_modular/fpga/rtl/top_basys3_rdm6300.v:64$4'.
Creating decoders for process `\card_packet_encoder.$proc$/home/hiepthai/Desktop/uart-fifo-rfid-asic/rdm6300_asic_fpga_modular/rtl/app/card_packet_encoder.v:64$134'.
     1/68: $2\crc8_tag$func$/home/hiepthai/Desktop/uart-fifo-rfid-asic/rdm6300_asic_fpga_modular/rtl/app/card_packet_encoder.v:73$125.$result[7:0]$202
     2/68: $2\crc8_tag$func$/home/hiepthai/Desktop/uart-fifo-rfid-asic/rdm6300_asic_fpga_modular/rtl/app/card_packet_encoder.v:73$125.crc[7:0]$204
     3/68: $2\crc8_byte$func$/home/hiepthai/Desktop/uart-fifo-rfid-asic/rdm6300_asic_fpga_modular/rtl/app/card_packet_encoder.v:44$132.$result[7:0]$229
     4/68: $2\crc8_byte$func$/home/hiepthai/Desktop/uart-fifo-rfid-asic/rdm6300_asic_fpga_modular/rtl/app/card_packet_encoder.v:44$132.bit_index[31:0]$232
     5/68: $2\crc8_byte$func$/home/hiepthai/Desktop/uart-fifo-rfid-asic/rdm6300_asic_fpga_modular/rtl/app/card_packet_encoder.v:44$132.value[7:0]$233
     6/68: $2\crc8_byte$func$/home/hiepthai/Desktop/uart-fifo-rfid-asic/rdm6300_asic_fpga_modular/rtl/app/card_packet_encoder.v:44$132.data[7:0]$231
     7/68: $2\crc8_byte$func$/home/hiepthai/Desktop/uart-fifo-rfid-asic/rdm6300_asic_fpga_modular/rtl/app/card_packet_encoder.v:44$132.crc_in[7:0]$230
     8/68: $2\crc8_byte$func$/home/hiepthai/Desktop/uart-fifo-rfid-asic/rdm6300_asic_fpga_modular/rtl/app/card_packet_encoder.v:43$131.$result[7:0]$224
     9/68: $2\crc8_byte$func$/home/hiepthai/Desktop/uart-fifo-rfid-asic/rdm6300_asic_fpga_modular/rtl/app/card_packet_encoder.v:43$131.bit_index[31:0]$227
    10/68: $2\crc8_byte$func$/home/hiepthai/Desktop/uart-fifo-rfid-asic/rdm6300_asic_fpga_modular/rtl/app/card_packet_encoder.v:43$131.value[7:0]$228
    11/68: $2\crc8_byte$func$/home/hiepthai/Desktop/uart-fifo-rfid-asic/rdm6300_asic_fpga_modular/rtl/app/card_packet_encoder.v:43$131.data[7:0]$226
    12/68: $2\crc8_byte$func$/home/hiepthai/Desktop/uart-fifo-rfid-asic/rdm6300_asic_fpga_modular/rtl/app/card_packet_encoder.v:43$131.crc_in[7:0]$225
    13/68: $2\crc8_byte$func$/home/hiepthai/Desktop/uart-fifo-rfid-asic/rdm6300_asic_fpga_modular/rtl/app/card_packet_encoder.v:42$130.$result[7:0]$219
    14/68: $2\crc8_byte$func$/home/hiepthai/Desktop/uart-fifo-rfid-asic/rdm6300_asic_fpga_modular/rtl/app/card_packet_encoder.v:42$130.bit_index[31:0]$222
    15/68: $2\crc8_byte$func$/home/hiepthai/Desktop/uart-fifo-rfid-asic/rdm6300_asic_fpga_modular/rtl/app/card_packet_encoder.v:42$130.value[7:0]$223
    16/68: $2\crc8_byte$func$/home/hiepthai/Desktop/uart-fifo-rfid-asic/rdm6300_asic_fpga_modular/rtl/app/card_packet_encoder.v:42$130.data[7:0]$221
    17/68: $2\crc8_byte$func$/home/hiepthai/Desktop/uart-fifo-rfid-asic/rdm6300_asic_fpga_modular/rtl/app/card_packet_encoder.v:42$130.crc_in[7:0]$220
    18/68: $2\crc8_byte$func$/home/hiepthai/Desktop/uart-fifo-rfid-asic/rdm6300_asic_fpga_modular/rtl/app/card_packet_encoder.v:41$129.$result[7:0]$214
    19/68: $2\crc8_byte$func$/home/hiepthai/Desktop/uart-fifo-rfid-asic/rdm6300_asic_fpga_modular/rtl/app/card_packet_encoder.v:41$129.bit_index[31:0]$217
    20/68: $2\crc8_byte$func$/home/hiepthai/Desktop/uart-fifo-rfid-asic/rdm6300_asic_fpga_modular/rtl/app/card_packet_encoder.v:41$129.value[7:0]$218
    21/68: $2\crc8_byte$func$/home/hiepthai/Desktop/uart-fifo-rfid-asic/rdm6300_asic_fpga_modular/rtl/app/card_packet_encoder.v:41$129.data[7:0]$216
    22/68: $2\crc8_byte$func$/home/hiepthai/Desktop/uart-fifo-rfid-asic/rdm6300_asic_fpga_modular/rtl/app/card_packet_encoder.v:41$129.crc_in[7:0]$215
    23/68: $2\crc8_byte$func$/home/hiepthai/Desktop/uart-fifo-rfid-asic/rdm6300_asic_fpga_modular/rtl/app/card_packet_encoder.v:40$128.$result[7:0]$209
    24/68: $2\crc8_byte$func$/home/hiepthai/Desktop/uart-fifo-rfid-asic/rdm6300_asic_fpga_modular/rtl/app/card_packet_encoder.v:40$128.bit_index[31:0]$212
    25/68: $2\crc8_byte$func$/home/hiepthai/Desktop/uart-fifo-rfid-asic/rdm6300_asic_fpga_modular/rtl/app/card_packet_encoder.v:40$128.value[7:0]$213
    26/68: $2\crc8_byte$func$/home/hiepthai/Desktop/uart-fifo-rfid-asic/rdm6300_asic_fpga_modular/rtl/app/card_packet_encoder.v:40$128.data[7:0]$211
    27/68: $2\crc8_byte$func$/home/hiepthai/Desktop/uart-fifo-rfid-asic/rdm6300_asic_fpga_modular/rtl/app/card_packet_encoder.v:40$128.crc_in[7:0]$210
    28/68: $2\crc8_byte$func$/home/hiepthai/Desktop/uart-fifo-rfid-asic/rdm6300_asic_fpga_modular/rtl/app/card_packet_encoder.v:39$127.$result[7:0]$205
    29/68: $2\crc8_byte$func$/home/hiepthai/Desktop/uart-fifo-rfid-asic/rdm6300_asic_fpga_modular/rtl/app/card_packet_encoder.v:39$127.bit_index[31:0]$207
    30/68: $2\crc8_byte$func$/home/hiepthai/Desktop/uart-fifo-rfid-asic/rdm6300_asic_fpga_modular/rtl/app/card_packet_encoder.v:39$127.value[7:0]$208
    31/68: $2\crc8_byte$func$/home/hiepthai/Desktop/uart-fifo-rfid-asic/rdm6300_asic_fpga_modular/rtl/app/card_packet_encoder.v:39$127.crc_in[7:0]$206
    32/68: $2\crc8_tag$func$/home/hiepthai/Desktop/uart-fifo-rfid-asic/rdm6300_asic_fpga_modular/rtl/app/card_packet_encoder.v:73$125.tag[39:0]$203
    33/68: $1\crc8_byte$func$/home/hiepthai/Desktop/uart-fifo-rfid-asic/rdm6300_asic_fpga_modular/rtl/app/card_packet_encoder.v:44$132.value[7:0]$199
    34/68: $1\crc8_byte$func$/home/hiepthai/Desktop/uart-fifo-rfid-asic/rdm6300_asic_fpga_modular/rtl/app/card_packet_encoder.v:44$132.bit_index[31:0]$198
    35/68: $1\crc8_byte$func$/home/hiepthai/Desktop/uart-fifo-rfid-asic/rdm6300_asic_fpga_modular/rtl/app/card_packet_encoder.v:44$132.data[7:0]$197
    36/68: $1\crc8_byte$func$/home/hiepthai/Desktop/uart-fifo-rfid-asic/rdm6300_asic_fpga_modular/rtl/app/card_packet_encoder.v:44$132.crc_in[7:0]$196
    37/68: $1\crc8_byte$func$/home/hiepthai/Desktop/uart-fifo-rfid-asic/rdm6300_asic_fpga_modular/rtl/app/card_packet_encoder.v:44$132.$result[7:0]$195
    38/68: $1\crc8_byte$func$/home/hiepthai/Desktop/uart-fifo-rfid-asic/rdm6300_asic_fpga_modular/rtl/app/card_packet_encoder.v:43$131.value[7:0]$194
    39/68: $1\crc8_byte$func$/home/hiepthai/Desktop/uart-fifo-rfid-asic/rdm6300_asic_fpga_modular/rtl/app/card_packet_encoder.v:43$131.bit_index[31:0]$193
    40/68: $1\crc8_byte$func$/home/hiepthai/Desktop/uart-fifo-rfid-asic/rdm6300_asic_fpga_modular/rtl/app/card_packet_encoder.v:43$131.data[7:0]$192
    41/68: $1\crc8_byte$func$/home/hiepthai/Desktop/uart-fifo-rfid-asic/rdm6300_asic_fpga_modular/rtl/app/card_packet_encoder.v:43$131.crc_in[7:0]$191
    42/68: $1\crc8_byte$func$/home/hiepthai/Desktop/uart-fifo-rfid-asic/rdm6300_asic_fpga_modular/rtl/app/card_packet_encoder.v:43$131.$result[7:0]$190
    43/68: $1\crc8_byte$func$/home/hiepthai/Desktop/uart-fifo-rfid-asic/rdm6300_asic_fpga_modular/rtl/app/card_packet_encoder.v:42$130.value[7:0]$189
    44/68: $1\crc8_byte$func$/home/hiepthai/Desktop/uart-fifo-rfid-asic/rdm6300_asic_fpga_modular/rtl/app/card_packet_encoder.v:42$130.bit_index[31:0]$188
    45/68: $1\crc8_byte$func$/home/hiepthai/Desktop/uart-fifo-rfid-asic/rdm6300_asic_fpga_modular/rtl/app/card_packet_encoder.v:42$130.data[7:0]$187
    46/68: $1\crc8_byte$func$/home/hiepthai/Desktop/uart-fifo-rfid-asic/rdm6300_asic_fpga_modular/rtl/app/card_packet_encoder.v:42$130.crc_in[7:0]$186
    47/68: $1\crc8_byte$func$/home/hiepthai/Desktop/uart-fifo-rfid-asic/rdm6300_asic_fpga_modular/rtl/app/card_packet_encoder.v:42$130.$result[7:0]$185
    48/68: $1\crc8_byte$func$/home/hiepthai/Desktop/uart-fifo-rfid-asic/rdm6300_asic_fpga_modular/rtl/app/card_packet_encoder.v:41$129.value[7:0]$184
    49/68: $1\crc8_byte$func$/home/hiepthai/Desktop/uart-fifo-rfid-asic/rdm6300_asic_fpga_modular/rtl/app/card_packet_encoder.v:41$129.bit_index[31:0]$183
    50/68: $1\crc8_byte$func$/home/hiepthai/Desktop/uart-fifo-rfid-asic/rdm6300_asic_fpga_modular/rtl/app/card_packet_encoder.v:41$129.data[7:0]$182
    51/68: $1\crc8_byte$func$/home/hiepthai/Desktop/uart-fifo-rfid-asic/rdm6300_asic_fpga_modular/rtl/app/card_packet_encoder.v:41$129.crc_in[7:0]$181
    52/68: $1\crc8_byte$func$/home/hiepthai/Desktop/uart-fifo-rfid-asic/rdm6300_asic_fpga_modular/rtl/app/card_packet_encoder.v:41$129.$result[7:0]$180
    53/68: $1\crc8_byte$func$/home/hiepthai/Desktop/uart-fifo-rfid-asic/rdm6300_asic_fpga_modular/rtl/app/card_packet_encoder.v:40$128.value[7:0]$179
    54/68: $1\crc8_byte$func$/home/hiepthai/Desktop/uart-fifo-rfid-asic/rdm6300_asic_fpga_modular/rtl/app/card_packet_encoder.v:40$128.bit_index[31:0]$178
    55/68: $1\crc8_byte$func$/home/hiepthai/Desktop/uart-fifo-rfid-asic/rdm6300_asic_fpga_modular/rtl/app/card_packet_encoder.v:40$128.data[7:0]$177
    56/68: $1\crc8_byte$func$/home/hiepthai/Desktop/uart-fifo-rfid-asic/rdm6300_asic_fpga_modular/rtl/app/card_packet_encoder.v:40$128.crc_in[7:0]$176
    57/68: $1\crc8_byte$func$/home/hiepthai/Desktop/uart-fifo-rfid-asic/rdm6300_asic_fpga_modular/rtl/app/card_packet_encoder.v:40$128.$result[7:0]$175
    58/68: $1\crc8_byte$func$/home/hiepthai/Desktop/uart-fifo-rfid-asic/rdm6300_asic_fpga_modular/rtl/app/card_packet_encoder.v:39$127.value[7:0]$174
    59/68: $1\crc8_byte$func$/home/hiepthai/Desktop/uart-fifo-rfid-asic/rdm6300_asic_fpga_modular/rtl/app/card_packet_encoder.v:39$127.bit_index[31:0]$173
    60/68: $1\crc8_byte$func$/home/hiepthai/Desktop/uart-fifo-rfid-asic/rdm6300_asic_fpga_modular/rtl/app/card_packet_encoder.v:39$127.crc_in[7:0]$172
    61/68: $1\crc8_byte$func$/home/hiepthai/Desktop/uart-fifo-rfid-asic/rdm6300_asic_fpga_modular/rtl/app/card_packet_encoder.v:39$127.$result[7:0]$171
    62/68: $1\crc8_tag$func$/home/hiepthai/Desktop/uart-fifo-rfid-asic/rdm6300_asic_fpga_modular/rtl/app/card_packet_encoder.v:73$125.crc[7:0]$170
    63/68: $1\crc8_tag$func$/home/hiepthai/Desktop/uart-fifo-rfid-asic/rdm6300_asic_fpga_modular/rtl/app/card_packet_encoder.v:73$125.tag[39:0]$169
    64/68: $1\crc8_tag$func$/home/hiepthai/Desktop/uart-fifo-rfid-asic/rdm6300_asic_fpga_modular/rtl/app/card_packet_encoder.v:73$125.$result[7:0]$168
    65/68: $0\active[0:0]
    66/68: $0\byte_index[3:0]
    67/68: $0\crc_latched[7:0]
    68/68: $0\tag_latched[39:0]
Creating decoders for process `\card_packet_encoder.$proc$/home/hiepthai/Desktop/uart-fifo-rfid-asic/rdm6300_asic_fpga_modular/rtl/app/card_packet_encoder.v:49$133'.
     1/1: $1\out_data[7:0]
Creating decoders for process `$paramod\sync_2ff\RESET_VALUE=1'1.$proc$/home/hiepthai/Desktop/uart-fifo-rfid-asic/rdm6300_asic_fpga_modular/rtl/common/sync_2ff.v:13$123'.
     1/2: $0\sync_o[0:0]
     2/2: $0\sync_ff1[0:0]
Creating decoders for process `$paramod\uart_rx\CLKS_PER_BIT=s32'00000000000000000010100010110001.$proc$/home/hiepthai/Desktop/uart-fifo-rfid-asic/rdm6300_asic_fpga_modular/rtl/uart/uart_rx.v:61$81'.
     1/18: $5$lookahead\rx_shift$80[7:0]$104
     2/18: $5$bitselwrite$pos$/home/hiepthai/Desktop/uart-fifo-rfid-asic/rdm6300_asic_fpga_modular/rtl/uart/uart_rx.v:123$68[2:0]$103
     3/18: $4$lookahead\rx_shift$80[7:0]$99
     4/18: $4$bitselwrite$pos$/home/hiepthai/Desktop/uart-fifo-rfid-asic/rdm6300_asic_fpga_modular/rtl/uart/uart_rx.v:123$68[2:0]$98
     5/18: $3$lookahead\rx_shift$80[7:0]$90
     6/18: $3$bitselwrite$pos$/home/hiepthai/Desktop/uart-fifo-rfid-asic/rdm6300_asic_fpga_modular/rtl/uart/uart_rx.v:123$68[2:0]$89
     7/18: $2$lookahead\rx_shift$80[7:0]$88
     8/18: $2$bitselwrite$pos$/home/hiepthai/Desktop/uart-fifo-rfid-asic/rdm6300_asic_fpga_modular/rtl/uart/uart_rx.v:123$68[2:0]$87
     9/18: $1$lookahead\rx_shift$80[7:0]$86
    10/18: $1$bitselwrite$pos$/home/hiepthai/Desktop/uart-fifo-rfid-asic/rdm6300_asic_fpga_modular/rtl/uart/uart_rx.v:123$68[2:0]$85
    11/18: $0\framing_error[0:0]
    12/18: $0\rx_dv[0:0]
    13/18: $0\vote_ones[1:0]
    14/18: $0\sample_phase[4:0]
    15/18: $0\sample_div_count[15:0]
    16/18: $0\bit_index[2:0]
    17/18: $0\state[2:0]
    18/18: $0\rx_byte[7:0]
Creating decoders for process `$paramod\uart_rx\CLKS_PER_BIT=s32'00000000000000000010100010110001.$proc$/home/hiepthai/Desktop/uart-fifo-rfid-asic/rdm6300_asic_fpga_modular/rtl/uart/uart_rx.v:45$75'.
     1/2: $0\low_count[23:0]
     2/2: $0\break_detect[0:0]
Creating decoders for process `$paramod$9725208b3e344c3de14a607aed5740fe612d0487\rx_fifo.$proc$/home/hiepthai/Desktop/uart-fifo-rfid-asic/rdm6300_asic_fpga_modular/rtl/fifo/rx_fifo.v:42$58'.
     1/5: $0\level[4:0]
     2/5: $0\underflow_pulse[0:0]
     3/5: $0\overflow_pulse[0:0]
     4/5: $0\rd_ptr[3:0]
     5/5: $0\wr_ptr[3:0]
Creating decoders for process `$paramod$9725208b3e344c3de14a607aed5740fe612d0487\rx_fifo.$proc$/home/hiepthai/Desktop/uart-fifo-rfid-asic/rdm6300_asic_fpga_modular/rtl/fifo/rx_fifo.v:37$51'.
     1/3: $1$memwr$\mem$/home/hiepthai/Desktop/uart-fifo-rfid-asic/rdm6300_asic_fpga_modular/rtl/fifo/rx_fifo.v:39$43_EN[7:0]$57
     2/3: $1$memwr$\mem$/home/hiepthai/Desktop/uart-fifo-rfid-asic/rdm6300_asic_fpga_modular/rtl/fifo/rx_fifo.v:39$43_DATA[7:0]$56
     3/3: $1$memwr$\mem$/home/hiepthai/Desktop/uart-fifo-rfid-asic/rdm6300_asic_fpga_modular/rtl/fifo/rx_fifo.v:39$43_ADDR[3:0]$55
Creating decoders for process `$paramod$9725208b3e344c3de14a607aed5740fe612d0487\tx_fifo.$proc$/home/hiepthai/Desktop/uart-fifo-rfid-asic/rdm6300_asic_fpga_modular/rtl/fifo/tx_fifo.v:42$33'.
     1/5: $0\level[4:0]
     2/5: $0\underflow_pulse[0:0]
     3/5: $0\overflow_pulse[0:0]
     4/5: $0\rd_ptr[3:0]
     5/5: $0\wr_ptr[3:0]
Creating decoders for process `$paramod$9725208b3e344c3de14a607aed5740fe612d0487\tx_fifo.$proc$/home/hiepthai/Desktop/uart-fifo-rfid-asic/rdm6300_asic_fpga_modular/rtl/fifo/tx_fifo.v:37$26'.
     1/3: $1$memwr$\mem$/home/hiepthai/Desktop/uart-fifo-rfid-asic/rdm6300_asic_fpga_modular/rtl/fifo/tx_fifo.v:39$18_EN[7:0]$32
     2/3: $1$memwr$\mem$/home/hiepthai/Desktop/uart-fifo-rfid-asic/rdm6300_asic_fpga_modular/rtl/fifo/tx_fifo.v:39$18_DATA[7:0]$31
     3/3: $1$memwr$\mem$/home/hiepthai/Desktop/uart-fifo-rfid-asic/rdm6300_asic_fpga_modular/rtl/fifo/tx_fifo.v:39$18_ADDR[3:0]$30
Creating decoders for process `$paramod\uart_tx\CLKS_PER_BIT=s32'00000000000000000010100010110001.$proc$/home/hiepthai/Desktop/uart-fifo-rfid-asic/rdm6300_asic_fpga_modular/rtl/uart/uart_tx.v:29$7'.
     1/7: $0\state[2:0]
     2/7: $0\tx_data[7:0]
     3/7: $0\bit_index[2:0]
     4/7: $0\clk_count[15:0]
     5/7: $0\tx_done[0:0]
     6/7: $0\tx_active[0:0]
     7/7: $0\tx[0:0]
Creating decoders for process `$paramod$02e80c0e2bf5fb0d9d18f581cd4dceb28fc227a5\rdm6300_frame_decoder.$proc$/home/hiepthai/Desktop/uart-fifo-rfid-asic/rdm6300_asic_fpga_modular/rtl/rdm6300/rdm6300_frame_decoder.v:60$450'.
     1/401: $8$mem2reg_wr$\ascii_buf$/home/hiepthai/Desktop/uart-fifo-rfid-asic/rdm6300_asic_fpga_modular/rtl/rdm6300/rdm6300_frame_decoder.v:149$448_DATA[7:0]$910
     2/401: $8$mem2reg_wr$\ascii_buf$/home/hiepthai/Desktop/uart-fifo-rfid-asic/rdm6300_asic_fpga_modular/rtl/rdm6300/rdm6300_frame_decoder.v:149$448_ADDR[3:0]$909
     3/401: $10\ascii_hex_to_nibble$func$/home/hiepthai/Desktop/uart-fifo-rfid-asic/rdm6300_asic_fpga_modular/rtl/rdm6300/rdm6300_frame_decoder.v:144$447.$result[4:0]$905
     4/401: $9\ascii_hex_to_nibble$func$/home/hiepthai/Desktop/uart-fifo-rfid-asic/rdm6300_asic_fpga_modular/rtl/rdm6300/rdm6300_frame_decoder.v:144$447.$result[4:0]$899
     5/401: $8\ascii_hex_to_nibble$func$/home/hiepthai/Desktop/uart-fifo-rfid-asic/rdm6300_asic_fpga_modular/rtl/rdm6300/rdm6300_frame_decoder.v:144$447.$result[4:0]$894
     6/401: $7$mem2reg_wr$\ascii_buf$/home/hiepthai/Desktop/uart-fifo-rfid-asic/rdm6300_asic_fpga_modular/rtl/rdm6300/rdm6300_frame_decoder.v:149$448_DATA[7:0]$890
     7/401: $7$mem2reg_wr$\ascii_buf$/home/hiepthai/Desktop/uart-fifo-rfid-asic/rdm6300_asic_fpga_modular/rtl/rdm6300/rdm6300_frame_decoder.v:149$448_ADDR[3:0]$889
     8/401: $7\ascii_hex_to_nibble$func$/home/hiepthai/Desktop/uart-fifo-rfid-asic/rdm6300_asic_fpga_modular/rtl/rdm6300/rdm6300_frame_decoder.v:144$447.ch[7:0]$888
     9/401: $7\ascii_hex_to_nibble$func$/home/hiepthai/Desktop/uart-fifo-rfid-asic/rdm6300_asic_fpga_modular/rtl/rdm6300/rdm6300_frame_decoder.v:144$447.$result[4:0]$887
    10/401: $10\ascii_hex_to_nibble$func$/home/hiepthai/Desktop/uart-fifo-rfid-asic/rdm6300_asic_fpga_modular/rtl/rdm6300/rdm6300_frame_decoder.v:120$446.$result[4:0]$879
    11/401: $9\ascii_hex_to_nibble$func$/home/hiepthai/Desktop/uart-fifo-rfid-asic/rdm6300_asic_fpga_modular/rtl/rdm6300/rdm6300_frame_decoder.v:120$446.$result[4:0]$873
    12/401: $8\ascii_hex_to_nibble$func$/home/hiepthai/Desktop/uart-fifo-rfid-asic/rdm6300_asic_fpga_modular/rtl/rdm6300/rdm6300_frame_decoder.v:120$446.$result[4:0]$868
    13/401: $10\ascii_hex_to_nibble$func$/home/hiepthai/Desktop/uart-fifo-rfid-asic/rdm6300_asic_fpga_modular/rtl/rdm6300/rdm6300_frame_decoder.v:120$445.$result[4:0]$862
    14/401: $9\ascii_hex_to_nibble$func$/home/hiepthai/Desktop/uart-fifo-rfid-asic/rdm6300_asic_fpga_modular/rtl/rdm6300/rdm6300_frame_decoder.v:120$445.$result[4:0]$856
    15/401: $8\ascii_hex_to_nibble$func$/home/hiepthai/Desktop/uart-fifo-rfid-asic/rdm6300_asic_fpga_modular/rtl/rdm6300/rdm6300_frame_decoder.v:120$445.$result[4:0]$851
    16/401: $10\ascii_hex_to_nibble$func$/home/hiepthai/Desktop/uart-fifo-rfid-asic/rdm6300_asic_fpga_modular/rtl/rdm6300/rdm6300_frame_decoder.v:120$444.$result[4:0]$845
    17/401: $9\ascii_hex_to_nibble$func$/home/hiepthai/Desktop/uart-fifo-rfid-asic/rdm6300_asic_fpga_modular/rtl/rdm6300/rdm6300_frame_decoder.v:120$444.$result[4:0]$839
    18/401: $8\ascii_hex_to_nibble$func$/home/hiepthai/Desktop/uart-fifo-rfid-asic/rdm6300_asic_fpga_modular/rtl/rdm6300/rdm6300_frame_decoder.v:120$444.$result[4:0]$834
    19/401: $10\ascii_hex_to_nibble$func$/home/hiepthai/Desktop/uart-fifo-rfid-asic/rdm6300_asic_fpga_modular/rtl/rdm6300/rdm6300_frame_decoder.v:120$443.$result[4:0]$828
    20/401: $9\ascii_hex_to_nibble$func$/home/hiepthai/Desktop/uart-fifo-rfid-asic/rdm6300_asic_fpga_modular/rtl/rdm6300/rdm6300_frame_decoder.v:120$443.$result[4:0]$822
    21/401: $8\ascii_hex_to_nibble$func$/home/hiepthai/Desktop/uart-fifo-rfid-asic/rdm6300_asic_fpga_modular/rtl/rdm6300/rdm6300_frame_decoder.v:120$443.$result[4:0]$817
    22/401: $10\ascii_hex_to_nibble$func$/home/hiepthai/Desktop/uart-fifo-rfid-asic/rdm6300_asic_fpga_modular/rtl/rdm6300/rdm6300_frame_decoder.v:120$442.$result[4:0]$811
    23/401: $9\ascii_hex_to_nibble$func$/home/hiepthai/Desktop/uart-fifo-rfid-asic/rdm6300_asic_fpga_modular/rtl/rdm6300/rdm6300_frame_decoder.v:120$442.$result[4:0]$805
    24/401: $8\ascii_hex_to_nibble$func$/home/hiepthai/Desktop/uart-fifo-rfid-asic/rdm6300_asic_fpga_modular/rtl/rdm6300/rdm6300_frame_decoder.v:120$442.$result[4:0]$800
    25/401: $10\ascii_hex_to_nibble$func$/home/hiepthai/Desktop/uart-fifo-rfid-asic/rdm6300_asic_fpga_modular/rtl/rdm6300/rdm6300_frame_decoder.v:120$441.$result[4:0]$794
    26/401: $9\ascii_hex_to_nibble$func$/home/hiepthai/Desktop/uart-fifo-rfid-asic/rdm6300_asic_fpga_modular/rtl/rdm6300/rdm6300_frame_decoder.v:120$441.$result[4:0]$788
    27/401: $8\ascii_hex_to_nibble$func$/home/hiepthai/Desktop/uart-fifo-rfid-asic/rdm6300_asic_fpga_modular/rtl/rdm6300/rdm6300_frame_decoder.v:120$441.$result[4:0]$783
    28/401: $10\ascii_hex_to_nibble$func$/home/hiepthai/Desktop/uart-fifo-rfid-asic/rdm6300_asic_fpga_modular/rtl/rdm6300/rdm6300_frame_decoder.v:120$440.$result[4:0]$777
    29/401: $9\ascii_hex_to_nibble$func$/home/hiepthai/Desktop/uart-fifo-rfid-asic/rdm6300_asic_fpga_modular/rtl/rdm6300/rdm6300_frame_decoder.v:120$440.$result[4:0]$771
    30/401: $8\ascii_hex_to_nibble$func$/home/hiepthai/Desktop/uart-fifo-rfid-asic/rdm6300_asic_fpga_modular/rtl/rdm6300/rdm6300_frame_decoder.v:120$440.$result[4:0]$766
    31/401: $10\ascii_hex_to_nibble$func$/home/hiepthai/Desktop/uart-fifo-rfid-asic/rdm6300_asic_fpga_modular/rtl/rdm6300/rdm6300_frame_decoder.v:120$439.$result[4:0]$760
    32/401: $9\ascii_hex_to_nibble$func$/home/hiepthai/Desktop/uart-fifo-rfid-asic/rdm6300_asic_fpga_modular/rtl/rdm6300/rdm6300_frame_decoder.v:120$439.$result[4:0]$754
    33/401: $8\ascii_hex_to_nibble$func$/home/hiepthai/Desktop/uart-fifo-rfid-asic/rdm6300_asic_fpga_modular/rtl/rdm6300/rdm6300_frame_decoder.v:120$439.$result[4:0]$749
    34/401: $10\ascii_hex_to_nibble$func$/home/hiepthai/Desktop/uart-fifo-rfid-asic/rdm6300_asic_fpga_modular/rtl/rdm6300/rdm6300_frame_decoder.v:120$438.$result[4:0]$743
    35/401: $9\ascii_hex_to_nibble$func$/home/hiepthai/Desktop/uart-fifo-rfid-asic/rdm6300_asic_fpga_modular/rtl/rdm6300/rdm6300_frame_decoder.v:120$438.$result[4:0]$737
    36/401: $8\ascii_hex_to_nibble$func$/home/hiepthai/Desktop/uart-fifo-rfid-asic/rdm6300_asic_fpga_modular/rtl/rdm6300/rdm6300_frame_decoder.v:120$438.$result[4:0]$732
    37/401: $10\ascii_hex_to_nibble$func$/home/hiepthai/Desktop/uart-fifo-rfid-asic/rdm6300_asic_fpga_modular/rtl/rdm6300/rdm6300_frame_decoder.v:120$437.$result[4:0]$726
    38/401: $9\ascii_hex_to_nibble$func$/home/hiepthai/Desktop/uart-fifo-rfid-asic/rdm6300_asic_fpga_modular/rtl/rdm6300/rdm6300_frame_decoder.v:120$437.$result[4:0]$720
    39/401: $8\ascii_hex_to_nibble$func$/home/hiepthai/Desktop/uart-fifo-rfid-asic/rdm6300_asic_fpga_modular/rtl/rdm6300/rdm6300_frame_decoder.v:120$437.$result[4:0]$715
    40/401: $10\ascii_hex_to_nibble$func$/home/hiepthai/Desktop/uart-fifo-rfid-asic/rdm6300_asic_fpga_modular/rtl/rdm6300/rdm6300_frame_decoder.v:120$436.$result[4:0]$709
    41/401: $9\ascii_hex_to_nibble$func$/home/hiepthai/Desktop/uart-fifo-rfid-asic/rdm6300_asic_fpga_modular/rtl/rdm6300/rdm6300_frame_decoder.v:120$436.$result[4:0]$703
    42/401: $8\ascii_hex_to_nibble$func$/home/hiepthai/Desktop/uart-fifo-rfid-asic/rdm6300_asic_fpga_modular/rtl/rdm6300/rdm6300_frame_decoder.v:120$436.$result[4:0]$698
    43/401: $10\ascii_hex_to_nibble$func$/home/hiepthai/Desktop/uart-fifo-rfid-asic/rdm6300_asic_fpga_modular/rtl/rdm6300/rdm6300_frame_decoder.v:120$435.$result[4:0]$692
    44/401: $9\ascii_hex_to_nibble$func$/home/hiepthai/Desktop/uart-fifo-rfid-asic/rdm6300_asic_fpga_modular/rtl/rdm6300/rdm6300_frame_decoder.v:120$435.$result[4:0]$686
    45/401: $8\ascii_hex_to_nibble$func$/home/hiepthai/Desktop/uart-fifo-rfid-asic/rdm6300_asic_fpga_modular/rtl/rdm6300/rdm6300_frame_decoder.v:120$435.$result[4:0]$681
    46/401: $7\nibble[11][4:0]
    47/401: $7\nibble[10][4:0]
    48/401: $7\nibble[9][4:0]
    49/401: $7\nibble[8][4:0]
    50/401: $7\nibble[7][4:0]
    51/401: $7\nibble[6][4:0]
    52/401: $7\nibble[5][4:0]
    53/401: $7\nibble[4][4:0]
    54/401: $7\nibble[3][4:0]
    55/401: $7\nibble[2][4:0]
    56/401: $7\nibble[1][4:0]
    57/401: $7\nibble[0][4:0]
    58/401: $7\ascii_hex_to_nibble$func$/home/hiepthai/Desktop/uart-fifo-rfid-asic/rdm6300_asic_fpga_modular/rtl/rdm6300/rdm6300_frame_decoder.v:120$446.ch[7:0]$677
    59/401: $7\ascii_hex_to_nibble$func$/home/hiepthai/Desktop/uart-fifo-rfid-asic/rdm6300_asic_fpga_modular/rtl/rdm6300/rdm6300_frame_decoder.v:120$446.$result[4:0]$676
    60/401: $7\ascii_hex_to_nibble$func$/home/hiepthai/Desktop/uart-fifo-rfid-asic/rdm6300_asic_fpga_modular/rtl/rdm6300/rdm6300_frame_decoder.v:120$445.ch[7:0]$675
    61/401: $7\ascii_hex_to_nibble$func$/home/hiepthai/Desktop/uart-fifo-rfid-asic/rdm6300_asic_fpga_modular/rtl/rdm6300/rdm6300_frame_decoder.v:120$445.$result[4:0]$674
    62/401: $7\ascii_hex_to_nibble$func$/home/hiepthai/Desktop/uart-fifo-rfid-asic/rdm6300_asic_fpga_modular/rtl/rdm6300/rdm6300_frame_decoder.v:120$444.ch[7:0]$673
    63/401: $7\ascii_hex_to_nibble$func$/home/hiepthai/Desktop/uart-fifo-rfid-asic/rdm6300_asic_fpga_modular/rtl/rdm6300/rdm6300_frame_decoder.v:120$444.$result[4:0]$672
    64/401: $7\ascii_hex_to_nibble$func$/home/hiepthai/Desktop/uart-fifo-rfid-asic/rdm6300_asic_fpga_modular/rtl/rdm6300/rdm6300_frame_decoder.v:120$443.ch[7:0]$671
    65/401: $7\ascii_hex_to_nibble$func$/home/hiepthai/Desktop/uart-fifo-rfid-asic/rdm6300_asic_fpga_modular/rtl/rdm6300/rdm6300_frame_decoder.v:120$443.$result[4:0]$670
    66/401: $7\ascii_hex_to_nibble$func$/home/hiepthai/Desktop/uart-fifo-rfid-asic/rdm6300_asic_fpga_modular/rtl/rdm6300/rdm6300_frame_decoder.v:120$442.ch[7:0]$669
    67/401: $7\ascii_hex_to_nibble$func$/home/hiepthai/Desktop/uart-fifo-rfid-asic/rdm6300_asic_fpga_modular/rtl/rdm6300/rdm6300_frame_decoder.v:120$442.$result[4:0]$668
    68/401: $7\ascii_hex_to_nibble$func$/home/hiepthai/Desktop/uart-fifo-rfid-asic/rdm6300_asic_fpga_modular/rtl/rdm6300/rdm6300_frame_decoder.v:120$441.ch[7:0]$667
    69/401: $7\ascii_hex_to_nibble$func$/home/hiepthai/Desktop/uart-fifo-rfid-asic/rdm6300_asic_fpga_modular/rtl/rdm6300/rdm6300_frame_decoder.v:120$441.$result[4:0]$666
    70/401: $7\ascii_hex_to_nibble$func$/home/hiepthai/Desktop/uart-fifo-rfid-asic/rdm6300_asic_fpga_modular/rtl/rdm6300/rdm6300_frame_decoder.v:120$440.ch[7:0]$665
    71/401: $7\ascii_hex_to_nibble$func$/home/hiepthai/Desktop/uart-fifo-rfid-asic/rdm6300_asic_fpga_modular/rtl/rdm6300/rdm6300_frame_decoder.v:120$440.$result[4:0]$664
    72/401: $7\ascii_hex_to_nibble$func$/home/hiepthai/Desktop/uart-fifo-rfid-asic/rdm6300_asic_fpga_modular/rtl/rdm6300/rdm6300_frame_decoder.v:120$439.ch[7:0]$663
    73/401: $7\ascii_hex_to_nibble$func$/home/hiepthai/Desktop/uart-fifo-rfid-asic/rdm6300_asic_fpga_modular/rtl/rdm6300/rdm6300_frame_decoder.v:120$439.$result[4:0]$662
    74/401: $7\ascii_hex_to_nibble$func$/home/hiepthai/Desktop/uart-fifo-rfid-asic/rdm6300_asic_fpga_modular/rtl/rdm6300/rdm6300_frame_decoder.v:120$438.ch[7:0]$661
    75/401: $7\ascii_hex_to_nibble$func$/home/hiepthai/Desktop/uart-fifo-rfid-asic/rdm6300_asic_fpga_modular/rtl/rdm6300/rdm6300_frame_decoder.v:120$438.$result[4:0]$660
    76/401: $7\ascii_hex_to_nibble$func$/home/hiepthai/Desktop/uart-fifo-rfid-asic/rdm6300_asic_fpga_modular/rtl/rdm6300/rdm6300_frame_decoder.v:120$437.ch[7:0]$659
    77/401: $7\ascii_hex_to_nibble$func$/home/hiepthai/Desktop/uart-fifo-rfid-asic/rdm6300_asic_fpga_modular/rtl/rdm6300/rdm6300_frame_decoder.v:120$437.$result[4:0]$658
    78/401: $7\ascii_hex_to_nibble$func$/home/hiepthai/Desktop/uart-fifo-rfid-asic/rdm6300_asic_fpga_modular/rtl/rdm6300/rdm6300_frame_decoder.v:120$436.ch[7:0]$657
    79/401: $7\ascii_hex_to_nibble$func$/home/hiepthai/Desktop/uart-fifo-rfid-asic/rdm6300_asic_fpga_modular/rtl/rdm6300/rdm6300_frame_decoder.v:120$436.$result[4:0]$656
    80/401: $7\ascii_hex_to_nibble$func$/home/hiepthai/Desktop/uart-fifo-rfid-asic/rdm6300_asic_fpga_modular/rtl/rdm6300/rdm6300_frame_decoder.v:120$435.ch[7:0]$655
    81/401: $7\ascii_hex_to_nibble$func$/home/hiepthai/Desktop/uart-fifo-rfid-asic/rdm6300_asic_fpga_modular/rtl/rdm6300/rdm6300_frame_decoder.v:120$435.$result[4:0]$654
    82/401: $7\checksum_rx[7:0]
    83/401: $7\checksum_calc[7:0]
    84/401: $7\payload_b4[7:0]
    85/401: $7\payload_b3[7:0]
    86/401: $7\payload_b2[7:0]
    87/401: $7\payload_b1[7:0]
    88/401: $7\payload_b0[7:0]
    89/401: $7\i[31:0]
    90/401: $6\nibble[11][4:0]
    91/401: $6\nibble[10][4:0]
    92/401: $6\nibble[9][4:0]
    93/401: $6\nibble[8][4:0]
    94/401: $6\nibble[7][4:0]
    95/401: $6\nibble[6][4:0]
    96/401: $6\nibble[5][4:0]
    97/401: $6\nibble[4][4:0]
    98/401: $6\nibble[3][4:0]
    99/401: $6\nibble[2][4:0]
   100/401: $6\nibble[1][4:0]
   101/401: $6\nibble[0][4:0]
   102/401: $6\ascii_hex_to_nibble$func$/home/hiepthai/Desktop/uart-fifo-rfid-asic/rdm6300_asic_fpga_modular/rtl/rdm6300/rdm6300_frame_decoder.v:120$446.ch[7:0]$648
   103/401: $6\ascii_hex_to_nibble$func$/home/hiepthai/Desktop/uart-fifo-rfid-asic/rdm6300_asic_fpga_modular/rtl/rdm6300/rdm6300_frame_decoder.v:120$446.$result[4:0]$647
   104/401: $6\ascii_hex_to_nibble$func$/home/hiepthai/Desktop/uart-fifo-rfid-asic/rdm6300_asic_fpga_modular/rtl/rdm6300/rdm6300_frame_decoder.v:120$445.ch[7:0]$646
   105/401: $6\ascii_hex_to_nibble$func$/home/hiepthai/Desktop/uart-fifo-rfid-asic/rdm6300_asic_fpga_modular/rtl/rdm6300/rdm6300_frame_decoder.v:120$445.$result[4:0]$645
   106/401: $6\ascii_hex_to_nibble$func$/home/hiepthai/Desktop/uart-fifo-rfid-asic/rdm6300_asic_fpga_modular/rtl/rdm6300/rdm6300_frame_decoder.v:120$444.ch[7:0]$644
   107/401: $6\ascii_hex_to_nibble$func$/home/hiepthai/Desktop/uart-fifo-rfid-asic/rdm6300_asic_fpga_modular/rtl/rdm6300/rdm6300_frame_decoder.v:120$444.$result[4:0]$643
   108/401: $6\ascii_hex_to_nibble$func$/home/hiepthai/Desktop/uart-fifo-rfid-asic/rdm6300_asic_fpga_modular/rtl/rdm6300/rdm6300_frame_decoder.v:120$443.ch[7:0]$642
   109/401: $6\ascii_hex_to_nibble$func$/home/hiepthai/Desktop/uart-fifo-rfid-asic/rdm6300_asic_fpga_modular/rtl/rdm6300/rdm6300_frame_decoder.v:120$443.$result[4:0]$641
   110/401: $6\ascii_hex_to_nibble$func$/home/hiepthai/Desktop/uart-fifo-rfid-asic/rdm6300_asic_fpga_modular/rtl/rdm6300/rdm6300_frame_decoder.v:120$442.ch[7:0]$640
   111/401: $6\ascii_hex_to_nibble$func$/home/hiepthai/Desktop/uart-fifo-rfid-asic/rdm6300_asic_fpga_modular/rtl/rdm6300/rdm6300_frame_decoder.v:120$442.$result[4:0]$639
   112/401: $6\ascii_hex_to_nibble$func$/home/hiepthai/Desktop/uart-fifo-rfid-asic/rdm6300_asic_fpga_modular/rtl/rdm6300/rdm6300_frame_decoder.v:120$441.ch[7:0]$638
   113/401: $6\ascii_hex_to_nibble$func$/home/hiepthai/Desktop/uart-fifo-rfid-asic/rdm6300_asic_fpga_modular/rtl/rdm6300/rdm6300_frame_decoder.v:120$441.$result[4:0]$637
   114/401: $6\ascii_hex_to_nibble$func$/home/hiepthai/Desktop/uart-fifo-rfid-asic/rdm6300_asic_fpga_modular/rtl/rdm6300/rdm6300_frame_decoder.v:120$440.ch[7:0]$636
   115/401: $6\ascii_hex_to_nibble$func$/home/hiepthai/Desktop/uart-fifo-rfid-asic/rdm6300_asic_fpga_modular/rtl/rdm6300/rdm6300_frame_decoder.v:120$440.$result[4:0]$635
   116/401: $6\ascii_hex_to_nibble$func$/home/hiepthai/Desktop/uart-fifo-rfid-asic/rdm6300_asic_fpga_modular/rtl/rdm6300/rdm6300_frame_decoder.v:120$439.ch[7:0]$634
   117/401: $6\ascii_hex_to_nibble$func$/home/hiepthai/Desktop/uart-fifo-rfid-asic/rdm6300_asic_fpga_modular/rtl/rdm6300/rdm6300_frame_decoder.v:120$439.$result[4:0]$633
   118/401: $6\ascii_hex_to_nibble$func$/home/hiepthai/Desktop/uart-fifo-rfid-asic/rdm6300_asic_fpga_modular/rtl/rdm6300/rdm6300_frame_decoder.v:120$438.ch[7:0]$632
   119/401: $6\ascii_hex_to_nibble$func$/home/hiepthai/Desktop/uart-fifo-rfid-asic/rdm6300_asic_fpga_modular/rtl/rdm6300/rdm6300_frame_decoder.v:120$438.$result[4:0]$631
   120/401: $6\ascii_hex_to_nibble$func$/home/hiepthai/Desktop/uart-fifo-rfid-asic/rdm6300_asic_fpga_modular/rtl/rdm6300/rdm6300_frame_decoder.v:120$437.ch[7:0]$630
   121/401: $6\ascii_hex_to_nibble$func$/home/hiepthai/Desktop/uart-fifo-rfid-asic/rdm6300_asic_fpga_modular/rtl/rdm6300/rdm6300_frame_decoder.v:120$437.$result[4:0]$629
   122/401: $6\ascii_hex_to_nibble$func$/home/hiepthai/Desktop/uart-fifo-rfid-asic/rdm6300_asic_fpga_modular/rtl/rdm6300/rdm6300_frame_decoder.v:120$436.ch[7:0]$628
   123/401: $6\ascii_hex_to_nibble$func$/home/hiepthai/Desktop/uart-fifo-rfid-asic/rdm6300_asic_fpga_modular/rtl/rdm6300/rdm6300_frame_decoder.v:120$436.$result[4:0]$627
   124/401: $6\ascii_hex_to_nibble$func$/home/hiepthai/Desktop/uart-fifo-rfid-asic/rdm6300_asic_fpga_modular/rtl/rdm6300/rdm6300_frame_decoder.v:120$435.ch[7:0]$626
   125/401: $6\ascii_hex_to_nibble$func$/home/hiepthai/Desktop/uart-fifo-rfid-asic/rdm6300_asic_fpga_modular/rtl/rdm6300/rdm6300_frame_decoder.v:120$435.$result[4:0]$625
   126/401: $6\checksum_rx[7:0]
   127/401: $6\checksum_calc[7:0]
   128/401: $6\payload_b4[7:0]
   129/401: $6\payload_b3[7:0]
   130/401: $6\payload_b2[7:0]
   131/401: $6\payload_b1[7:0]
   132/401: $6\payload_b0[7:0]
   133/401: $6\i[31:0]
   134/401: $6$mem2reg_wr$\ascii_buf$/home/hiepthai/Desktop/uart-fifo-rfid-asic/rdm6300_asic_fpga_modular/rtl/rdm6300/rdm6300_frame_decoder.v:149$448_DATA[7:0]$652
   135/401: $6$mem2reg_wr$\ascii_buf$/home/hiepthai/Desktop/uart-fifo-rfid-asic/rdm6300_asic_fpga_modular/rtl/rdm6300/rdm6300_frame_decoder.v:149$448_ADDR[3:0]$651
   136/401: $6\ascii_hex_to_nibble$func$/home/hiepthai/Desktop/uart-fifo-rfid-asic/rdm6300_asic_fpga_modular/rtl/rdm6300/rdm6300_frame_decoder.v:144$447.ch[7:0]$650
   137/401: $6\ascii_hex_to_nibble$func$/home/hiepthai/Desktop/uart-fifo-rfid-asic/rdm6300_asic_fpga_modular/rtl/rdm6300/rdm6300_frame_decoder.v:144$447.$result[4:0]$649
   138/401: $5$mem2reg_wr$\ascii_buf$/home/hiepthai/Desktop/uart-fifo-rfid-asic/rdm6300_asic_fpga_modular/rtl/rdm6300/rdm6300_frame_decoder.v:149$448_DATA[7:0]$623
   139/401: $5$mem2reg_wr$\ascii_buf$/home/hiepthai/Desktop/uart-fifo-rfid-asic/rdm6300_asic_fpga_modular/rtl/rdm6300/rdm6300_frame_decoder.v:149$448_ADDR[3:0]$622
   140/401: $5\nibble[11][4:0]
   141/401: $5\nibble[10][4:0]
   142/401: $5\nibble[9][4:0]
   143/401: $5\nibble[8][4:0]
   144/401: $5\nibble[7][4:0]
   145/401: $5\nibble[6][4:0]
   146/401: $5\nibble[5][4:0]
   147/401: $5\nibble[4][4:0]
   148/401: $5\nibble[3][4:0]
   149/401: $5\nibble[2][4:0]
   150/401: $5\nibble[1][4:0]
   151/401: $5\nibble[0][4:0]
   152/401: $5\ascii_hex_to_nibble$func$/home/hiepthai/Desktop/uart-fifo-rfid-asic/rdm6300_asic_fpga_modular/rtl/rdm6300/rdm6300_frame_decoder.v:144$447.ch[7:0]$621
   153/401: $5\ascii_hex_to_nibble$func$/home/hiepthai/Desktop/uart-fifo-rfid-asic/rdm6300_asic_fpga_modular/rtl/rdm6300/rdm6300_frame_decoder.v:144$447.$result[4:0]$620
   154/401: $5\ascii_hex_to_nibble$func$/home/hiepthai/Desktop/uart-fifo-rfid-asic/rdm6300_asic_fpga_modular/rtl/rdm6300/rdm6300_frame_decoder.v:120$446.ch[7:0]$619
   155/401: $5\ascii_hex_to_nibble$func$/home/hiepthai/Desktop/uart-fifo-rfid-asic/rdm6300_asic_fpga_modular/rtl/rdm6300/rdm6300_frame_decoder.v:120$446.$result[4:0]$618
   156/401: $5\ascii_hex_to_nibble$func$/home/hiepthai/Desktop/uart-fifo-rfid-asic/rdm6300_asic_fpga_modular/rtl/rdm6300/rdm6300_frame_decoder.v:120$445.ch[7:0]$617
   157/401: $5\ascii_hex_to_nibble$func$/home/hiepthai/Desktop/uart-fifo-rfid-asic/rdm6300_asic_fpga_modular/rtl/rdm6300/rdm6300_frame_decoder.v:120$445.$result[4:0]$616
   158/401: $5\ascii_hex_to_nibble$func$/home/hiepthai/Desktop/uart-fifo-rfid-asic/rdm6300_asic_fpga_modular/rtl/rdm6300/rdm6300_frame_decoder.v:120$444.ch[7:0]$615
   159/401: $5\ascii_hex_to_nibble$func$/home/hiepthai/Desktop/uart-fifo-rfid-asic/rdm6300_asic_fpga_modular/rtl/rdm6300/rdm6300_frame_decoder.v:120$444.$result[4:0]$614
   160/401: $5\ascii_hex_to_nibble$func$/home/hiepthai/Desktop/uart-fifo-rfid-asic/rdm6300_asic_fpga_modular/rtl/rdm6300/rdm6300_frame_decoder.v:120$443.ch[7:0]$613
   161/401: $5\ascii_hex_to_nibble$func$/home/hiepthai/Desktop/uart-fifo-rfid-asic/rdm6300_asic_fpga_modular/rtl/rdm6300/rdm6300_frame_decoder.v:120$443.$result[4:0]$612
   162/401: $5\ascii_hex_to_nibble$func$/home/hiepthai/Desktop/uart-fifo-rfid-asic/rdm6300_asic_fpga_modular/rtl/rdm6300/rdm6300_frame_decoder.v:120$442.ch[7:0]$611
   163/401: $5\ascii_hex_to_nibble$func$/home/hiepthai/Desktop/uart-fifo-rfid-asic/rdm6300_asic_fpga_modular/rtl/rdm6300/rdm6300_frame_decoder.v:120$442.$result[4:0]$610
   164/401: $5\ascii_hex_to_nibble$func$/home/hiepthai/Desktop/uart-fifo-rfid-asic/rdm6300_asic_fpga_modular/rtl/rdm6300/rdm6300_frame_decoder.v:120$441.ch[7:0]$609
   165/401: $5\ascii_hex_to_nibble$func$/home/hiepthai/Desktop/uart-fifo-rfid-asic/rdm6300_asic_fpga_modular/rtl/rdm6300/rdm6300_frame_decoder.v:120$441.$result[4:0]$608
   166/401: $5\ascii_hex_to_nibble$func$/home/hiepthai/Desktop/uart-fifo-rfid-asic/rdm6300_asic_fpga_modular/rtl/rdm6300/rdm6300_frame_decoder.v:120$440.ch[7:0]$607
   167/401: $5\ascii_hex_to_nibble$func$/home/hiepthai/Desktop/uart-fifo-rfid-asic/rdm6300_asic_fpga_modular/rtl/rdm6300/rdm6300_frame_decoder.v:120$440.$result[4:0]$606
   168/401: $5\ascii_hex_to_nibble$func$/home/hiepthai/Desktop/uart-fifo-rfid-asic/rdm6300_asic_fpga_modular/rtl/rdm6300/rdm6300_frame_decoder.v:120$439.ch[7:0]$605
   169/401: $5\ascii_hex_to_nibble$func$/home/hiepthai/Desktop/uart-fifo-rfid-asic/rdm6300_asic_fpga_modular/rtl/rdm6300/rdm6300_frame_decoder.v:120$439.$result[4:0]$604
   170/401: $5\ascii_hex_to_nibble$func$/home/hiepthai/Desktop/uart-fifo-rfid-asic/rdm6300_asic_fpga_modular/rtl/rdm6300/rdm6300_frame_decoder.v:120$438.ch[7:0]$603
   171/401: $5\ascii_hex_to_nibble$func$/home/hiepthai/Desktop/uart-fifo-rfid-asic/rdm6300_asic_fpga_modular/rtl/rdm6300/rdm6300_frame_decoder.v:120$438.$result[4:0]$602
   172/401: $5\ascii_hex_to_nibble$func$/home/hiepthai/Desktop/uart-fifo-rfid-asic/rdm6300_asic_fpga_modular/rtl/rdm6300/rdm6300_frame_decoder.v:120$437.ch[7:0]$601
   173/401: $5\ascii_hex_to_nibble$func$/home/hiepthai/Desktop/uart-fifo-rfid-asic/rdm6300_asic_fpga_modular/rtl/rdm6300/rdm6300_frame_decoder.v:120$437.$result[4:0]$600
   174/401: $5\ascii_hex_to_nibble$func$/home/hiepthai/Desktop/uart-fifo-rfid-asic/rdm6300_asic_fpga_modular/rtl/rdm6300/rdm6300_frame_decoder.v:120$436.ch[7:0]$599
   175/401: $5\ascii_hex_to_nibble$func$/home/hiepthai/Desktop/uart-fifo-rfid-asic/rdm6300_asic_fpga_modular/rtl/rdm6300/rdm6300_frame_decoder.v:120$436.$result[4:0]$598
   176/401: $5\ascii_hex_to_nibble$func$/home/hiepthai/Desktop/uart-fifo-rfid-asic/rdm6300_asic_fpga_modular/rtl/rdm6300/rdm6300_frame_decoder.v:120$435.ch[7:0]$597
   177/401: $5\ascii_hex_to_nibble$func$/home/hiepthai/Desktop/uart-fifo-rfid-asic/rdm6300_asic_fpga_modular/rtl/rdm6300/rdm6300_frame_decoder.v:120$435.$result[4:0]$596
   178/401: $5\checksum_rx[7:0]
   179/401: $5\checksum_calc[7:0]
   180/401: $5\payload_b4[7:0]
   181/401: $5\payload_b3[7:0]
   182/401: $5\payload_b2[7:0]
   183/401: $5\payload_b1[7:0]
   184/401: $5\payload_b0[7:0]
   185/401: $5\i[31:0]
   186/401: $4$mem2reg_wr$\ascii_buf$/home/hiepthai/Desktop/uart-fifo-rfid-asic/rdm6300_asic_fpga_modular/rtl/rdm6300/rdm6300_frame_decoder.v:149$448_DATA[7:0]$593
   187/401: $4$mem2reg_wr$\ascii_buf$/home/hiepthai/Desktop/uart-fifo-rfid-asic/rdm6300_asic_fpga_modular/rtl/rdm6300/rdm6300_frame_decoder.v:149$448_ADDR[3:0]$592
   188/401: $4\nibble[11][4:0]
   189/401: $4\nibble[10][4:0]
   190/401: $4\nibble[9][4:0]
   191/401: $4\nibble[8][4:0]
   192/401: $4\nibble[7][4:0]
   193/401: $4\nibble[6][4:0]
   194/401: $4\nibble[5][4:0]
   195/401: $4\nibble[4][4:0]
   196/401: $4\nibble[3][4:0]
   197/401: $4\nibble[2][4:0]
   198/401: $4\nibble[1][4:0]
   199/401: $4\nibble[0][4:0]
   200/401: $4\ascii_hex_to_nibble$func$/home/hiepthai/Desktop/uart-fifo-rfid-asic/rdm6300_asic_fpga_modular/rtl/rdm6300/rdm6300_frame_decoder.v:144$447.ch[7:0]$591
   201/401: $4\ascii_hex_to_nibble$func$/home/hiepthai/Desktop/uart-fifo-rfid-asic/rdm6300_asic_fpga_modular/rtl/rdm6300/rdm6300_frame_decoder.v:144$447.$result[4:0]$590
   202/401: $4\ascii_hex_to_nibble$func$/home/hiepthai/Desktop/uart-fifo-rfid-asic/rdm6300_asic_fpga_modular/rtl/rdm6300/rdm6300_frame_decoder.v:120$446.ch[7:0]$589
   203/401: $4\ascii_hex_to_nibble$func$/home/hiepthai/Desktop/uart-fifo-rfid-asic/rdm6300_asic_fpga_modular/rtl/rdm6300/rdm6300_frame_decoder.v:120$446.$result[4:0]$588
   204/401: $4\ascii_hex_to_nibble$func$/home/hiepthai/Desktop/uart-fifo-rfid-asic/rdm6300_asic_fpga_modular/rtl/rdm6300/rdm6300_frame_decoder.v:120$445.ch[7:0]$587
   205/401: $4\ascii_hex_to_nibble$func$/home/hiepthai/Desktop/uart-fifo-rfid-asic/rdm6300_asic_fpga_modular/rtl/rdm6300/rdm6300_frame_decoder.v:120$445.$result[4:0]$586
   206/401: $4\ascii_hex_to_nibble$func$/home/hiepthai/Desktop/uart-fifo-rfid-asic/rdm6300_asic_fpga_modular/rtl/rdm6300/rdm6300_frame_decoder.v:120$444.ch[7:0]$585
   207/401: $4\ascii_hex_to_nibble$func$/home/hiepthai/Desktop/uart-fifo-rfid-asic/rdm6300_asic_fpga_modular/rtl/rdm6300/rdm6300_frame_decoder.v:120$444.$result[4:0]$584
   208/401: $4\ascii_hex_to_nibble$func$/home/hiepthai/Desktop/uart-fifo-rfid-asic/rdm6300_asic_fpga_modular/rtl/rdm6300/rdm6300_frame_decoder.v:120$443.ch[7:0]$583
   209/401: $4\ascii_hex_to_nibble$func$/home/hiepthai/Desktop/uart-fifo-rfid-asic/rdm6300_asic_fpga_modular/rtl/rdm6300/rdm6300_frame_decoder.v:120$443.$result[4:0]$582
   210/401: $4\ascii_hex_to_nibble$func$/home/hiepthai/Desktop/uart-fifo-rfid-asic/rdm6300_asic_fpga_modular/rtl/rdm6300/rdm6300_frame_decoder.v:120$442.ch[7:0]$581
   211/401: $4\ascii_hex_to_nibble$func$/home/hiepthai/Desktop/uart-fifo-rfid-asic/rdm6300_asic_fpga_modular/rtl/rdm6300/rdm6300_frame_decoder.v:120$442.$result[4:0]$580
   212/401: $4\ascii_hex_to_nibble$func$/home/hiepthai/Desktop/uart-fifo-rfid-asic/rdm6300_asic_fpga_modular/rtl/rdm6300/rdm6300_frame_decoder.v:120$441.ch[7:0]$579
   213/401: $4\ascii_hex_to_nibble$func$/home/hiepthai/Desktop/uart-fifo-rfid-asic/rdm6300_asic_fpga_modular/rtl/rdm6300/rdm6300_frame_decoder.v:120$441.$result[4:0]$578
   214/401: $4\ascii_hex_to_nibble$func$/home/hiepthai/Desktop/uart-fifo-rfid-asic/rdm6300_asic_fpga_modular/rtl/rdm6300/rdm6300_frame_decoder.v:120$440.ch[7:0]$577
   215/401: $4\ascii_hex_to_nibble$func$/home/hiepthai/Desktop/uart-fifo-rfid-asic/rdm6300_asic_fpga_modular/rtl/rdm6300/rdm6300_frame_decoder.v:120$440.$result[4:0]$576
   216/401: $4\ascii_hex_to_nibble$func$/home/hiepthai/Desktop/uart-fifo-rfid-asic/rdm6300_asic_fpga_modular/rtl/rdm6300/rdm6300_frame_decoder.v:120$439.ch[7:0]$575
   217/401: $4\ascii_hex_to_nibble$func$/home/hiepthai/Desktop/uart-fifo-rfid-asic/rdm6300_asic_fpga_modular/rtl/rdm6300/rdm6300_frame_decoder.v:120$439.$result[4:0]$574
   218/401: $4\ascii_hex_to_nibble$func$/home/hiepthai/Desktop/uart-fifo-rfid-asic/rdm6300_asic_fpga_modular/rtl/rdm6300/rdm6300_frame_decoder.v:120$438.ch[7:0]$573
   219/401: $4\ascii_hex_to_nibble$func$/home/hiepthai/Desktop/uart-fifo-rfid-asic/rdm6300_asic_fpga_modular/rtl/rdm6300/rdm6300_frame_decoder.v:120$438.$result[4:0]$572
   220/401: $4\ascii_hex_to_nibble$func$/home/hiepthai/Desktop/uart-fifo-rfid-asic/rdm6300_asic_fpga_modular/rtl/rdm6300/rdm6300_frame_decoder.v:120$437.ch[7:0]$571
   221/401: $4\ascii_hex_to_nibble$func$/home/hiepthai/Desktop/uart-fifo-rfid-asic/rdm6300_asic_fpga_modular/rtl/rdm6300/rdm6300_frame_decoder.v:120$437.$result[4:0]$570
   222/401: $4\ascii_hex_to_nibble$func$/home/hiepthai/Desktop/uart-fifo-rfid-asic/rdm6300_asic_fpga_modular/rtl/rdm6300/rdm6300_frame_decoder.v:120$436.ch[7:0]$569
   223/401: $4\ascii_hex_to_nibble$func$/home/hiepthai/Desktop/uart-fifo-rfid-asic/rdm6300_asic_fpga_modular/rtl/rdm6300/rdm6300_frame_decoder.v:120$436.$result[4:0]$568
   224/401: $4\ascii_hex_to_nibble$func$/home/hiepthai/Desktop/uart-fifo-rfid-asic/rdm6300_asic_fpga_modular/rtl/rdm6300/rdm6300_frame_decoder.v:120$435.ch[7:0]$567
   225/401: $4\ascii_hex_to_nibble$func$/home/hiepthai/Desktop/uart-fifo-rfid-asic/rdm6300_asic_fpga_modular/rtl/rdm6300/rdm6300_frame_decoder.v:120$435.$result[4:0]$566
   226/401: $4\checksum_rx[7:0]
   227/401: $4\checksum_calc[7:0]
   228/401: $4\payload_b4[7:0]
   229/401: $4\payload_b3[7:0]
   230/401: $4\payload_b2[7:0]
   231/401: $4\payload_b1[7:0]
   232/401: $4\payload_b0[7:0]
   233/401: $4\i[31:0]
   234/401: $3$mem2reg_wr$\ascii_buf$/home/hiepthai/Desktop/uart-fifo-rfid-asic/rdm6300_asic_fpga_modular/rtl/rdm6300/rdm6300_frame_decoder.v:149$448_DATA[7:0]$565
   235/401: $3$mem2reg_wr$\ascii_buf$/home/hiepthai/Desktop/uart-fifo-rfid-asic/rdm6300_asic_fpga_modular/rtl/rdm6300/rdm6300_frame_decoder.v:149$448_ADDR[3:0]$564
   236/401: $3\nibble[11][4:0]
   237/401: $3\nibble[10][4:0]
   238/401: $3\nibble[9][4:0]
   239/401: $3\nibble[8][4:0]
   240/401: $3\nibble[7][4:0]
   241/401: $3\nibble[6][4:0]
   242/401: $3\nibble[5][4:0]
   243/401: $3\nibble[4][4:0]
   244/401: $3\nibble[3][4:0]
   245/401: $3\nibble[2][4:0]
   246/401: $3\nibble[1][4:0]
   247/401: $3\nibble[0][4:0]
   248/401: $3\ascii_hex_to_nibble$func$/home/hiepthai/Desktop/uart-fifo-rfid-asic/rdm6300_asic_fpga_modular/rtl/rdm6300/rdm6300_frame_decoder.v:144$447.ch[7:0]$563
   249/401: $3\ascii_hex_to_nibble$func$/home/hiepthai/Desktop/uart-fifo-rfid-asic/rdm6300_asic_fpga_modular/rtl/rdm6300/rdm6300_frame_decoder.v:144$447.$result[4:0]$562
   250/401: $3\ascii_hex_to_nibble$func$/home/hiepthai/Desktop/uart-fifo-rfid-asic/rdm6300_asic_fpga_modular/rtl/rdm6300/rdm6300_frame_decoder.v:120$446.ch[7:0]$561
   251/401: $3\ascii_hex_to_nibble$func$/home/hiepthai/Desktop/uart-fifo-rfid-asic/rdm6300_asic_fpga_modular/rtl/rdm6300/rdm6300_frame_decoder.v:120$446.$result[4:0]$560
   252/401: $3\ascii_hex_to_nibble$func$/home/hiepthai/Desktop/uart-fifo-rfid-asic/rdm6300_asic_fpga_modular/rtl/rdm6300/rdm6300_frame_decoder.v:120$445.ch[7:0]$559
   253/401: $3\ascii_hex_to_nibble$func$/home/hiepthai/Desktop/uart-fifo-rfid-asic/rdm6300_asic_fpga_modular/rtl/rdm6300/rdm6300_frame_decoder.v:120$445.$result[4:0]$558
   254/401: $3\ascii_hex_to_nibble$func$/home/hiepthai/Desktop/uart-fifo-rfid-asic/rdm6300_asic_fpga_modular/rtl/rdm6300/rdm6300_frame_decoder.v:120$444.ch[7:0]$557
   255/401: $3\ascii_hex_to_nibble$func$/home/hiepthai/Desktop/uart-fifo-rfid-asic/rdm6300_asic_fpga_modular/rtl/rdm6300/rdm6300_frame_decoder.v:120$444.$result[4:0]$556
   256/401: $3\ascii_hex_to_nibble$func$/home/hiepthai/Desktop/uart-fifo-rfid-asic/rdm6300_asic_fpga_modular/rtl/rdm6300/rdm6300_frame_decoder.v:120$443.ch[7:0]$555
   257/401: $3\ascii_hex_to_nibble$func$/home/hiepthai/Desktop/uart-fifo-rfid-asic/rdm6300_asic_fpga_modular/rtl/rdm6300/rdm6300_frame_decoder.v:120$443.$result[4:0]$554
   258/401: $3\ascii_hex_to_nibble$func$/home/hiepthai/Desktop/uart-fifo-rfid-asic/rdm6300_asic_fpga_modular/rtl/rdm6300/rdm6300_frame_decoder.v:120$442.ch[7:0]$553
   259/401: $3\ascii_hex_to_nibble$func$/home/hiepthai/Desktop/uart-fifo-rfid-asic/rdm6300_asic_fpga_modular/rtl/rdm6300/rdm6300_frame_decoder.v:120$442.$result[4:0]$552
   260/401: $3\ascii_hex_to_nibble$func$/home/hiepthai/Desktop/uart-fifo-rfid-asic/rdm6300_asic_fpga_modular/rtl/rdm6300/rdm6300_frame_decoder.v:120$441.ch[7:0]$551
   261/401: $3\ascii_hex_to_nibble$func$/home/hiepthai/Desktop/uart-fifo-rfid-asic/rdm6300_asic_fpga_modular/rtl/rdm6300/rdm6300_frame_decoder.v:120$441.$result[4:0]$550
   262/401: $3\ascii_hex_to_nibble$func$/home/hiepthai/Desktop/uart-fifo-rfid-asic/rdm6300_asic_fpga_modular/rtl/rdm6300/rdm6300_frame_decoder.v:120$440.ch[7:0]$549
   263/401: $3\ascii_hex_to_nibble$func$/home/hiepthai/Desktop/uart-fifo-rfid-asic/rdm6300_asic_fpga_modular/rtl/rdm6300/rdm6300_frame_decoder.v:120$440.$result[4:0]$548
   264/401: $3\ascii_hex_to_nibble$func$/home/hiepthai/Desktop/uart-fifo-rfid-asic/rdm6300_asic_fpga_modular/rtl/rdm6300/rdm6300_frame_decoder.v:120$439.ch[7:0]$547
   265/401: $3\ascii_hex_to_nibble$func$/home/hiepthai/Desktop/uart-fifo-rfid-asic/rdm6300_asic_fpga_modular/rtl/rdm6300/rdm6300_frame_decoder.v:120$439.$result[4:0]$546
   266/401: $3\ascii_hex_to_nibble$func$/home/hiepthai/Desktop/uart-fifo-rfid-asic/rdm6300_asic_fpga_modular/rtl/rdm6300/rdm6300_frame_decoder.v:120$438.ch[7:0]$545
   267/401: $3\ascii_hex_to_nibble$func$/home/hiepthai/Desktop/uart-fifo-rfid-asic/rdm6300_asic_fpga_modular/rtl/rdm6300/rdm6300_frame_decoder.v:120$438.$result[4:0]$544
   268/401: $3\ascii_hex_to_nibble$func$/home/hiepthai/Desktop/uart-fifo-rfid-asic/rdm6300_asic_fpga_modular/rtl/rdm6300/rdm6300_frame_decoder.v:120$437.ch[7:0]$543
   269/401: $3\ascii_hex_to_nibble$func$/home/hiepthai/Desktop/uart-fifo-rfid-asic/rdm6300_asic_fpga_modular/rtl/rdm6300/rdm6300_frame_decoder.v:120$437.$result[4:0]$542
   270/401: $3\ascii_hex_to_nibble$func$/home/hiepthai/Desktop/uart-fifo-rfid-asic/rdm6300_asic_fpga_modular/rtl/rdm6300/rdm6300_frame_decoder.v:120$436.ch[7:0]$541
   271/401: $3\ascii_hex_to_nibble$func$/home/hiepthai/Desktop/uart-fifo-rfid-asic/rdm6300_asic_fpga_modular/rtl/rdm6300/rdm6300_frame_decoder.v:120$436.$result[4:0]$540
   272/401: $3\ascii_hex_to_nibble$func$/home/hiepthai/Desktop/uart-fifo-rfid-asic/rdm6300_asic_fpga_modular/rtl/rdm6300/rdm6300_frame_decoder.v:120$435.ch[7:0]$539
   273/401: $3\ascii_hex_to_nibble$func$/home/hiepthai/Desktop/uart-fifo-rfid-asic/rdm6300_asic_fpga_modular/rtl/rdm6300/rdm6300_frame_decoder.v:120$435.$result[4:0]$538
   274/401: $3\checksum_rx[7:0]
   275/401: $3\checksum_calc[7:0]
   276/401: $3\payload_b4[7:0]
   277/401: $3\payload_b3[7:0]
   278/401: $3\payload_b2[7:0]
   279/401: $3\payload_b1[7:0]
   280/401: $3\payload_b0[7:0]
   281/401: $3\i[31:0]
   282/401: $2$mem2reg_wr$\ascii_buf$/home/hiepthai/Desktop/uart-fifo-rfid-asic/rdm6300_asic_fpga_modular/rtl/rdm6300/rdm6300_frame_decoder.v:149$448_DATA[7:0]$536
   283/401: $2$mem2reg_wr$\ascii_buf$/home/hiepthai/Desktop/uart-fifo-rfid-asic/rdm6300_asic_fpga_modular/rtl/rdm6300/rdm6300_frame_decoder.v:149$448_ADDR[3:0]$535
   284/401: $2\nibble[11][4:0]
   285/401: $2\nibble[10][4:0]
   286/401: $2\nibble[9][4:0]
   287/401: $2\nibble[8][4:0]
   288/401: $2\nibble[7][4:0]
   289/401: $2\nibble[6][4:0]
   290/401: $2\nibble[5][4:0]
   291/401: $2\nibble[4][4:0]
   292/401: $2\nibble[3][4:0]
   293/401: $2\nibble[2][4:0]
   294/401: $2\nibble[1][4:0]
   295/401: $2\nibble[0][4:0]
   296/401: $2\ascii_hex_to_nibble$func$/home/hiepthai/Desktop/uart-fifo-rfid-asic/rdm6300_asic_fpga_modular/rtl/rdm6300/rdm6300_frame_decoder.v:144$447.ch[7:0]$534
   297/401: $2\ascii_hex_to_nibble$func$/home/hiepthai/Desktop/uart-fifo-rfid-asic/rdm6300_asic_fpga_modular/rtl/rdm6300/rdm6300_frame_decoder.v:144$447.$result[4:0]$533
   298/401: $2\ascii_hex_to_nibble$func$/home/hiepthai/Desktop/uart-fifo-rfid-asic/rdm6300_asic_fpga_modular/rtl/rdm6300/rdm6300_frame_decoder.v:120$446.ch[7:0]$532
   299/401: $2\ascii_hex_to_nibble$func$/home/hiepthai/Desktop/uart-fifo-rfid-asic/rdm6300_asic_fpga_modular/rtl/rdm6300/rdm6300_frame_decoder.v:120$446.$result[4:0]$531
   300/401: $2\ascii_hex_to_nibble$func$/home/hiepthai/Desktop/uart-fifo-rfid-asic/rdm6300_asic_fpga_modular/rtl/rdm6300/rdm6300_frame_decoder.v:120$445.ch[7:0]$530
   301/401: $2\ascii_hex_to_nibble$func$/home/hiepthai/Desktop/uart-fifo-rfid-asic/rdm6300_asic_fpga_modular/rtl/rdm6300/rdm6300_frame_decoder.v:120$445.$result[4:0]$529
   302/401: $2\ascii_hex_to_nibble$func$/home/hiepthai/Desktop/uart-fifo-rfid-asic/rdm6300_asic_fpga_modular/rtl/rdm6300/rdm6300_frame_decoder.v:120$444.ch[7:0]$528
   303/401: $2\ascii_hex_to_nibble$func$/home/hiepthai/Desktop/uart-fifo-rfid-asic/rdm6300_asic_fpga_modular/rtl/rdm6300/rdm6300_frame_decoder.v:120$444.$result[4:0]$527
   304/401: $2\ascii_hex_to_nibble$func$/home/hiepthai/Desktop/uart-fifo-rfid-asic/rdm6300_asic_fpga_modular/rtl/rdm6300/rdm6300_frame_decoder.v:120$443.ch[7:0]$526
   305/401: $2\ascii_hex_to_nibble$func$/home/hiepthai/Desktop/uart-fifo-rfid-asic/rdm6300_asic_fpga_modular/rtl/rdm6300/rdm6300_frame_decoder.v:120$443.$result[4:0]$525
   306/401: $2\ascii_hex_to_nibble$func$/home/hiepthai/Desktop/uart-fifo-rfid-asic/rdm6300_asic_fpga_modular/rtl/rdm6300/rdm6300_frame_decoder.v:120$442.ch[7:0]$524
   307/401: $2\ascii_hex_to_nibble$func$/home/hiepthai/Desktop/uart-fifo-rfid-asic/rdm6300_asic_fpga_modular/rtl/rdm6300/rdm6300_frame_decoder.v:120$442.$result[4:0]$523
   308/401: $2\ascii_hex_to_nibble$func$/home/hiepthai/Desktop/uart-fifo-rfid-asic/rdm6300_asic_fpga_modular/rtl/rdm6300/rdm6300_frame_decoder.v:120$441.ch[7:0]$522
   309/401: $2\ascii_hex_to_nibble$func$/home/hiepthai/Desktop/uart-fifo-rfid-asic/rdm6300_asic_fpga_modular/rtl/rdm6300/rdm6300_frame_decoder.v:120$441.$result[4:0]$521
   310/401: $2\ascii_hex_to_nibble$func$/home/hiepthai/Desktop/uart-fifo-rfid-asic/rdm6300_asic_fpga_modular/rtl/rdm6300/rdm6300_frame_decoder.v:120$440.ch[7:0]$520
   311/401: $2\ascii_hex_to_nibble$func$/home/hiepthai/Desktop/uart-fifo-rfid-asic/rdm6300_asic_fpga_modular/rtl/rdm6300/rdm6300_frame_decoder.v:120$440.$result[4:0]$519
   312/401: $2\ascii_hex_to_nibble$func$/home/hiepthai/Desktop/uart-fifo-rfid-asic/rdm6300_asic_fpga_modular/rtl/rdm6300/rdm6300_frame_decoder.v:120$439.ch[7:0]$518
   313/401: $2\ascii_hex_to_nibble$func$/home/hiepthai/Desktop/uart-fifo-rfid-asic/rdm6300_asic_fpga_modular/rtl/rdm6300/rdm6300_frame_decoder.v:120$439.$result[4:0]$517
   314/401: $2\ascii_hex_to_nibble$func$/home/hiepthai/Desktop/uart-fifo-rfid-asic/rdm6300_asic_fpga_modular/rtl/rdm6300/rdm6300_frame_decoder.v:120$438.ch[7:0]$516
   315/401: $2\ascii_hex_to_nibble$func$/home/hiepthai/Desktop/uart-fifo-rfid-asic/rdm6300_asic_fpga_modular/rtl/rdm6300/rdm6300_frame_decoder.v:120$438.$result[4:0]$515
   316/401: $2\ascii_hex_to_nibble$func$/home/hiepthai/Desktop/uart-fifo-rfid-asic/rdm6300_asic_fpga_modular/rtl/rdm6300/rdm6300_frame_decoder.v:120$437.ch[7:0]$514
   317/401: $2\ascii_hex_to_nibble$func$/home/hiepthai/Desktop/uart-fifo-rfid-asic/rdm6300_asic_fpga_modular/rtl/rdm6300/rdm6300_frame_decoder.v:120$437.$result[4:0]$513
   318/401: $2\ascii_hex_to_nibble$func$/home/hiepthai/Desktop/uart-fifo-rfid-asic/rdm6300_asic_fpga_modular/rtl/rdm6300/rdm6300_frame_decoder.v:120$436.ch[7:0]$512
   319/401: $2\ascii_hex_to_nibble$func$/home/hiepthai/Desktop/uart-fifo-rfid-asic/rdm6300_asic_fpga_modular/rtl/rdm6300/rdm6300_frame_decoder.v:120$436.$result[4:0]$511
   320/401: $2\ascii_hex_to_nibble$func$/home/hiepthai/Desktop/uart-fifo-rfid-asic/rdm6300_asic_fpga_modular/rtl/rdm6300/rdm6300_frame_decoder.v:120$435.ch[7:0]$510
   321/401: $2\ascii_hex_to_nibble$func$/home/hiepthai/Desktop/uart-fifo-rfid-asic/rdm6300_asic_fpga_modular/rtl/rdm6300/rdm6300_frame_decoder.v:120$435.$result[4:0]$509
   322/401: $2\checksum_rx[7:0]
   323/401: $2\checksum_calc[7:0]
   324/401: $2\payload_b4[7:0]
   325/401: $2\payload_b3[7:0]
   326/401: $2\payload_b2[7:0]
   327/401: $2\payload_b1[7:0]
   328/401: $2\payload_b0[7:0]
   329/401: $2\i[31:0]
   330/401: $1$mem2reg_wr$\ascii_buf$/home/hiepthai/Desktop/uart-fifo-rfid-asic/rdm6300_asic_fpga_modular/rtl/rdm6300/rdm6300_frame_decoder.v:149$448_DATA[7:0]$507
   331/401: $1$mem2reg_wr$\ascii_buf$/home/hiepthai/Desktop/uart-fifo-rfid-asic/rdm6300_asic_fpga_modular/rtl/rdm6300/rdm6300_frame_decoder.v:149$448_ADDR[3:0]$506
   332/401: $1\nibble[11][4:0]
   333/401: $1\nibble[10][4:0]
   334/401: $1\nibble[9][4:0]
   335/401: $1\nibble[8][4:0]
   336/401: $1\nibble[7][4:0]
   337/401: $1\nibble[6][4:0]
   338/401: $1\nibble[5][4:0]
   339/401: $1\nibble[4][4:0]
   340/401: $1\nibble[3][4:0]
   341/401: $1\nibble[2][4:0]
   342/401: $1\nibble[1][4:0]
   343/401: $1\nibble[0][4:0]
   344/401: $1\ascii_hex_to_nibble$func$/home/hiepthai/Desktop/uart-fifo-rfid-asic/rdm6300_asic_fpga_modular/rtl/rdm6300/rdm6300_frame_decoder.v:144$447.ch[7:0]$505
   345/401: $1\ascii_hex_to_nibble$func$/home/hiepthai/Desktop/uart-fifo-rfid-asic/rdm6300_asic_fpga_modular/rtl/rdm6300/rdm6300_frame_decoder.v:144$447.$result[4:0]$504
   346/401: $1\ascii_hex_to_nibble$func$/home/hiepthai/Desktop/uart-fifo-rfid-asic/rdm6300_asic_fpga_modular/rtl/rdm6300/rdm6300_frame_decoder.v:120$446.ch[7:0]$503
   347/401: $1\ascii_hex_to_nibble$func$/home/hiepthai/Desktop/uart-fifo-rfid-asic/rdm6300_asic_fpga_modular/rtl/rdm6300/rdm6300_frame_decoder.v:120$446.$result[4:0]$502
   348/401: $1\ascii_hex_to_nibble$func$/home/hiepthai/Desktop/uart-fifo-rfid-asic/rdm6300_asic_fpga_modular/rtl/rdm6300/rdm6300_frame_decoder.v:120$445.ch[7:0]$501
   349/401: $1\ascii_hex_to_nibble$func$/home/hiepthai/Desktop/uart-fifo-rfid-asic/rdm6300_asic_fpga_modular/rtl/rdm6300/rdm6300_frame_decoder.v:120$445.$result[4:0]$500
   350/401: $1\ascii_hex_to_nibble$func$/home/hiepthai/Desktop/uart-fifo-rfid-asic/rdm6300_asic_fpga_modular/rtl/rdm6300/rdm6300_frame_decoder.v:120$444.ch[7:0]$499
   351/401: $1\ascii_hex_to_nibble$func$/home/hiepthai/Desktop/uart-fifo-rfid-asic/rdm6300_asic_fpga_modular/rtl/rdm6300/rdm6300_frame_decoder.v:120$444.$result[4:0]$498
   352/401: $1\ascii_hex_to_nibble$func$/home/hiepthai/Desktop/uart-fifo-rfid-asic/rdm6300_asic_fpga_modular/rtl/rdm6300/rdm6300_frame_decoder.v:120$443.ch[7:0]$497
   353/401: $1\ascii_hex_to_nibble$func$/home/hiepthai/Desktop/uart-fifo-rfid-asic/rdm6300_asic_fpga_modular/rtl/rdm6300/rdm6300_frame_decoder.v:120$443.$result[4:0]$496
   354/401: $1\ascii_hex_to_nibble$func$/home/hiepthai/Desktop/uart-fifo-rfid-asic/rdm6300_asic_fpga_modular/rtl/rdm6300/rdm6300_frame_decoder.v:120$442.ch[7:0]$495
   355/401: $1\ascii_hex_to_nibble$func$/home/hiepthai/Desktop/uart-fifo-rfid-asic/rdm6300_asic_fpga_modular/rtl/rdm6300/rdm6300_frame_decoder.v:120$442.$result[4:0]$494
   356/401: $1\ascii_hex_to_nibble$func$/home/hiepthai/Desktop/uart-fifo-rfid-asic/rdm6300_asic_fpga_modular/rtl/rdm6300/rdm6300_frame_decoder.v:120$441.ch[7:0]$493
   357/401: $1\ascii_hex_to_nibble$func$/home/hiepthai/Desktop/uart-fifo-rfid-asic/rdm6300_asic_fpga_modular/rtl/rdm6300/rdm6300_frame_decoder.v:120$441.$result[4:0]$492
   358/401: $1\ascii_hex_to_nibble$func$/home/hiepthai/Desktop/uart-fifo-rfid-asic/rdm6300_asic_fpga_modular/rtl/rdm6300/rdm6300_frame_decoder.v:120$440.ch[7:0]$491
   359/401: $1\ascii_hex_to_nibble$func$/home/hiepthai/Desktop/uart-fifo-rfid-asic/rdm6300_asic_fpga_modular/rtl/rdm6300/rdm6300_frame_decoder.v:120$440.$result[4:0]$490
   360/401: $1\ascii_hex_to_nibble$func$/home/hiepthai/Desktop/uart-fifo-rfid-asic/rdm6300_asic_fpga_modular/rtl/rdm6300/rdm6300_frame_decoder.v:120$439.ch[7:0]$489
   361/401: $1\ascii_hex_to_nibble$func$/home/hiepthai/Desktop/uart-fifo-rfid-asic/rdm6300_asic_fpga_modular/rtl/rdm6300/rdm6300_frame_decoder.v:120$439.$result[4:0]$488
   362/401: $1\ascii_hex_to_nibble$func$/home/hiepthai/Desktop/uart-fifo-rfid-asic/rdm6300_asic_fpga_modular/rtl/rdm6300/rdm6300_frame_decoder.v:120$438.ch[7:0]$487
   363/401: $1\ascii_hex_to_nibble$func$/home/hiepthai/Desktop/uart-fifo-rfid-asic/rdm6300_asic_fpga_modular/rtl/rdm6300/rdm6300_frame_decoder.v:120$438.$result[4:0]$486
   364/401: $1\ascii_hex_to_nibble$func$/home/hiepthai/Desktop/uart-fifo-rfid-asic/rdm6300_asic_fpga_modular/rtl/rdm6300/rdm6300_frame_decoder.v:120$437.ch[7:0]$485
   365/401: $1\ascii_hex_to_nibble$func$/home/hiepthai/Desktop/uart-fifo-rfid-asic/rdm6300_asic_fpga_modular/rtl/rdm6300/rdm6300_frame_decoder.v:120$437.$result[4:0]$484
   366/401: $1\ascii_hex_to_nibble$func$/home/hiepthai/Desktop/uart-fifo-rfid-asic/rdm6300_asic_fpga_modular/rtl/rdm6300/rdm6300_frame_decoder.v:120$436.ch[7:0]$483
   367/401: $1\ascii_hex_to_nibble$func$/home/hiepthai/Desktop/uart-fifo-rfid-asic/rdm6300_asic_fpga_modular/rtl/rdm6300/rdm6300_frame_decoder.v:120$436.$result[4:0]$482
   368/401: $1\ascii_hex_to_nibble$func$/home/hiepthai/Desktop/uart-fifo-rfid-asic/rdm6300_asic_fpga_modular/rtl/rdm6300/rdm6300_frame_decoder.v:120$435.ch[7:0]$481
   369/401: $1\ascii_hex_to_nibble$func$/home/hiepthai/Desktop/uart-fifo-rfid-asic/rdm6300_asic_fpga_modular/rtl/rdm6300/rdm6300_frame_decoder.v:120$435.$result[4:0]$480
   370/401: $1\checksum_rx[7:0]
   371/401: $1\checksum_calc[7:0]
   372/401: $1\payload_b4[7:0]
   373/401: $1\payload_b3[7:0]
   374/401: $1\payload_b2[7:0]
   375/401: $1\payload_b1[7:0]
   376/401: $1\payload_b0[7:0]
   377/401: $1\i[31:0]
   378/401: $0\frame_timeout_error[0:0]
   379/401: $0\invalid_hex_error[0:0]
   380/401: $0\frame_error[0:0]
   381/401: $0\checksum_error[0:0]
   382/401: $0\card_valid[0:0]
   383/401: $0\ascii_buf[11][7:0]
   384/401: $0\ascii_buf[10][7:0]
   385/401: $0\ascii_buf[9][7:0]
   386/401: $0\ascii_buf[8][7:0]
   387/401: $0\ascii_buf[7][7:0]
   388/401: $0\ascii_buf[6][7:0]
   389/401: $0\ascii_buf[5][7:0]
   390/401: $0\ascii_buf[4][7:0]
   391/401: $0\ascii_buf[3][7:0]
   392/401: $0\ascii_buf[2][7:0]
   393/401: $0\ascii_buf[1][7:0]
   394/401: $0\ascii_buf[0][7:0]
   395/401: $0\decoded_checksum_rx[7:0]
   396/401: $0\decoded_checksum_calc[7:0]
   397/401: $0\decoded_payload[39:0]
   398/401: $0\timeout_count[18:0]
   399/401: $0\index[3:0]
   400/401: $0\state[1:0]
   401/401: $0\tag_raw[39:0]

13.8. Executing PROC_DLATCH pass (convert process syncs to latches).
No latch inferred for signal `\card_packet_encoder.\out_data' from process `\card_packet_encoder.$proc$/home/hiepthai/Desktop/uart-fifo-rfid-asic/rdm6300_asic_fpga_modular/rtl/app/card_packet_encoder.v:49$133'.

13.9. Executing PROC_DFF pass (convert process syncs to FFs).
Creating register for signal `\top_basys3_rdm6300.\startup_reset' using process `\top_basys3_rdm6300.$proc$/home/hiepthai/Desktop/uart-fifo-rfid-asic/rdm6300_asic_fpga_modular/fpga/rtl/top_basys3_rdm6300.v:64$4'.
  created $dff cell `$procdff$5982' with positive edge clock.
Creating register for signal `\card_packet_encoder.\tag_latched' using process `\card_packet_encoder.$proc$/home/hiepthai/Desktop/uart-fifo-rfid-asic/rdm6300_asic_fpga_modular/rtl/app/card_packet_encoder.v:64$134'.
  created $adff cell `$procdff$5987' with positive edge clock and positive level reset.
Creating register for signal `\card_packet_encoder.\crc_latched' using process `\card_packet_encoder.$proc$/home/hiepthai/Desktop/uart-fifo-rfid-asic/rdm6300_asic_fpga_modular/rtl/app/card_packet_encoder.v:64$134'.
  created $adff cell `$procdff$5992' with positive edge clock and positive level reset.
Creating register for signal `\card_packet_encoder.\byte_index' using process `\card_packet_encoder.$proc$/home/hiepthai/Desktop/uart-fifo-rfid-asic/rdm6300_asic_fpga_modular/rtl/app/card_packet_encoder.v:64$134'.
  created $adff cell `$procdff$5997' with positive edge clock and positive level reset.
Creating register for signal `\card_packet_encoder.\active' using process `\card_packet_encoder.$proc$/home/hiepthai/Desktop/uart-fifo-rfid-asic/rdm6300_asic_fpga_modular/rtl/app/card_packet_encoder.v:64$134'.
  created $adff cell `$procdff$6002' with positive edge clock and positive level reset.
Creating register for signal `\card_packet_encoder.\crc8_tag$func$/home/hiepthai/Desktop/uart-fifo-rfid-asic/rdm6300_asic_fpga_modular/rtl/app/card_packet_encoder.v:73$125.$result' using process `\card_packet_encoder.$proc$/home/hiepthai/Desktop/uart-fifo-rfid-asic/rdm6300_asic_fpga_modular/rtl/app/card_packet_encoder.v:64$134'.
  created $adff cell `$procdff$6007' with positive edge clock and positive level reset.
Creating register for signal `\card_packet_encoder.\crc8_tag$func$/home/hiepthai/Desktop/uart-fifo-rfid-asic/rdm6300_asic_fpga_modular/rtl/app/card_packet_encoder.v:73$125.tag' using process `\card_packet_encoder.$proc$/home/hiepthai/Desktop/uart-fifo-rfid-asic/rdm6300_asic_fpga_modular/rtl/app/card_packet_encoder.v:64$134'.
  created $adff cell `$procdff$6012' with positive edge clock and positive level reset.
Creating register for signal `\card_packet_encoder.\crc8_tag$func$/home/hiepthai/Desktop/uart-fifo-rfid-asic/rdm6300_asic_fpga_modular/rtl/app/card_packet_encoder.v:73$125.crc' using process `\card_packet_encoder.$proc$/home/hiepthai/Desktop/uart-fifo-rfid-asic/rdm6300_asic_fpga_modular/rtl/app/card_packet_encoder.v:64$134'.
  created $adff cell `$procdff$6017' with positive edge clock and positive level reset.
Creating register for signal `\card_packet_encoder.\crc8_byte$func$/home/hiepthai/Desktop/uart-fifo-rfid-asic/rdm6300_asic_fpga_modular/rtl/app/card_packet_encoder.v:39$127.$result' using process `\card_packet_encoder.$proc$/home/hiepthai/Desktop/uart-fifo-rfid-asic/rdm6300_asic_fpga_modular/rtl/app/card_packet_encoder.v:64$134'.
  created $adff cell `$procdff$6022' with positive edge clock and positive level reset.
Creating register for signal `\card_packet_encoder.\crc8_byte$func$/home/hiepthai/Desktop/uart-fifo-rfid-asic/rdm6300_asic_fpga_modular/rtl/app/card_packet_encoder.v:39$127.crc_in' using process `\card_packet_encoder.$proc$/home/hiepthai/Desktop/uart-fifo-rfid-asic/rdm6300_asic_fpga_modular/rtl/app/card_packet_encoder.v:64$134'.
  created $adff cell `$procdff$6027' with positive edge clock and positive level reset.
Creating register for signal `\card_packet_encoder.\crc8_byte$func$/home/hiepthai/Desktop/uart-fifo-rfid-asic/rdm6300_asic_fpga_modular/rtl/app/card_packet_encoder.v:39$127.bit_index' using process `\card_packet_encoder.$proc$/home/hiepthai/Desktop/uart-fifo-rfid-asic/rdm6300_asic_fpga_modular/rtl/app/card_packet_encoder.v:64$134'.
  created $adff cell `$procdff$6032' with positive edge clock and positive level reset.
Creating register for signal `\card_packet_encoder.\crc8_byte$func$/home/hiepthai/Desktop/uart-fifo-rfid-asic/rdm6300_asic_fpga_modular/rtl/app/card_packet_encoder.v:39$127.value' using process `\card_packet_encoder.$proc$/home/hiepthai/Desktop/uart-fifo-rfid-asic/rdm6300_asic_fpga_modular/rtl/app/card_packet_encoder.v:64$134'.
  created $adff cell `$procdff$6037' with positive edge clock and positive level reset.
Creating register for signal `\card_packet_encoder.\crc8_byte$func$/home/hiepthai/Desktop/uart-fifo-rfid-asic/rdm6300_asic_fpga_modular/rtl/app/card_packet_encoder.v:40$128.$result' using process `\card_packet_encoder.$proc$/home/hiepthai/Desktop/uart-fifo-rfid-asic/rdm6300_asic_fpga_modular/rtl/app/card_packet_encoder.v:64$134'.
  created $adff cell `$procdff$6042' with positive edge clock and positive level reset.
Creating register for signal `\card_packet_encoder.\crc8_byte$func$/home/hiepthai/Desktop/uart-fifo-rfid-asic/rdm6300_asic_fpga_modular/rtl/app/card_packet_encoder.v:40$128.crc_in' using process `\card_packet_encoder.$proc$/home/hiepthai/Desktop/uart-fifo-rfid-asic/rdm6300_asic_fpga_modular/rtl/app/card_packet_encoder.v:64$134'.
  created $adff cell `$procdff$6047' with positive edge clock and positive level reset.
Creating register for signal `\card_packet_encoder.\crc8_byte$func$/home/hiepthai/Desktop/uart-fifo-rfid-asic/rdm6300_asic_fpga_modular/rtl/app/card_packet_encoder.v:40$128.data' using process `\card_packet_encoder.$proc$/home/hiepthai/Desktop/uart-fifo-rfid-asic/rdm6300_asic_fpga_modular/rtl/app/card_packet_encoder.v:64$134'.
  created $adff cell `$procdff$6052' with positive edge clock and positive level reset.
Creating register for signal `\card_packet_encoder.\crc8_byte$func$/home/hiepthai/Desktop/uart-fifo-rfid-asic/rdm6300_asic_fpga_modular/rtl/app/card_packet_encoder.v:40$128.bit_index' using process `\card_packet_encoder.$proc$/home/hiepthai/Desktop/uart-fifo-rfid-asic/rdm6300_asic_fpga_modular/rtl/app/card_packet_encoder.v:64$134'.
  created $adff cell `$procdff$6057' with positive edge clock and positive level reset.
Creating register for signal `\card_packet_encoder.\crc8_byte$func$/home/hiepthai/Desktop/uart-fifo-rfid-asic/rdm6300_asic_fpga_modular/rtl/app/card_packet_encoder.v:40$128.value' using process `\card_packet_encoder.$proc$/home/hiepthai/Desktop/uart-fifo-rfid-asic/rdm6300_asic_fpga_modular/rtl/app/card_packet_encoder.v:64$134'.
  created $adff cell `$procdff$6062' with positive edge clock and positive level reset.
Creating register for signal `\card_packet_encoder.\crc8_byte$func$/home/hiepthai/Desktop/uart-fifo-rfid-asic/rdm6300_asic_fpga_modular/rtl/app/card_packet_encoder.v:41$129.$result' using process `\card_packet_encoder.$proc$/home/hiepthai/Desktop/uart-fifo-rfid-asic/rdm6300_asic_fpga_modular/rtl/app/card_packet_encoder.v:64$134'.
  created $adff cell `$procdff$6067' with positive edge clock and positive level reset.
Creating register for signal `\card_packet_encoder.\crc8_byte$func$/home/hiepthai/Desktop/uart-fifo-rfid-asic/rdm6300_asic_fpga_modular/rtl/app/card_packet_encoder.v:41$129.crc_in' using process `\card_packet_encoder.$proc$/home/hiepthai/Desktop/uart-fifo-rfid-asic/rdm6300_asic_fpga_modular/rtl/app/card_packet_encoder.v:64$134'.
  created $adff cell `$procdff$6072' with positive edge clock and positive level reset.
Creating register for signal `\card_packet_encoder.\crc8_byte$func$/home/hiepthai/Desktop/uart-fifo-rfid-asic/rdm6300_asic_fpga_modular/rtl/app/card_packet_encoder.v:41$129.data' using process `\card_packet_encoder.$proc$/home/hiepthai/Desktop/uart-fifo-rfid-asic/rdm6300_asic_fpga_modular/rtl/app/card_packet_encoder.v:64$134'.
  created $adff cell `$procdff$6077' with positive edge clock and positive level reset.
Creating register for signal `\card_packet_encoder.\crc8_byte$func$/home/hiepthai/Desktop/uart-fifo-rfid-asic/rdm6300_asic_fpga_modular/rtl/app/card_packet_encoder.v:41$129.bit_index' using process `\card_packet_encoder.$proc$/home/hiepthai/Desktop/uart-fifo-rfid-asic/rdm6300_asic_fpga_modular/rtl/app/card_packet_encoder.v:64$134'.
  created $adff cell `$procdff$6082' with positive edge clock and positive level reset.
Creating register for signal `\card_packet_encoder.\crc8_byte$func$/home/hiepthai/Desktop/uart-fifo-rfid-asic/rdm6300_asic_fpga_modular/rtl/app/card_packet_encoder.v:41$129.value' using process `\card_packet_encoder.$proc$/home/hiepthai/Desktop/uart-fifo-rfid-asic/rdm6300_asic_fpga_modular/rtl/app/card_packet_encoder.v:64$134'.
  created $adff cell `$procdff$6087' with positive edge clock and positive level reset.
Creating register for signal `\card_packet_encoder.\crc8_byte$func$/home/hiepthai/Desktop/uart-fifo-rfid-asic/rdm6300_asic_fpga_modular/rtl/app/card_packet_encoder.v:42$130.$result' using process `\card_packet_encoder.$proc$/home/hiepthai/Desktop/uart-fifo-rfid-asic/rdm6300_asic_fpga_modular/rtl/app/card_packet_encoder.v:64$134'.
  created $adff cell `$procdff$6092' with positive edge clock and positive level reset.
Creating register for signal `\card_packet_encoder.\crc8_byte$func$/home/hiepthai/Desktop/uart-fifo-rfid-asic/rdm6300_asic_fpga_modular/rtl/app/card_packet_encoder.v:42$130.crc_in' using process `\card_packet_encoder.$proc$/home/hiepthai/Desktop/uart-fifo-rfid-asic/rdm6300_asic_fpga_modular/rtl/app/card_packet_encoder.v:64$134'.
  created $adff cell `$procdff$6097' with positive edge clock and positive level reset.
Creating register for signal `\card_packet_encoder.\crc8_byte$func$/home/hiepthai/Desktop/uart-fifo-rfid-asic/rdm6300_asic_fpga_modular/rtl/app/card_packet_encoder.v:42$130.data' using process `\card_packet_encoder.$proc$/home/hiepthai/Desktop/uart-fifo-rfid-asic/rdm6300_asic_fpga_modular/rtl/app/card_packet_encoder.v:64$134'.
  created $adff cell `$procdff$6102' with positive edge clock and positive level reset.
Creating register for signal `\card_packet_encoder.\crc8_byte$func$/home/hiepthai/Desktop/uart-fifo-rfid-asic/rdm6300_asic_fpga_modular/rtl/app/card_packet_encoder.v:42$130.bit_index' using process `\card_packet_encoder.$proc$/home/hiepthai/Desktop/uart-fifo-rfid-asic/rdm6300_asic_fpga_modular/rtl/app/card_packet_encoder.v:64$134'.
  created $adff cell `$procdff$6107' with positive edge clock and positive level reset.
Creating register for signal `\card_packet_encoder.\crc8_byte$func$/home/hiepthai/Desktop/uart-fifo-rfid-asic/rdm6300_asic_fpga_modular/rtl/app/card_packet_encoder.v:42$130.value' using process `\card_packet_encoder.$proc$/home/hiepthai/Desktop/uart-fifo-rfid-asic/rdm6300_asic_fpga_modular/rtl/app/card_packet_encoder.v:64$134'.
  created $adff cell `$procdff$6112' with positive edge clock and positive level reset.
Creating register for signal `\card_packet_encoder.\crc8_byte$func$/home/hiepthai/Desktop/uart-fifo-rfid-asic/rdm6300_asic_fpga_modular/rtl/app/card_packet_encoder.v:43$131.$result' using process `\card_packet_encoder.$proc$/home/hiepthai/Desktop/uart-fifo-rfid-asic/rdm6300_asic_fpga_modular/rtl/app/card_packet_encoder.v:64$134'.
  created $adff cell `$procdff$6117' with positive edge clock and positive level reset.
Creating register for signal `\card_packet_encoder.\crc8_byte$func$/home/hiepthai/Desktop/uart-fifo-rfid-asic/rdm6300_asic_fpga_modular/rtl/app/card_packet_encoder.v:43$131.crc_in' using process `\card_packet_encoder.$proc$/home/hiepthai/Desktop/uart-fifo-rfid-asic/rdm6300_asic_fpga_modular/rtl/app/card_packet_encoder.v:64$134'.
  created $adff cell `$procdff$6122' with positive edge clock and positive level reset.
Creating register for signal `\card_packet_encoder.\crc8_byte$func$/home/hiepthai/Desktop/uart-fifo-rfid-asic/rdm6300_asic_fpga_modular/rtl/app/card_packet_encoder.v:43$131.data' using process `\card_packet_encoder.$proc$/home/hiepthai/Desktop/uart-fifo-rfid-asic/rdm6300_asic_fpga_modular/rtl/app/card_packet_encoder.v:64$134'.
  created $adff cell `$procdff$6127' with positive edge clock and positive level reset.
Creating register for signal `\card_packet_encoder.\crc8_byte$func$/home/hiepthai/Desktop/uart-fifo-rfid-asic/rdm6300_asic_fpga_modular/rtl/app/card_packet_encoder.v:43$131.bit_index' using process `\card_packet_encoder.$proc$/home/hiepthai/Desktop/uart-fifo-rfid-asic/rdm6300_asic_fpga_modular/rtl/app/card_packet_encoder.v:64$134'.
  created $adff cell `$procdff$6132' with positive edge clock and positive level reset.
Creating register for signal `\card_packet_encoder.\crc8_byte$func$/home/hiepthai/Desktop/uart-fifo-rfid-asic/rdm6300_asic_fpga_modular/rtl/app/card_packet_encoder.v:43$131.value' using process `\card_packet_encoder.$proc$/home/hiepthai/Desktop/uart-fifo-rfid-asic/rdm6300_asic_fpga_modular/rtl/app/card_packet_encoder.v:64$134'.
  created $adff cell `$procdff$6137' with positive edge clock and positive level reset.
Creating register for signal `\card_packet_encoder.\crc8_byte$func$/home/hiepthai/Desktop/uart-fifo-rfid-asic/rdm6300_asic_fpga_modular/rtl/app/card_packet_encoder.v:44$132.$result' using process `\card_packet_encoder.$proc$/home/hiepthai/Desktop/uart-fifo-rfid-asic/rdm6300_asic_fpga_modular/rtl/app/card_packet_encoder.v:64$134'.
  created $adff cell `$procdff$6142' with positive edge clock and positive level reset.
Creating register for signal `\card_packet_encoder.\crc8_byte$func$/home/hiepthai/Desktop/uart-fifo-rfid-asic/rdm6300_asic_fpga_modular/rtl/app/card_packet_encoder.v:44$132.crc_in' using process `\card_packet_encoder.$proc$/home/hiepthai/Desktop/uart-fifo-rfid-asic/rdm6300_asic_fpga_modular/rtl/app/card_packet_encoder.v:64$134'.
  created $adff cell `$procdff$6147' with positive edge clock and positive level reset.
Creating register for signal `\card_packet_encoder.\crc8_byte$func$/home/hiepthai/Desktop/uart-fifo-rfid-asic/rdm6300_asic_fpga_modular/rtl/app/card_packet_encoder.v:44$132.data' using process `\card_packet_encoder.$proc$/home/hiepthai/Desktop/uart-fifo-rfid-asic/rdm6300_asic_fpga_modular/rtl/app/card_packet_encoder.v:64$134'.
  created $adff cell `$procdff$6152' with positive edge clock and positive level reset.
Creating register for signal `\card_packet_encoder.\crc8_byte$func$/home/hiepthai/Desktop/uart-fifo-rfid-asic/rdm6300_asic_fpga_modular/rtl/app/card_packet_encoder.v:44$132.bit_index' using process `\card_packet_encoder.$proc$/home/hiepthai/Desktop/uart-fifo-rfid-asic/rdm6300_asic_fpga_modular/rtl/app/card_packet_encoder.v:64$134'.
  created $adff cell `$procdff$6157' with positive edge clock and positive level reset.
Creating register for signal `\card_packet_encoder.\crc8_byte$func$/home/hiepthai/Desktop/uart-fifo-rfid-asic/rdm6300_asic_fpga_modular/rtl/app/card_packet_encoder.v:44$132.value' using process `\card_packet_encoder.$proc$/home/hiepthai/Desktop/uart-fifo-rfid-asic/rdm6300_asic_fpga_modular/rtl/app/card_packet_encoder.v:64$134'.
  created $adff cell `$procdff$6162' with positive edge clock and positive level reset.
Creating register for signal `$paramod\sync_2ff\RESET_VALUE=1'1.\sync_o' using process `$paramod\sync_2ff\RESET_VALUE=1'1.$proc$/home/hiepthai/Desktop/uart-fifo-rfid-asic/rdm6300_asic_fpga_modular/rtl/common/sync_2ff.v:13$123'.
  created $adff cell `$procdff$6167' with positive edge clock and positive level reset.
Creating register for signal `$paramod\sync_2ff\RESET_VALUE=1'1.\sync_ff1' using process `$paramod\sync_2ff\RESET_VALUE=1'1.$proc$/home/hiepthai/Desktop/uart-fifo-rfid-asic/rdm6300_asic_fpga_modular/rtl/common/sync_2ff.v:13$123'.
  created $adff cell `$procdff$6172' with positive edge clock and positive level reset.
Creating register for signal `$paramod\uart_rx\CLKS_PER_BIT=s32'00000000000000000010100010110001.\rx_dv' using process `$paramod\uart_rx\CLKS_PER_BIT=s32'00000000000000000010100010110001.$proc$/home/hiepthai/Desktop/uart-fifo-rfid-asic/rdm6300_asic_fpga_modular/rtl/uart/uart_rx.v:61$81'.
  created $adff cell `$procdff$6177' with positive edge clock and positive level reset.
Creating register for signal `$paramod\uart_rx\CLKS_PER_BIT=s32'00000000000000000010100010110001.\rx_byte' using process `$paramod\uart_rx\CLKS_PER_BIT=s32'00000000000000000010100010110001.$proc$/home/hiepthai/Desktop/uart-fifo-rfid-asic/rdm6300_asic_fpga_modular/rtl/uart/uart_rx.v:61$81'.
  created $adff cell `$procdff$6182' with positive edge clock and positive level reset.
Creating register for signal `$paramod\uart_rx\CLKS_PER_BIT=s32'00000000000000000010100010110001.\framing_error' using process `$paramod\uart_rx\CLKS_PER_BIT=s32'00000000000000000010100010110001.$proc$/home/hiepthai/Desktop/uart-fifo-rfid-asic/rdm6300_asic_fpga_modular/rtl/uart/uart_rx.v:61$81'.
  created $adff cell `$procdff$6187' with positive edge clock and positive level reset.
Creating register for signal `$paramod\uart_rx\CLKS_PER_BIT=s32'00000000000000000010100010110001.\state' using process `$paramod\uart_rx\CLKS_PER_BIT=s32'00000000000000000010100010110001.$proc$/home/hiepthai/Desktop/uart-fifo-rfid-asic/rdm6300_asic_fpga_modular/rtl/uart/uart_rx.v:61$81'.
  created $adff cell `$procdff$6192' with positive edge clock and positive level reset.
Creating register for signal `$paramod\uart_rx\CLKS_PER_BIT=s32'00000000000000000010100010110001.\bit_index' using process `$paramod\uart_rx\CLKS_PER_BIT=s32'00000000000000000010100010110001.$proc$/home/hiepthai/Desktop/uart-fifo-rfid-asic/rdm6300_asic_fpga_modular/rtl/uart/uart_rx.v:61$81'.
  created $adff cell `$procdff$6197' with positive edge clock and positive level reset.
Creating register for signal `$paramod\uart_rx\CLKS_PER_BIT=s32'00000000000000000010100010110001.\sample_div_count' using process `$paramod\uart_rx\CLKS_PER_BIT=s32'00000000000000000010100010110001.$proc$/home/hiepthai/Desktop/uart-fifo-rfid-asic/rdm6300_asic_fpga_modular/rtl/uart/uart_rx.v:61$81'.
  created $adff cell `$procdff$6202' with positive edge clock and positive level reset.
Creating register for signal `$paramod\uart_rx\CLKS_PER_BIT=s32'00000000000000000010100010110001.\sample_phase' using process `$paramod\uart_rx\CLKS_PER_BIT=s32'00000000000000000010100010110001.$proc$/home/hiepthai/Desktop/uart-fifo-rfid-asic/rdm6300_asic_fpga_modular/rtl/uart/uart_rx.v:61$81'.
  created $adff cell `$procdff$6207' with positive edge clock and positive level reset.
Creating register for signal `$paramod\uart_rx\CLKS_PER_BIT=s32'00000000000000000010100010110001.\vote_ones' using process `$paramod\uart_rx\CLKS_PER_BIT=s32'00000000000000000010100010110001.$proc$/home/hiepthai/Desktop/uart-fifo-rfid-asic/rdm6300_asic_fpga_modular/rtl/uart/uart_rx.v:61$81'.
  created $adff cell `$procdff$6212' with positive edge clock and positive level reset.
Creating register for signal `$paramod\uart_rx\CLKS_PER_BIT=s32'00000000000000000010100010110001.\rx_shift' using process `$paramod\uart_rx\CLKS_PER_BIT=s32'00000000000000000010100010110001.$proc$/home/hiepthai/Desktop/uart-fifo-rfid-asic/rdm6300_asic_fpga_modular/rtl/uart/uart_rx.v:61$81'.
  created $adff cell `$procdff$6217' with positive edge clock and positive level reset.
Creating register for signal `$paramod\uart_rx\CLKS_PER_BIT=s32'00000000000000000010100010110001.$bitselwrite$pos$/home/hiepthai/Desktop/uart-fifo-rfid-asic/rdm6300_asic_fpga_modular/rtl/uart/uart_rx.v:123$68' using process `$paramod\uart_rx\CLKS_PER_BIT=s32'00000000000000000010100010110001.$proc$/home/hiepthai/Desktop/uart-fifo-rfid-asic/rdm6300_asic_fpga_modular/rtl/uart/uart_rx.v:61$81'.
  created $adff cell `$procdff$6222' with positive edge clock and positive level reset.
Creating register for signal `$paramod\uart_rx\CLKS_PER_BIT=s32'00000000000000000010100010110001.$lookahead\rx_shift$80' using process `$paramod\uart_rx\CLKS_PER_BIT=s32'00000000000000000010100010110001.$proc$/home/hiepthai/Desktop/uart-fifo-rfid-asic/rdm6300_asic_fpga_modular/rtl/uart/uart_rx.v:61$81'.
  created $adff cell `$procdff$6227' with positive edge clock and positive level reset.
Creating register for signal `$paramod\uart_rx\CLKS_PER_BIT=s32'00000000000000000010100010110001.\break_detect' using process `$paramod\uart_rx\CLKS_PER_BIT=s32'00000000000000000010100010110001.$proc$/home/hiepthai/Desktop/uart-fifo-rfid-asic/rdm6300_asic_fpga_modular/rtl/uart/uart_rx.v:45$75'.
  created $adff cell `$procdff$6232' with positive edge clock and positive level reset.
Creating register for signal `$paramod\uart_rx\CLKS_PER_BIT=s32'00000000000000000010100010110001.\low_count' using process `$paramod\uart_rx\CLKS_PER_BIT=s32'00000000000000000010100010110001.$proc$/home/hiepthai/Desktop/uart-fifo-rfid-asic/rdm6300_asic_fpga_modular/rtl/uart/uart_rx.v:45$75'.
  created $adff cell `$procdff$6237' with positive edge clock and positive level reset.
Creating register for signal `$paramod$9725208b3e344c3de14a607aed5740fe612d0487\rx_fifo.\level' using process `$paramod$9725208b3e344c3de14a607aed5740fe612d0487\rx_fifo.$proc$/home/hiepthai/Desktop/uart-fifo-rfid-asic/rdm6300_asic_fpga_modular/rtl/fifo/rx_fifo.v:42$58'.
  created $adff cell `$procdff$6242' with positive edge clock and positive level reset.
Creating register for signal `$paramod$9725208b3e344c3de14a607aed5740fe612d0487\rx_fifo.\overflow_pulse' using process `$paramod$9725208b3e344c3de14a607aed5740fe612d0487\rx_fifo.$proc$/home/hiepthai/Desktop/uart-fifo-rfid-asic/rdm6300_asic_fpga_modular/rtl/fifo/rx_fifo.v:42$58'.
  created $adff cell `$procdff$6247' with positive edge clock and positive level reset.
Creating register for signal `$paramod$9725208b3e344c3de14a607aed5740fe612d0487\rx_fifo.\underflow_pulse' using process `$paramod$9725208b3e344c3de14a607aed5740fe612d0487\rx_fifo.$proc$/home/hiepthai/Desktop/uart-fifo-rfid-asic/rdm6300_asic_fpga_modular/rtl/fifo/rx_fifo.v:42$58'.
  created $adff cell `$procdff$6252' with positive edge clock and positive level reset.
Creating register for signal `$paramod$9725208b3e344c3de14a607aed5740fe612d0487\rx_fifo.\wr_ptr' using process `$paramod$9725208b3e344c3de14a607aed5740fe612d0487\rx_fifo.$proc$/home/hiepthai/Desktop/uart-fifo-rfid-asic/rdm6300_asic_fpga_modular/rtl/fifo/rx_fifo.v:42$58'.
  created $adff cell `$procdff$6257' with positive edge clock and positive level reset.
Creating register for signal `$paramod$9725208b3e344c3de14a607aed5740fe612d0487\rx_fifo.\rd_ptr' using process `$paramod$9725208b3e344c3de14a607aed5740fe612d0487\rx_fifo.$proc$/home/hiepthai/Desktop/uart-fifo-rfid-asic/rdm6300_asic_fpga_modular/rtl/fifo/rx_fifo.v:42$58'.
  created $adff cell `$procdff$6262' with positive edge clock and positive level reset.
Creating register for signal `$paramod$9725208b3e344c3de14a607aed5740fe612d0487\rx_fifo.$memwr$\mem$/home/hiepthai/Desktop/uart-fifo-rfid-asic/rdm6300_asic_fpga_modular/rtl/fifo/rx_fifo.v:39$43_ADDR' using process `$paramod$9725208b3e344c3de14a607aed5740fe612d0487\rx_fifo.$proc$/home/hiepthai/Desktop/uart-fifo-rfid-asic/rdm6300_asic_fpga_modular/rtl/fifo/rx_fifo.v:37$51'.
  created $dff cell `$procdff$6263' with positive edge clock.
Creating register for signal `$paramod$9725208b3e344c3de14a607aed5740fe612d0487\rx_fifo.$memwr$\mem$/home/hiepthai/Desktop/uart-fifo-rfid-asic/rdm6300_asic_fpga_modular/rtl/fifo/rx_fifo.v:39$43_DATA' using process `$paramod$9725208b3e344c3de14a607aed5740fe612d0487\rx_fifo.$proc$/home/hiepthai/Desktop/uart-fifo-rfid-asic/rdm6300_asic_fpga_modular/rtl/fifo/rx_fifo.v:37$51'.
  created $dff cell `$procdff$6264' with positive edge clock.
Creating register for signal `$paramod$9725208b3e344c3de14a607aed5740fe612d0487\rx_fifo.$memwr$\mem$/home/hiepthai/Desktop/uart-fifo-rfid-asic/rdm6300_asic_fpga_modular/rtl/fifo/rx_fifo.v:39$43_EN' using process `$paramod$9725208b3e344c3de14a607aed5740fe612d0487\rx_fifo.$proc$/home/hiepthai/Desktop/uart-fifo-rfid-asic/rdm6300_asic_fpga_modular/rtl/fifo/rx_fifo.v:37$51'.
  created $dff cell `$procdff$6265' with positive edge clock.
Creating register for signal `$paramod$9725208b3e344c3de14a607aed5740fe612d0487\tx_fifo.\level' using process `$paramod$9725208b3e344c3de14a607aed5740fe612d0487\tx_fifo.$proc$/home/hiepthai/Desktop/uart-fifo-rfid-asic/rdm6300_asic_fpga_modular/rtl/fifo/tx_fifo.v:42$33'.
  created $adff cell `$procdff$6270' with positive edge clock and positive level reset.
Creating register for signal `$paramod$9725208b3e344c3de14a607aed5740fe612d0487\tx_fifo.\overflow_pulse' using process `$paramod$9725208b3e344c3de14a607aed5740fe612d0487\tx_fifo.$proc$/home/hiepthai/Desktop/uart-fifo-rfid-asic/rdm6300_asic_fpga_modular/rtl/fifo/tx_fifo.v:42$33'.
  created $adff cell `$procdff$6275' with positive edge clock and positive level reset.
Creating register for signal `$paramod$9725208b3e344c3de14a607aed5740fe612d0487\tx_fifo.\underflow_pulse' using process `$paramod$9725208b3e344c3de14a607aed5740fe612d0487\tx_fifo.$proc$/home/hiepthai/Desktop/uart-fifo-rfid-asic/rdm6300_asic_fpga_modular/rtl/fifo/tx_fifo.v:42$33'.
  created $adff cell `$procdff$6280' with positive edge clock and positive level reset.
Creating register for signal `$paramod$9725208b3e344c3de14a607aed5740fe612d0487\tx_fifo.\wr_ptr' using process `$paramod$9725208b3e344c3de14a607aed5740fe612d0487\tx_fifo.$proc$/home/hiepthai/Desktop/uart-fifo-rfid-asic/rdm6300_asic_fpga_modular/rtl/fifo/tx_fifo.v:42$33'.
  created $adff cell `$procdff$6285' with positive edge clock and positive level reset.
Creating register for signal `$paramod$9725208b3e344c3de14a607aed5740fe612d0487\tx_fifo.\rd_ptr' using process `$paramod$9725208b3e344c3de14a607aed5740fe612d0487\tx_fifo.$proc$/home/hiepthai/Desktop/uart-fifo-rfid-asic/rdm6300_asic_fpga_modular/rtl/fifo/tx_fifo.v:42$33'.
  created $adff cell `$procdff$6290' with positive edge clock and positive level reset.
Creating register for signal `$paramod$9725208b3e344c3de14a607aed5740fe612d0487\tx_fifo.$memwr$\mem$/home/hiepthai/Desktop/uart-fifo-rfid-asic/rdm6300_asic_fpga_modular/rtl/fifo/tx_fifo.v:39$18_ADDR' using process `$paramod$9725208b3e344c3de14a607aed5740fe612d0487\tx_fifo.$proc$/home/hiepthai/Desktop/uart-fifo-rfid-asic/rdm6300_asic_fpga_modular/rtl/fifo/tx_fifo.v:37$26'.
  created $dff cell `$procdff$6291' with positive edge clock.
Creating register for signal `$paramod$9725208b3e344c3de14a607aed5740fe612d0487\tx_fifo.$memwr$\mem$/home/hiepthai/Desktop/uart-fifo-rfid-asic/rdm6300_asic_fpga_modular/rtl/fifo/tx_fifo.v:39$18_DATA' using process `$paramod$9725208b3e344c3de14a607aed5740fe612d0487\tx_fifo.$proc$/home/hiepthai/Desktop/uart-fifo-rfid-asic/rdm6300_asic_fpga_modular/rtl/fifo/tx_fifo.v:37$26'.
  created $dff cell `$procdff$6292' with positive edge clock.
Creating register for signal `$paramod$9725208b3e344c3de14a607aed5740fe612d0487\tx_fifo.$memwr$\mem$/home/hiepthai/Desktop/uart-fifo-rfid-asic/rdm6300_asic_fpga_modular/rtl/fifo/tx_fifo.v:39$18_EN' using process `$paramod$9725208b3e344c3de14a607aed5740fe612d0487\tx_fifo.$proc$/home/hiepthai/Desktop/uart-fifo-rfid-asic/rdm6300_asic_fpga_modular/rtl/fifo/tx_fifo.v:37$26'.
  created $dff cell `$procdff$6293' with positive edge clock.
Creating register for signal `$paramod\uart_tx\CLKS_PER_BIT=s32'00000000000000000010100010110001.\tx' using process `$paramod\uart_tx\CLKS_PER_BIT=s32'00000000000000000010100010110001.$proc$/home/hiepthai/Desktop/uart-fifo-rfid-asic/rdm6300_asic_fpga_modular/rtl/uart/uart_tx.v:29$7'.
  created $adff cell `$procdff$6298' with positive edge clock and positive level reset.
Creating register for signal `$paramod\uart_tx\CLKS_PER_BIT=s32'00000000000000000010100010110001.\tx_active' using process `$paramod\uart_tx\CLKS_PER_BIT=s32'00000000000000000010100010110001.$proc$/home/hiepthai/Desktop/uart-fifo-rfid-asic/rdm6300_asic_fpga_modular/rtl/uart/uart_tx.v:29$7'.
  created $adff cell `$procdff$6303' with positive edge clock and positive level reset.
Creating register for signal `$paramod\uart_tx\CLKS_PER_BIT=s32'00000000000000000010100010110001.\tx_done' using process `$paramod\uart_tx\CLKS_PER_BIT=s32'00000000000000000010100010110001.$proc$/home/hiepthai/Desktop/uart-fifo-rfid-asic/rdm6300_asic_fpga_modular/rtl/uart/uart_tx.v:29$7'.
  created $adff cell `$procdff$6308' with positive edge clock and positive level reset.
Creating register for signal `$paramod\uart_tx\CLKS_PER_BIT=s32'00000000000000000010100010110001.\state' using process `$paramod\uart_tx\CLKS_PER_BIT=s32'00000000000000000010100010110001.$proc$/home/hiepthai/Desktop/uart-fifo-rfid-asic/rdm6300_asic_fpga_modular/rtl/uart/uart_tx.v:29$7'.
  created $adff cell `$procdff$6313' with positive edge clock and positive level reset.
Creating register for signal `$paramod\uart_tx\CLKS_PER_BIT=s32'00000000000000000010100010110001.\clk_count' using process `$paramod\uart_tx\CLKS_PER_BIT=s32'00000000000000000010100010110001.$proc$/home/hiepthai/Desktop/uart-fifo-rfid-asic/rdm6300_asic_fpga_modular/rtl/uart/uart_tx.v:29$7'.
  created $adff cell `$procdff$6318' with positive edge clock and positive level reset.
Creating register for signal `$paramod\uart_tx\CLKS_PER_BIT=s32'00000000000000000010100010110001.\bit_index' using process `$paramod\uart_tx\CLKS_PER_BIT=s32'00000000000000000010100010110001.$proc$/home/hiepthai/Desktop/uart-fifo-rfid-asic/rdm6300_asic_fpga_modular/rtl/uart/uart_tx.v:29$7'.
  created $adff cell `$procdff$6323' with positive edge clock and positive level reset.
Creating register for signal `$paramod\uart_tx\CLKS_PER_BIT=s32'00000000000000000010100010110001.\tx_data' using process `$paramod\uart_tx\CLKS_PER_BIT=s32'00000000000000000010100010110001.$proc$/home/hiepthai/Desktop/uart-fifo-rfid-asic/rdm6300_asic_fpga_modular/rtl/uart/uart_tx.v:29$7'.
  created $adff cell `$procdff$6328' with positive edge clock and positive level reset.
Creating register for signal `$paramod$02e80c0e2bf5fb0d9d18f581cd4dceb28fc227a5\rdm6300_frame_decoder.\tag_raw' using process `$paramod$02e80c0e2bf5fb0d9d18f581cd4dceb28fc227a5\rdm6300_frame_decoder.$proc$/home/hiepthai/Desktop/uart-fifo-rfid-asic/rdm6300_asic_fpga_modular/rtl/rdm6300/rdm6300_frame_decoder.v:60$450'.
  created $adff cell `$procdff$6333' with positive edge clock and positive level reset.
Creating register for signal `$paramod$02e80c0e2bf5fb0d9d18f581cd4dceb28fc227a5\rdm6300_frame_decoder.\checksum_error' using process `$paramod$02e80c0e2bf5fb0d9d18f581cd4dceb28fc227a5\rdm6300_frame_decoder.$proc$/home/hiepthai/Desktop/uart-fifo-rfid-asic/rdm6300_asic_fpga_modular/rtl/rdm6300/rdm6300_frame_decoder.v:60$450'.
  created $adff cell `$procdff$6338' with positive edge clock and positive level reset.
Creating register for signal `$paramod$02e80c0e2bf5fb0d9d18f581cd4dceb28fc227a5\rdm6300_frame_decoder.\frame_error' using process `$paramod$02e80c0e2bf5fb0d9d18f581cd4dceb28fc227a5\rdm6300_frame_decoder.$proc$/home/hiepthai/Desktop/uart-fifo-rfid-asic/rdm6300_asic_fpga_modular/rtl/rdm6300/rdm6300_frame_decoder.v:60$450'.
  created $adff cell `$procdff$6343' with positive edge clock and positive level reset.
Creating register for signal `$paramod$02e80c0e2bf5fb0d9d18f581cd4dceb28fc227a5\rdm6300_frame_decoder.\invalid_hex_error' using process `$paramod$02e80c0e2bf5fb0d9d18f581cd4dceb28fc227a5\rdm6300_frame_decoder.$proc$/home/hiepthai/Desktop/uart-fifo-rfid-asic/rdm6300_asic_fpga_modular/rtl/rdm6300/rdm6300_frame_decoder.v:60$450'.
  created $adff cell `$procdff$6348' with positive edge clock and positive level reset.
Creating register for signal `$paramod$02e80c0e2bf5fb0d9d18f581cd4dceb28fc227a5\rdm6300_frame_decoder.\frame_timeout_error' using process `$paramod$02e80c0e2bf5fb0d9d18f581cd4dceb28fc227a5\rdm6300_frame_decoder.$proc$/home/hiepthai/Desktop/uart-fifo-rfid-asic/rdm6300_asic_fpga_modular/rtl/rdm6300/rdm6300_frame_decoder.v:60$450'.
  created $adff cell `$procdff$6353' with positive edge clock and positive level reset.
Creating register for signal `$paramod$02e80c0e2bf5fb0d9d18f581cd4dceb28fc227a5\rdm6300_frame_decoder.\state' using process `$paramod$02e80c0e2bf5fb0d9d18f581cd4dceb28fc227a5\rdm6300_frame_decoder.$proc$/home/hiepthai/Desktop/uart-fifo-rfid-asic/rdm6300_asic_fpga_modular/rtl/rdm6300/rdm6300_frame_decoder.v:60$450'.
  created $adff cell `$procdff$6358' with positive edge clock and positive level reset.
Creating register for signal `$paramod$02e80c0e2bf5fb0d9d18f581cd4dceb28fc227a5\rdm6300_frame_decoder.\card_valid' using process `$paramod$02e80c0e2bf5fb0d9d18f581cd4dceb28fc227a5\rdm6300_frame_decoder.$proc$/home/hiepthai/Desktop/uart-fifo-rfid-asic/rdm6300_asic_fpga_modular/rtl/rdm6300/rdm6300_frame_decoder.v:60$450'.
  created $adff cell `$procdff$6363' with positive edge clock and positive level reset.
Creating register for signal `$paramod$02e80c0e2bf5fb0d9d18f581cd4dceb28fc227a5\rdm6300_frame_decoder.\index' using process `$paramod$02e80c0e2bf5fb0d9d18f581cd4dceb28fc227a5\rdm6300_frame_decoder.$proc$/home/hiepthai/Desktop/uart-fifo-rfid-asic/rdm6300_asic_fpga_modular/rtl/rdm6300/rdm6300_frame_decoder.v:60$450'.
  created $adff cell `$procdff$6368' with positive edge clock and positive level reset.
Creating register for signal `$paramod$02e80c0e2bf5fb0d9d18f581cd4dceb28fc227a5\rdm6300_frame_decoder.\timeout_count' using process `$paramod$02e80c0e2bf5fb0d9d18f581cd4dceb28fc227a5\rdm6300_frame_decoder.$proc$/home/hiepthai/Desktop/uart-fifo-rfid-asic/rdm6300_asic_fpga_modular/rtl/rdm6300/rdm6300_frame_decoder.v:60$450'.
  created $adff cell `$procdff$6373' with positive edge clock and positive level reset.
Creating register for signal `$paramod$02e80c0e2bf5fb0d9d18f581cd4dceb28fc227a5\rdm6300_frame_decoder.\i' using process `$paramod$02e80c0e2bf5fb0d9d18f581cd4dceb28fc227a5\rdm6300_frame_decoder.$proc$/home/hiepthai/Desktop/uart-fifo-rfid-asic/rdm6300_asic_fpga_modular/rtl/rdm6300/rdm6300_frame_decoder.v:60$450'.
  created $adff cell `$procdff$6378' with positive edge clock and positive level reset.
Creating register for signal `$paramod$02e80c0e2bf5fb0d9d18f581cd4dceb28fc227a5\rdm6300_frame_decoder.\payload_b0' using process `$paramod$02e80c0e2bf5fb0d9d18f581cd4dceb28fc227a5\rdm6300_frame_decoder.$proc$/home/hiepthai/Desktop/uart-fifo-rfid-asic/rdm6300_asic_fpga_modular/rtl/rdm6300/rdm6300_frame_decoder.v:60$450'.
  created $dff cell `$procdff$6385' with positive edge clock.
Creating register for signal `$paramod$02e80c0e2bf5fb0d9d18f581cd4dceb28fc227a5\rdm6300_frame_decoder.\payload_b1' using process `$paramod$02e80c0e2bf5fb0d9d18f581cd4dceb28fc227a5\rdm6300_frame_decoder.$proc$/home/hiepthai/Desktop/uart-fifo-rfid-asic/rdm6300_asic_fpga_modular/rtl/rdm6300/rdm6300_frame_decoder.v:60$450'.
  created $dff cell `$procdff$6392' with positive edge clock.
Creating register for signal `$paramod$02e80c0e2bf5fb0d9d18f581cd4dceb28fc227a5\rdm6300_frame_decoder.\payload_b2' using process `$paramod$02e80c0e2bf5fb0d9d18f581cd4dceb28fc227a5\rdm6300_frame_decoder.$proc$/home/hiepthai/Desktop/uart-fifo-rfid-asic/rdm6300_asic_fpga_modular/rtl/rdm6300/rdm6300_frame_decoder.v:60$450'.
  created $dff cell `$procdff$6399' with positive edge clock.
Creating register for signal `$paramod$02e80c0e2bf5fb0d9d18f581cd4dceb28fc227a5\rdm6300_frame_decoder.\payload_b3' using process `$paramod$02e80c0e2bf5fb0d9d18f581cd4dceb28fc227a5\rdm6300_frame_decoder.$proc$/home/hiepthai/Desktop/uart-fifo-rfid-asic/rdm6300_asic_fpga_modular/rtl/rdm6300/rdm6300_frame_decoder.v:60$450'.
  created $dff cell `$procdff$6406' with positive edge clock.
Creating register for signal `$paramod$02e80c0e2bf5fb0d9d18f581cd4dceb28fc227a5\rdm6300_frame_decoder.\payload_b4' using process `$paramod$02e80c0e2bf5fb0d9d18f581cd4dceb28fc227a5\rdm6300_frame_decoder.$proc$/home/hiepthai/Desktop/uart-fifo-rfid-asic/rdm6300_asic_fpga_modular/rtl/rdm6300/rdm6300_frame_decoder.v:60$450'.
  created $dff cell `$procdff$6413' with positive edge clock.
Creating register for signal `$paramod$02e80c0e2bf5fb0d9d18f581cd4dceb28fc227a5\rdm6300_frame_decoder.\checksum_calc' using process `$paramod$02e80c0e2bf5fb0d9d18f581cd4dceb28fc227a5\rdm6300_frame_decoder.$proc$/home/hiepthai/Desktop/uart-fifo-rfid-asic/rdm6300_asic_fpga_modular/rtl/rdm6300/rdm6300_frame_decoder.v:60$450'.
  created $dff cell `$procdff$6420' with positive edge clock.
Creating register for signal `$paramod$02e80c0e2bf5fb0d9d18f581cd4dceb28fc227a5\rdm6300_frame_decoder.\checksum_rx' using process `$paramod$02e80c0e2bf5fb0d9d18f581cd4dceb28fc227a5\rdm6300_frame_decoder.$proc$/home/hiepthai/Desktop/uart-fifo-rfid-asic/rdm6300_asic_fpga_modular/rtl/rdm6300/rdm6300_frame_decoder.v:60$450'.
  created $dff cell `$procdff$6427' with positive edge clock.
Creating register for signal `$paramod$02e80c0e2bf5fb0d9d18f581cd4dceb28fc227a5\rdm6300_frame_decoder.\decoded_payload' using process `$paramod$02e80c0e2bf5fb0d9d18f581cd4dceb28fc227a5\rdm6300_frame_decoder.$proc$/home/hiepthai/Desktop/uart-fifo-rfid-asic/rdm6300_asic_fpga_modular/rtl/rdm6300/rdm6300_frame_decoder.v:60$450'.
  created $adff cell `$procdff$6432' with positive edge clock and positive level reset.
Creating register for signal `$paramod$02e80c0e2bf5fb0d9d18f581cd4dceb28fc227a5\rdm6300_frame_decoder.\decoded_checksum_calc' using process `$paramod$02e80c0e2bf5fb0d9d18f581cd4dceb28fc227a5\rdm6300_frame_decoder.$proc$/home/hiepthai/Desktop/uart-fifo-rfid-asic/rdm6300_asic_fpga_modular/rtl/rdm6300/rdm6300_frame_decoder.v:60$450'.
  created $adff cell `$procdff$6437' with positive edge clock and positive level reset.
Creating register for signal `$paramod$02e80c0e2bf5fb0d9d18f581cd4dceb28fc227a5\rdm6300_frame_decoder.\decoded_checksum_rx' using process `$paramod$02e80c0e2bf5fb0d9d18f581cd4dceb28fc227a5\rdm6300_frame_decoder.$proc$/home/hiepthai/Desktop/uart-fifo-rfid-asic/rdm6300_asic_fpga_modular/rtl/rdm6300/rdm6300_frame_decoder.v:60$450'.
  created $adff cell `$procdff$6442' with positive edge clock and positive level reset.
Creating register for signal `$paramod$02e80c0e2bf5fb0d9d18f581cd4dceb28fc227a5\rdm6300_frame_decoder.\ascii_hex_to_nibble$func$/home/hiepthai/Desktop/uart-fifo-rfid-asic/rdm6300_asic_fpga_modular/rtl/rdm6300/rdm6300_frame_decoder.v:120$435.$result' using process `$paramod$02e80c0e2bf5fb0d9d18f581cd4dceb28fc227a5\rdm6300_frame_decoder.$proc$/home/hiepthai/Desktop/uart-fifo-rfid-asic/rdm6300_asic_fpga_modular/rtl/rdm6300/rdm6300_frame_decoder.v:60$450'.
  created $adff cell `$procdff$6447' with positive edge clock and positive level reset.
Creating register for signal `$paramod$02e80c0e2bf5fb0d9d18f581cd4dceb28fc227a5\rdm6300_frame_decoder.\ascii_hex_to_nibble$func$/home/hiepthai/Desktop/uart-fifo-rfid-asic/rdm6300_asic_fpga_modular/rtl/rdm6300/rdm6300_frame_decoder.v:120$435.ch' using process `$paramod$02e80c0e2bf5fb0d9d18f581cd4dceb28fc227a5\rdm6300_frame_decoder.$proc$/home/hiepthai/Desktop/uart-fifo-rfid-asic/rdm6300_asic_fpga_modular/rtl/rdm6300/rdm6300_frame_decoder.v:60$450'.
  created $adff cell `$procdff$6452' with positive edge clock and positive level reset.
Creating register for signal `$paramod$02e80c0e2bf5fb0d9d18f581cd4dceb28fc227a5\rdm6300_frame_decoder.\ascii_hex_to_nibble$func$/home/hiepthai/Desktop/uart-fifo-rfid-asic/rdm6300_asic_fpga_modular/rtl/rdm6300/rdm6300_frame_decoder.v:120$436.$result' using process `$paramod$02e80c0e2bf5fb0d9d18f581cd4dceb28fc227a5\rdm6300_frame_decoder.$proc$/home/hiepthai/Desktop/uart-fifo-rfid-asic/rdm6300_asic_fpga_modular/rtl/rdm6300/rdm6300_frame_decoder.v:60$450'.
  created $adff cell `$procdff$6457' with positive edge clock and positive level reset.
Creating register for signal `$paramod$02e80c0e2bf5fb0d9d18f581cd4dceb28fc227a5\rdm6300_frame_decoder.\ascii_hex_to_nibble$func$/home/hiepthai/Desktop/uart-fifo-rfid-asic/rdm6300_asic_fpga_modular/rtl/rdm6300/rdm6300_frame_decoder.v:120$436.ch' using process `$paramod$02e80c0e2bf5fb0d9d18f581cd4dceb28fc227a5\rdm6300_frame_decoder.$proc$/home/hiepthai/Desktop/uart-fifo-rfid-asic/rdm6300_asic_fpga_modular/rtl/rdm6300/rdm6300_frame_decoder.v:60$450'.
  created $adff cell `$procdff$6462' with positive edge clock and positive level reset.
Creating register for signal `$paramod$02e80c0e2bf5fb0d9d18f581cd4dceb28fc227a5\rdm6300_frame_decoder.\ascii_hex_to_nibble$func$/home/hiepthai/Desktop/uart-fifo-rfid-asic/rdm6300_asic_fpga_modular/rtl/rdm6300/rdm6300_frame_decoder.v:120$437.$result' using process `$paramod$02e80c0e2bf5fb0d9d18f581cd4dceb28fc227a5\rdm6300_frame_decoder.$proc$/home/hiepthai/Desktop/uart-fifo-rfid-asic/rdm6300_asic_fpga_modular/rtl/rdm6300/rdm6300_frame_decoder.v:60$450'.
  created $adff cell `$procdff$6467' with positive edge clock and positive level reset.
Creating register for signal `$paramod$02e80c0e2bf5fb0d9d18f581cd4dceb28fc227a5\rdm6300_frame_decoder.\ascii_hex_to_nibble$func$/home/hiepthai/Desktop/uart-fifo-rfid-asic/rdm6300_asic_fpga_modular/rtl/rdm6300/rdm6300_frame_decoder.v:120$437.ch' using process `$paramod$02e80c0e2bf5fb0d9d18f581cd4dceb28fc227a5\rdm6300_frame_decoder.$proc$/home/hiepthai/Desktop/uart-fifo-rfid-asic/rdm6300_asic_fpga_modular/rtl/rdm6300/rdm6300_frame_decoder.v:60$450'.
  created $adff cell `$procdff$6472' with positive edge clock and positive level reset.
Creating register for signal `$paramod$02e80c0e2bf5fb0d9d18f581cd4dceb28fc227a5\rdm6300_frame_decoder.\ascii_hex_to_nibble$func$/home/hiepthai/Desktop/uart-fifo-rfid-asic/rdm6300_asic_fpga_modular/rtl/rdm6300/rdm6300_frame_decoder.v:120$438.$result' using process `$paramod$02e80c0e2bf5fb0d9d18f581cd4dceb28fc227a5\rdm6300_frame_decoder.$proc$/home/hiepthai/Desktop/uart-fifo-rfid-asic/rdm6300_asic_fpga_modular/rtl/rdm6300/rdm6300_frame_decoder.v:60$450'.
  created $adff cell `$procdff$6477' with positive edge clock and positive level reset.
Creating register for signal `$paramod$02e80c0e2bf5fb0d9d18f581cd4dceb28fc227a5\rdm6300_frame_decoder.\ascii_hex_to_nibble$func$/home/hiepthai/Desktop/uart-fifo-rfid-asic/rdm6300_asic_fpga_modular/rtl/rdm6300/rdm6300_frame_decoder.v:120$438.ch' using process `$paramod$02e80c0e2bf5fb0d9d18f581cd4dceb28fc227a5\rdm6300_frame_decoder.$proc$/home/hiepthai/Desktop/uart-fifo-rfid-asic/rdm6300_asic_fpga_modular/rtl/rdm6300/rdm6300_frame_decoder.v:60$450'.
  created $adff cell `$procdff$6482' with positive edge clock and positive level reset.
Creating register for signal `$paramod$02e80c0e2bf5fb0d9d18f581cd4dceb28fc227a5\rdm6300_frame_decoder.\ascii_hex_to_nibble$func$/home/hiepthai/Desktop/uart-fifo-rfid-asic/rdm6300_asic_fpga_modular/rtl/rdm6300/rdm6300_frame_decoder.v:120$439.$result' using process `$paramod$02e80c0e2bf5fb0d9d18f581cd4dceb28fc227a5\rdm6300_frame_decoder.$proc$/home/hiepthai/Desktop/uart-fifo-rfid-asic/rdm6300_asic_fpga_modular/rtl/rdm6300/rdm6300_frame_decoder.v:60$450'.
  created $adff cell `$procdff$6487' with positive edge clock and positive level reset.
Creating register for signal `$paramod$02e80c0e2bf5fb0d9d18f581cd4dceb28fc227a5\rdm6300_frame_decoder.\ascii_hex_to_nibble$func$/home/hiepthai/Desktop/uart-fifo-rfid-asic/rdm6300_asic_fpga_modular/rtl/rdm6300/rdm6300_frame_decoder.v:120$439.ch' using process `$paramod$02e80c0e2bf5fb0d9d18f581cd4dceb28fc227a5\rdm6300_frame_decoder.$proc$/home/hiepthai/Desktop/uart-fifo-rfid-asic/rdm6300_asic_fpga_modular/rtl/rdm6300/rdm6300_frame_decoder.v:60$450'.
  created $adff cell `$procdff$6492' with positive edge clock and positive level reset.
Creating register for signal `$paramod$02e80c0e2bf5fb0d9d18f581cd4dceb28fc227a5\rdm6300_frame_decoder.\ascii_hex_to_nibble$func$/home/hiepthai/Desktop/uart-fifo-rfid-asic/rdm6300_asic_fpga_modular/rtl/rdm6300/rdm6300_frame_decoder.v:120$440.$result' using process `$paramod$02e80c0e2bf5fb0d9d18f581cd4dceb28fc227a5\rdm6300_frame_decoder.$proc$/home/hiepthai/Desktop/uart-fifo-rfid-asic/rdm6300_asic_fpga_modular/rtl/rdm6300/rdm6300_frame_decoder.v:60$450'.
  created $adff cell `$procdff$6497' with positive edge clock and positive level reset.
Creating register for signal `$paramod$02e80c0e2bf5fb0d9d18f581cd4dceb28fc227a5\rdm6300_frame_decoder.\ascii_hex_to_nibble$func$/home/hiepthai/Desktop/uart-fifo-rfid-asic/rdm6300_asic_fpga_modular/rtl/rdm6300/rdm6300_frame_decoder.v:120$440.ch' using process `$paramod$02e80c0e2bf5fb0d9d18f581cd4dceb28fc227a5\rdm6300_frame_decoder.$proc$/home/hiepthai/Desktop/uart-fifo-rfid-asic/rdm6300_asic_fpga_modular/rtl/rdm6300/rdm6300_frame_decoder.v:60$450'.
  created $adff cell `$procdff$6502' with positive edge clock and positive level reset.
Creating register for signal `$paramod$02e80c0e2bf5fb0d9d18f581cd4dceb28fc227a5\rdm6300_frame_decoder.\ascii_hex_to_nibble$func$/home/hiepthai/Desktop/uart-fifo-rfid-asic/rdm6300_asic_fpga_modular/rtl/rdm6300/rdm6300_frame_decoder.v:120$441.$result' using process `$paramod$02e80c0e2bf5fb0d9d18f581cd4dceb28fc227a5\rdm6300_frame_decoder.$proc$/home/hiepthai/Desktop/uart-fifo-rfid-asic/rdm6300_asic_fpga_modular/rtl/rdm6300/rdm6300_frame_decoder.v:60$450'.
  created $adff cell `$procdff$6507' with positive edge clock and positive level reset.
Creating register for signal `$paramod$02e80c0e2bf5fb0d9d18f581cd4dceb28fc227a5\rdm6300_frame_decoder.\ascii_hex_to_nibble$func$/home/hiepthai/Desktop/uart-fifo-rfid-asic/rdm6300_asic_fpga_modular/rtl/rdm6300/rdm6300_frame_decoder.v:120$441.ch' using process `$paramod$02e80c0e2bf5fb0d9d18f581cd4dceb28fc227a5\rdm6300_frame_decoder.$proc$/home/hiepthai/Desktop/uart-fifo-rfid-asic/rdm6300_asic_fpga_modular/rtl/rdm6300/rdm6300_frame_decoder.v:60$450'.
  created $adff cell `$procdff$6512' with positive edge clock and positive level reset.
Creating register for signal `$paramod$02e80c0e2bf5fb0d9d18f581cd4dceb28fc227a5\rdm6300_frame_decoder.\ascii_hex_to_nibble$func$/home/hiepthai/Desktop/uart-fifo-rfid-asic/rdm6300_asic_fpga_modular/rtl/rdm6300/rdm6300_frame_decoder.v:120$442.$result' using process `$paramod$02e80c0e2bf5fb0d9d18f581cd4dceb28fc227a5\rdm6300_frame_decoder.$proc$/home/hiepthai/Desktop/uart-fifo-rfid-asic/rdm6300_asic_fpga_modular/rtl/rdm6300/rdm6300_frame_decoder.v:60$450'.
  created $adff cell `$procdff$6517' with positive edge clock and positive level reset.
Creating register for signal `$paramod$02e80c0e2bf5fb0d9d18f581cd4dceb28fc227a5\rdm6300_frame_decoder.\ascii_hex_to_nibble$func$/home/hiepthai/Desktop/uart-fifo-rfid-asic/rdm6300_asic_fpga_modular/rtl/rdm6300/rdm6300_frame_decoder.v:120$442.ch' using process `$paramod$02e80c0e2bf5fb0d9d18f581cd4dceb28fc227a5\rdm6300_frame_decoder.$proc$/home/hiepthai/Desktop/uart-fifo-rfid-asic/rdm6300_asic_fpga_modular/rtl/rdm6300/rdm6300_frame_decoder.v:60$450'.
  created $adff cell `$procdff$6522' with positive edge clock and positive level reset.
Creating register for signal `$paramod$02e80c0e2bf5fb0d9d18f581cd4dceb28fc227a5\rdm6300_frame_decoder.\ascii_hex_to_nibble$func$/home/hiepthai/Desktop/uart-fifo-rfid-asic/rdm6300_asic_fpga_modular/rtl/rdm6300/rdm6300_frame_decoder.v:120$443.$result' using process `$paramod$02e80c0e2bf5fb0d9d18f581cd4dceb28fc227a5\rdm6300_frame_decoder.$proc$/home/hiepthai/Desktop/uart-fifo-rfid-asic/rdm6300_asic_fpga_modular/rtl/rdm6300/rdm6300_frame_decoder.v:60$450'.
  created $adff cell `$procdff$6527' with positive edge clock and positive level reset.
Creating register for signal `$paramod$02e80c0e2bf5fb0d9d18f581cd4dceb28fc227a5\rdm6300_frame_decoder.\ascii_hex_to_nibble$func$/home/hiepthai/Desktop/uart-fifo-rfid-asic/rdm6300_asic_fpga_modular/rtl/rdm6300/rdm6300_frame_decoder.v:120$443.ch' using process `$paramod$02e80c0e2bf5fb0d9d18f581cd4dceb28fc227a5\rdm6300_frame_decoder.$proc$/home/hiepthai/Desktop/uart-fifo-rfid-asic/rdm6300_asic_fpga_modular/rtl/rdm6300/rdm6300_frame_decoder.v:60$450'.
  created $adff cell `$procdff$6532' with positive edge clock and positive level reset.
Creating register for signal `$paramod$02e80c0e2bf5fb0d9d18f581cd4dceb28fc227a5\rdm6300_frame_decoder.\ascii_hex_to_nibble$func$/home/hiepthai/Desktop/uart-fifo-rfid-asic/rdm6300_asic_fpga_modular/rtl/rdm6300/rdm6300_frame_decoder.v:120$444.$result' using process `$paramod$02e80c0e2bf5fb0d9d18f581cd4dceb28fc227a5\rdm6300_frame_decoder.$proc$/home/hiepthai/Desktop/uart-fifo-rfid-asic/rdm6300_asic_fpga_modular/rtl/rdm6300/rdm6300_frame_decoder.v:60$450'.
  created $adff cell `$procdff$6537' with positive edge clock and positive level reset.
Creating register for signal `$paramod$02e80c0e2bf5fb0d9d18f581cd4dceb28fc227a5\rdm6300_frame_decoder.\ascii_hex_to_nibble$func$/home/hiepthai/Desktop/uart-fifo-rfid-asic/rdm6300_asic_fpga_modular/rtl/rdm6300/rdm6300_frame_decoder.v:120$444.ch' using process `$paramod$02e80c0e2bf5fb0d9d18f581cd4dceb28fc227a5\rdm6300_frame_decoder.$proc$/home/hiepthai/Desktop/uart-fifo-rfid-asic/rdm6300_asic_fpga_modular/rtl/rdm6300/rdm6300_frame_decoder.v:60$450'.
  created $adff cell `$procdff$6542' with positive edge clock and positive level reset.
Creating register for signal `$paramod$02e80c0e2bf5fb0d9d18f581cd4dceb28fc227a5\rdm6300_frame_decoder.\ascii_hex_to_nibble$func$/home/hiepthai/Desktop/uart-fifo-rfid-asic/rdm6300_asic_fpga_modular/rtl/rdm6300/rdm6300_frame_decoder.v:120$445.$result' using process `$paramod$02e80c0e2bf5fb0d9d18f581cd4dceb28fc227a5\rdm6300_frame_decoder.$proc$/home/hiepthai/Desktop/uart-fifo-rfid-asic/rdm6300_asic_fpga_modular/rtl/rdm6300/rdm6300_frame_decoder.v:60$450'.
  created $adff cell `$procdff$6547' with positive edge clock and positive level reset.
Creating register for signal `$paramod$02e80c0e2bf5fb0d9d18f581cd4dceb28fc227a5\rdm6300_frame_decoder.\ascii_hex_to_nibble$func$/home/hiepthai/Desktop/uart-fifo-rfid-asic/rdm6300_asic_fpga_modular/rtl/rdm6300/rdm6300_frame_decoder.v:120$445.ch' using process `$paramod$02e80c0e2bf5fb0d9d18f581cd4dceb28fc227a5\rdm6300_frame_decoder.$proc$/home/hiepthai/Desktop/uart-fifo-rfid-asic/rdm6300_asic_fpga_modular/rtl/rdm6300/rdm6300_frame_decoder.v:60$450'.
  created $adff cell `$procdff$6552' with positive edge clock and positive level reset.
Creating register for signal `$paramod$02e80c0e2bf5fb0d9d18f581cd4dceb28fc227a5\rdm6300_frame_decoder.\ascii_hex_to_nibble$func$/home/hiepthai/Desktop/uart-fifo-rfid-asic/rdm6300_asic_fpga_modular/rtl/rdm6300/rdm6300_frame_decoder.v:120$446.$result' using process `$paramod$02e80c0e2bf5fb0d9d18f581cd4dceb28fc227a5\rdm6300_frame_decoder.$proc$/home/hiepthai/Desktop/uart-fifo-rfid-asic/rdm6300_asic_fpga_modular/rtl/rdm6300/rdm6300_frame_decoder.v:60$450'.
  created $adff cell `$procdff$6557' with positive edge clock and positive level reset.
Creating register for signal `$paramod$02e80c0e2bf5fb0d9d18f581cd4dceb28fc227a5\rdm6300_frame_decoder.\ascii_hex_to_nibble$func$/home/hiepthai/Desktop/uart-fifo-rfid-asic/rdm6300_asic_fpga_modular/rtl/rdm6300/rdm6300_frame_decoder.v:120$446.ch' using process `$paramod$02e80c0e2bf5fb0d9d18f581cd4dceb28fc227a5\rdm6300_frame_decoder.$proc$/home/hiepthai/Desktop/uart-fifo-rfid-asic/rdm6300_asic_fpga_modular/rtl/rdm6300/rdm6300_frame_decoder.v:60$450'.
  created $adff cell `$procdff$6562' with positive edge clock and positive level reset.
Creating register for signal `$paramod$02e80c0e2bf5fb0d9d18f581cd4dceb28fc227a5\rdm6300_frame_decoder.\ascii_hex_to_nibble$func$/home/hiepthai/Desktop/uart-fifo-rfid-asic/rdm6300_asic_fpga_modular/rtl/rdm6300/rdm6300_frame_decoder.v:144$447.$result' using process `$paramod$02e80c0e2bf5fb0d9d18f581cd4dceb28fc227a5\rdm6300_frame_decoder.$proc$/home/hiepthai/Desktop/uart-fifo-rfid-asic/rdm6300_asic_fpga_modular/rtl/rdm6300/rdm6300_frame_decoder.v:60$450'.
  created $adff cell `$procdff$6567' with positive edge clock and positive level reset.
Creating register for signal `$paramod$02e80c0e2bf5fb0d9d18f581cd4dceb28fc227a5\rdm6300_frame_decoder.\ascii_hex_to_nibble$func$/home/hiepthai/Desktop/uart-fifo-rfid-asic/rdm6300_asic_fpga_modular/rtl/rdm6300/rdm6300_frame_decoder.v:144$447.ch' using process `$paramod$02e80c0e2bf5fb0d9d18f581cd4dceb28fc227a5\rdm6300_frame_decoder.$proc$/home/hiepthai/Desktop/uart-fifo-rfid-asic/rdm6300_asic_fpga_modular/rtl/rdm6300/rdm6300_frame_decoder.v:60$450'.
  created $adff cell `$procdff$6572' with positive edge clock and positive level reset.
Creating register for signal `$paramod$02e80c0e2bf5fb0d9d18f581cd4dceb28fc227a5\rdm6300_frame_decoder.\ascii_buf[0]' using process `$paramod$02e80c0e2bf5fb0d9d18f581cd4dceb28fc227a5\rdm6300_frame_decoder.$proc$/home/hiepthai/Desktop/uart-fifo-rfid-asic/rdm6300_asic_fpga_modular/rtl/rdm6300/rdm6300_frame_decoder.v:60$450'.
  created $adff cell `$procdff$6577' with positive edge clock and positive level reset.
Creating register for signal `$paramod$02e80c0e2bf5fb0d9d18f581cd4dceb28fc227a5\rdm6300_frame_decoder.\ascii_buf[1]' using process `$paramod$02e80c0e2bf5fb0d9d18f581cd4dceb28fc227a5\rdm6300_frame_decoder.$proc$/home/hiepthai/Desktop/uart-fifo-rfid-asic/rdm6300_asic_fpga_modular/rtl/rdm6300/rdm6300_frame_decoder.v:60$450'.
  created $adff cell `$procdff$6582' with positive edge clock and positive level reset.
Creating register for signal `$paramod$02e80c0e2bf5fb0d9d18f581cd4dceb28fc227a5\rdm6300_frame_decoder.\ascii_buf[2]' using process `$paramod$02e80c0e2bf5fb0d9d18f581cd4dceb28fc227a5\rdm6300_frame_decoder.$proc$/home/hiepthai/Desktop/uart-fifo-rfid-asic/rdm6300_asic_fpga_modular/rtl/rdm6300/rdm6300_frame_decoder.v:60$450'.
  created $adff cell `$procdff$6587' with positive edge clock and positive level reset.
Creating register for signal `$paramod$02e80c0e2bf5fb0d9d18f581cd4dceb28fc227a5\rdm6300_frame_decoder.\ascii_buf[3]' using process `$paramod$02e80c0e2bf5fb0d9d18f581cd4dceb28fc227a5\rdm6300_frame_decoder.$proc$/home/hiepthai/Desktop/uart-fifo-rfid-asic/rdm6300_asic_fpga_modular/rtl/rdm6300/rdm6300_frame_decoder.v:60$450'.
  created $adff cell `$procdff$6592' with positive edge clock and positive level reset.
Creating register for signal `$paramod$02e80c0e2bf5fb0d9d18f581cd4dceb28fc227a5\rdm6300_frame_decoder.\ascii_buf[4]' using process `$paramod$02e80c0e2bf5fb0d9d18f581cd4dceb28fc227a5\rdm6300_frame_decoder.$proc$/home/hiepthai/Desktop/uart-fifo-rfid-asic/rdm6300_asic_fpga_modular/rtl/rdm6300/rdm6300_frame_decoder.v:60$450'.
  created $adff cell `$procdff$6597' with positive edge clock and positive level reset.
Creating register for signal `$paramod$02e80c0e2bf5fb0d9d18f581cd4dceb28fc227a5\rdm6300_frame_decoder.\ascii_buf[5]' using process `$paramod$02e80c0e2bf5fb0d9d18f581cd4dceb28fc227a5\rdm6300_frame_decoder.$proc$/home/hiepthai/Desktop/uart-fifo-rfid-asic/rdm6300_asic_fpga_modular/rtl/rdm6300/rdm6300_frame_decoder.v:60$450'.
  created $adff cell `$procdff$6602' with positive edge clock and positive level reset.
Creating register for signal `$paramod$02e80c0e2bf5fb0d9d18f581cd4dceb28fc227a5\rdm6300_frame_decoder.\ascii_buf[6]' using process `$paramod$02e80c0e2bf5fb0d9d18f581cd4dceb28fc227a5\rdm6300_frame_decoder.$proc$/home/hiepthai/Desktop/uart-fifo-rfid-asic/rdm6300_asic_fpga_modular/rtl/rdm6300/rdm6300_frame_decoder.v:60$450'.
  created $adff cell `$procdff$6607' with positive edge clock and positive level reset.
Creating register for signal `$paramod$02e80c0e2bf5fb0d9d18f581cd4dceb28fc227a5\rdm6300_frame_decoder.\ascii_buf[7]' using process `$paramod$02e80c0e2bf5fb0d9d18f581cd4dceb28fc227a5\rdm6300_frame_decoder.$proc$/home/hiepthai/Desktop/uart-fifo-rfid-asic/rdm6300_asic_fpga_modular/rtl/rdm6300/rdm6300_frame_decoder.v:60$450'.
  created $adff cell `$procdff$6612' with positive edge clock and positive level reset.
Creating register for signal `$paramod$02e80c0e2bf5fb0d9d18f581cd4dceb28fc227a5\rdm6300_frame_decoder.\ascii_buf[8]' using process `$paramod$02e80c0e2bf5fb0d9d18f581cd4dceb28fc227a5\rdm6300_frame_decoder.$proc$/home/hiepthai/Desktop/uart-fifo-rfid-asic/rdm6300_asic_fpga_modular/rtl/rdm6300/rdm6300_frame_decoder.v:60$450'.
  created $adff cell `$procdff$6617' with positive edge clock and positive level reset.
Creating register for signal `$paramod$02e80c0e2bf5fb0d9d18f581cd4dceb28fc227a5\rdm6300_frame_decoder.\ascii_buf[9]' using process `$paramod$02e80c0e2bf5fb0d9d18f581cd4dceb28fc227a5\rdm6300_frame_decoder.$proc$/home/hiepthai/Desktop/uart-fifo-rfid-asic/rdm6300_asic_fpga_modular/rtl/rdm6300/rdm6300_frame_decoder.v:60$450'.
  created $adff cell `$procdff$6622' with positive edge clock and positive level reset.
Creating register for signal `$paramod$02e80c0e2bf5fb0d9d18f581cd4dceb28fc227a5\rdm6300_frame_decoder.\ascii_buf[10]' using process `$paramod$02e80c0e2bf5fb0d9d18f581cd4dceb28fc227a5\rdm6300_frame_decoder.$proc$/home/hiepthai/Desktop/uart-fifo-rfid-asic/rdm6300_asic_fpga_modular/rtl/rdm6300/rdm6300_frame_decoder.v:60$450'.
  created $adff cell `$procdff$6627' with positive edge clock and positive level reset.
Creating register for signal `$paramod$02e80c0e2bf5fb0d9d18f581cd4dceb28fc227a5\rdm6300_frame_decoder.\ascii_buf[11]' using process `$paramod$02e80c0e2bf5fb0d9d18f581cd4dceb28fc227a5\rdm6300_frame_decoder.$proc$/home/hiepthai/Desktop/uart-fifo-rfid-asic/rdm6300_asic_fpga_modular/rtl/rdm6300/rdm6300_frame_decoder.v:60$450'.
  created $adff cell `$procdff$6632' with positive edge clock and positive level reset.
Creating register for signal `$paramod$02e80c0e2bf5fb0d9d18f581cd4dceb28fc227a5\rdm6300_frame_decoder.\nibble[0]' using process `$paramod$02e80c0e2bf5fb0d9d18f581cd4dceb28fc227a5\rdm6300_frame_decoder.$proc$/home/hiepthai/Desktop/uart-fifo-rfid-asic/rdm6300_asic_fpga_modular/rtl/rdm6300/rdm6300_frame_decoder.v:60$450'.
  created $dff cell `$procdff$6639' with positive edge clock.
Creating register for signal `$paramod$02e80c0e2bf5fb0d9d18f581cd4dceb28fc227a5\rdm6300_frame_decoder.\nibble[1]' using process `$paramod$02e80c0e2bf5fb0d9d18f581cd4dceb28fc227a5\rdm6300_frame_decoder.$proc$/home/hiepthai/Desktop/uart-fifo-rfid-asic/rdm6300_asic_fpga_modular/rtl/rdm6300/rdm6300_frame_decoder.v:60$450'.
  created $dff cell `$procdff$6646' with positive edge clock.
Creating register for signal `$paramod$02e80c0e2bf5fb0d9d18f581cd4dceb28fc227a5\rdm6300_frame_decoder.\nibble[2]' using process `$paramod$02e80c0e2bf5fb0d9d18f581cd4dceb28fc227a5\rdm6300_frame_decoder.$proc$/home/hiepthai/Desktop/uart-fifo-rfid-asic/rdm6300_asic_fpga_modular/rtl/rdm6300/rdm6300_frame_decoder.v:60$450'.
  created $dff cell `$procdff$6653' with positive edge clock.
Creating register for signal `$paramod$02e80c0e2bf5fb0d9d18f581cd4dceb28fc227a5\rdm6300_frame_decoder.\nibble[3]' using process `$paramod$02e80c0e2bf5fb0d9d18f581cd4dceb28fc227a5\rdm6300_frame_decoder.$proc$/home/hiepthai/Desktop/uart-fifo-rfid-asic/rdm6300_asic_fpga_modular/rtl/rdm6300/rdm6300_frame_decoder.v:60$450'.
  created $dff cell `$procdff$6660' with positive edge clock.
Creating register for signal `$paramod$02e80c0e2bf5fb0d9d18f581cd4dceb28fc227a5\rdm6300_frame_decoder.\nibble[4]' using process `$paramod$02e80c0e2bf5fb0d9d18f581cd4dceb28fc227a5\rdm6300_frame_decoder.$proc$/home/hiepthai/Desktop/uart-fifo-rfid-asic/rdm6300_asic_fpga_modular/rtl/rdm6300/rdm6300_frame_decoder.v:60$450'.
  created $dff cell `$procdff$6667' with positive edge clock.
Creating register for signal `$paramod$02e80c0e2bf5fb0d9d18f581cd4dceb28fc227a5\rdm6300_frame_decoder.\nibble[5]' using process `$paramod$02e80c0e2bf5fb0d9d18f581cd4dceb28fc227a5\rdm6300_frame_decoder.$proc$/home/hiepthai/Desktop/uart-fifo-rfid-asic/rdm6300_asic_fpga_modular/rtl/rdm6300/rdm6300_frame_decoder.v:60$450'.
  created $dff cell `$procdff$6674' with positive edge clock.
Creating register for signal `$paramod$02e80c0e2bf5fb0d9d18f581cd4dceb28fc227a5\rdm6300_frame_decoder.\nibble[6]' using process `$paramod$02e80c0e2bf5fb0d9d18f581cd4dceb28fc227a5\rdm6300_frame_decoder.$proc$/home/hiepthai/Desktop/uart-fifo-rfid-asic/rdm6300_asic_fpga_modular/rtl/rdm6300/rdm6300_frame_decoder.v:60$450'.
  created $dff cell `$procdff$6681' with positive edge clock.
Creating register for signal `$paramod$02e80c0e2bf5fb0d9d18f581cd4dceb28fc227a5\rdm6300_frame_decoder.\nibble[7]' using process `$paramod$02e80c0e2bf5fb0d9d18f581cd4dceb28fc227a5\rdm6300_frame_decoder.$proc$/home/hiepthai/Desktop/uart-fifo-rfid-asic/rdm6300_asic_fpga_modular/rtl/rdm6300/rdm6300_frame_decoder.v:60$450'.
  created $dff cell `$procdff$6688' with positive edge clock.
Creating register for signal `$paramod$02e80c0e2bf5fb0d9d18f581cd4dceb28fc227a5\rdm6300_frame_decoder.\nibble[8]' using process `$paramod$02e80c0e2bf5fb0d9d18f581cd4dceb28fc227a5\rdm6300_frame_decoder.$proc$/home/hiepthai/Desktop/uart-fifo-rfid-asic/rdm6300_asic_fpga_modular/rtl/rdm6300/rdm6300_frame_decoder.v:60$450'.
  created $dff cell `$procdff$6695' with positive edge clock.
Creating register for signal `$paramod$02e80c0e2bf5fb0d9d18f581cd4dceb28fc227a5\rdm6300_frame_decoder.\nibble[9]' using process `$paramod$02e80c0e2bf5fb0d9d18f581cd4dceb28fc227a5\rdm6300_frame_decoder.$proc$/home/hiepthai/Desktop/uart-fifo-rfid-asic/rdm6300_asic_fpga_modular/rtl/rdm6300/rdm6300_frame_decoder.v:60$450'.
  created $dff cell `$procdff$6702' with positive edge clock.
Creating register for signal `$paramod$02e80c0e2bf5fb0d9d18f581cd4dceb28fc227a5\rdm6300_frame_decoder.\nibble[10]' using process `$paramod$02e80c0e2bf5fb0d9d18f581cd4dceb28fc227a5\rdm6300_frame_decoder.$proc$/home/hiepthai/Desktop/uart-fifo-rfid-asic/rdm6300_asic_fpga_modular/rtl/rdm6300/rdm6300_frame_decoder.v:60$450'.
  created $dff cell `$procdff$6709' with positive edge clock.
Creating register for signal `$paramod$02e80c0e2bf5fb0d9d18f581cd4dceb28fc227a5\rdm6300_frame_decoder.\nibble[11]' using process `$paramod$02e80c0e2bf5fb0d9d18f581cd4dceb28fc227a5\rdm6300_frame_decoder.$proc$/home/hiepthai/Desktop/uart-fifo-rfid-asic/rdm6300_asic_fpga_modular/rtl/rdm6300/rdm6300_frame_decoder.v:60$450'.
  created $dff cell `$procdff$6716' with positive edge clock.
Creating register for signal `$paramod$02e80c0e2bf5fb0d9d18f581cd4dceb28fc227a5\rdm6300_frame_decoder.$mem2reg_wr$\ascii_buf$/home/hiepthai/Desktop/uart-fifo-rfid-asic/rdm6300_asic_fpga_modular/rtl/rdm6300/rdm6300_frame_decoder.v:149$448_ADDR' using process `$paramod$02e80c0e2bf5fb0d9d18f581cd4dceb28fc227a5\rdm6300_frame_decoder.$proc$/home/hiepthai/Desktop/uart-fifo-rfid-asic/rdm6300_asic_fpga_modular/rtl/rdm6300/rdm6300_frame_decoder.v:60$450'.
  created $adff cell `$procdff$6721' with positive edge clock and positive level reset.
Creating register for signal `$paramod$02e80c0e2bf5fb0d9d18f581cd4dceb28fc227a5\rdm6300_frame_decoder.$mem2reg_wr$\ascii_buf$/home/hiepthai/Desktop/uart-fifo-rfid-asic/rdm6300_asic_fpga_modular/rtl/rdm6300/rdm6300_frame_decoder.v:149$448_DATA' using process `$paramod$02e80c0e2bf5fb0d9d18f581cd4dceb28fc227a5\rdm6300_frame_decoder.$proc$/home/hiepthai/Desktop/uart-fifo-rfid-asic/rdm6300_asic_fpga_modular/rtl/rdm6300/rdm6300_frame_decoder.v:60$450'.
  created $adff cell `$procdff$6726' with positive edge clock and positive level reset.

13.10. Executing PROC_MEMWR pass (convert process memory writes to cells).

13.11. Executing PROC_CLEAN pass (remove empty switches from decision trees).
Removing empty process `top_basys3_rdm6300.$proc$/home/hiepthai/Desktop/uart-fifo-rfid-asic/rdm6300_asic_fpga_modular/fpga/rtl/top_basys3_rdm6300.v:17$5'.
Removing empty process `top_basys3_rdm6300.$proc$/home/hiepthai/Desktop/uart-fifo-rfid-asic/rdm6300_asic_fpga_modular/fpga/rtl/top_basys3_rdm6300.v:64$4'.
Found and cleaned up 3 empty switches in `\card_packet_encoder.$proc$/home/hiepthai/Desktop/uart-fifo-rfid-asic/rdm6300_asic_fpga_modular/rtl/app/card_packet_encoder.v:64$134'.
Removing empty process `card_packet_encoder.$proc$/home/hiepthai/Desktop/uart-fifo-rfid-asic/rdm6300_asic_fpga_modular/rtl/app/card_packet_encoder.v:64$134'.
Found and cleaned up 1 empty switch in `\card_packet_encoder.$proc$/home/hiepthai/Desktop/uart-fifo-rfid-asic/rdm6300_asic_fpga_modular/rtl/app/card_packet_encoder.v:49$133'.
Removing empty process `card_packet_encoder.$proc$/home/hiepthai/Desktop/uart-fifo-rfid-asic/rdm6300_asic_fpga_modular/rtl/app/card_packet_encoder.v:49$133'.
Removing empty process `$paramod\sync_2ff\RESET_VALUE=1'1.$proc$/home/hiepthai/Desktop/uart-fifo-rfid-asic/rdm6300_asic_fpga_modular/rtl/common/sync_2ff.v:13$123'.
Found and cleaned up 15 empty switches in `$paramod\uart_rx\CLKS_PER_BIT=s32'00000000000000000010100010110001.$proc$/home/hiepthai/Desktop/uart-fifo-rfid-asic/rdm6300_asic_fpga_modular/rtl/uart/uart_rx.v:61$81'.
Removing empty process `$paramod\uart_rx\CLKS_PER_BIT=s32'00000000000000000010100010110001.$proc$/home/hiepthai/Desktop/uart-fifo-rfid-asic/rdm6300_asic_fpga_modular/rtl/uart/uart_rx.v:61$81'.
Found and cleaned up 3 empty switches in `$paramod\uart_rx\CLKS_PER_BIT=s32'00000000000000000010100010110001.$proc$/home/hiepthai/Desktop/uart-fifo-rfid-asic/rdm6300_asic_fpga_modular/rtl/uart/uart_rx.v:45$75'.
Removing empty process `$paramod\uart_rx\CLKS_PER_BIT=s32'00000000000000000010100010110001.$proc$/home/hiepthai/Desktop/uart-fifo-rfid-asic/rdm6300_asic_fpga_modular/rtl/uart/uart_rx.v:45$75'.
Found and cleaned up 3 empty switches in `$paramod$9725208b3e344c3de14a607aed5740fe612d0487\rx_fifo.$proc$/home/hiepthai/Desktop/uart-fifo-rfid-asic/rdm6300_asic_fpga_modular/rtl/fifo/rx_fifo.v:42$58'.
Removing empty process `$paramod$9725208b3e344c3de14a607aed5740fe612d0487\rx_fifo.$proc$/home/hiepthai/Desktop/uart-fifo-rfid-asic/rdm6300_asic_fpga_modular/rtl/fifo/rx_fifo.v:42$58'.
Found and cleaned up 1 empty switch in `$paramod$9725208b3e344c3de14a607aed5740fe612d0487\rx_fifo.$proc$/home/hiepthai/Desktop/uart-fifo-rfid-asic/rdm6300_asic_fpga_modular/rtl/fifo/rx_fifo.v:37$51'.
Removing empty process `$paramod$9725208b3e344c3de14a607aed5740fe612d0487\rx_fifo.$proc$/home/hiepthai/Desktop/uart-fifo-rfid-asic/rdm6300_asic_fpga_modular/rtl/fifo/rx_fifo.v:37$51'.
Found and cleaned up 3 empty switches in `$paramod$9725208b3e344c3de14a607aed5740fe612d0487\tx_fifo.$proc$/home/hiepthai/Desktop/uart-fifo-rfid-asic/rdm6300_asic_fpga_modular/rtl/fifo/tx_fifo.v:42$33'.
Removing empty process `$paramod$9725208b3e344c3de14a607aed5740fe612d0487\tx_fifo.$proc$/home/hiepthai/Desktop/uart-fifo-rfid-asic/rdm6300_asic_fpga_modular/rtl/fifo/tx_fifo.v:42$33'.
Found and cleaned up 1 empty switch in `$paramod$9725208b3e344c3de14a607aed5740fe612d0487\tx_fifo.$proc$/home/hiepthai/Desktop/uart-fifo-rfid-asic/rdm6300_asic_fpga_modular/rtl/fifo/tx_fifo.v:37$26'.
Removing empty process `$paramod$9725208b3e344c3de14a607aed5740fe612d0487\tx_fifo.$proc$/home/hiepthai/Desktop/uart-fifo-rfid-asic/rdm6300_asic_fpga_modular/rtl/fifo/tx_fifo.v:37$26'.
Found and cleaned up 6 empty switches in `$paramod\uart_tx\CLKS_PER_BIT=s32'00000000000000000010100010110001.$proc$/home/hiepthai/Desktop/uart-fifo-rfid-asic/rdm6300_asic_fpga_modular/rtl/uart/uart_tx.v:29$7'.
Removing empty process `$paramod\uart_tx\CLKS_PER_BIT=s32'00000000000000000010100010110001.$proc$/home/hiepthai/Desktop/uart-fifo-rfid-asic/rdm6300_asic_fpga_modular/rtl/uart/uart_tx.v:29$7'.
Found and cleaned up 52 empty switches in `$paramod$02e80c0e2bf5fb0d9d18f581cd4dceb28fc227a5\rdm6300_frame_decoder.$proc$/home/hiepthai/Desktop/uart-fifo-rfid-asic/rdm6300_asic_fpga_modular/rtl/rdm6300/rdm6300_frame_decoder.v:60$450'.
Removing empty process `$paramod$02e80c0e2bf5fb0d9d18f581cd4dceb28fc227a5\rdm6300_frame_decoder.$proc$/home/hiepthai/Desktop/uart-fifo-rfid-asic/rdm6300_asic_fpga_modular/rtl/rdm6300/rdm6300_frame_decoder.v:60$450'.
Cleaned up 88 empty switches.

13.12. Executing OPT_EXPR pass (perform const folding).
Optimizing module top_basys3_rdm6300.
Optimizing module card_packet_encoder.
<suppressed ~235 debug messages>
Optimizing module $paramod\sync_2ff\RESET_VALUE=1'1.
<suppressed ~4 debug messages>
Optimizing module $paramod\uart_rx\CLKS_PER_BIT=s32'00000000000000000010100010110001.
<suppressed ~34 debug messages>
Optimizing module $paramod$9725208b3e344c3de14a607aed5740fe612d0487\rx_fifo.
<suppressed ~13 debug messages>
Optimizing module $paramod$19b30effc69b8f95885a3366612311c5bdf2a060\rfid_parser.
Optimizing module $paramod$9725208b3e344c3de14a607aed5740fe612d0487\tx_fifo.
<suppressed ~13 debug messages>
Optimizing module $paramod\uart_tx\CLKS_PER_BIT=s32'00000000000000000010100010110001.
<suppressed ~22 debug messages>
Optimizing module $paramod$02e80c0e2bf5fb0d9d18f581cd4dceb28fc227a5\rdm6300_frame_decoder.
<suppressed ~148 debug messages>

14. Executing FLATTEN pass (flatten design).
Deleting now unused module card_packet_encoder.
Deleting now unused module $paramod\sync_2ff\RESET_VALUE=1'1.
Deleting now unused module $paramod\uart_rx\CLKS_PER_BIT=s32'00000000000000000010100010110001.
Deleting now unused module $paramod$9725208b3e344c3de14a607aed5740fe612d0487\rx_fifo.
Deleting now unused module $paramod$19b30effc69b8f95885a3366612311c5bdf2a060\rfid_parser.
Deleting now unused module $paramod$9725208b3e344c3de14a607aed5740fe612d0487\tx_fifo.
Deleting now unused module $paramod\uart_tx\CLKS_PER_BIT=s32'00000000000000000010100010110001.
Deleting now unused module $paramod$02e80c0e2bf5fb0d9d18f581cd4dceb28fc227a5\rdm6300_frame_decoder.
<suppressed ~8 debug messages>

15. Executing OPT_CLEAN pass (remove unused cells and wires).
Finding unused cells or wires in module \top_basys3_rdm6300..
Removed 1577 unused cells and 3913 unused wires.
<suppressed ~1734 debug messages>
