
 /----------------------------------------------------------------------------\
 |  yosys -- Yosys Open SYnthesis Suite                                       |
 |  Copyright (C) 2012 - 2024  Claire Xenia Wolf <claire@yosyshq.com>         |
 |  Distributed under an ISC-like license, type "license" to see terms        |
 \----------------------------------------------------------------------------/
 Yosys 0.46 (git sha1 e97731b9dda91fa5fa53ed87df7c34163ba59a41, clang++ 17.0.6 -fPIC -O3)
Loaded SDC plugin

1. Executing Liberty frontend: /home/hiepthai/.volare/volare/sky130/versions/0fe599b2afb6708d281543108caf8310912f54af/sky130A/libs.ref/sky130_fd_sc_hd/lib/sky130_fd_sc_hd__tt_025C_1v80.lib
Imported 428 cell types from liberty file.
[INFO] Using SDC file '/home/hiepthai/Desktop/uart-fifo-rfid-asic/rdm6300_asic_fpga_modular/runs/RUN_2026-08-25_11-50-18/06-yosys-synthesis/synthesis.abc.sdc' for ABC…

2. Executing Verilog-2005 frontend: /home/hiepthai/Desktop/uart-fifo-rfid-asic/rdm6300_asic_fpga_modular/rtl/common/sync_2ff.v
Parsing SystemVerilog input from `/home/hiepthai/Desktop/uart-fifo-rfid-asic/rdm6300_asic_fpga_modular/rtl/common/sync_2ff.v' to AST representation.
Storing AST representation for module `$abstract\sync_2ff'.
Successfully finished Verilog frontend.

3. Executing Verilog-2005 frontend: /home/hiepthai/Desktop/uart-fifo-rfid-asic/rdm6300_asic_fpga_modular/rtl/fifo/rx_fifo.v
Parsing SystemVerilog input from `/home/hiepthai/Desktop/uart-fifo-rfid-asic/rdm6300_asic_fpga_modular/rtl/fifo/rx_fifo.v' to AST representation.
Storing AST representation for module `$abstract\rx_fifo'.
Successfully finished Verilog frontend.

4. Executing Verilog-2005 frontend: /home/hiepthai/Desktop/uart-fifo-rfid-asic/rdm6300_asic_fpga_modular/rtl/fifo/tx_fifo.v
Parsing SystemVerilog input from `/home/hiepthai/Desktop/uart-fifo-rfid-asic/rdm6300_asic_fpga_modular/rtl/fifo/tx_fifo.v' to AST representation.
Storing AST representation for module `$abstract\tx_fifo'.
Successfully finished Verilog frontend.

5. Executing Verilog-2005 frontend: /home/hiepthai/Desktop/uart-fifo-rfid-asic/rdm6300_asic_fpga_modular/rtl/uart/uart_rx.v
Parsing SystemVerilog input from `/home/hiepthai/Desktop/uart-fifo-rfid-asic/rdm6300_asic_fpga_modular/rtl/uart/uart_rx.v' to AST representation.
Storing AST representation for module `$abstract\uart_rx'.
Successfully finished Verilog frontend.

6. Executing Verilog-2005 frontend: /home/hiepthai/Desktop/uart-fifo-rfid-asic/rdm6300_asic_fpga_modular/rtl/uart/uart_tx.v
Parsing SystemVerilog input from `/home/hiepthai/Desktop/uart-fifo-rfid-asic/rdm6300_asic_fpga_modular/rtl/uart/uart_tx.v' to AST representation.
Storing AST representation for module `$abstract\uart_tx'.
Successfully finished Verilog frontend.

7. Executing Verilog-2005 frontend: /home/hiepthai/Desktop/uart-fifo-rfid-asic/rdm6300_asic_fpga_modular/rtl/rdm6300/rdm6300_frame_decoder.v
Parsing SystemVerilog input from `/home/hiepthai/Desktop/uart-fifo-rfid-asic/rdm6300_asic_fpga_modular/rtl/rdm6300/rdm6300_frame_decoder.v' to AST representation.
Storing AST representation for module `$abstract\rdm6300_frame_decoder'.
Successfully finished Verilog frontend.

8. Executing Verilog-2005 frontend: /home/hiepthai/Desktop/uart-fifo-rfid-asic/rdm6300_asic_fpga_modular/rtl/app/card_packet_encoder.v
Parsing SystemVerilog input from `/home/hiepthai/Desktop/uart-fifo-rfid-asic/rdm6300_asic_fpga_modular/rtl/app/card_packet_encoder.v' to AST representation.
Storing AST representation for module `$abstract\card_packet_encoder'.
Successfully finished Verilog frontend.

9. Executing Verilog-2005 frontend: /home/hiepthai/Desktop/uart-fifo-rfid-asic/rdm6300_asic_fpga_modular/rtl/parser/rfid_parser.v
Parsing SystemVerilog input from `/home/hiepthai/Desktop/uart-fifo-rfid-asic/rdm6300_asic_fpga_modular/rtl/parser/rfid_parser.v' to AST representation.
Storing AST representation for module `$abstract\rfid_parser'.
Successfully finished Verilog frontend.

10. Executing Verilog-2005 frontend: /home/hiepthai/Desktop/uart-fifo-rfid-asic/rdm6300_asic_fpga_modular/fpga/rtl/top_basys3_rdm6300.v
Parsing SystemVerilog input from `/home/hiepthai/Desktop/uart-fifo-rfid-asic/rdm6300_asic_fpga_modular/fpga/rtl/top_basys3_rdm6300.v' to AST representation.
Storing AST representation for module `$abstract\top_basys3_rdm6300'.
Successfully finished Verilog frontend.

11. Executing HIERARCHY pass (managing design hierarchy).

12. Executing AST frontend in derive mode using pre-parsed AST for module `\top_basys3_rdm6300'.
Generating RTLIL representation for module `\top_basys3_rdm6300'.

12.1. Analyzing design hierarchy..
Top module:  \top_basys3_rdm6300
Parameter \CLKS_PER_BIT = 10417

12.2. Executing AST frontend in derive mode using pre-parsed AST for module `\uart_tx'.
Parameter \CLKS_PER_BIT = 10417
Generating RTLIL representation for module `$paramod\uart_tx\CLKS_PER_BIT=s32'00000000000000000010100010110001'.
Parameter \DATA_W = 8
Parameter \DEPTH = 16
Parameter \ADDR_W = 4

12.3. Executing AST frontend in derive mode using pre-parsed AST for module `\tx_fifo'.
Parameter \DATA_W = 8
Parameter \DEPTH = 16
Parameter \ADDR_W = 4
Generating RTLIL representation for module `$paramod$9725208b3e344c3de14a607aed5740fe612d0487\tx_fifo'.
Parameter \FRAME_TIMEOUT_CYCLES = 500000
Parameter \FRAME_TIMEOUT_COUNTER_W = 19

12.4. Executing AST frontend in derive mode using pre-parsed AST for module `\rfid_parser'.
Parameter \FRAME_TIMEOUT_CYCLES = 500000
Parameter \FRAME_TIMEOUT_COUNTER_W = 19
Generating RTLIL representation for module `$paramod$19b30effc69b8f95885a3366612311c5bdf2a060\rfid_parser'.
Parameter \DATA_W = 8
Parameter \DEPTH = 16
Parameter \ADDR_W = 4

12.5. Executing AST frontend in derive mode using pre-parsed AST for module `\rx_fifo'.
Parameter \DATA_W = 8
Parameter \DEPTH = 16
Parameter \ADDR_W = 4
Generating RTLIL representation for module `$paramod$9725208b3e344c3de14a607aed5740fe612d0487\rx_fifo'.
Parameter \CLKS_PER_BIT = 10417

12.6. Executing AST frontend in derive mode using pre-parsed AST for module `\uart_rx'.
Parameter \CLKS_PER_BIT = 10417
Generating RTLIL representation for module `$paramod\uart_rx\CLKS_PER_BIT=s32'00000000000000000010100010110001'.
Parameter \RESET_VALUE = 1'1

12.7. Executing AST frontend in derive mode using pre-parsed AST for module `\sync_2ff'.
Parameter \RESET_VALUE = 1'1
Generating RTLIL representation for module `$paramod\sync_2ff\RESET_VALUE=1'1'.

12.8. Analyzing design hierarchy..
Top module:  \top_basys3_rdm6300
Used module:     $paramod\uart_tx\CLKS_PER_BIT=s32'00000000000000000010100010110001
Used module:     $paramod$9725208b3e344c3de14a607aed5740fe612d0487\tx_fifo
Used module:     $paramod$19b30effc69b8f95885a3366612311c5bdf2a060\rfid_parser
Used module:     $paramod$9725208b3e344c3de14a607aed5740fe612d0487\rx_fifo
Used module:     $paramod\uart_rx\CLKS_PER_BIT=s32'00000000000000000010100010110001
Used module:     $paramod\sync_2ff\RESET_VALUE=1'1

12.9. Executing AST frontend in derive mode using pre-parsed AST for module `\card_packet_encoder'.
Generating RTLIL representation for module `\card_packet_encoder'.
Parameter \FRAME_TIMEOUT_CYCLES = 500000
Parameter \TIMEOUT_COUNTER_W = 19

12.10. Executing AST frontend in derive mode using pre-parsed AST for module `\rdm6300_frame_decoder'.
Parameter \FRAME_TIMEOUT_CYCLES = 500000
Parameter \TIMEOUT_COUNTER_W = 19
Generating RTLIL representation for module `$paramod$02e80c0e2bf5fb0d9d18f581cd4dceb28fc227a5\rdm6300_frame_decoder'.
Warning: Replacing memory \nibble with list of registers. See /home/hiepthai/Desktop/uart-fifo-rfid-asic/rdm6300_asic_fpga_modular/rtl/rdm6300/rdm6300_frame_decoder.v:122, /home/hiepthai/Desktop/uart-fifo-rfid-asic/rdm6300_asic_fpga_modular/rtl/rdm6300/rdm6300_frame_decoder.v:120
Warning: Replacing memory \ascii_buf with list of registers. See /home/hiepthai/Desktop/uart-fifo-rfid-asic/rdm6300_asic_fpga_modular/rtl/rdm6300/rdm6300_frame_decoder.v:75

12.11. Analyzing design hierarchy..
Top module:  \top_basys3_rdm6300
Used module:     $paramod\uart_tx\CLKS_PER_BIT=s32'00000000000000000010100010110001
Used module:     $paramod$9725208b3e344c3de14a607aed5740fe612d0487\tx_fifo
Used module:     $paramod$19b30effc69b8f95885a3366612311c5bdf2a060\rfid_parser
Used module:         \card_packet_encoder
Used module:         $paramod$02e80c0e2bf5fb0d9d18f581cd4dceb28fc227a5\rdm6300_frame_decoder
Used module:     $paramod$9725208b3e344c3de14a607aed5740fe612d0487\rx_fifo
Used module:     $paramod\uart_rx\CLKS_PER_BIT=s32'00000000000000000010100010110001
Used module:     $paramod\sync_2ff\RESET_VALUE=1'1

12.12. Analyzing design hierarchy..
Top module:  \top_basys3_rdm6300
Used module:     $paramod\uart_tx\CLKS_PER_BIT=s32'00000000000000000010100010110001
Used module:     $paramod$9725208b3e344c3de14a607aed5740fe612d0487\tx_fifo
Used module:     $paramod$19b30effc69b8f95885a3366612311c5bdf2a060\rfid_parser
Used module:         \card_packet_encoder
Used module:         $paramod$02e80c0e2bf5fb0d9d18f581cd4dceb28fc227a5\rdm6300_frame_decoder
Used module:     $paramod$9725208b3e344c3de14a607aed5740fe612d0487\rx_fifo
Used module:     $paramod\uart_rx\CLKS_PER_BIT=s32'00000000000000000010100010110001
Used module:     $paramod\sync_2ff\RESET_VALUE=1'1
Removing unused module `$abstract\top_basys3_rdm6300'.
Removing unused module `$abstract\rfid_parser'.
Removing unused module `$abstract\card_packet_encoder'.
Removing unused module `$abstract\rdm6300_frame_decoder'.
Removing unused module `$abstract\uart_tx'.
Removing unused module `$abstract\uart_rx'.
Removing unused module `$abstract\tx_fifo'.
Removing unused module `$abstract\rx_fifo'.
Removing unused module `$abstract\sync_2ff'.
Removed 9 unused modules.
Renaming module top_basys3_rdm6300 to top_basys3_rdm6300.

13. Generating Graphviz representation of design.
Writing dot description to `/home/hiepthai/Desktop/uart-fifo-rfid-asic/rdm6300_asic_fpga_modular/runs/RUN_2026-08-25_11-50-18/06-yosys-synthesis/hierarchy.dot'.
Dumping module top_basys3_rdm6300 to page 1.

14. Executing TRIBUF pass.

15. Executing HIERARCHY pass (managing design hierarchy).

15.1. Analyzing design hierarchy..
Top module:  \top_basys3_rdm6300
Used module:     $paramod\uart_tx\CLKS_PER_BIT=s32'00000000000000000010100010110001
Used module:     $paramod$9725208b3e344c3de14a607aed5740fe612d0487\tx_fifo
Used module:     $paramod$19b30effc69b8f95885a3366612311c5bdf2a060\rfid_parser
Used module:         \card_packet_encoder
Used module:         $paramod$02e80c0e2bf5fb0d9d18f581cd4dceb28fc227a5\rdm6300_frame_decoder
Used module:     $paramod$9725208b3e344c3de14a607aed5740fe612d0487\rx_fifo
Used module:     $paramod\uart_rx\CLKS_PER_BIT=s32'00000000000000000010100010110001
Used module:     $paramod\sync_2ff\RESET_VALUE=1'1

15.2. Analyzing design hierarchy..
Top module:  \top_basys3_rdm6300
Used module:     $paramod\uart_tx\CLKS_PER_BIT=s32'00000000000000000010100010110001
Used module:     $paramod$9725208b3e344c3de14a607aed5740fe612d0487\tx_fifo
Used module:     $paramod$19b30effc69b8f95885a3366612311c5bdf2a060\rfid_parser
Used module:         \card_packet_encoder
Used module:         $paramod$02e80c0e2bf5fb0d9d18f581cd4dceb28fc227a5\rdm6300_frame_decoder
Used module:     $paramod$9725208b3e344c3de14a607aed5740fe612d0487\rx_fifo
Used module:     $paramod\uart_rx\CLKS_PER_BIT=s32'00000000000000000010100010110001
Used module:     $paramod\sync_2ff\RESET_VALUE=1'1
Removed 0 unused modules.

16. Executing PROC_CLEAN pass (remove empty switches from decision trees).
Cleaned up 0 empty switches.

17. Executing PROC_RMDEAD pass (remove dead branches from decision trees).
Marked 3 switch rules as full_case in process $proc$/home/hiepthai/Desktop/uart-fifo-rfid-asic/rdm6300_asic_fpga_modular/rtl/app/card_packet_encoder.v:64$134 in module card_packet_encoder.
Marked 1 switch rules as full_case in process $proc$/home/hiepthai/Desktop/uart-fifo-rfid-asic/rdm6300_asic_fpga_modular/rtl/app/card_packet_encoder.v:49$133 in module card_packet_encoder.
Marked 1 switch rules as full_case in process $proc$/home/hiepthai/Desktop/uart-fifo-rfid-asic/rdm6300_asic_fpga_modular/rtl/common/sync_2ff.v:13$123 in module $paramod\sync_2ff\RESET_VALUE=1'1.
Marked 12 switch rules as full_case in process $proc$/home/hiepthai/Desktop/uart-fifo-rfid-asic/rdm6300_asic_fpga_modular/rtl/uart/uart_rx.v:61$81 in module $paramod\uart_rx\CLKS_PER_BIT=s32'00000000000000000010100010110001.
Marked 3 switch rules as full_case in process $proc$/home/hiepthai/Desktop/uart-fifo-rfid-asic/rdm6300_asic_fpga_modular/rtl/uart/uart_rx.v:45$75 in module $paramod\uart_rx\CLKS_PER_BIT=s32'00000000000000000010100010110001.
Marked 2 switch rules as full_case in process $proc$/home/hiepthai/Desktop/uart-fifo-rfid-asic/rdm6300_asic_fpga_modular/rtl/fifo/rx_fifo.v:42$58 in module $paramod$9725208b3e344c3de14a607aed5740fe612d0487\rx_fifo.
Marked 1 switch rules as full_case in process $proc$/home/hiepthai/Desktop/uart-fifo-rfid-asic/rdm6300_asic_fpga_modular/rtl/fifo/rx_fifo.v:37$51 in module $paramod$9725208b3e344c3de14a607aed5740fe612d0487\rx_fifo.
Marked 2 switch rules as full_case in process $proc$/home/hiepthai/Desktop/uart-fifo-rfid-asic/rdm6300_asic_fpga_modular/rtl/fifo/tx_fifo.v:42$33 in module $paramod$9725208b3e344c3de14a607aed5740fe612d0487\tx_fifo.
Marked 1 switch rules as full_case in process $proc$/home/hiepthai/Desktop/uart-fifo-rfid-asic/rdm6300_asic_fpga_modular/rtl/fifo/tx_fifo.v:37$26 in module $paramod$9725208b3e344c3de14a607aed5740fe612d0487\tx_fifo.
Marked 7 switch rules as full_case in process $proc$/home/hiepthai/Desktop/uart-fifo-rfid-asic/rdm6300_asic_fpga_modular/rtl/uart/uart_tx.v:29$7 in module $paramod\uart_tx\CLKS_PER_BIT=s32'00000000000000000010100010110001.
Marked 51 switch rules as full_case in process $proc$/home/hiepthai/Desktop/uart-fifo-rfid-asic/rdm6300_asic_fpga_modular/rtl/rdm6300/rdm6300_frame_decoder.v:60$450 in module $paramod$02e80c0e2bf5fb0d9d18f581cd4dceb28fc227a5\rdm6300_frame_decoder.
Removed a total of 0 dead cases.

18. Executing PROC_PRUNE pass (remove redundant assignments in processes).
Removed 16 redundant assignments.
Promoted 92 assignments to connections.

19. Executing PROC_INIT pass (extract init attributes).
Found init rule in `\top_basys3_rdm6300.$proc$/home/hiepthai/Desktop/uart-fifo-rfid-asic/rdm6300_asic_fpga_modular/fpga/rtl/top_basys3_rdm6300.v:17$5'.
  Set init value: \startup_reset = 4'0000

20. Executing PROC_ARST pass (detect async resets in processes).
Found async reset \rst_n in `\card_packet_encoder.$proc$/home/hiepthai/Desktop/uart-fifo-rfid-asic/rdm6300_asic_fpga_modular/rtl/app/card_packet_encoder.v:64$134'.
Found async reset \rst_n in `$paramod\sync_2ff\RESET_VALUE=1'1.$proc$/home/hiepthai/Desktop/uart-fifo-rfid-asic/rdm6300_asic_fpga_modular/rtl/common/sync_2ff.v:13$123'.
Found async reset \rst_n in `$paramod\uart_rx\CLKS_PER_BIT=s32'00000000000000000010100010110001.$proc$/home/hiepthai/Desktop/uart-fifo-rfid-asic/rdm6300_asic_fpga_modular/rtl/uart/uart_rx.v:61$81'.
Found async reset \rst_n in `$paramod\uart_rx\CLKS_PER_BIT=s32'00000000000000000010100010110001.$proc$/home/hiepthai/Desktop/uart-fifo-rfid-asic/rdm6300_asic_fpga_modular/rtl/uart/uart_rx.v:45$75'.
Found async reset \rst_n in `$paramod$9725208b3e344c3de14a607aed5740fe612d0487\rx_fifo.$proc$/home/hiepthai/Desktop/uart-fifo-rfid-asic/rdm6300_asic_fpga_modular/rtl/fifo/rx_fifo.v:42$58'.
Found async reset \rst_n in `$paramod$9725208b3e344c3de14a607aed5740fe612d0487\tx_fifo.$proc$/home/hiepthai/Desktop/uart-fifo-rfid-asic/rdm6300_asic_fpga_modular/rtl/fifo/tx_fifo.v:42$33'.
Found async reset \rst_n in `$paramod\uart_tx\CLKS_PER_BIT=s32'00000000000000000010100010110001.$proc$/home/hiepthai/Desktop/uart-fifo-rfid-asic/rdm6300_asic_fpga_modular/rtl/uart/uart_tx.v:29$7'.
Found async reset \rst_n in `$paramod$02e80c0e2bf5fb0d9d18f581cd4dceb28fc227a5\rdm6300_frame_decoder.$proc$/home/hiepthai/Desktop/uart-fifo-rfid-asic/rdm6300_asic_fpga_modular/rtl/rdm6300/rdm6300_frame_decoder.v:60$450'.

21. Executing PROC_ROM pass (convert switches to ROMs).
Converted 0 switches.
<suppressed ~88 debug messages>

22. Executing PROC_MUX pass (convert decision trees to multiplexers).
Creating decoders for process `\top_basys3_rdm6300.$proc$/home/hiepthai/Desktop/uart-fifo-rfid-asic/rdm6300_asic_fpga_modular/fpga/rtl/top_basys3_rdm6300.v:17$5'.
Creating decoders for process `\top_basys3_rdm6300.$proc$/home/hiepthai/Desktop/uart-fifo-rfid-asic/rdm6300_asic_fpga_modular/fpga/rtl/top_basys3_rdm6300.v:64$4'.
Creating decoders for process `\card_packet_encoder.$proc$/home/hiepthai/Desktop/uart-fifo-rfid-asic/rdm6300_asic_fpga_modular/rtl/app/card_packet_encoder.v:64$134'.
     1/68: $2\crc8_tag$func$/home/hiepthai/Desktop/uart-fifo-rfid-asic/rdm6300_asic_fpga_modular/rtl/app/card_packet_encoder.v:73$125.$result[7:0]$202
     2/68: $2\crc8_tag$func$/home/hiepthai/Desktop/uart-fifo-rfid-asic/rdm6300_asic_fpga_modular/rtl/app/card_packet_encoder.v:73$125.crc[7:0]$204
     3/68: $2\crc8_byte$func$/home/hiepthai/Desktop/uart-fifo-rfid-asic/rdm6300_asic_fpga_modular/rtl/app/card_packet_encoder.v:44$132.$result[7:0]$229
     4/68: $2\crc8_byte$func$/home/hiepthai/Desktop/uart-fifo-rfid-asic/rdm6300_asic_fpga_modular/rtl/app/card_packet_encoder.v:44$132.bit_index[31:0]$232
     5/68: $2\crc8_byte$func$/home/hiepthai/Desktop/uart-fifo-rfid-asic/rdm6300_asic_fpga_modular/rtl/app/card_packet_encoder.v:44$132.value[7:0]$233
     6/68: $2\crc8_byte$func$/home/hiepthai/Desktop/uart-fifo-rfid-asic/rdm6300_asic_fpga_modular/rtl/app/card_packet_encoder.v:44$132.data[7:0]$231
     7/68: $2\crc8_byte$func$/home/hiepthai/Desktop/uart-fifo-rfid-asic/rdm6300_asic_fpga_modular/rtl/app/card_packet_encoder.v:44$132.crc_in[7:0]$230
     8/68: $2\crc8_byte$func$/home/hiepthai/Desktop/uart-fifo-rfid-asic/rdm6300_asic_fpga_modular/rtl/app/card_packet_encoder.v:43$131.$result[7:0]$224
     9/68: $2\crc8_byte$func$/home/hiepthai/Desktop/uart-fifo-rfid-asic/rdm6300_asic_fpga_modular/rtl/app/card_packet_encoder.v:43$131.bit_index[31:0]$227
    10/68: $2\crc8_byte$func$/home/hiepthai/Desktop/uart-fifo-rfid-asic/rdm6300_asic_fpga_modular/rtl/app/card_packet_encoder.v:43$131.value[7:0]$228
    11/68: $2\crc8_byte$func$/home/hiepthai/Desktop/uart-fifo-rfid-asic/rdm6300_asic_fpga_modular/rtl/app/card_packet_encoder.v:43$131.data[7:0]$226
    12/68: $2\crc8_byte$func$/home/hiepthai/Desktop/uart-fifo-rfid-asic/rdm6300_asic_fpga_modular/rtl/app/card_packet_encoder.v:43$131.crc_in[7:0]$225
    13/68: $2\crc8_byte$func$/home/hiepthai/Desktop/uart-fifo-rfid-asic/rdm6300_asic_fpga_modular/rtl/app/card_packet_encoder.v:42$130.$result[7:0]$219
    14/68: $2\crc8_byte$func$/home/hiepthai/Desktop/uart-fifo-rfid-asic/rdm6300_asic_fpga_modular/rtl/app/card_packet_encoder.v:42$130.bit_index[31:0]$222
    15/68: $2\crc8_byte$func$/home/hiepthai/Desktop/uart-fifo-rfid-asic/rdm6300_asic_fpga_modular/rtl/app/card_packet_encoder.v:42$130.value[7:0]$223
    16/68: $2\crc8_byte$func$/home/hiepthai/Desktop/uart-fifo-rfid-asic/rdm6300_asic_fpga_modular/rtl/app/card_packet_encoder.v:42$130.data[7:0]$221
    17/68: $2\crc8_byte$func$/home/hiepthai/Desktop/uart-fifo-rfid-asic/rdm6300_asic_fpga_modular/rtl/app/card_packet_encoder.v:42$130.crc_in[7:0]$220
    18/68: $2\crc8_byte$func$/home/hiepthai/Desktop/uart-fifo-rfid-asic/rdm6300_asic_fpga_modular/rtl/app/card_packet_encoder.v:41$129.$result[7:0]$214
    19/68: $2\crc8_byte$func$/home/hiepthai/Desktop/uart-fifo-rfid-asic/rdm6300_asic_fpga_modular/rtl/app/card_packet_encoder.v:41$129.bit_index[31:0]$217
    20/68: $2\crc8_byte$func$/home/hiepthai/Desktop/uart-fifo-rfid-asic/rdm6300_asic_fpga_modular/rtl/app/card_packet_encoder.v:41$129.value[7:0]$218
    21/68: $2\crc8_byte$func$/home/hiepthai/Desktop/uart-fifo-rfid-asic/rdm6300_asic_fpga_modular/rtl/app/card_packet_encoder.v:41$129.data[7:0]$216
    22/68: $2\crc8_byte$func$/home/hiepthai/Desktop/uart-fifo-rfid-asic/rdm6300_asic_fpga_modular/rtl/app/card_packet_encoder.v:41$129.crc_in[7:0]$215
    23/68: $2\crc8_byte$func$/home/hiepthai/Desktop/uart-fifo-rfid-asic/rdm6300_asic_fpga_modular/rtl/app/card_packet_encoder.v:40$128.$result[7:0]$209
    24/68: $2\crc8_byte$func$/home/hiepthai/Desktop/uart-fifo-rfid-asic/rdm6300_asic_fpga_modular/rtl/app/card_packet_encoder.v:40$128.bit_index[31:0]$212
    25/68: $2\crc8_byte$func$/home/hiepthai/Desktop/uart-fifo-rfid-asic/rdm6300_asic_fpga_modular/rtl/app/card_packet_encoder.v:40$128.value[7:0]$213
    26/68: $2\crc8_byte$func$/home/hiepthai/Desktop/uart-fifo-rfid-asic/rdm6300_asic_fpga_modular/rtl/app/card_packet_encoder.v:40$128.data[7:0]$211
    27/68: $2\crc8_byte$func$/home/hiepthai/Desktop/uart-fifo-rfid-asic/rdm6300_asic_fpga_modular/rtl/app/card_packet_encoder.v:40$128.crc_in[7:0]$210
    28/68: $2\crc8_byte$func$/home/hiepthai/Desktop/uart-fifo-rfid-asic/rdm6300_asic_fpga_modular/rtl/app/card_packet_encoder.v:39$127.$result[7:0]$205
    29/68: $2\crc8_byte$func$/home/hiepthai/Desktop/uart-fifo-rfid-asic/rdm6300_asic_fpga_modular/rtl/app/card_packet_encoder.v:39$127.bit_index[31:0]$207
    30/68: $2\crc8_byte$func$/home/hiepthai/Desktop/uart-fifo-rfid-asic/rdm6300_asic_fpga_modular/rtl/app/card_packet_encoder.v:39$127.value[7:0]$208
    31/68: $2\crc8_byte$func$/home/hiepthai/Desktop/uart-fifo-rfid-asic/rdm6300_asic_fpga_modular/rtl/app/card_packet_encoder.v:39$127.crc_in[7:0]$206
    32/68: $2\crc8_tag$func$/home/hiepthai/Desktop/uart-fifo-rfid-asic/rdm6300_asic_fpga_modular/rtl/app/card_packet_encoder.v:73$125.tag[39:0]$203
    33/68: $1\crc8_byte$func$/home/hiepthai/Desktop/uart-fifo-rfid-asic/rdm6300_asic_fpga_modular/rtl/app/card_packet_encoder.v:44$132.value[7:0]$199
    34/68: $1\crc8_byte$func$/home/hiepthai/Desktop/uart-fifo-rfid-asic/rdm6300_asic_fpga_modular/rtl/app/card_packet_encoder.v:44$132.bit_index[31:0]$198
    35/68: $1\crc8_byte$func$/home/hiepthai/Desktop/uart-fifo-rfid-asic/rdm6300_asic_fpga_modular/rtl/app/card_packet_encoder.v:44$132.data[7:0]$197
    36/68: $1\crc8_byte$func$/home/hiepthai/Desktop/uart-fifo-rfid-asic/rdm6300_asic_fpga_modular/rtl/app/card_packet_encoder.v:44$132.crc_in[7:0]$196
    37/68: $1\crc8_byte$func$/home/hiepthai/Desktop/uart-fifo-rfid-asic/rdm6300_asic_fpga_modular/rtl/app/card_packet_encoder.v:44$132.$result[7:0]$195
    38/68: $1\crc8_byte$func$/home/hiepthai/Desktop/uart-fifo-rfid-asic/rdm6300_asic_fpga_modular/rtl/app/card_packet_encoder.v:43$131.value[7:0]$194
    39/68: $1\crc8_byte$func$/home/hiepthai/Desktop/uart-fifo-rfid-asic/rdm6300_asic_fpga_modular/rtl/app/card_packet_encoder.v:43$131.bit_index[31:0]$193
    40/68: $1\crc8_byte$func$/home/hiepthai/Desktop/uart-fifo-rfid-asic/rdm6300_asic_fpga_modular/rtl/app/card_packet_encoder.v:43$131.data[7:0]$192
    41/68: $1\crc8_byte$func$/home/hiepthai/Desktop/uart-fifo-rfid-asic/rdm6300_asic_fpga_modular/rtl/app/card_packet_encoder.v:43$131.crc_in[7:0]$191
    42/68: $1\crc8_byte$func$/home/hiepthai/Desktop/uart-fifo-rfid-asic/rdm6300_asic_fpga_modular/rtl/app/card_packet_encoder.v:43$131.$result[7:0]$190
    43/68: $1\crc8_byte$func$/home/hiepthai/Desktop/uart-fifo-rfid-asic/rdm6300_asic_fpga_modular/rtl/app/card_packet_encoder.v:42$130.value[7:0]$189
    44/68: $1\crc8_byte$func$/home/hiepthai/Desktop/uart-fifo-rfid-asic/rdm6300_asic_fpga_modular/rtl/app/card_packet_encoder.v:42$130.bit_index[31:0]$188
    45/68: $1\crc8_byte$func$/home/hiepthai/Desktop/uart-fifo-rfid-asic/rdm6300_asic_fpga_modular/rtl/app/card_packet_encoder.v:42$130.data[7:0]$187
    46/68: $1\crc8_byte$func$/home/hiepthai/Desktop/uart-fifo-rfid-asic/rdm6300_asic_fpga_modular/rtl/app/card_packet_encoder.v:42$130.crc_in[7:0]$186
    47/68: $1\crc8_byte$func$/home/hiepthai/Desktop/uart-fifo-rfid-asic/rdm6300_asic_fpga_modular/rtl/app/card_packet_encoder.v:42$130.$result[7:0]$185
    48/68: $1\crc8_byte$func$/home/hiepthai/Desktop/uart-fifo-rfid-asic/rdm6300_asic_fpga_modular/rtl/app/card_packet_encoder.v:41$129.value[7:0]$184
    49/68: $1\crc8_byte$func$/home/hiepthai/Desktop/uart-fifo-rfid-asic/rdm6300_asic_fpga_modular/rtl/app/card_packet_encoder.v:41$129.bit_index[31:0]$183
    50/68: $1\crc8_byte$func$/home/hiepthai/Desktop/uart-fifo-rfid-asic/rdm6300_asic_fpga_modular/rtl/app/card_packet_encoder.v:41$129.data[7:0]$182
    51/68: $1\crc8_byte$func$/home/hiepthai/Desktop/uart-fifo-rfid-asic/rdm6300_asic_fpga_modular/rtl/app/card_packet_encoder.v:41$129.crc_in[7:0]$181
    52/68: $1\crc8_byte$func$/home/hiepthai/Desktop/uart-fifo-rfid-asic/rdm6300_asic_fpga_modular/rtl/app/card_packet_encoder.v:41$129.$result[7:0]$180
    53/68: $1\crc8_byte$func$/home/hiepthai/Desktop/uart-fifo-rfid-asic/rdm6300_asic_fpga_modular/rtl/app/card_packet_encoder.v:40$128.value[7:0]$179
    54/68: $1\crc8_byte$func$/home/hiepthai/Desktop/uart-fifo-rfid-asic/rdm6300_asic_fpga_modular/rtl/app/card_packet_encoder.v:40$128.bit_index[31:0]$178
    55/68: $1\crc8_byte$func$/home/hiepthai/Desktop/uart-fifo-rfid-asic/rdm6300_asic_fpga_modular/rtl/app/card_packet_encoder.v:40$128.data[7:0]$177
    56/68: $1\crc8_byte$func$/home/hiepthai/Desktop/uart-fifo-rfid-asic/rdm6300_asic_fpga_modular/rtl/app/card_packet_encoder.v:40$128.crc_in[7:0]$176
    57/68: $1\crc8_byte$func$/home/hiepthai/Desktop/uart-fifo-rfid-asic/rdm6300_asic_fpga_modular/rtl/app/card_packet_encoder.v:40$128.$result[7:0]$175
    58/68: $1\crc8_byte$func$/home/hiepthai/Desktop/uart-fifo-rfid-asic/rdm6300_asic_fpga_modular/rtl/app/card_packet_encoder.v:39$127.value[7:0]$174
    59/68: $1\crc8_byte$func$/home/hiepthai/Desktop/uart-fifo-rfid-asic/rdm6300_asic_fpga_modular/rtl/app/card_packet_encoder.v:39$127.bit_index[31:0]$173
    60/68: $1\crc8_byte$func$/home/hiepthai/Desktop/uart-fifo-rfid-asic/rdm6300_asic_fpga_modular/rtl/app/card_packet_encoder.v:39$127.crc_in[7:0]$172
    61/68: $1\crc8_byte$func$/home/hiepthai/Desktop/uart-fifo-rfid-asic/rdm6300_asic_fpga_modular/rtl/app/card_packet_encoder.v:39$127.$result[7:0]$171
    62/68: $1\crc8_tag$func$/home/hiepthai/Desktop/uart-fifo-rfid-asic/rdm6300_asic_fpga_modular/rtl/app/card_packet_encoder.v:73$125.crc[7:0]$170
    63/68: $1\crc8_tag$func$/home/hiepthai/Desktop/uart-fifo-rfid-asic/rdm6300_asic_fpga_modular/rtl/app/card_packet_encoder.v:73$125.tag[39:0]$169
    64/68: $1\crc8_tag$func$/home/hiepthai/Desktop/uart-fifo-rfid-asic/rdm6300_asic_fpga_modular/rtl/app/card_packet_encoder.v:73$125.$result[7:0]$168
    65/68: $0\active[0:0]
    66/68: $0\byte_index[3:0]
    67/68: $0\crc_latched[7:0]
    68/68: $0\tag_latched[39:0]
Creating decoders for process `\card_packet_encoder.$proc$/home/hiepthai/Desktop/uart-fifo-rfid-asic/rdm6300_asic_fpga_modular/rtl/app/card_packet_encoder.v:49$133'.
     1/1: $1\out_data[7:0]
Creating decoders for process `$paramod\sync_2ff\RESET_VALUE=1'1.$proc$/home/hiepthai/Desktop/uart-fifo-rfid-asic/rdm6300_asic_fpga_modular/rtl/common/sync_2ff.v:13$123'.
     1/2: $0\sync_o[0:0]
     2/2: $0\sync_ff1[0:0]
Creating decoders for process `$paramod\uart_rx\CLKS_PER_BIT=s32'00000000000000000010100010110001.$proc$/home/hiepthai/Desktop/uart-fifo-rfid-asic/rdm6300_asic_fpga_modular/rtl/uart/uart_rx.v:61$81'.
     1/18: $5$lookahead\rx_shift$80[7:0]$104
     2/18: $5$bitselwrite$pos$/home/hiepthai/Desktop/uart-fifo-rfid-asic/rdm6300_asic_fpga_modular/rtl/uart/uart_rx.v:123$68[2:0]$103
     3/18: $4$lookahead\rx_shift$80[7:0]$99
     4/18: $4$bitselwrite$pos$/home/hiepthai/Desktop/uart-fifo-rfid-asic/rdm6300_asic_fpga_modular/rtl/uart/uart_rx.v:123$68[2:0]$98
     5/18: $3$lookahead\rx_shift$80[7:0]$90
     6/18: $3$bitselwrite$pos$/home/hiepthai/Desktop/uart-fifo-rfid-asic/rdm6300_asic_fpga_modular/rtl/uart/uart_rx.v:123$68[2:0]$89
     7/18: $2$lookahead\rx_shift$80[7:0]$88
     8/18: $2$bitselwrite$pos$/home/hiepthai/Desktop/uart-fifo-rfid-asic/rdm6300_asic_fpga_modular/rtl/uart/uart_rx.v:123$68[2:0]$87
     9/18: $1$lookahead\rx_shift$80[7:0]$86
    10/18: $1$bitselwrite$pos$/home/hiepthai/Desktop/uart-fifo-rfid-asic/rdm6300_asic_fpga_modular/rtl/uart/uart_rx.v:123$68[2:0]$85
    11/18: $0\framing_error[0:0]
    12/18: $0\rx_dv[0:0]
    13/18: $0\vote_ones[1:0]
    14/18: $0\sample_phase[4:0]
    15/18: $0\sample_div_count[15:0]
    16/18: $0\bit_index[2:0]
    17/18: $0\state[2:0]
    18/18: $0\rx_byte[7:0]
Creating decoders for process `$paramod\uart_rx\CLKS_PER_BIT=s32'00000000000000000010100010110001.$proc$/home/hiepthai/Desktop/uart-fifo-rfid-asic/rdm6300_asic_fpga_modular/rtl/uart/uart_rx.v:45$75'.
     1/2: $0\low_count[23:0]
     2/2: $0\break_detect[0:0]
Creating decoders for process `$paramod$9725208b3e344c3de14a607aed5740fe612d0487\rx_fifo.$proc$/home/hiepthai/Desktop/uart-fifo-rfid-asic/rdm6300_asic_fpga_modular/rtl/fifo/rx_fifo.v:42$58'.
     1/5: $0\level[4:0]
     2/5: $0\underflow_pulse[0:0]
     3/5: $0\overflow_pulse[0:0]
     4/5: $0\rd_ptr[3:0]
     5/5: $0\wr_ptr[3:0]
Creating decoders for process `$paramod$9725208b3e344c3de14a607aed5740fe612d0487\rx_fifo.$proc$/home/hiepthai/Desktop/uart-fifo-rfid-asic/rdm6300_asic_fpga_modular/rtl/fifo/rx_fifo.v:37$51'.
     1/3: $1$memwr$\mem$/home/hiepthai/Desktop/uart-fifo-rfid-asic/rdm6300_asic_fpga_modular/rtl/fifo/rx_fifo.v:39$43_EN[7:0]$57
     2/3: $1$memwr$\mem$/home/hiepthai/Desktop/uart-fifo-rfid-asic/rdm6300_asic_fpga_modular/rtl/fifo/rx_fifo.v:39$43_DATA[7:0]$56
     3/3: $1$memwr$\mem$/home/hiepthai/Desktop/uart-fifo-rfid-asic/rdm6300_asic_fpga_modular/rtl/fifo/rx_fifo.v:39$43_ADDR[3:0]$55
Creating decoders for process `$paramod$9725208b3e344c3de14a607aed5740fe612d0487\tx_fifo.$proc$/home/hiepthai/Desktop/uart-fifo-rfid-asic/rdm6300_asic_fpga_modular/rtl/fifo/tx_fifo.v:42$33'.
     1/5: $0\level[4:0]
     2/5: $0\underflow_pulse[0:0]
     3/5: $0\overflow_pulse[0:0]
     4/5: $0\rd_ptr[3:0]
     5/5: $0\wr_ptr[3:0]
Creating decoders for process `$paramod$9725208b3e344c3de14a607aed5740fe612d0487\tx_fifo.$proc$/home/hiepthai/Desktop/uart-fifo-rfid-asic/rdm6300_asic_fpga_modular/rtl/fifo/tx_fifo.v:37$26'.
     1/3: $1$memwr$\mem$/home/hiepthai/Desktop/uart-fifo-rfid-asic/rdm6300_asic_fpga_modular/rtl/fifo/tx_fifo.v:39$18_EN[7:0]$32
     2/3: $1$memwr$\mem$/home/hiepthai/Desktop/uart-fifo-rfid-asic/rdm6300_asic_fpga_modular/rtl/fifo/tx_fifo.v:39$18_DATA[7:0]$31
     3/3: $1$memwr$\mem$/home/hiepthai/Desktop/uart-fifo-rfid-asic/rdm6300_asic_fpga_modular/rtl/fifo/tx_fifo.v:39$18_ADDR[3:0]$30
Creating decoders for process `$paramod\uart_tx\CLKS_PER_BIT=s32'00000000000000000010100010110001.$proc$/home/hiepthai/Desktop/uart-fifo-rfid-asic/rdm6300_asic_fpga_modular/rtl/uart/uart_tx.v:29$7'.
     1/7: $0\state[2:0]
     2/7: $0\tx_data[7:0]
     3/7: $0\bit_index[2:0]
     4/7: $0\clk_count[15:0]
     5/7: $0\tx_done[0:0]
     6/7: $0\tx_active[0:0]
     7/7: $0\tx[0:0]
Creating decoders for process `$paramod$02e80c0e2bf5fb0d9d18f581cd4dceb28fc227a5\rdm6300_frame_decoder.$proc$/home/hiepthai/Desktop/uart-fifo-rfid-asic/rdm6300_asic_fpga_modular/rtl/rdm6300/rdm6300_frame_decoder.v:60$450'.
     1/401: $8$mem2reg_wr$\ascii_buf$/home/hiepthai/Desktop/uart-fifo-rfid-asic/rdm6300_asic_fpga_modular/rtl/rdm6300/rdm6300_frame_decoder.v:149$448_DATA[7:0]$910
     2/401: $8$mem2reg_wr$\ascii_buf$/home/hiepthai/Desktop/uart-fifo-rfid-asic/rdm6300_asic_fpga_modular/rtl/rdm6300/rdm6300_frame_decoder.v:149$448_ADDR[3:0]$909
     3/401: $10\ascii_hex_to_nibble$func$/home/hiepthai/Desktop/uart-fifo-rfid-asic/rdm6300_asic_fpga_modular/rtl/rdm6300/rdm6300_frame_decoder.v:144$447.$result[4:0]$905
     4/401: $9\ascii_hex_to_nibble$func$/home/hiepthai/Desktop/uart-fifo-rfid-asic/rdm6300_asic_fpga_modular/rtl/rdm6300/rdm6300_frame_decoder.v:144$447.$result[4:0]$899
     5/401: $8\ascii_hex_to_nibble$func$/home/hiepthai/Desktop/uart-fifo-rfid-asic/rdm6300_asic_fpga_modular/rtl/rdm6300/rdm6300_frame_decoder.v:144$447.$result[4:0]$894
     6/401: $7$mem2reg_wr$\ascii_buf$/home/hiepthai/Desktop/uart-fifo-rfid-asic/rdm6300_asic_fpga_modular/rtl/rdm6300/rdm6300_frame_decoder.v:149$448_DATA[7:0]$890
     7/401: $7$mem2reg_wr$\ascii_buf$/home/hiepthai/Desktop/uart-fifo-rfid-asic/rdm6300_asic_fpga_modular/rtl/rdm6300/rdm6300_frame_decoder.v:149$448_ADDR[3:0]$889
     8/401: $7\ascii_hex_to_nibble$func$/home/hiepthai/Desktop/uart-fifo-rfid-asic/rdm6300_asic_fpga_modular/rtl/rdm6300/rdm6300_frame_decoder.v:144$447.ch[7:0]$888
     9/401: $7\ascii_hex_to_nibble$func$/home/hiepthai/Desktop/uart-fifo-rfid-asic/rdm6300_asic_fpga_modular/rtl/rdm6300/rdm6300_frame_decoder.v:144$447.$result[4:0]$887
    10/401: $10\ascii_hex_to_nibble$func$/home/hiepthai/Desktop/uart-fifo-rfid-asic/rdm6300_asic_fpga_modular/rtl/rdm6300/rdm6300_frame_decoder.v:120$446.$result[4:0]$879
    11/401: $9\ascii_hex_to_nibble$func$/home/hiepthai/Desktop/uart-fifo-rfid-asic/rdm6300_asic_fpga_modular/rtl/rdm6300/rdm6300_frame_decoder.v:120$446.$result[4:0]$873
    12/401: $8\ascii_hex_to_nibble$func$/home/hiepthai/Desktop/uart-fifo-rfid-asic/rdm6300_asic_fpga_modular/rtl/rdm6300/rdm6300_frame_decoder.v:120$446.$result[4:0]$868
    13/401: $10\ascii_hex_to_nibble$func$/home/hiepthai/Desktop/uart-fifo-rfid-asic/rdm6300_asic_fpga_modular/rtl/rdm6300/rdm6300_frame_decoder.v:120$445.$result[4:0]$862
    14/401: $9\ascii_hex_to_nibble$func$/home/hiepthai/Desktop/uart-fifo-rfid-asic/rdm6300_asic_fpga_modular/rtl/rdm6300/rdm6300_frame_decoder.v:120$445.$result[4:0]$856
    15/401: $8\ascii_hex_to_nibble$func$/home/hiepthai/Desktop/uart-fifo-rfid-asic/rdm6300_asic_fpga_modular/rtl/rdm6300/rdm6300_frame_decoder.v:120$445.$result[4:0]$851
    16/401: $10\ascii_hex_to_nibble$func$/home/hiepthai/Desktop/uart-fifo-rfid-asic/rdm6300_asic_fpga_modular/rtl/rdm6300/rdm6300_frame_decoder.v:120$444.$result[4:0]$845
    17/401: $9\ascii_hex_to_nibble$func$/home/hiepthai/Desktop/uart-fifo-rfid-asic/rdm6300_asic_fpga_modular/rtl/rdm6300/rdm6300_frame_decoder.v:120$444.$result[4:0]$839
    18/401: $8\ascii_hex_to_nibble$func$/home/hiepthai/Desktop/uart-fifo-rfid-asic/rdm6300_asic_fpga_modular/rtl/rdm6300/rdm6300_frame_decoder.v:120$444.$result[4:0]$834
    19/401: $10\ascii_hex_to_nibble$func$/home/hiepthai/Desktop/uart-fifo-rfid-asic/rdm6300_asic_fpga_modular/rtl/rdm6300/rdm6300_frame_decoder.v:120$443.$result[4:0]$828
    20/401: $9\ascii_hex_to_nibble$func$/home/hiepthai/Desktop/uart-fifo-rfid-asic/rdm6300_asic_fpga_modular/rtl/rdm6300/rdm6300_frame_decoder.v:120$443.$result[4:0]$822
    21/401: $8\ascii_hex_to_nibble$func$/home/hiepthai/Desktop/uart-fifo-rfid-asic/rdm6300_asic_fpga_modular/rtl/rdm6300/rdm6300_frame_decoder.v:120$443.$result[4:0]$817
    22/401: $10\ascii_hex_to_nibble$func$/home/hiepthai/Desktop/uart-fifo-rfid-asic/rdm6300_asic_fpga_modular/rtl/rdm6300/rdm6300_frame_decoder.v:120$442.$result[4:0]$811
    23/401: $9\ascii_hex_to_nibble$func$/home/hiepthai/Desktop/uart-fifo-rfid-asic/rdm6300_asic_fpga_modular/rtl/rdm6300/rdm6300_frame_decoder.v:120$442.$result[4:0]$805
    24/401: $8\ascii_hex_to_nibble$func$/home/hiepthai/Desktop/uart-fifo-rfid-asic/rdm6300_asic_fpga_modular/rtl/rdm6300/rdm6300_frame_decoder.v:120$442.$result[4:0]$800
    25/401: $10\ascii_hex_to_nibble$func$/home/hiepthai/Desktop/uart-fifo-rfid-asic/rdm6300_asic_fpga_modular/rtl/rdm6300/rdm6300_frame_decoder.v:120$441.$result[4:0]$794
    26/401: $9\ascii_hex_to_nibble$func$/home/hiepthai/Desktop/uart-fifo-rfid-asic/rdm6300_asic_fpga_modular/rtl/rdm6300/rdm6300_frame_decoder.v:120$441.$result[4:0]$788
    27/401: $8\ascii_hex_to_nibble$func$/home/hiepthai/Desktop/uart-fifo-rfid-asic/rdm6300_asic_fpga_modular/rtl/rdm6300/rdm6300_frame_decoder.v:120$441.$result[4:0]$783
    28/401: $10\ascii_hex_to_nibble$func$/home/hiepthai/Desktop/uart-fifo-rfid-asic/rdm6300_asic_fpga_modular/rtl/rdm6300/rdm6300_frame_decoder.v:120$440.$result[4:0]$777
    29/401: $9\ascii_hex_to_nibble$func$/home/hiepthai/Desktop/uart-fifo-rfid-asic/rdm6300_asic_fpga_modular/rtl/rdm6300/rdm6300_frame_decoder.v:120$440.$result[4:0]$771
    30/401: $8\ascii_hex_to_nibble$func$/home/hiepthai/Desktop/uart-fifo-rfid-asic/rdm6300_asic_fpga_modular/rtl/rdm6300/rdm6300_frame_decoder.v:120$440.$result[4:0]$766
    31/401: $10\ascii_hex_to_nibble$func$/home/hiepthai/Desktop/uart-fifo-rfid-asic/rdm6300_asic_fpga_modular/rtl/rdm6300/rdm6300_frame_decoder.v:120$439.$result[4:0]$760
    32/401: $9\ascii_hex_to_nibble$func$/home/hiepthai/Desktop/uart-fifo-rfid-asic/rdm6300_asic_fpga_modular/rtl/rdm6300/rdm6300_frame_decoder.v:120$439.$result[4:0]$754
    33/401: $8\ascii_hex_to_nibble$func$/home/hiepthai/Desktop/uart-fifo-rfid-asic/rdm6300_asic_fpga_modular/rtl/rdm6300/rdm6300_frame_decoder.v:120$439.$result[4:0]$749
    34/401: $10\ascii_hex_to_nibble$func$/home/hiepthai/Desktop/uart-fifo-rfid-asic/rdm6300_asic_fpga_modular/rtl/rdm6300/rdm6300_frame_decoder.v:120$438.$result[4:0]$743
    35/401: $9\ascii_hex_to_nibble$func$/home/hiepthai/Desktop/uart-fifo-rfid-asic/rdm6300_asic_fpga_modular/rtl/rdm6300/rdm6300_frame_decoder.v:120$438.$result[4:0]$737
    36/401: $8\ascii_hex_to_nibble$func$/home/hiepthai/Desktop/uart-fifo-rfid-asic/rdm6300_asic_fpga_modular/rtl/rdm6300/rdm6300_frame_decoder.v:120$438.$result[4:0]$732
    37/401: $10\ascii_hex_to_nibble$func$/home/hiepthai/Desktop/uart-fifo-rfid-asic/rdm6300_asic_fpga_modular/rtl/rdm6300/rdm6300_frame_decoder.v:120$437.$result[4:0]$726
    38/401: $9\ascii_hex_to_nibble$func$/home/hiepthai/Desktop/uart-fifo-rfid-asic/rdm6300_asic_fpga_modular/rtl/rdm6300/rdm6300_frame_decoder.v:120$437.$result[4:0]$720
    39/401: $8\ascii_hex_to_nibble$func$/home/hiepthai/Desktop/uart-fifo-rfid-asic/rdm6300_asic_fpga_modular/rtl/rdm6300/rdm6300_frame_decoder.v:120$437.$result[4:0]$715
    40/401: $10\ascii_hex_to_nibble$func$/home/hiepthai/Desktop/uart-fifo-rfid-asic/rdm6300_asic_fpga_modular/rtl/rdm6300/rdm6300_frame_decoder.v:120$436.$result[4:0]$709
    41/401: $9\ascii_hex_to_nibble$func$/home/hiepthai/Desktop/uart-fifo-rfid-asic/rdm6300_asic_fpga_modular/rtl/rdm6300/rdm6300_frame_decoder.v:120$436.$result[4:0]$703
    42/401: $8\ascii_hex_to_nibble$func$/home/hiepthai/Desktop/uart-fifo-rfid-asic/rdm6300_asic_fpga_modular/rtl/rdm6300/rdm6300_frame_decoder.v:120$436.$result[4:0]$698
    43/401: $10\ascii_hex_to_nibble$func$/home/hiepthai/Desktop/uart-fifo-rfid-asic/rdm6300_asic_fpga_modular/rtl/rdm6300/rdm6300_frame_decoder.v:120$435.$result[4:0]$692
    44/401: $9\ascii_hex_to_nibble$func$/home/hiepthai/Desktop/uart-fifo-rfid-asic/rdm6300_asic_fpga_modular/rtl/rdm6300/rdm6300_frame_decoder.v:120$435.$result[4:0]$686
    45/401: $8\ascii_hex_to_nibble$func$/home/hiepthai/Desktop/uart-fifo-rfid-asic/rdm6300_asic_fpga_modular/rtl/rdm6300/rdm6300_frame_decoder.v:120$435.$result[4:0]$681
    46/401: $7\nibble[11][4:0]
    47/401: $7\nibble[10][4:0]
    48/401: $7\nibble[9][4:0]
    49/401: $7\nibble[8][4:0]
    50/401: $7\nibble[7][4:0]
    51/401: $7\nibble[6][4:0]
    52/401: $7\nibble[5][4:0]
    53/401: $7\nibble[4][4:0]
    54/401: $7\nibble[3][4:0]
    55/401: $7\nibble[2][4:0]
    56/401: $7\nibble[1][4:0]
    57/401: $7\nibble[0][4:0]
    58/401: $7\ascii_hex_to_nibble$func$/home/hiepthai/Desktop/uart-fifo-rfid-asic/rdm6300_asic_fpga_modular/rtl/rdm6300/rdm6300_frame_decoder.v:120$446.ch[7:0]$677
    59/401: $7\ascii_hex_to_nibble$func$/home/hiepthai/Desktop/uart-fifo-rfid-asic/rdm6300_asic_fpga_modular/rtl/rdm6300/rdm6300_frame_decoder.v:120$446.$result[4:0]$676
    60/401: $7\ascii_hex_to_nibble$func$/home/hiepthai/Desktop/uart-fifo-rfid-asic/rdm6300_asic_fpga_modular/rtl/rdm6300/rdm6300_frame_decoder.v:120$445.ch[7:0]$675
    61/401: $7\ascii_hex_to_nibble$func$/home/hiepthai/Desktop/uart-fifo-rfid-asic/rdm6300_asic_fpga_modular/rtl/rdm6300/rdm6300_frame_decoder.v:120$445.$result[4:0]$674
    62/401: $7\ascii_hex_to_nibble$func$/home/hiepthai/Desktop/uart-fifo-rfid-asic/rdm6300_asic_fpga_modular/rtl/rdm6300/rdm6300_frame_decoder.v:120$444.ch[7:0]$673
    63/401: $7\ascii_hex_to_nibble$func$/home/hiepthai/Desktop/uart-fifo-rfid-asic/rdm6300_asic_fpga_modular/rtl/rdm6300/rdm6300_frame_decoder.v:120$444.$result[4:0]$672
    64/401: $7\ascii_hex_to_nibble$func$/home/hiepthai/Desktop/uart-fifo-rfid-asic/rdm6300_asic_fpga_modular/rtl/rdm6300/rdm6300_frame_decoder.v:120$443.ch[7:0]$671
    65/401: $7\ascii_hex_to_nibble$func$/home/hiepthai/Desktop/uart-fifo-rfid-asic/rdm6300_asic_fpga_modular/rtl/rdm6300/rdm6300_frame_decoder.v:120$443.$result[4:0]$670
    66/401: $7\ascii_hex_to_nibble$func$/home/hiepthai/Desktop/uart-fifo-rfid-asic/rdm6300_asic_fpga_modular/rtl/rdm6300/rdm6300_frame_decoder.v:120$442.ch[7:0]$669
    67/401: $7\ascii_hex_to_nibble$func$/home/hiepthai/Desktop/uart-fifo-rfid-asic/rdm6300_asic_fpga_modular/rtl/rdm6300/rdm6300_frame_decoder.v:120$442.$result[4:0]$668
    68/401: $7\ascii_hex_to_nibble$func$/home/hiepthai/Desktop/uart-fifo-rfid-asic/rdm6300_asic_fpga_modular/rtl/rdm6300/rdm6300_frame_decoder.v:120$441.ch[7:0]$667
    69/401: $7\ascii_hex_to_nibble$func$/home/hiepthai/Desktop/uart-fifo-rfid-asic/rdm6300_asic_fpga_modular/rtl/rdm6300/rdm6300_frame_decoder.v:120$441.$result[4:0]$666
    70/401: $7\ascii_hex_to_nibble$func$/home/hiepthai/Desktop/uart-fifo-rfid-asic/rdm6300_asic_fpga_modular/rtl/rdm6300/rdm6300_frame_decoder.v:120$440.ch[7:0]$665
    71/401: $7\ascii_hex_to_nibble$func$/home/hiepthai/Desktop/uart-fifo-rfid-asic/rdm6300_asic_fpga_modular/rtl/rdm6300/rdm6300_frame_decoder.v:120$440.$result[4:0]$664
    72/401: $7\ascii_hex_to_nibble$func$/home/hiepthai/Desktop/uart-fifo-rfid-asic/rdm6300_asic_fpga_modular/rtl/rdm6300/rdm6300_frame_decoder.v:120$439.ch[7:0]$663
    73/401: $7\ascii_hex_to_nibble$func$/home/hiepthai/Desktop/uart-fifo-rfid-asic/rdm6300_asic_fpga_modular/rtl/rdm6300/rdm6300_frame_decoder.v:120$439.$result[4:0]$662
    74/401: $7\ascii_hex_to_nibble$func$/home/hiepthai/Desktop/uart-fifo-rfid-asic/rdm6300_asic_fpga_modular/rtl/rdm6300/rdm6300_frame_decoder.v:120$438.ch[7:0]$661
    75/401: $7\ascii_hex_to_nibble$func$/home/hiepthai/Desktop/uart-fifo-rfid-asic/rdm6300_asic_fpga_modular/rtl/rdm6300/rdm6300_frame_decoder.v:120$438.$result[4:0]$660
    76/401: $7\ascii_hex_to_nibble$func$/home/hiepthai/Desktop/uart-fifo-rfid-asic/rdm6300_asic_fpga_modular/rtl/rdm6300/rdm6300_frame_decoder.v:120$437.ch[7:0]$659
    77/401: $7\ascii_hex_to_nibble$func$/home/hiepthai/Desktop/uart-fifo-rfid-asic/rdm6300_asic_fpga_modular/rtl/rdm6300/rdm6300_frame_decoder.v:120$437.$result[4:0]$658
    78/401: $7\ascii_hex_to_nibble$func$/home/hiepthai/Desktop/uart-fifo-rfid-asic/rdm6300_asic_fpga_modular/rtl/rdm6300/rdm6300_frame_decoder.v:120$436.ch[7:0]$657
    79/401: $7\ascii_hex_to_nibble$func$/home/hiepthai/Desktop/uart-fifo-rfid-asic/rdm6300_asic_fpga_modular/rtl/rdm6300/rdm6300_frame_decoder.v:120$436.$result[4:0]$656
    80/401: $7\ascii_hex_to_nibble$func$/home/hiepthai/Desktop/uart-fifo-rfid-asic/rdm6300_asic_fpga_modular/rtl/rdm6300/rdm6300_frame_decoder.v:120$435.ch[7:0]$655
    81/401: $7\ascii_hex_to_nibble$func$/home/hiepthai/Desktop/uart-fifo-rfid-asic/rdm6300_asic_fpga_modular/rtl/rdm6300/rdm6300_frame_decoder.v:120$435.$result[4:0]$654
    82/401: $7\checksum_rx[7:0]
    83/401: $7\checksum_calc[7:0]
    84/401: $7\payload_b4[7:0]
    85/401: $7\payload_b3[7:0]
    86/401: $7\payload_b2[7:0]
    87/401: $7\payload_b1[7:0]
    88/401: $7\payload_b0[7:0]
    89/401: $7\i[31:0]
    90/401: $6\nibble[11][4:0]
    91/401: $6\nibble[10][4:0]
    92/401: $6\nibble[9][4:0]
    93/401: $6\nibble[8][4:0]
    94/401: $6\nibble[7][4:0]
    95/401: $6\nibble[6][4:0]
    96/401: $6\nibble[5][4:0]
    97/401: $6\nibble[4][4:0]
    98/401: $6\nibble[3][4:0]
    99/401: $6\nibble[2][4:0]
   100/401: $6\nibble[1][4:0]
   101/401: $6\nibble[0][4:0]
   102/401: $6\ascii_hex_to_nibble$func$/home/hiepthai/Desktop/uart-fifo-rfid-asic/rdm6300_asic_fpga_modular/rtl/rdm6300/rdm6300_frame_decoder.v:120$446.ch[7:0]$648
   103/401: $6\ascii_hex_to_nibble$func$/home/hiepthai/Desktop/uart-fifo-rfid-asic/rdm6300_asic_fpga_modular/rtl/rdm6300/rdm6300_frame_decoder.v:120$446.$result[4:0]$647
   104/401: $6\ascii_hex_to_nibble$func$/home/hiepthai/Desktop/uart-fifo-rfid-asic/rdm6300_asic_fpga_modular/rtl/rdm6300/rdm6300_frame_decoder.v:120$445.ch[7:0]$646
   105/401: $6\ascii_hex_to_nibble$func$/home/hiepthai/Desktop/uart-fifo-rfid-asic/rdm6300_asic_fpga_modular/rtl/rdm6300/rdm6300_frame_decoder.v:120$445.$result[4:0]$645
   106/401: $6\ascii_hex_to_nibble$func$/home/hiepthai/Desktop/uart-fifo-rfid-asic/rdm6300_asic_fpga_modular/rtl/rdm6300/rdm6300_frame_decoder.v:120$444.ch[7:0]$644
   107/401: $6\ascii_hex_to_nibble$func$/home/hiepthai/Desktop/uart-fifo-rfid-asic/rdm6300_asic_fpga_modular/rtl/rdm6300/rdm6300_frame_decoder.v:120$444.$result[4:0]$643
   108/401: $6\ascii_hex_to_nibble$func$/home/hiepthai/Desktop/uart-fifo-rfid-asic/rdm6300_asic_fpga_modular/rtl/rdm6300/rdm6300_frame_decoder.v:120$443.ch[7:0]$642
   109/401: $6\ascii_hex_to_nibble$func$/home/hiepthai/Desktop/uart-fifo-rfid-asic/rdm6300_asic_fpga_modular/rtl/rdm6300/rdm6300_frame_decoder.v:120$443.$result[4:0]$641
   110/401: $6\ascii_hex_to_nibble$func$/home/hiepthai/Desktop/uart-fifo-rfid-asic/rdm6300_asic_fpga_modular/rtl/rdm6300/rdm6300_frame_decoder.v:120$442.ch[7:0]$640
   111/401: $6\ascii_hex_to_nibble$func$/home/hiepthai/Desktop/uart-fifo-rfid-asic/rdm6300_asic_fpga_modular/rtl/rdm6300/rdm6300_frame_decoder.v:120$442.$result[4:0]$639
   112/401: $6\ascii_hex_to_nibble$func$/home/hiepthai/Desktop/uart-fifo-rfid-asic/rdm6300_asic_fpga_modular/rtl/rdm6300/rdm6300_frame_decoder.v:120$441.ch[7:0]$638
   113/401: $6\ascii_hex_to_nibble$func$/home/hiepthai/Desktop/uart-fifo-rfid-asic/rdm6300_asic_fpga_modular/rtl/rdm6300/rdm6300_frame_decoder.v:120$441.$result[4:0]$637
   114/401: $6\ascii_hex_to_nibble$func$/home/hiepthai/Desktop/uart-fifo-rfid-asic/rdm6300_asic_fpga_modular/rtl/rdm6300/rdm6300_frame_decoder.v:120$440.ch[7:0]$636
   115/401: $6\ascii_hex_to_nibble$func$/home/hiepthai/Desktop/uart-fifo-rfid-asic/rdm6300_asic_fpga_modular/rtl/rdm6300/rdm6300_frame_decoder.v:120$440.$result[4:0]$635
   116/401: $6\ascii_hex_to_nibble$func$/home/hiepthai/Desktop/uart-fifo-rfid-asic/rdm6300_asic_fpga_modular/rtl/rdm6300/rdm6300_frame_decoder.v:120$439.ch[7:0]$634
   117/401: $6\ascii_hex_to_nibble$func$/home/hiepthai/Desktop/uart-fifo-rfid-asic/rdm6300_asic_fpga_modular/rtl/rdm6300/rdm6300_frame_decoder.v:120$439.$result[4:0]$633
   118/401: $6\ascii_hex_to_nibble$func$/home/hiepthai/Desktop/uart-fifo-rfid-asic/rdm6300_asic_fpga_modular/rtl/rdm6300/rdm6300_frame_decoder.v:120$438.ch[7:0]$632
   119/401: $6\ascii_hex_to_nibble$func$/home/hiepthai/Desktop/uart-fifo-rfid-asic/rdm6300_asic_fpga_modular/rtl/rdm6300/rdm6300_frame_decoder.v:120$438.$result[4:0]$631
   120/401: $6\ascii_hex_to_nibble$func$/home/hiepthai/Desktop/uart-fifo-rfid-asic/rdm6300_asic_fpga_modular/rtl/rdm6300/rdm6300_frame_decoder.v:120$437.ch[7:0]$630
   121/401: $6\ascii_hex_to_nibble$func$/home/hiepthai/Desktop/uart-fifo-rfid-asic/rdm6300_asic_fpga_modular/rtl/rdm6300/rdm6300_frame_decoder.v:120$437.$result[4:0]$629
   122/401: $6\ascii_hex_to_nibble$func$/home/hiepthai/Desktop/uart-fifo-rfid-asic/rdm6300_asic_fpga_modular/rtl/rdm6300/rdm6300_frame_decoder.v:120$436.ch[7:0]$628
   123/401: $6\ascii_hex_to_nibble$func$/home/hiepthai/Desktop/uart-fifo-rfid-asic/rdm6300_asic_fpga_modular/rtl/rdm6300/rdm6300_frame_decoder.v:120$436.$result[4:0]$627
   124/401: $6\ascii_hex_to_nibble$func$/home/hiepthai/Desktop/uart-fifo-rfid-asic/rdm6300_asic_fpga_modular/rtl/rdm6300/rdm6300_frame_decoder.v:120$435.ch[7:0]$626
   125/401: $6\ascii_hex_to_nibble$func$/home/hiepthai/Desktop/uart-fifo-rfid-asic/rdm6300_asic_fpga_modular/rtl/rdm6300/rdm6300_frame_decoder.v:120$435.$result[4:0]$625
   126/401: $6\checksum_rx[7:0]
   127/401: $6\checksum_calc[7:0]
   128/401: $6\payload_b4[7:0]
   129/401: $6\payload_b3[7:0]
   130/401: $6\payload_b2[7:0]
   131/401: $6\payload_b1[7:0]
   132/401: $6\payload_b0[7:0]
   133/401: $6\i[31:0]
   134/401: $6$mem2reg_wr$\ascii_buf$/home/hiepthai/Desktop/uart-fifo-rfid-asic/rdm6300_asic_fpga_modular/rtl/rdm6300/rdm6300_frame_decoder.v:149$448_DATA[7:0]$652
   135/401: $6$mem2reg_wr$\ascii_buf$/home/hiepthai/Desktop/uart-fifo-rfid-asic/rdm6300_asic_fpga_modular/rtl/rdm6300/rdm6300_frame_decoder.v:149$448_ADDR[3:0]$651
   136/401: $6\ascii_hex_to_nibble$func$/home/hiepthai/Desktop/uart-fifo-rfid-asic/rdm6300_asic_fpga_modular/rtl/rdm6300/rdm6300_frame_decoder.v:144$447.ch[7:0]$650
   137/401: $6\ascii_hex_to_nibble$func$/home/hiepthai/Desktop/uart-fifo-rfid-asic/rdm6300_asic_fpga_modular/rtl/rdm6300/rdm6300_frame_decoder.v:144$447.$result[4:0]$649
   138/401: $5$mem2reg_wr$\ascii_buf$/home/hiepthai/Desktop/uart-fifo-rfid-asic/rdm6300_asic_fpga_modular/rtl/rdm6300/rdm6300_frame_decoder.v:149$448_DATA[7:0]$623
   139/401: $5$mem2reg_wr$\ascii_buf$/home/hiepthai/Desktop/uart-fifo-rfid-asic/rdm6300_asic_fpga_modular/rtl/rdm6300/rdm6300_frame_decoder.v:149$448_ADDR[3:0]$622
   140/401: $5\nibble[11][4:0]
   141/401: $5\nibble[10][4:0]
   142/401: $5\nibble[9][4:0]
   143/401: $5\nibble[8][4:0]
   144/401: $5\nibble[7][4:0]
   145/401: $5\nibble[6][4:0]
   146/401: $5\nibble[5][4:0]
   147/401: $5\nibble[4][4:0]
   148/401: $5\nibble[3][4:0]
   149/401: $5\nibble[2][4:0]
   150/401: $5\nibble[1][4:0]
   151/401: $5\nibble[0][4:0]
   152/401: $5\ascii_hex_to_nibble$func$/home/hiepthai/Desktop/uart-fifo-rfid-asic/rdm6300_asic_fpga_modular/rtl/rdm6300/rdm6300_frame_decoder.v:144$447.ch[7:0]$621
   153/401: $5\ascii_hex_to_nibble$func$/home/hiepthai/Desktop/uart-fifo-rfid-asic/rdm6300_asic_fpga_modular/rtl/rdm6300/rdm6300_frame_decoder.v:144$447.$result[4:0]$620
   154/401: $5\ascii_hex_to_nibble$func$/home/hiepthai/Desktop/uart-fifo-rfid-asic/rdm6300_asic_fpga_modular/rtl/rdm6300/rdm6300_frame_decoder.v:120$446.ch[7:0]$619
   155/401: $5\ascii_hex_to_nibble$func$/home/hiepthai/Desktop/uart-fifo-rfid-asic/rdm6300_asic_fpga_modular/rtl/rdm6300/rdm6300_frame_decoder.v:120$446.$result[4:0]$618
   156/401: $5\ascii_hex_to_nibble$func$/home/hiepthai/Desktop/uart-fifo-rfid-asic/rdm6300_asic_fpga_modular/rtl/rdm6300/rdm6300_frame_decoder.v:120$445.ch[7:0]$617
   157/401: $5\ascii_hex_to_nibble$func$/home/hiepthai/Desktop/uart-fifo-rfid-asic/rdm6300_asic_fpga_modular/rtl/rdm6300/rdm6300_frame_decoder.v:120$445.$result[4:0]$616
   158/401: $5\ascii_hex_to_nibble$func$/home/hiepthai/Desktop/uart-fifo-rfid-asic/rdm6300_asic_fpga_modular/rtl/rdm6300/rdm6300_frame_decoder.v:120$444.ch[7:0]$615
   159/401: $5\ascii_hex_to_nibble$func$/home/hiepthai/Desktop/uart-fifo-rfid-asic/rdm6300_asic_fpga_modular/rtl/rdm6300/rdm6300_frame_decoder.v:120$444.$result[4:0]$614
   160/401: $5\ascii_hex_to_nibble$func$/home/hiepthai/Desktop/uart-fifo-rfid-asic/rdm6300_asic_fpga_modular/rtl/rdm6300/rdm6300_frame_decoder.v:120$443.ch[7:0]$613
   161/401: $5\ascii_hex_to_nibble$func$/home/hiepthai/Desktop/uart-fifo-rfid-asic/rdm6300_asic_fpga_modular/rtl/rdm6300/rdm6300_frame_decoder.v:120$443.$result[4:0]$612
   162/401: $5\ascii_hex_to_nibble$func$/home/hiepthai/Desktop/uart-fifo-rfid-asic/rdm6300_asic_fpga_modular/rtl/rdm6300/rdm6300_frame_decoder.v:120$442.ch[7:0]$611
   163/401: $5\ascii_hex_to_nibble$func$/home/hiepthai/Desktop/uart-fifo-rfid-asic/rdm6300_asic_fpga_modular/rtl/rdm6300/rdm6300_frame_decoder.v:120$442.$result[4:0]$610
   164/401: $5\ascii_hex_to_nibble$func$/home/hiepthai/Desktop/uart-fifo-rfid-asic/rdm6300_asic_fpga_modular/rtl/rdm6300/rdm6300_frame_decoder.v:120$441.ch[7:0]$609
   165/401: $5\ascii_hex_to_nibble$func$/home/hiepthai/Desktop/uart-fifo-rfid-asic/rdm6300_asic_fpga_modular/rtl/rdm6300/rdm6300_frame_decoder.v:120$441.$result[4:0]$608
   166/401: $5\ascii_hex_to_nibble$func$/home/hiepthai/Desktop/uart-fifo-rfid-asic/rdm6300_asic_fpga_modular/rtl/rdm6300/rdm6300_frame_decoder.v:120$440.ch[7:0]$607
   167/401: $5\ascii_hex_to_nibble$func$/home/hiepthai/Desktop/uart-fifo-rfid-asic/rdm6300_asic_fpga_modular/rtl/rdm6300/rdm6300_frame_decoder.v:120$440.$result[4:0]$606
   168/401: $5\ascii_hex_to_nibble$func$/home/hiepthai/Desktop/uart-fifo-rfid-asic/rdm6300_asic_fpga_modular/rtl/rdm6300/rdm6300_frame_decoder.v:120$439.ch[7:0]$605
   169/401: $5\ascii_hex_to_nibble$func$/home/hiepthai/Desktop/uart-fifo-rfid-asic/rdm6300_asic_fpga_modular/rtl/rdm6300/rdm6300_frame_decoder.v:120$439.$result[4:0]$604
   170/401: $5\ascii_hex_to_nibble$func$/home/hiepthai/Desktop/uart-fifo-rfid-asic/rdm6300_asic_fpga_modular/rtl/rdm6300/rdm6300_frame_decoder.v:120$438.ch[7:0]$603
   171/401: $5\ascii_hex_to_nibble$func$/home/hiepthai/Desktop/uart-fifo-rfid-asic/rdm6300_asic_fpga_modular/rtl/rdm6300/rdm6300_frame_decoder.v:120$438.$result[4:0]$602
   172/401: $5\ascii_hex_to_nibble$func$/home/hiepthai/Desktop/uart-fifo-rfid-asic/rdm6300_asic_fpga_modular/rtl/rdm6300/rdm6300_frame_decoder.v:120$437.ch[7:0]$601
   173/401: $5\ascii_hex_to_nibble$func$/home/hiepthai/Desktop/uart-fifo-rfid-asic/rdm6300_asic_fpga_modular/rtl/rdm6300/rdm6300_frame_decoder.v:120$437.$result[4:0]$600
   174/401: $5\ascii_hex_to_nibble$func$/home/hiepthai/Desktop/uart-fifo-rfid-asic/rdm6300_asic_fpga_modular/rtl/rdm6300/rdm6300_frame_decoder.v:120$436.ch[7:0]$599
   175/401: $5\ascii_hex_to_nibble$func$/home/hiepthai/Desktop/uart-fifo-rfid-asic/rdm6300_asic_fpga_modular/rtl/rdm6300/rdm6300_frame_decoder.v:120$436.$result[4:0]$598
   176/401: $5\ascii_hex_to_nibble$func$/home/hiepthai/Desktop/uart-fifo-rfid-asic/rdm6300_asic_fpga_modular/rtl/rdm6300/rdm6300_frame_decoder.v:120$435.ch[7:0]$597
   177/401: $5\ascii_hex_to_nibble$func$/home/hiepthai/Desktop/uart-fifo-rfid-asic/rdm6300_asic_fpga_modular/rtl/rdm6300/rdm6300_frame_decoder.v:120$435.$result[4:0]$596
   178/401: $5\checksum_rx[7:0]
   179/401: $5\checksum_calc[7:0]
   180/401: $5\payload_b4[7:0]
   181/401: $5\payload_b3[7:0]
   182/401: $5\payload_b2[7:0]
   183/401: $5\payload_b1[7:0]
   184/401: $5\payload_b0[7:0]
   185/401: $5\i[31:0]
   186/401: $4$mem2reg_wr$\ascii_buf$/home/hiepthai/Desktop/uart-fifo-rfid-asic/rdm6300_asic_fpga_modular/rtl/rdm6300/rdm6300_frame_decoder.v:149$448_DATA[7:0]$593
   187/401: $4$mem2reg_wr$\ascii_buf$/home/hiepthai/Desktop/uart-fifo-rfid-asic/rdm6300_asic_fpga_modular/rtl/rdm6300/rdm6300_frame_decoder.v:149$448_ADDR[3:0]$592
   188/401: $4\nibble[11][4:0]
   189/401: $4\nibble[10][4:0]
   190/401: $4\nibble[9][4:0]
   191/401: $4\nibble[8][4:0]
   192/401: $4\nibble[7][4:0]
   193/401: $4\nibble[6][4:0]
   194/401: $4\nibble[5][4:0]
   195/401: $4\nibble[4][4:0]
   196/401: $4\nibble[3][4:0]
   197/401: $4\nibble[2][4:0]
   198/401: $4\nibble[1][4:0]
   199/401: $4\nibble[0][4:0]
   200/401: $4\ascii_hex_to_nibble$func$/home/hiepthai/Desktop/uart-fifo-rfid-asic/rdm6300_asic_fpga_modular/rtl/rdm6300/rdm6300_frame_decoder.v:144$447.ch[7:0]$591
   201/401: $4\ascii_hex_to_nibble$func$/home/hiepthai/Desktop/uart-fifo-rfid-asic/rdm6300_asic_fpga_modular/rtl/rdm6300/rdm6300_frame_decoder.v:144$447.$result[4:0]$590
   202/401: $4\ascii_hex_to_nibble$func$/home/hiepthai/Desktop/uart-fifo-rfid-asic/rdm6300_asic_fpga_modular/rtl/rdm6300/rdm6300_frame_decoder.v:120$446.ch[7:0]$589
   203/401: $4\ascii_hex_to_nibble$func$/home/hiepthai/Desktop/uart-fifo-rfid-asic/rdm6300_asic_fpga_modular/rtl/rdm6300/rdm6300_frame_decoder.v:120$446.$result[4:0]$588
   204/401: $4\ascii_hex_to_nibble$func$/home/hiepthai/Desktop/uart-fifo-rfid-asic/rdm6300_asic_fpga_modular/rtl/rdm6300/rdm6300_frame_decoder.v:120$445.ch[7:0]$587
   205/401: $4\ascii_hex_to_nibble$func$/home/hiepthai/Desktop/uart-fifo-rfid-asic/rdm6300_asic_fpga_modular/rtl/rdm6300/rdm6300_frame_decoder.v:120$445.$result[4:0]$586
   206/401: $4\ascii_hex_to_nibble$func$/home/hiepthai/Desktop/uart-fifo-rfid-asic/rdm6300_asic_fpga_modular/rtl/rdm6300/rdm6300_frame_decoder.v:120$444.ch[7:0]$585
   207/401: $4\ascii_hex_to_nibble$func$/home/hiepthai/Desktop/uart-fifo-rfid-asic/rdm6300_asic_fpga_modular/rtl/rdm6300/rdm6300_frame_decoder.v:120$444.$result[4:0]$584
   208/401: $4\ascii_hex_to_nibble$func$/home/hiepthai/Desktop/uart-fifo-rfid-asic/rdm6300_asic_fpga_modular/rtl/rdm6300/rdm6300_frame_decoder.v:120$443.ch[7:0]$583
   209/401: $4\ascii_hex_to_nibble$func$/home/hiepthai/Desktop/uart-fifo-rfid-asic/rdm6300_asic_fpga_modular/rtl/rdm6300/rdm6300_frame_decoder.v:120$443.$result[4:0]$582
   210/401: $4\ascii_hex_to_nibble$func$/home/hiepthai/Desktop/uart-fifo-rfid-asic/rdm6300_asic_fpga_modular/rtl/rdm6300/rdm6300_frame_decoder.v:120$442.ch[7:0]$581
   211/401: $4\ascii_hex_to_nibble$func$/home/hiepthai/Desktop/uart-fifo-rfid-asic/rdm6300_asic_fpga_modular/rtl/rdm6300/rdm6300_frame_decoder.v:120$442.$result[4:0]$580
   212/401: $4\ascii_hex_to_nibble$func$/home/hiepthai/Desktop/uart-fifo-rfid-asic/rdm6300_asic_fpga_modular/rtl/rdm6300/rdm6300_frame_decoder.v:120$441.ch[7:0]$579
   213/401: $4\ascii_hex_to_nibble$func$/home/hiepthai/Desktop/uart-fifo-rfid-asic/rdm6300_asic_fpga_modular/rtl/rdm6300/rdm6300_frame_decoder.v:120$441.$result[4:0]$578
   214/401: $4\ascii_hex_to_nibble$func$/home/hiepthai/Desktop/uart-fifo-rfid-asic/rdm6300_asic_fpga_modular/rtl/rdm6300/rdm6300_frame_decoder.v:120$440.ch[7:0]$577
   215/401: $4\ascii_hex_to_nibble$func$/home/hiepthai/Desktop/uart-fifo-rfid-asic/rdm6300_asic_fpga_modular/rtl/rdm6300/rdm6300_frame_decoder.v:120$440.$result[4:0]$576
   216/401: $4\ascii_hex_to_nibble$func$/home/hiepthai/Desktop/uart-fifo-rfid-asic/rdm6300_asic_fpga_modular/rtl/rdm6300/rdm6300_frame_decoder.v:120$439.ch[7:0]$575
   217/401: $4\ascii_hex_to_nibble$func$/home/hiepthai/Desktop/uart-fifo-rfid-asic/rdm6300_asic_fpga_modular/rtl/rdm6300/rdm6300_frame_decoder.v:120$439.$result[4:0]$574
   218/401: $4\ascii_hex_to_nibble$func$/home/hiepthai/Desktop/uart-fifo-rfid-asic/rdm6300_asic_fpga_modular/rtl/rdm6300/rdm6300_frame_decoder.v:120$438.ch[7:0]$573
   219/401: $4\ascii_hex_to_nibble$func$/home/hiepthai/Desktop/uart-fifo-rfid-asic/rdm6300_asic_fpga_modular/rtl/rdm6300/rdm6300_frame_decoder.v:120$438.$result[4:0]$572
   220/401: $4\ascii_hex_to_nibble$func$/home/hiepthai/Desktop/uart-fifo-rfid-asic/rdm6300_asic_fpga_modular/rtl/rdm6300/rdm6300_frame_decoder.v:120$437.ch[7:0]$571
   221/401: $4\ascii_hex_to_nibble$func$/home/hiepthai/Desktop/uart-fifo-rfid-asic/rdm6300_asic_fpga_modular/rtl/rdm6300/rdm6300_frame_decoder.v:120$437.$result[4:0]$570
   222/401: $4\ascii_hex_to_nibble$func$/home/hiepthai/Desktop/uart-fifo-rfid-asic/rdm6300_asic_fpga_modular/rtl/rdm6300/rdm6300_frame_decoder.v:120$436.ch[7:0]$569
   223/401: $4\ascii_hex_to_nibble$func$/home/hiepthai/Desktop/uart-fifo-rfid-asic/rdm6300_asic_fpga_modular/rtl/rdm6300/rdm6300_frame_decoder.v:120$436.$result[4:0]$568
   224/401: $4\ascii_hex_to_nibble$func$/home/hiepthai/Desktop/uart-fifo-rfid-asic/rdm6300_asic_fpga_modular/rtl/rdm6300/rdm6300_frame_decoder.v:120$435.ch[7:0]$567
   225/401: $4\ascii_hex_to_nibble$func$/home/hiepthai/Desktop/uart-fifo-rfid-asic/rdm6300_asic_fpga_modular/rtl/rdm6300/rdm6300_frame_decoder.v:120$435.$result[4:0]$566
   226/401: $4\checksum_rx[7:0]
   227/401: $4\checksum_calc[7:0]
   228/401: $4\payload_b4[7:0]
   229/401: $4\payload_b3[7:0]
   230/401: $4\payload_b2[7:0]
   231/401: $4\payload_b1[7:0]
   232/401: $4\payload_b0[7:0]
   233/401: $4\i[31:0]
   234/401: $3$mem2reg_wr$\ascii_buf$/home/hiepthai/Desktop/uart-fifo-rfid-asic/rdm6300_asic_fpga_modular/rtl/rdm6300/rdm6300_frame_decoder.v:149$448_DATA[7:0]$565
   235/401: $3$mem2reg_wr$\ascii_buf$/home/hiepthai/Desktop/uart-fifo-rfid-asic/rdm6300_asic_fpga_modular/rtl/rdm6300/rdm6300_frame_decoder.v:149$448_ADDR[3:0]$564
   236/401: $3\nibble[11][4:0]
   237/401: $3\nibble[10][4:0]
   238/401: $3\nibble[9][4:0]
   239/401: $3\nibble[8][4:0]
   240/401: $3\nibble[7][4:0]
   241/401: $3\nibble[6][4:0]
   242/401: $3\nibble[5][4:0]
   243/401: $3\nibble[4][4:0]
   244/401: $3\nibble[3][4:0]
   245/401: $3\nibble[2][4:0]
   246/401: $3\nibble[1][4:0]
   247/401: $3\nibble[0][4:0]
   248/401: $3\ascii_hex_to_nibble$func$/home/hiepthai/Desktop/uart-fifo-rfid-asic/rdm6300_asic_fpga_modular/rtl/rdm6300/rdm6300_frame_decoder.v:144$447.ch[7:0]$563
   249/401: $3\ascii_hex_to_nibble$func$/home/hiepthai/Desktop/uart-fifo-rfid-asic/rdm6300_asic_fpga_modular/rtl/rdm6300/rdm6300_frame_decoder.v:144$447.$result[4:0]$562
   250/401: $3\ascii_hex_to_nibble$func$/home/hiepthai/Desktop/uart-fifo-rfid-asic/rdm6300_asic_fpga_modular/rtl/rdm6300/rdm6300_frame_decoder.v:120$446.ch[7:0]$561
   251/401: $3\ascii_hex_to_nibble$func$/home/hiepthai/Desktop/uart-fifo-rfid-asic/rdm6300_asic_fpga_modular/rtl/rdm6300/rdm6300_frame_decoder.v:120$446.$result[4:0]$560
   252/401: $3\ascii_hex_to_nibble$func$/home/hiepthai/Desktop/uart-fifo-rfid-asic/rdm6300_asic_fpga_modular/rtl/rdm6300/rdm6300_frame_decoder.v:120$445.ch[7:0]$559
   253/401: $3\ascii_hex_to_nibble$func$/home/hiepthai/Desktop/uart-fifo-rfid-asic/rdm6300_asic_fpga_modular/rtl/rdm6300/rdm6300_frame_decoder.v:120$445.$result[4:0]$558
   254/401: $3\ascii_hex_to_nibble$func$/home/hiepthai/Desktop/uart-fifo-rfid-asic/rdm6300_asic_fpga_modular/rtl/rdm6300/rdm6300_frame_decoder.v:120$444.ch[7:0]$557
   255/401: $3\ascii_hex_to_nibble$func$/home/hiepthai/Desktop/uart-fifo-rfid-asic/rdm6300_asic_fpga_modular/rtl/rdm6300/rdm6300_frame_decoder.v:120$444.$result[4:0]$556
   256/401: $3\ascii_hex_to_nibble$func$/home/hiepthai/Desktop/uart-fifo-rfid-asic/rdm6300_asic_fpga_modular/rtl/rdm6300/rdm6300_frame_decoder.v:120$443.ch[7:0]$555
   257/401: $3\ascii_hex_to_nibble$func$/home/hiepthai/Desktop/uart-fifo-rfid-asic/rdm6300_asic_fpga_modular/rtl/rdm6300/rdm6300_frame_decoder.v:120$443.$result[4:0]$554
   258/401: $3\ascii_hex_to_nibble$func$/home/hiepthai/Desktop/uart-fifo-rfid-asic/rdm6300_asic_fpga_modular/rtl/rdm6300/rdm6300_frame_decoder.v:120$442.ch[7:0]$553
   259/401: $3\ascii_hex_to_nibble$func$/home/hiepthai/Desktop/uart-fifo-rfid-asic/rdm6300_asic_fpga_modular/rtl/rdm6300/rdm6300_frame_decoder.v:120$442.$result[4:0]$552
   260/401: $3\ascii_hex_to_nibble$func$/home/hiepthai/Desktop/uart-fifo-rfid-asic/rdm6300_asic_fpga_modular/rtl/rdm6300/rdm6300_frame_decoder.v:120$441.ch[7:0]$551
   261/401: $3\ascii_hex_to_nibble$func$/home/hiepthai/Desktop/uart-fifo-rfid-asic/rdm6300_asic_fpga_modular/rtl/rdm6300/rdm6300_frame_decoder.v:120$441.$result[4:0]$550
   262/401: $3\ascii_hex_to_nibble$func$/home/hiepthai/Desktop/uart-fifo-rfid-asic/rdm6300_asic_fpga_modular/rtl/rdm6300/rdm6300_frame_decoder.v:120$440.ch[7:0]$549
   263/401: $3\ascii_hex_to_nibble$func$/home/hiepthai/Desktop/uart-fifo-rfid-asic/rdm6300_asic_fpga_modular/rtl/rdm6300/rdm6300_frame_decoder.v:120$440.$result[4:0]$548
   264/401: $3\ascii_hex_to_nibble$func$/home/hiepthai/Desktop/uart-fifo-rfid-asic/rdm6300_asic_fpga_modular/rtl/rdm6300/rdm6300_frame_decoder.v:120$439.ch[7:0]$547
   265/401: $3\ascii_hex_to_nibble$func$/home/hiepthai/Desktop/uart-fifo-rfid-asic/rdm6300_asic_fpga_modular/rtl/rdm6300/rdm6300_frame_decoder.v:120$439.$result[4:0]$546
   266/401: $3\ascii_hex_to_nibble$func$/home/hiepthai/Desktop/uart-fifo-rfid-asic/rdm6300_asic_fpga_modular/rtl/rdm6300/rdm6300_frame_decoder.v:120$438.ch[7:0]$545
   267/401: $3\ascii_hex_to_nibble$func$/home/hiepthai/Desktop/uart-fifo-rfid-asic/rdm6300_asic_fpga_modular/rtl/rdm6300/rdm6300_frame_decoder.v:120$438.$result[4:0]$544
   268/401: $3\ascii_hex_to_nibble$func$/home/hiepthai/Desktop/uart-fifo-rfid-asic/rdm6300_asic_fpga_modular/rtl/rdm6300/rdm6300_frame_decoder.v:120$437.ch[7:0]$543
   269/401: $3\ascii_hex_to_nibble$func$/home/hiepthai/Desktop/uart-fifo-rfid-asic/rdm6300_asic_fpga_modular/rtl/rdm6300/rdm6300_frame_decoder.v:120$437.$result[4:0]$542
   270/401: $3\ascii_hex_to_nibble$func$/home/hiepthai/Desktop/uart-fifo-rfid-asic/rdm6300_asic_fpga_modular/rtl/rdm6300/rdm6300_frame_decoder.v:120$436.ch[7:0]$541
   271/401: $3\ascii_hex_to_nibble$func$/home/hiepthai/Desktop/uart-fifo-rfid-asic/rdm6300_asic_fpga_modular/rtl/rdm6300/rdm6300_frame_decoder.v:120$436.$result[4:0]$540
   272/401: $3\ascii_hex_to_nibble$func$/home/hiepthai/Desktop/uart-fifo-rfid-asic/rdm6300_asic_fpga_modular/rtl/rdm6300/rdm6300_frame_decoder.v:120$435.ch[7:0]$539
   273/401: $3\ascii_hex_to_nibble$func$/home/hiepthai/Desktop/uart-fifo-rfid-asic/rdm6300_asic_fpga_modular/rtl/rdm6300/rdm6300_frame_decoder.v:120$435.$result[4:0]$538
   274/401: $3\checksum_rx[7:0]
   275/401: $3\checksum_calc[7:0]
   276/401: $3\payload_b4[7:0]
   277/401: $3\payload_b3[7:0]
   278/401: $3\payload_b2[7:0]
   279/401: $3\payload_b1[7:0]
   280/401: $3\payload_b0[7:0]
   281/401: $3\i[31:0]
   282/401: $2$mem2reg_wr$\ascii_buf$/home/hiepthai/Desktop/uart-fifo-rfid-asic/rdm6300_asic_fpga_modular/rtl/rdm6300/rdm6300_frame_decoder.v:149$448_DATA[7:0]$536
   283/401: $2$mem2reg_wr$\ascii_buf$/home/hiepthai/Desktop/uart-fifo-rfid-asic/rdm6300_asic_fpga_modular/rtl/rdm6300/rdm6300_frame_decoder.v:149$448_ADDR[3:0]$535
   284/401: $2\nibble[11][4:0]
   285/401: $2\nibble[10][4:0]
   286/401: $2\nibble[9][4:0]
   287/401: $2\nibble[8][4:0]
   288/401: $2\nibble[7][4:0]
   289/401: $2\nibble[6][4:0]
   290/401: $2\nibble[5][4:0]
   291/401: $2\nibble[4][4:0]
   292/401: $2\nibble[3][4:0]
   293/401: $2\nibble[2][4:0]
   294/401: $2\nibble[1][4:0]
   295/401: $2\nibble[0][4:0]
   296/401: $2\ascii_hex_to_nibble$func$/home/hiepthai/Desktop/uart-fifo-rfid-asic/rdm6300_asic_fpga_modular/rtl/rdm6300/rdm6300_frame_decoder.v:144$447.ch[7:0]$534
   297/401: $2\ascii_hex_to_nibble$func$/home/hiepthai/Desktop/uart-fifo-rfid-asic/rdm6300_asic_fpga_modular/rtl/rdm6300/rdm6300_frame_decoder.v:144$447.$result[4:0]$533
   298/401: $2\ascii_hex_to_nibble$func$/home/hiepthai/Desktop/uart-fifo-rfid-asic/rdm6300_asic_fpga_modular/rtl/rdm6300/rdm6300_frame_decoder.v:120$446.ch[7:0]$532
   299/401: $2\ascii_hex_to_nibble$func$/home/hiepthai/Desktop/uart-fifo-rfid-asic/rdm6300_asic_fpga_modular/rtl/rdm6300/rdm6300_frame_decoder.v:120$446.$result[4:0]$531
   300/401: $2\ascii_hex_to_nibble$func$/home/hiepthai/Desktop/uart-fifo-rfid-asic/rdm6300_asic_fpga_modular/rtl/rdm6300/rdm6300_frame_decoder.v:120$445.ch[7:0]$530
   301/401: $2\ascii_hex_to_nibble$func$/home/hiepthai/Desktop/uart-fifo-rfid-asic/rdm6300_asic_fpga_modular/rtl/rdm6300/rdm6300_frame_decoder.v:120$445.$result[4:0]$529
   302/401: $2\ascii_hex_to_nibble$func$/home/hiepthai/Desktop/uart-fifo-rfid-asic/rdm6300_asic_fpga_modular/rtl/rdm6300/rdm6300_frame_decoder.v:120$444.ch[7:0]$528
   303/401: $2\ascii_hex_to_nibble$func$/home/hiepthai/Desktop/uart-fifo-rfid-asic/rdm6300_asic_fpga_modular/rtl/rdm6300/rdm6300_frame_decoder.v:120$444.$result[4:0]$527
   304/401: $2\ascii_hex_to_nibble$func$/home/hiepthai/Desktop/uart-fifo-rfid-asic/rdm6300_asic_fpga_modular/rtl/rdm6300/rdm6300_frame_decoder.v:120$443.ch[7:0]$526
   305/401: $2\ascii_hex_to_nibble$func$/home/hiepthai/Desktop/uart-fifo-rfid-asic/rdm6300_asic_fpga_modular/rtl/rdm6300/rdm6300_frame_decoder.v:120$443.$result[4:0]$525
   306/401: $2\ascii_hex_to_nibble$func$/home/hiepthai/Desktop/uart-fifo-rfid-asic/rdm6300_asic_fpga_modular/rtl/rdm6300/rdm6300_frame_decoder.v:120$442.ch[7:0]$524
   307/401: $2\ascii_hex_to_nibble$func$/home/hiepthai/Desktop/uart-fifo-rfid-asic/rdm6300_asic_fpga_modular/rtl/rdm6300/rdm6300_frame_decoder.v:120$442.$result[4:0]$523
   308/401: $2\ascii_hex_to_nibble$func$/home/hiepthai/Desktop/uart-fifo-rfid-asic/rdm6300_asic_fpga_modular/rtl/rdm6300/rdm6300_frame_decoder.v:120$441.ch[7:0]$522
   309/401: $2\ascii_hex_to_nibble$func$/home/hiepthai/Desktop/uart-fifo-rfid-asic/rdm6300_asic_fpga_modular/rtl/rdm6300/rdm6300_frame_decoder.v:120$441.$result[4:0]$521
   310/401: $2\ascii_hex_to_nibble$func$/home/hiepthai/Desktop/uart-fifo-rfid-asic/rdm6300_asic_fpga_modular/rtl/rdm6300/rdm6300_frame_decoder.v:120$440.ch[7:0]$520
   311/401: $2\ascii_hex_to_nibble$func$/home/hiepthai/Desktop/uart-fifo-rfid-asic/rdm6300_asic_fpga_modular/rtl/rdm6300/rdm6300_frame_decoder.v:120$440.$result[4:0]$519
   312/401: $2\ascii_hex_to_nibble$func$/home/hiepthai/Desktop/uart-fifo-rfid-asic/rdm6300_asic_fpga_modular/rtl/rdm6300/rdm6300_frame_decoder.v:120$439.ch[7:0]$518
   313/401: $2\ascii_hex_to_nibble$func$/home/hiepthai/Desktop/uart-fifo-rfid-asic/rdm6300_asic_fpga_modular/rtl/rdm6300/rdm6300_frame_decoder.v:120$439.$result[4:0]$517
   314/401: $2\ascii_hex_to_nibble$func$/home/hiepthai/Desktop/uart-fifo-rfid-asic/rdm6300_asic_fpga_modular/rtl/rdm6300/rdm6300_frame_decoder.v:120$438.ch[7:0]$516
   315/401: $2\ascii_hex_to_nibble$func$/home/hiepthai/Desktop/uart-fifo-rfid-asic/rdm6300_asic_fpga_modular/rtl/rdm6300/rdm6300_frame_decoder.v:120$438.$result[4:0]$515
   316/401: $2\ascii_hex_to_nibble$func$/home/hiepthai/Desktop/uart-fifo-rfid-asic/rdm6300_asic_fpga_modular/rtl/rdm6300/rdm6300_frame_decoder.v:120$437.ch[7:0]$514
   317/401: $2\ascii_hex_to_nibble$func$/home/hiepthai/Desktop/uart-fifo-rfid-asic/rdm6300_asic_fpga_modular/rtl/rdm6300/rdm6300_frame_decoder.v:120$437.$result[4:0]$513
   318/401: $2\ascii_hex_to_nibble$func$/home/hiepthai/Desktop/uart-fifo-rfid-asic/rdm6300_asic_fpga_modular/rtl/rdm6300/rdm6300_frame_decoder.v:120$436.ch[7:0]$512
   319/401: $2\ascii_hex_to_nibble$func$/home/hiepthai/Desktop/uart-fifo-rfid-asic/rdm6300_asic_fpga_modular/rtl/rdm6300/rdm6300_frame_decoder.v:120$436.$result[4:0]$511
   320/401: $2\ascii_hex_to_nibble$func$/home/hiepthai/Desktop/uart-fifo-rfid-asic/rdm6300_asic_fpga_modular/rtl/rdm6300/rdm6300_frame_decoder.v:120$435.ch[7:0]$510
   321/401: $2\ascii_hex_to_nibble$func$/home/hiepthai/Desktop/uart-fifo-rfid-asic/rdm6300_asic_fpga_modular/rtl/rdm6300/rdm6300_frame_decoder.v:120$435.$result[4:0]$509
   322/401: $2\checksum_rx[7:0]
   323/401: $2\checksum_calc[7:0]
   324/401: $2\payload_b4[7:0]
   325/401: $2\payload_b3[7:0]
   326/401: $2\payload_b2[7:0]
   327/401: $2\payload_b1[7:0]
   328/401: $2\payload_b0[7:0]
   329/401: $2\i[31:0]
   330/401: $1$mem2reg_wr$\ascii_buf$/home/hiepthai/Desktop/uart-fifo-rfid-asic/rdm6300_asic_fpga_modular/rtl/rdm6300/rdm6300_frame_decoder.v:149$448_DATA[7:0]$507
   331/401: $1$mem2reg_wr$\ascii_buf$/home/hiepthai/Desktop/uart-fifo-rfid-asic/rdm6300_asic_fpga_modular/rtl/rdm6300/rdm6300_frame_decoder.v:149$448_ADDR[3:0]$506
   332/401: $1\nibble[11][4:0]
   333/401: $1\nibble[10][4:0]
   334/401: $1\nibble[9][4:0]
   335/401: $1\nibble[8][4:0]
   336/401: $1\nibble[7][4:0]
   337/401: $1\nibble[6][4:0]
   338/401: $1\nibble[5][4:0]
   339/401: $1\nibble[4][4:0]
   340/401: $1\nibble[3][4:0]
   341/401: $1\nibble[2][4:0]
   342/401: $1\nibble[1][4:0]
   343/401: $1\nibble[0][4:0]
   344/401: $1\ascii_hex_to_nibble$func$/home/hiepthai/Desktop/uart-fifo-rfid-asic/rdm6300_asic_fpga_modular/rtl/rdm6300/rdm6300_frame_decoder.v:144$447.ch[7:0]$505
   345/401: $1\ascii_hex_to_nibble$func$/home/hiepthai/Desktop/uart-fifo-rfid-asic/rdm6300_asic_fpga_modular/rtl/rdm6300/rdm6300_frame_decoder.v:144$447.$result[4:0]$504
   346/401: $1\ascii_hex_to_nibble$func$/home/hiepthai/Desktop/uart-fifo-rfid-asic/rdm6300_asic_fpga_modular/rtl/rdm6300/rdm6300_frame_decoder.v:120$446.ch[7:0]$503
   347/401: $1\ascii_hex_to_nibble$func$/home/hiepthai/Desktop/uart-fifo-rfid-asic/rdm6300_asic_fpga_modular/rtl/rdm6300/rdm6300_frame_decoder.v:120$446.$result[4:0]$502
   348/401: $1\ascii_hex_to_nibble$func$/home/hiepthai/Desktop/uart-fifo-rfid-asic/rdm6300_asic_fpga_modular/rtl/rdm6300/rdm6300_frame_decoder.v:120$445.ch[7:0]$501
   349/401: $1\ascii_hex_to_nibble$func$/home/hiepthai/Desktop/uart-fifo-rfid-asic/rdm6300_asic_fpga_modular/rtl/rdm6300/rdm6300_frame_decoder.v:120$445.$result[4:0]$500
   350/401: $1\ascii_hex_to_nibble$func$/home/hiepthai/Desktop/uart-fifo-rfid-asic/rdm6300_asic_fpga_modular/rtl/rdm6300/rdm6300_frame_decoder.v:120$444.ch[7:0]$499
   351/401: $1\ascii_hex_to_nibble$func$/home/hiepthai/Desktop/uart-fifo-rfid-asic/rdm6300_asic_fpga_modular/rtl/rdm6300/rdm6300_frame_decoder.v:120$444.$result[4:0]$498
   352/401: $1\ascii_hex_to_nibble$func$/home/hiepthai/Desktop/uart-fifo-rfid-asic/rdm6300_asic_fpga_modular/rtl/rdm6300/rdm6300_frame_decoder.v:120$443.ch[7:0]$497
   353/401: $1\ascii_hex_to_nibble$func$/home/hiepthai/Desktop/uart-fifo-rfid-asic/rdm6300_asic_fpga_modular/rtl/rdm6300/rdm6300_frame_decoder.v:120$443.$result[4:0]$496
   354/401: $1\ascii_hex_to_nibble$func$/home/hiepthai/Desktop/uart-fifo-rfid-asic/rdm6300_asic_fpga_modular/rtl/rdm6300/rdm6300_frame_decoder.v:120$442.ch[7:0]$495
   355/401: $1\ascii_hex_to_nibble$func$/home/hiepthai/Desktop/uart-fifo-rfid-asic/rdm6300_asic_fpga_modular/rtl/rdm6300/rdm6300_frame_decoder.v:120$442.$result[4:0]$494
   356/401: $1\ascii_hex_to_nibble$func$/home/hiepthai/Desktop/uart-fifo-rfid-asic/rdm6300_asic_fpga_modular/rtl/rdm6300/rdm6300_frame_decoder.v:120$441.ch[7:0]$493
   357/401: $1\ascii_hex_to_nibble$func$/home/hiepthai/Desktop/uart-fifo-rfid-asic/rdm6300_asic_fpga_modular/rtl/rdm6300/rdm6300_frame_decoder.v:120$441.$result[4:0]$492
   358/401: $1\ascii_hex_to_nibble$func$/home/hiepthai/Desktop/uart-fifo-rfid-asic/rdm6300_asic_fpga_modular/rtl/rdm6300/rdm6300_frame_decoder.v:120$440.ch[7:0]$491
   359/401: $1\ascii_hex_to_nibble$func$/home/hiepthai/Desktop/uart-fifo-rfid-asic/rdm6300_asic_fpga_modular/rtl/rdm6300/rdm6300_frame_decoder.v:120$440.$result[4:0]$490
   360/401: $1\ascii_hex_to_nibble$func$/home/hiepthai/Desktop/uart-fifo-rfid-asic/rdm6300_asic_fpga_modular/rtl/rdm6300/rdm6300_frame_decoder.v:120$439.ch[7:0]$489
   361/401: $1\ascii_hex_to_nibble$func$/home/hiepthai/Desktop/uart-fifo-rfid-asic/rdm6300_asic_fpga_modular/rtl/rdm6300/rdm6300_frame_decoder.v:120$439.$result[4:0]$488
   362/401: $1\ascii_hex_to_nibble$func$/home/hiepthai/Desktop/uart-fifo-rfid-asic/rdm6300_asic_fpga_modular/rtl/rdm6300/rdm6300_frame_decoder.v:120$438.ch[7:0]$487
   363/401: $1\ascii_hex_to_nibble$func$/home/hiepthai/Desktop/uart-fifo-rfid-asic/rdm6300_asic_fpga_modular/rtl/rdm6300/rdm6300_frame_decoder.v:120$438.$result[4:0]$486
   364/401: $1\ascii_hex_to_nibble$func$/home/hiepthai/Desktop/uart-fifo-rfid-asic/rdm6300_asic_fpga_modular/rtl/rdm6300/rdm6300_frame_decoder.v:120$437.ch[7:0]$485
   365/401: $1\ascii_hex_to_nibble$func$/home/hiepthai/Desktop/uart-fifo-rfid-asic/rdm6300_asic_fpga_modular/rtl/rdm6300/rdm6300_frame_decoder.v:120$437.$result[4:0]$484
   366/401: $1\ascii_hex_to_nibble$func$/home/hiepthai/Desktop/uart-fifo-rfid-asic/rdm6300_asic_fpga_modular/rtl/rdm6300/rdm6300_frame_decoder.v:120$436.ch[7:0]$483
   367/401: $1\ascii_hex_to_nibble$func$/home/hiepthai/Desktop/uart-fifo-rfid-asic/rdm6300_asic_fpga_modular/rtl/rdm6300/rdm6300_frame_decoder.v:120$436.$result[4:0]$482
   368/401: $1\ascii_hex_to_nibble$func$/home/hiepthai/Desktop/uart-fifo-rfid-asic/rdm6300_asic_fpga_modular/rtl/rdm6300/rdm6300_frame_decoder.v:120$435.ch[7:0]$481
   369/401: $1\ascii_hex_to_nibble$func$/home/hiepthai/Desktop/uart-fifo-rfid-asic/rdm6300_asic_fpga_modular/rtl/rdm6300/rdm6300_frame_decoder.v:120$435.$result[4:0]$480
   370/401: $1\checksum_rx[7:0]
   371/401: $1\checksum_calc[7:0]
   372/401: $1\payload_b4[7:0]
   373/401: $1\payload_b3[7:0]
   374/401: $1\payload_b2[7:0]
   375/401: $1\payload_b1[7:0]
   376/401: $1\payload_b0[7:0]
   377/401: $1\i[31:0]
   378/401: $0\frame_timeout_error[0:0]
   379/401: $0\invalid_hex_error[0:0]
   380/401: $0\frame_error[0:0]
   381/401: $0\checksum_error[0:0]
   382/401: $0\card_valid[0:0]
   383/401: $0\ascii_buf[11][7:0]
   384/401: $0\ascii_buf[10][7:0]
   385/401: $0\ascii_buf[9][7:0]
   386/401: $0\ascii_buf[8][7:0]
   387/401: $0\ascii_buf[7][7:0]
   388/401: $0\ascii_buf[6][7:0]
   389/401: $0\ascii_buf[5][7:0]
   390/401: $0\ascii_buf[4][7:0]
   391/401: $0\ascii_buf[3][7:0]
   392/401: $0\ascii_buf[2][7:0]
   393/401: $0\ascii_buf[1][7:0]
   394/401: $0\ascii_buf[0][7:0]
   395/401: $0\decoded_checksum_rx[7:0]
   396/401: $0\decoded_checksum_calc[7:0]
   397/401: $0\decoded_payload[39:0]
   398/401: $0\timeout_count[18:0]
   399/401: $0\index[3:0]
   400/401: $0\state[1:0]
   401/401: $0\tag_raw[39:0]

23. Executing PROC_DLATCH pass (convert process syncs to latches).
No latch inferred for signal `\card_packet_encoder.\out_data' from process `\card_packet_encoder.$proc$/home/hiepthai/Desktop/uart-fifo-rfid-asic/rdm6300_asic_fpga_modular/rtl/app/card_packet_encoder.v:49$133'.

24. Executing PROC_DFF pass (convert process syncs to FFs).
Creating register for signal `\top_basys3_rdm6300.\startup_reset' using process `\top_basys3_rdm6300.$proc$/home/hiepthai/Desktop/uart-fifo-rfid-asic/rdm6300_asic_fpga_modular/fpga/rtl/top_basys3_rdm6300.v:64$4'.
  created $dff cell `$procdff$5982' with positive edge clock.
Creating register for signal `\card_packet_encoder.\tag_latched' using process `\card_packet_encoder.$proc$/home/hiepthai/Desktop/uart-fifo-rfid-asic/rdm6300_asic_fpga_modular/rtl/app/card_packet_encoder.v:64$134'.
  created $adff cell `$procdff$5987' with positive edge clock and positive level reset.
Creating register for signal `\card_packet_encoder.\crc_latched' using process `\card_packet_encoder.$proc$/home/hiepthai/Desktop/uart-fifo-rfid-asic/rdm6300_asic_fpga_modular/rtl/app/card_packet_encoder.v:64$134'.
  created $adff cell `$procdff$5992' with positive edge clock and positive level reset.
Creating register for signal `\card_packet_encoder.\byte_index' using process `\card_packet_encoder.$proc$/home/hiepthai/Desktop/uart-fifo-rfid-asic/rdm6300_asic_fpga_modular/rtl/app/card_packet_encoder.v:64$134'.
  created $adff cell `$procdff$5997' with positive edge clock and positive level reset.
Creating register for signal `\card_packet_encoder.\active' using process `\card_packet_encoder.$proc$/home/hiepthai/Desktop/uart-fifo-rfid-asic/rdm6300_asic_fpga_modular/rtl/app/card_packet_encoder.v:64$134'.
  created $adff cell `$procdff$6002' with positive edge clock and positive level reset.
Creating register for signal `\card_packet_encoder.\crc8_tag$func$/home/hiepthai/Desktop/uart-fifo-rfid-asic/rdm6300_asic_fpga_modular/rtl/app/card_packet_encoder.v:73$125.$result' using process `\card_packet_encoder.$proc$/home/hiepthai/Desktop/uart-fifo-rfid-asic/rdm6300_asic_fpga_modular/rtl/app/card_packet_encoder.v:64$134'.
  created $adff cell `$procdff$6007' with positive edge clock and positive level reset.
Creating register for signal `\card_packet_encoder.\crc8_tag$func$/home/hiepthai/Desktop/uart-fifo-rfid-asic/rdm6300_asic_fpga_modular/rtl/app/card_packet_encoder.v:73$125.tag' using process `\card_packet_encoder.$proc$/home/hiepthai/Desktop/uart-fifo-rfid-asic/rdm6300_asic_fpga_modular/rtl/app/card_packet_encoder.v:64$134'.
  created $adff cell `$procdff$6012' with positive edge clock and positive level reset.
Creating register for signal `\card_packet_encoder.\crc8_tag$func$/home/hiepthai/Desktop/uart-fifo-rfid-asic/rdm6300_asic_fpga_modular/rtl/app/card_packet_encoder.v:73$125.crc' using process `\card_packet_encoder.$proc$/home/hiepthai/Desktop/uart-fifo-rfid-asic/rdm6300_asic_fpga_modular/rtl/app/card_packet_encoder.v:64$134'.
  created $adff cell `$procdff$6017' with positive edge clock and positive level reset.
Creating register for signal `\card_packet_encoder.\crc8_byte$func$/home/hiepthai/Desktop/uart-fifo-rfid-asic/rdm6300_asic_fpga_modular/rtl/app/card_packet_encoder.v:39$127.$result' using process `\card_packet_encoder.$proc$/home/hiepthai/Desktop/uart-fifo-rfid-asic/rdm6300_asic_fpga_modular/rtl/app/card_packet_encoder.v:64$134'.
  created $adff cell `$procdff$6022' with positive edge clock and positive level reset.
Creating register for signal `\card_packet_encoder.\crc8_byte$func$/home/hiepthai/Desktop/uart-fifo-rfid-asic/rdm6300_asic_fpga_modular/rtl/app/card_packet_encoder.v:39$127.crc_in' using process `\card_packet_encoder.$proc$/home/hiepthai/Desktop/uart-fifo-rfid-asic/rdm6300_asic_fpga_modular/rtl/app/card_packet_encoder.v:64$134'.
  created $adff cell `$procdff$6027' with positive edge clock and positive level reset.
Creating register for signal `\card_packet_encoder.\crc8_byte$func$/home/hiepthai/Desktop/uart-fifo-rfid-asic/rdm6300_asic_fpga_modular/rtl/app/card_packet_encoder.v:39$127.bit_index' using process `\card_packet_encoder.$proc$/home/hiepthai/Desktop/uart-fifo-rfid-asic/rdm6300_asic_fpga_modular/rtl/app/card_packet_encoder.v:64$134'.
  created $adff cell `$procdff$6032' with positive edge clock and positive level reset.
Creating register for signal `\card_packet_encoder.\crc8_byte$func$/home/hiepthai/Desktop/uart-fifo-rfid-asic/rdm6300_asic_fpga_modular/rtl/app/card_packet_encoder.v:39$127.value' using process `\card_packet_encoder.$proc$/home/hiepthai/Desktop/uart-fifo-rfid-asic/rdm6300_asic_fpga_modular/rtl/app/card_packet_encoder.v:64$134'.
  created $adff cell `$procdff$6037' with positive edge clock and positive level reset.
Creating register for signal `\card_packet_encoder.\crc8_byte$func$/home/hiepthai/Desktop/uart-fifo-rfid-asic/rdm6300_asic_fpga_modular/rtl/app/card_packet_encoder.v:40$128.$result' using process `\card_packet_encoder.$proc$/home/hiepthai/Desktop/uart-fifo-rfid-asic/rdm6300_asic_fpga_modular/rtl/app/card_packet_encoder.v:64$134'.
  created $adff cell `$procdff$6042' with positive edge clock and positive level reset.
Creating register for signal `\card_packet_encoder.\crc8_byte$func$/home/hiepthai/Desktop/uart-fifo-rfid-asic/rdm6300_asic_fpga_modular/rtl/app/card_packet_encoder.v:40$128.crc_in' using process `\card_packet_encoder.$proc$/home/hiepthai/Desktop/uart-fifo-rfid-asic/rdm6300_asic_fpga_modular/rtl/app/card_packet_encoder.v:64$134'.
  created $adff cell `$procdff$6047' with positive edge clock and positive level reset.
Creating register for signal `\card_packet_encoder.\crc8_byte$func$/home/hiepthai/Desktop/uart-fifo-rfid-asic/rdm6300_asic_fpga_modular/rtl/app/card_packet_encoder.v:40$128.data' using process `\card_packet_encoder.$proc$/home/hiepthai/Desktop/uart-fifo-rfid-asic/rdm6300_asic_fpga_modular/rtl/app/card_packet_encoder.v:64$134'.
  created $adff cell `$procdff$6052' with positive edge clock and positive level reset.
Creating register for signal `\card_packet_encoder.\crc8_byte$func$/home/hiepthai/Desktop/uart-fifo-rfid-asic/rdm6300_asic_fpga_modular/rtl/app/card_packet_encoder.v:40$128.bit_index' using process `\card_packet_encoder.$proc$/home/hiepthai/Desktop/uart-fifo-rfid-asic/rdm6300_asic_fpga_modular/rtl/app/card_packet_encoder.v:64$134'.
  created $adff cell `$procdff$6057' with positive edge clock and positive level reset.
Creating register for signal `\card_packet_encoder.\crc8_byte$func$/home/hiepthai/Desktop/uart-fifo-rfid-asic/rdm6300_asic_fpga_modular/rtl/app/card_packet_encoder.v:40$128.value' using process `\card_packet_encoder.$proc$/home/hiepthai/Desktop/uart-fifo-rfid-asic/rdm6300_asic_fpga_modular/rtl/app/card_packet_encoder.v:64$134'.
  created $adff cell `$procdff$6062' with positive edge clock and positive level reset.
Creating register for signal `\card_packet_encoder.\crc8_byte$func$/home/hiepthai/Desktop/uart-fifo-rfid-asic/rdm6300_asic_fpga_modular/rtl/app/card_packet_encoder.v:41$129.$result' using process `\card_packet_encoder.$proc$/home/hiepthai/Desktop/uart-fifo-rfid-asic/rdm6300_asic_fpga_modular/rtl/app/card_packet_encoder.v:64$134'.
  created $adff cell `$procdff$6067' with positive edge clock and positive level reset.
Creating register for signal `\card_packet_encoder.\crc8_byte$func$/home/hiepthai/Desktop/uart-fifo-rfid-asic/rdm6300_asic_fpga_modular/rtl/app/card_packet_encoder.v:41$129.crc_in' using process `\card_packet_encoder.$proc$/home/hiepthai/Desktop/uart-fifo-rfid-asic/rdm6300_asic_fpga_modular/rtl/app/card_packet_encoder.v:64$134'.
  created $adff cell `$procdff$6072' with positive edge clock and positive level reset.
Creating register for signal `\card_packet_encoder.\crc8_byte$func$/home/hiepthai/Desktop/uart-fifo-rfid-asic/rdm6300_asic_fpga_modular/rtl/app/card_packet_encoder.v:41$129.data' using process `\card_packet_encoder.$proc$/home/hiepthai/Desktop/uart-fifo-rfid-asic/rdm6300_asic_fpga_modular/rtl/app/card_packet_encoder.v:64$134'.
  created $adff cell `$procdff$6077' with positive edge clock and positive level reset.
Creating register for signal `\card_packet_encoder.\crc8_byte$func$/home/hiepthai/Desktop/uart-fifo-rfid-asic/rdm6300_asic_fpga_modular/rtl/app/card_packet_encoder.v:41$129.bit_index' using process `\card_packet_encoder.$proc$/home/hiepthai/Desktop/uart-fifo-rfid-asic/rdm6300_asic_fpga_modular/rtl/app/card_packet_encoder.v:64$134'.
  created $adff cell `$procdff$6082' with positive edge clock and positive level reset.
Creating register for signal `\card_packet_encoder.\crc8_byte$func$/home/hiepthai/Desktop/uart-fifo-rfid-asic/rdm6300_asic_fpga_modular/rtl/app/card_packet_encoder.v:41$129.value' using process `\card_packet_encoder.$proc$/home/hiepthai/Desktop/uart-fifo-rfid-asic/rdm6300_asic_fpga_modular/rtl/app/card_packet_encoder.v:64$134'.
  created $adff cell `$procdff$6087' with positive edge clock and positive level reset.
Creating register for signal `\card_packet_encoder.\crc8_byte$func$/home/hiepthai/Desktop/uart-fifo-rfid-asic/rdm6300_asic_fpga_modular/rtl/app/card_packet_encoder.v:42$130.$result' using process `\card_packet_encoder.$proc$/home/hiepthai/Desktop/uart-fifo-rfid-asic/rdm6300_asic_fpga_modular/rtl/app/card_packet_encoder.v:64$134'.
  created $adff cell `$procdff$6092' with positive edge clock and positive level reset.
Creating register for signal `\card_packet_encoder.\crc8_byte$func$/home/hiepthai/Desktop/uart-fifo-rfid-asic/rdm6300_asic_fpga_modular/rtl/app/card_packet_encoder.v:42$130.crc_in' using process `\card_packet_encoder.$proc$/home/hiepthai/Desktop/uart-fifo-rfid-asic/rdm6300_asic_fpga_modular/rtl/app/card_packet_encoder.v:64$134'.
  created $adff cell `$procdff$6097' with positive edge clock and positive level reset.
Creating register for signal `\card_packet_encoder.\crc8_byte$func$/home/hiepthai/Desktop/uart-fifo-rfid-asic/rdm6300_asic_fpga_modular/rtl/app/card_packet_encoder.v:42$130.data' using process `\card_packet_encoder.$proc$/home/hiepthai/Desktop/uart-fifo-rfid-asic/rdm6300_asic_fpga_modular/rtl/app/card_packet_encoder.v:64$134'.
  created $adff cell `$procdff$6102' with positive edge clock and positive level reset.
Creating register for signal `\card_packet_encoder.\crc8_byte$func$/home/hiepthai/Desktop/uart-fifo-rfid-asic/rdm6300_asic_fpga_modular/rtl/app/card_packet_encoder.v:42$130.bit_index' using process `\card_packet_encoder.$proc$/home/hiepthai/Desktop/uart-fifo-rfid-asic/rdm6300_asic_fpga_modular/rtl/app/card_packet_encoder.v:64$134'.
  created $adff cell `$procdff$6107' with positive edge clock and positive level reset.
Creating register for signal `\card_packet_encoder.\crc8_byte$func$/home/hiepthai/Desktop/uart-fifo-rfid-asic/rdm6300_asic_fpga_modular/rtl/app/card_packet_encoder.v:42$130.value' using process `\card_packet_encoder.$proc$/home/hiepthai/Desktop/uart-fifo-rfid-asic/rdm6300_asic_fpga_modular/rtl/app/card_packet_encoder.v:64$134'.
  created $adff cell `$procdff$6112' with positive edge clock and positive level reset.
Creating register for signal `\card_packet_encoder.\crc8_byte$func$/home/hiepthai/Desktop/uart-fifo-rfid-asic/rdm6300_asic_fpga_modular/rtl/app/card_packet_encoder.v:43$131.$result' using process `\card_packet_encoder.$proc$/home/hiepthai/Desktop/uart-fifo-rfid-asic/rdm6300_asic_fpga_modular/rtl/app/card_packet_encoder.v:64$134'.
  created $adff cell `$procdff$6117' with positive edge clock and positive level reset.
Creating register for signal `\card_packet_encoder.\crc8_byte$func$/home/hiepthai/Desktop/uart-fifo-rfid-asic/rdm6300_asic_fpga_modular/rtl/app/card_packet_encoder.v:43$131.crc_in' using process `\card_packet_encoder.$proc$/home/hiepthai/Desktop/uart-fifo-rfid-asic/rdm6300_asic_fpga_modular/rtl/app/card_packet_encoder.v:64$134'.
  created $adff cell `$procdff$6122' with positive edge clock and positive level reset.
Creating register for signal `\card_packet_encoder.\crc8_byte$func$/home/hiepthai/Desktop/uart-fifo-rfid-asic/rdm6300_asic_fpga_modular/rtl/app/card_packet_encoder.v:43$131.data' using process `\card_packet_encoder.$proc$/home/hiepthai/Desktop/uart-fifo-rfid-asic/rdm6300_asic_fpga_modular/rtl/app/card_packet_encoder.v:64$134'.
  created $adff cell `$procdff$6127' with positive edge clock and positive level reset.
Creating register for signal `\card_packet_encoder.\crc8_byte$func$/home/hiepthai/Desktop/uart-fifo-rfid-asic/rdm6300_asic_fpga_modular/rtl/app/card_packet_encoder.v:43$131.bit_index' using process `\card_packet_encoder.$proc$/home/hiepthai/Desktop/uart-fifo-rfid-asic/rdm6300_asic_fpga_modular/rtl/app/card_packet_encoder.v:64$134'.
  created $adff cell `$procdff$6132' with positive edge clock and positive level reset.
Creating register for signal `\card_packet_encoder.\crc8_byte$func$/home/hiepthai/Desktop/uart-fifo-rfid-asic/rdm6300_asic_fpga_modular/rtl/app/card_packet_encoder.v:43$131.value' using process `\card_packet_encoder.$proc$/home/hiepthai/Desktop/uart-fifo-rfid-asic/rdm6300_asic_fpga_modular/rtl/app/card_packet_encoder.v:64$134'.
  created $adff cell `$procdff$6137' with positive edge clock and positive level reset.
Creating register for signal `\card_packet_encoder.\crc8_byte$func$/home/hiepthai/Desktop/uart-fifo-rfid-asic/rdm6300_asic_fpga_modular/rtl/app/card_packet_encoder.v:44$132.$result' using process `\card_packet_encoder.$proc$/home/hiepthai/Desktop/uart-fifo-rfid-asic/rdm6300_asic_fpga_modular/rtl/app/card_packet_encoder.v:64$134'.
  created $adff cell `$procdff$6142' with positive edge clock and positive level reset.
Creating register for signal `\card_packet_encoder.\crc8_byte$func$/home/hiepthai/Desktop/uart-fifo-rfid-asic/rdm6300_asic_fpga_modular/rtl/app/card_packet_encoder.v:44$132.crc_in' using process `\card_packet_encoder.$proc$/home/hiepthai/Desktop/uart-fifo-rfid-asic/rdm6300_asic_fpga_modular/rtl/app/card_packet_encoder.v:64$134'.
  created $adff cell `$procdff$6147' with positive edge clock and positive level reset.
Creating register for signal `\card_packet_encoder.\crc8_byte$func$/home/hiepthai/Desktop/uart-fifo-rfid-asic/rdm6300_asic_fpga_modular/rtl/app/card_packet_encoder.v:44$132.data' using process `\card_packet_encoder.$proc$/home/hiepthai/Desktop/uart-fifo-rfid-asic/rdm6300_asic_fpga_modular/rtl/app/card_packet_encoder.v:64$134'.
  created $adff cell `$procdff$6152' with positive edge clock and positive level reset.
Creating register for signal `\card_packet_encoder.\crc8_byte$func$/home/hiepthai/Desktop/uart-fifo-rfid-asic/rdm6300_asic_fpga_modular/rtl/app/card_packet_encoder.v:44$132.bit_index' using process `\card_packet_encoder.$proc$/home/hiepthai/Desktop/uart-fifo-rfid-asic/rdm6300_asic_fpga_modular/rtl/app/card_packet_encoder.v:64$134'.
  created $adff cell `$procdff$6157' with positive edge clock and positive level reset.
Creating register for signal `\card_packet_encoder.\crc8_byte$func$/home/hiepthai/Desktop/uart-fifo-rfid-asic/rdm6300_asic_fpga_modular/rtl/app/card_packet_encoder.v:44$132.value' using process `\card_packet_encoder.$proc$/home/hiepthai/Desktop/uart-fifo-rfid-asic/rdm6300_asic_fpga_modular/rtl/app/card_packet_encoder.v:64$134'.
  created $adff cell `$procdff$6162' with positive edge clock and positive level reset.
Creating register for signal `$paramod\sync_2ff\RESET_VALUE=1'1.\sync_o' using process `$paramod\sync_2ff\RESET_VALUE=1'1.$proc$/home/hiepthai/Desktop/uart-fifo-rfid-asic/rdm6300_asic_fpga_modular/rtl/common/sync_2ff.v:13$123'.
  created $adff cell `$procdff$6167' with positive edge clock and positive level reset.
Creating register for signal `$paramod\sync_2ff\RESET_VALUE=1'1.\sync_ff1' using process `$paramod\sync_2ff\RESET_VALUE=1'1.$proc$/home/hiepthai/Desktop/uart-fifo-rfid-asic/rdm6300_asic_fpga_modular/rtl/common/sync_2ff.v:13$123'.
  created $adff cell `$procdff$6172' with positive edge clock and positive level reset.
Creating register for signal `$paramod\uart_rx\CLKS_PER_BIT=s32'00000000000000000010100010110001.\rx_dv' using process `$paramod\uart_rx\CLKS_PER_BIT=s32'00000000000000000010100010110001.$proc$/home/hiepthai/Desktop/uart-fifo-rfid-asic/rdm6300_asic_fpga_modular/rtl/uart/uart_rx.v:61$81'.
  created $adff cell `$procdff$6177' with positive edge clock and positive level reset.
Creating register for signal `$paramod\uart_rx\CLKS_PER_BIT=s32'00000000000000000010100010110001.\rx_byte' using process `$paramod\uart_rx\CLKS_PER_BIT=s32'00000000000000000010100010110001.$proc$/home/hiepthai/Desktop/uart-fifo-rfid-asic/rdm6300_asic_fpga_modular/rtl/uart/uart_rx.v:61$81'.
  created $adff cell `$procdff$6182' with positive edge clock and positive level reset.
Creating register for signal `$paramod\uart_rx\CLKS_PER_BIT=s32'00000000000000000010100010110001.\framing_error' using process `$paramod\uart_rx\CLKS_PER_BIT=s32'00000000000000000010100010110001.$proc$/home/hiepthai/Desktop/uart-fifo-rfid-asic/rdm6300_asic_fpga_modular/rtl/uart/uart_rx.v:61$81'.
  created $adff cell `$procdff$6187' with positive edge clock and positive level reset.
Creating register for signal `$paramod\uart_rx\CLKS_PER_BIT=s32'00000000000000000010100010110001.\state' using process `$paramod\uart_rx\CLKS_PER_BIT=s32'00000000000000000010100010110001.$proc$/home/hiepthai/Desktop/uart-fifo-rfid-asic/rdm6300_asic_fpga_modular/rtl/uart/uart_rx.v:61$81'.
  created $adff cell `$procdff$6192' with positive edge clock and positive level reset.
Creating register for signal `$paramod\uart_rx\CLKS_PER_BIT=s32'00000000000000000010100010110001.\bit_index' using process `$paramod\uart_rx\CLKS_PER_BIT=s32'00000000000000000010100010110001.$proc$/home/hiepthai/Desktop/uart-fifo-rfid-asic/rdm6300_asic_fpga_modular/rtl/uart/uart_rx.v:61$81'.
  created $adff cell `$procdff$6197' with positive edge clock and positive level reset.
Creating register for signal `$paramod\uart_rx\CLKS_PER_BIT=s32'00000000000000000010100010110001.\sample_div_count' using process `$paramod\uart_rx\CLKS_PER_BIT=s32'00000000000000000010100010110001.$proc$/home/hiepthai/Desktop/uart-fifo-rfid-asic/rdm6300_asic_fpga_modular/rtl/uart/uart_rx.v:61$81'.
  created $adff cell `$procdff$6202' with positive edge clock and positive level reset.
Creating register for signal `$paramod\uart_rx\CLKS_PER_BIT=s32'00000000000000000010100010110001.\sample_phase' using process `$paramod\uart_rx\CLKS_PER_BIT=s32'00000000000000000010100010110001.$proc$/home/hiepthai/Desktop/uart-fifo-rfid-asic/rdm6300_asic_fpga_modular/rtl/uart/uart_rx.v:61$81'.
  created $adff cell `$procdff$6207' with positive edge clock and positive level reset.
Creating register for signal `$paramod\uart_rx\CLKS_PER_BIT=s32'00000000000000000010100010110001.\vote_ones' using process `$paramod\uart_rx\CLKS_PER_BIT=s32'00000000000000000010100010110001.$proc$/home/hiepthai/Desktop/uart-fifo-rfid-asic/rdm6300_asic_fpga_modular/rtl/uart/uart_rx.v:61$81'.
  created $adff cell `$procdff$6212' with positive edge clock and positive level reset.
Creating register for signal `$paramod\uart_rx\CLKS_PER_BIT=s32'00000000000000000010100010110001.\rx_shift' using process `$paramod\uart_rx\CLKS_PER_BIT=s32'00000000000000000010100010110001.$proc$/home/hiepthai/Desktop/uart-fifo-rfid-asic/rdm6300_asic_fpga_modular/rtl/uart/uart_rx.v:61$81'.
  created $adff cell `$procdff$6217' with positive edge clock and positive level reset.
Creating register for signal `$paramod\uart_rx\CLKS_PER_BIT=s32'00000000000000000010100010110001.$bitselwrite$pos$/home/hiepthai/Desktop/uart-fifo-rfid-asic/rdm6300_asic_fpga_modular/rtl/uart/uart_rx.v:123$68' using process `$paramod\uart_rx\CLKS_PER_BIT=s32'00000000000000000010100010110001.$proc$/home/hiepthai/Desktop/uart-fifo-rfid-asic/rdm6300_asic_fpga_modular/rtl/uart/uart_rx.v:61$81'.
  created $adff cell `$procdff$6222' with positive edge clock and positive level reset.
Creating register for signal `$paramod\uart_rx\CLKS_PER_BIT=s32'00000000000000000010100010110001.$lookahead\rx_shift$80' using process `$paramod\uart_rx\CLKS_PER_BIT=s32'00000000000000000010100010110001.$proc$/home/hiepthai/Desktop/uart-fifo-rfid-asic/rdm6300_asic_fpga_modular/rtl/uart/uart_rx.v:61$81'.
  created $adff cell `$procdff$6227' with positive edge clock and positive level reset.
Creating register for signal `$paramod\uart_rx\CLKS_PER_BIT=s32'00000000000000000010100010110001.\break_detect' using process `$paramod\uart_rx\CLKS_PER_BIT=s32'00000000000000000010100010110001.$proc$/home/hiepthai/Desktop/uart-fifo-rfid-asic/rdm6300_asic_fpga_modular/rtl/uart/uart_rx.v:45$75'.
  created $adff cell `$procdff$6232' with positive edge clock and positive level reset.
Creating register for signal `$paramod\uart_rx\CLKS_PER_BIT=s32'00000000000000000010100010110001.\low_count' using process `$paramod\uart_rx\CLKS_PER_BIT=s32'00000000000000000010100010110001.$proc$/home/hiepthai/Desktop/uart-fifo-rfid-asic/rdm6300_asic_fpga_modular/rtl/uart/uart_rx.v:45$75'.
  created $adff cell `$procdff$6237' with positive edge clock and positive level reset.
Creating register for signal `$paramod$9725208b3e344c3de14a607aed5740fe612d0487\rx_fifo.\level' using process `$paramod$9725208b3e344c3de14a607aed5740fe612d0487\rx_fifo.$proc$/home/hiepthai/Desktop/uart-fifo-rfid-asic/rdm6300_asic_fpga_modular/rtl/fifo/rx_fifo.v:42$58'.
  created $adff cell `$procdff$6242' with positive edge clock and positive level reset.
Creating register for signal `$paramod$9725208b3e344c3de14a607aed5740fe612d0487\rx_fifo.\overflow_pulse' using process `$paramod$9725208b3e344c3de14a607aed5740fe612d0487\rx_fifo.$proc$/home/hiepthai/Desktop/uart-fifo-rfid-asic/rdm6300_asic_fpga_modular/rtl/fifo/rx_fifo.v:42$58'.
  created $adff cell `$procdff$6247' with positive edge clock and positive level reset.
Creating register for signal `$paramod$9725208b3e344c3de14a607aed5740fe612d0487\rx_fifo.\underflow_pulse' using process `$paramod$9725208b3e344c3de14a607aed5740fe612d0487\rx_fifo.$proc$/home/hiepthai/Desktop/uart-fifo-rfid-asic/rdm6300_asic_fpga_modular/rtl/fifo/rx_fifo.v:42$58'.
  created $adff cell `$procdff$6252' with positive edge clock and positive level reset.
Creating register for signal `$paramod$9725208b3e344c3de14a607aed5740fe612d0487\rx_fifo.\wr_ptr' using process `$paramod$9725208b3e344c3de14a607aed5740fe612d0487\rx_fifo.$proc$/home/hiepthai/Desktop/uart-fifo-rfid-asic/rdm6300_asic_fpga_modular/rtl/fifo/rx_fifo.v:42$58'.
  created $adff cell `$procdff$6257' with positive edge clock and positive level reset.
Creating register for signal `$paramod$9725208b3e344c3de14a607aed5740fe612d0487\rx_fifo.\rd_ptr' using process `$paramod$9725208b3e344c3de14a607aed5740fe612d0487\rx_fifo.$proc$/home/hiepthai/Desktop/uart-fifo-rfid-asic/rdm6300_asic_fpga_modular/rtl/fifo/rx_fifo.v:42$58'.
  created $adff cell `$procdff$6262' with positive edge clock and positive level reset.
Creating register for signal `$paramod$9725208b3e344c3de14a607aed5740fe612d0487\rx_fifo.$memwr$\mem$/home/hiepthai/Desktop/uart-fifo-rfid-asic/rdm6300_asic_fpga_modular/rtl/fifo/rx_fifo.v:39$43_ADDR' using process `$paramod$9725208b3e344c3de14a607aed5740fe612d0487\rx_fifo.$proc$/home/hiepthai/Desktop/uart-fifo-rfid-asic/rdm6300_asic_fpga_modular/rtl/fifo/rx_fifo.v:37$51'.
  created $dff cell `$procdff$6263' with positive edge clock.
Creating register for signal `$paramod$9725208b3e344c3de14a607aed5740fe612d0487\rx_fifo.$memwr$\mem$/home/hiepthai/Desktop/uart-fifo-rfid-asic/rdm6300_asic_fpga_modular/rtl/fifo/rx_fifo.v:39$43_DATA' using process `$paramod$9725208b3e344c3de14a607aed5740fe612d0487\rx_fifo.$proc$/home/hiepthai/Desktop/uart-fifo-rfid-asic/rdm6300_asic_fpga_modular/rtl/fifo/rx_fifo.v:37$51'.
  created $dff cell `$procdff$6264' with positive edge clock.
Creating register for signal `$paramod$9725208b3e344c3de14a607aed5740fe612d0487\rx_fifo.$memwr$\mem$/home/hiepthai/Desktop/uart-fifo-rfid-asic/rdm6300_asic_fpga_modular/rtl/fifo/rx_fifo.v:39$43_EN' using process `$paramod$9725208b3e344c3de14a607aed5740fe612d0487\rx_fifo.$proc$/home/hiepthai/Desktop/uart-fifo-rfid-asic/rdm6300_asic_fpga_modular/rtl/fifo/rx_fifo.v:37$51'.
  created $dff cell `$procdff$6265' with positive edge clock.
Creating register for signal `$paramod$9725208b3e344c3de14a607aed5740fe612d0487\tx_fifo.\level' using process `$paramod$9725208b3e344c3de14a607aed5740fe612d0487\tx_fifo.$proc$/home/hiepthai/Desktop/uart-fifo-rfid-asic/rdm6300_asic_fpga_modular/rtl/fifo/tx_fifo.v:42$33'.
  created $adff cell `$procdff$6270' with positive edge clock and positive level reset.
Creating register for signal `$paramod$9725208b3e344c3de14a607aed5740fe612d0487\tx_fifo.\overflow_pulse' using process `$paramod$9725208b3e344c3de14a607aed5740fe612d0487\tx_fifo.$proc$/home/hiepthai/Desktop/uart-fifo-rfid-asic/rdm6300_asic_fpga_modular/rtl/fifo/tx_fifo.v:42$33'.
  created $adff cell `$procdff$6275' with positive edge clock and positive level reset.
Creating register for signal `$paramod$9725208b3e344c3de14a607aed5740fe612d0487\tx_fifo.\underflow_pulse' using process `$paramod$9725208b3e344c3de14a607aed5740fe612d0487\tx_fifo.$proc$/home/hiepthai/Desktop/uart-fifo-rfid-asic/rdm6300_asic_fpga_modular/rtl/fifo/tx_fifo.v:42$33'.
  created $adff cell `$procdff$6280' with positive edge clock and positive level reset.
Creating register for signal `$paramod$9725208b3e344c3de14a607aed5740fe612d0487\tx_fifo.\wr_ptr' using process `$paramod$9725208b3e344c3de14a607aed5740fe612d0487\tx_fifo.$proc$/home/hiepthai/Desktop/uart-fifo-rfid-asic/rdm6300_asic_fpga_modular/rtl/fifo/tx_fifo.v:42$33'.
  created $adff cell `$procdff$6285' with positive edge clock and positive level reset.
Creating register for signal `$paramod$9725208b3e344c3de14a607aed5740fe612d0487\tx_fifo.\rd_ptr' using process `$paramod$9725208b3e344c3de14a607aed5740fe612d0487\tx_fifo.$proc$/home/hiepthai/Desktop/uart-fifo-rfid-asic/rdm6300_asic_fpga_modular/rtl/fifo/tx_fifo.v:42$33'.
  created $adff cell `$procdff$6290' with positive edge clock and positive level reset.
Creating register for signal `$paramod$9725208b3e344c3de14a607aed5740fe612d0487\tx_fifo.$memwr$\mem$/home/hiepthai/Desktop/uart-fifo-rfid-asic/rdm6300_asic_fpga_modular/rtl/fifo/tx_fifo.v:39$18_ADDR' using process `$paramod$9725208b3e344c3de14a607aed5740fe612d0487\tx_fifo.$proc$/home/hiepthai/Desktop/uart-fifo-rfid-asic/rdm6300_asic_fpga_modular/rtl/fifo/tx_fifo.v:37$26'.
  created $dff cell `$procdff$6291' with positive edge clock.
Creating register for signal `$paramod$9725208b3e344c3de14a607aed5740fe612d0487\tx_fifo.$memwr$\mem$/home/hiepthai/Desktop/uart-fifo-rfid-asic/rdm6300_asic_fpga_modular/rtl/fifo/tx_fifo.v:39$18_DATA' using process `$paramod$9725208b3e344c3de14a607aed5740fe612d0487\tx_fifo.$proc$/home/hiepthai/Desktop/uart-fifo-rfid-asic/rdm6300_asic_fpga_modular/rtl/fifo/tx_fifo.v:37$26'.
  created $dff cell `$procdff$6292' with positive edge clock.
Creating register for signal `$paramod$9725208b3e344c3de14a607aed5740fe612d0487\tx_fifo.$memwr$\mem$/home/hiepthai/Desktop/uart-fifo-rfid-asic/rdm6300_asic_fpga_modular/rtl/fifo/tx_fifo.v:39$18_EN' using process `$paramod$9725208b3e344c3de14a607aed5740fe612d0487\tx_fifo.$proc$/home/hiepthai/Desktop/uart-fifo-rfid-asic/rdm6300_asic_fpga_modular/rtl/fifo/tx_fifo.v:37$26'.
  created $dff cell `$procdff$6293' with positive edge clock.
Creating register for signal `$paramod\uart_tx\CLKS_PER_BIT=s32'00000000000000000010100010110001.\tx' using process `$paramod\uart_tx\CLKS_PER_BIT=s32'00000000000000000010100010110001.$proc$/home/hiepthai/Desktop/uart-fifo-rfid-asic/rdm6300_asic_fpga_modular/rtl/uart/uart_tx.v:29$7'.
  created $adff cell `$procdff$6298' with positive edge clock and positive level reset.
Creating register for signal `$paramod\uart_tx\CLKS_PER_BIT=s32'00000000000000000010100010110001.\tx_active' using process `$paramod\uart_tx\CLKS_PER_BIT=s32'00000000000000000010100010110001.$proc$/home/hiepthai/Desktop/uart-fifo-rfid-asic/rdm6300_asic_fpga_modular/rtl/uart/uart_tx.v:29$7'.
  created $adff cell `$procdff$6303' with positive edge clock and positive level reset.
Creating register for signal `$paramod\uart_tx\CLKS_PER_BIT=s32'00000000000000000010100010110001.\tx_done' using process `$paramod\uart_tx\CLKS_PER_BIT=s32'00000000000000000010100010110001.$proc$/home/hiepthai/Desktop/uart-fifo-rfid-asic/rdm6300_asic_fpga_modular/rtl/uart/uart_tx.v:29$7'.
  created $adff cell `$procdff$6308' with positive edge clock and positive level reset.
Creating register for signal `$paramod\uart_tx\CLKS_PER_BIT=s32'00000000000000000010100010110001.\state' using process `$paramod\uart_tx\CLKS_PER_BIT=s32'00000000000000000010100010110001.$proc$/home/hiepthai/Desktop/uart-fifo-rfid-asic/rdm6300_asic_fpga_modular/rtl/uart/uart_tx.v:29$7'.
  created $adff cell `$procdff$6313' with positive edge clock and positive level reset.
Creating register for signal `$paramod\uart_tx\CLKS_PER_BIT=s32'00000000000000000010100010110001.\clk_count' using process `$paramod\uart_tx\CLKS_PER_BIT=s32'00000000000000000010100010110001.$proc$/home/hiepthai/Desktop/uart-fifo-rfid-asic/rdm6300_asic_fpga_modular/rtl/uart/uart_tx.v:29$7'.
  created $adff cell `$procdff$6318' with positive edge clock and positive level reset.
Creating register for signal `$paramod\uart_tx\CLKS_PER_BIT=s32'00000000000000000010100010110001.\bit_index' using process `$paramod\uart_tx\CLKS_PER_BIT=s32'00000000000000000010100010110001.$proc$/home/hiepthai/Desktop/uart-fifo-rfid-asic/rdm6300_asic_fpga_modular/rtl/uart/uart_tx.v:29$7'.
  created $adff cell `$procdff$6323' with positive edge clock and positive level reset.
Creating register for signal `$paramod\uart_tx\CLKS_PER_BIT=s32'00000000000000000010100010110001.\tx_data' using process `$paramod\uart_tx\CLKS_PER_BIT=s32'00000000000000000010100010110001.$proc$/home/hiepthai/Desktop/uart-fifo-rfid-asic/rdm6300_asic_fpga_modular/rtl/uart/uart_tx.v:29$7'.
  created $adff cell `$procdff$6328' with positive edge clock and positive level reset.
Creating register for signal `$paramod$02e80c0e2bf5fb0d9d18f581cd4dceb28fc227a5\rdm6300_frame_decoder.\tag_raw' using process `$paramod$02e80c0e2bf5fb0d9d18f581cd4dceb28fc227a5\rdm6300_frame_decoder.$proc$/home/hiepthai/Desktop/uart-fifo-rfid-asic/rdm6300_asic_fpga_modular/rtl/rdm6300/rdm6300_frame_decoder.v:60$450'.
  created $adff cell `$procdff$6333' with positive edge clock and positive level reset.
Creating register for signal `$paramod$02e80c0e2bf5fb0d9d18f581cd4dceb28fc227a5\rdm6300_frame_decoder.\checksum_error' using process `$paramod$02e80c0e2bf5fb0d9d18f581cd4dceb28fc227a5\rdm6300_frame_decoder.$proc$/home/hiepthai/Desktop/uart-fifo-rfid-asic/rdm6300_asic_fpga_modular/rtl/rdm6300/rdm6300_frame_decoder.v:60$450'.
  created $adff cell `$procdff$6338' with positive edge clock and positive level reset.
Creating register for signal `$paramod$02e80c0e2bf5fb0d9d18f581cd4dceb28fc227a5\rdm6300_frame_decoder.\frame_error' using process `$paramod$02e80c0e2bf5fb0d9d18f581cd4dceb28fc227a5\rdm6300_frame_decoder.$proc$/home/hiepthai/Desktop/uart-fifo-rfid-asic/rdm6300_asic_fpga_modular/rtl/rdm6300/rdm6300_frame_decoder.v:60$450'.
  created $adff cell `$procdff$6343' with positive edge clock and positive level reset.
Creating register for signal `$paramod$02e80c0e2bf5fb0d9d18f581cd4dceb28fc227a5\rdm6300_frame_decoder.\invalid_hex_error' using process `$paramod$02e80c0e2bf5fb0d9d18f581cd4dceb28fc227a5\rdm6300_frame_decoder.$proc$/home/hiepthai/Desktop/uart-fifo-rfid-asic/rdm6300_asic_fpga_modular/rtl/rdm6300/rdm6300_frame_decoder.v:60$450'.
  created $adff cell `$procdff$6348' with positive edge clock and positive level reset.
Creating register for signal `$paramod$02e80c0e2bf5fb0d9d18f581cd4dceb28fc227a5\rdm6300_frame_decoder.\frame_timeout_error' using process `$paramod$02e80c0e2bf5fb0d9d18f581cd4dceb28fc227a5\rdm6300_frame_decoder.$proc$/home/hiepthai/Desktop/uart-fifo-rfid-asic/rdm6300_asic_fpga_modular/rtl/rdm6300/rdm6300_frame_decoder.v:60$450'.
  created $adff cell `$procdff$6353' with positive edge clock and positive level reset.
Creating register for signal `$paramod$02e80c0e2bf5fb0d9d18f581cd4dceb28fc227a5\rdm6300_frame_decoder.\state' using process `$paramod$02e80c0e2bf5fb0d9d18f581cd4dceb28fc227a5\rdm6300_frame_decoder.$proc$/home/hiepthai/Desktop/uart-fifo-rfid-asic/rdm6300_asic_fpga_modular/rtl/rdm6300/rdm6300_frame_decoder.v:60$450'.
  created $adff cell `$procdff$6358' with positive edge clock and positive level reset.
Creating register for signal `$paramod$02e80c0e2bf5fb0d9d18f581cd4dceb28fc227a5\rdm6300_frame_decoder.\card_valid' using process `$paramod$02e80c0e2bf5fb0d9d18f581cd4dceb28fc227a5\rdm6300_frame_decoder.$proc$/home/hiepthai/Desktop/uart-fifo-rfid-asic/rdm6300_asic_fpga_modular/rtl/rdm6300/rdm6300_frame_decoder.v:60$450'.
  created $adff cell `$procdff$6363' with positive edge clock and positive level reset.
Creating register for signal `$paramod$02e80c0e2bf5fb0d9d18f581cd4dceb28fc227a5\rdm6300_frame_decoder.\index' using process `$paramod$02e80c0e2bf5fb0d9d18f581cd4dceb28fc227a5\rdm6300_frame_decoder.$proc$/home/hiepthai/Desktop/uart-fifo-rfid-asic/rdm6300_asic_fpga_modular/rtl/rdm6300/rdm6300_frame_decoder.v:60$450'.
  created $adff cell `$procdff$6368' with positive edge clock and positive level reset.
Creating register for signal `$paramod$02e80c0e2bf5fb0d9d18f581cd4dceb28fc227a5\rdm6300_frame_decoder.\timeout_count' using process `$paramod$02e80c0e2bf5fb0d9d18f581cd4dceb28fc227a5\rdm6300_frame_decoder.$proc$/home/hiepthai/Desktop/uart-fifo-rfid-asic/rdm6300_asic_fpga_modular/rtl/rdm6300/rdm6300_frame_decoder.v:60$450'.
  created $adff cell `$procdff$6373' with positive edge clock and positive level reset.
Creating register for signal `$paramod$02e80c0e2bf5fb0d9d18f581cd4dceb28fc227a5\rdm6300_frame_decoder.\i' using process `$paramod$02e80c0e2bf5fb0d9d18f581cd4dceb28fc227a5\rdm6300_frame_decoder.$proc$/home/hiepthai/Desktop/uart-fifo-rfid-asic/rdm6300_asic_fpga_modular/rtl/rdm6300/rdm6300_frame_decoder.v:60$450'.
  created $adff cell `$procdff$6378' with positive edge clock and positive level reset.
Creating register for signal `$paramod$02e80c0e2bf5fb0d9d18f581cd4dceb28fc227a5\rdm6300_frame_decoder.\payload_b0' using process `$paramod$02e80c0e2bf5fb0d9d18f581cd4dceb28fc227a5\rdm6300_frame_decoder.$proc$/home/hiepthai/Desktop/uart-fifo-rfid-asic/rdm6300_asic_fpga_modular/rtl/rdm6300/rdm6300_frame_decoder.v:60$450'.
  created $dff cell `$procdff$6385' with positive edge clock.
Creating register for signal `$paramod$02e80c0e2bf5fb0d9d18f581cd4dceb28fc227a5\rdm6300_frame_decoder.\payload_b1' using process `$paramod$02e80c0e2bf5fb0d9d18f581cd4dceb28fc227a5\rdm6300_frame_decoder.$proc$/home/hiepthai/Desktop/uart-fifo-rfid-asic/rdm6300_asic_fpga_modular/rtl/rdm6300/rdm6300_frame_decoder.v:60$450'.
  created $dff cell `$procdff$6392' with positive edge clock.
Creating register for signal `$paramod$02e80c0e2bf5fb0d9d18f581cd4dceb28fc227a5\rdm6300_frame_decoder.\payload_b2' using process `$paramod$02e80c0e2bf5fb0d9d18f581cd4dceb28fc227a5\rdm6300_frame_decoder.$proc$/home/hiepthai/Desktop/uart-fifo-rfid-asic/rdm6300_asic_fpga_modular/rtl/rdm6300/rdm6300_frame_decoder.v:60$450'.
  created $dff cell `$procdff$6399' with positive edge clock.
Creating register for signal `$paramod$02e80c0e2bf5fb0d9d18f581cd4dceb28fc227a5\rdm6300_frame_decoder.\payload_b3' using process `$paramod$02e80c0e2bf5fb0d9d18f581cd4dceb28fc227a5\rdm6300_frame_decoder.$proc$/home/hiepthai/Desktop/uart-fifo-rfid-asic/rdm6300_asic_fpga_modular/rtl/rdm6300/rdm6300_frame_decoder.v:60$450'.
  created $dff cell `$procdff$6406' with positive edge clock.
Creating register for signal `$paramod$02e80c0e2bf5fb0d9d18f581cd4dceb28fc227a5\rdm6300_frame_decoder.\payload_b4' using process `$paramod$02e80c0e2bf5fb0d9d18f581cd4dceb28fc227a5\rdm6300_frame_decoder.$proc$/home/hiepthai/Desktop/uart-fifo-rfid-asic/rdm6300_asic_fpga_modular/rtl/rdm6300/rdm6300_frame_decoder.v:60$450'.
  created $dff cell `$procdff$6413' with positive edge clock.
Creating register for signal `$paramod$02e80c0e2bf5fb0d9d18f581cd4dceb28fc227a5\rdm6300_frame_decoder.\checksum_calc' using process `$paramod$02e80c0e2bf5fb0d9d18f581cd4dceb28fc227a5\rdm6300_frame_decoder.$proc$/home/hiepthai/Desktop/uart-fifo-rfid-asic/rdm6300_asic_fpga_modular/rtl/rdm6300/rdm6300_frame_decoder.v:60$450'.
  created $dff cell `$procdff$6420' with positive edge clock.
Creating register for signal `$paramod$02e80c0e2bf5fb0d9d18f581cd4dceb28fc227a5\rdm6300_frame_decoder.\checksum_rx' using process `$paramod$02e80c0e2bf5fb0d9d18f581cd4dceb28fc227a5\rdm6300_frame_decoder.$proc$/home/hiepthai/Desktop/uart-fifo-rfid-asic/rdm6300_asic_fpga_modular/rtl/rdm6300/rdm6300_frame_decoder.v:60$450'.
  created $dff cell `$procdff$6427' with positive edge clock.
Creating register for signal `$paramod$02e80c0e2bf5fb0d9d18f581cd4dceb28fc227a5\rdm6300_frame_decoder.\decoded_payload' using process `$paramod$02e80c0e2bf5fb0d9d18f581cd4dceb28fc227a5\rdm6300_frame_decoder.$proc$/home/hiepthai/Desktop/uart-fifo-rfid-asic/rdm6300_asic_fpga_modular/rtl/rdm6300/rdm6300_frame_decoder.v:60$450'.
  created $adff cell `$procdff$6432' with positive edge clock and positive level reset.
Creating register for signal `$paramod$02e80c0e2bf5fb0d9d18f581cd4dceb28fc227a5\rdm6300_frame_decoder.\decoded_checksum_calc' using process `$paramod$02e80c0e2bf5fb0d9d18f581cd4dceb28fc227a5\rdm6300_frame_decoder.$proc$/home/hiepthai/Desktop/uart-fifo-rfid-asic/rdm6300_asic_fpga_modular/rtl/rdm6300/rdm6300_frame_decoder.v:60$450'.
  created $adff cell `$procdff$6437' with positive edge clock and positive level reset.
Creating register for signal `$paramod$02e80c0e2bf5fb0d9d18f581cd4dceb28fc227a5\rdm6300_frame_decoder.\decoded_checksum_rx' using process `$paramod$02e80c0e2bf5fb0d9d18f581cd4dceb28fc227a5\rdm6300_frame_decoder.$proc$/home/hiepthai/Desktop/uart-fifo-rfid-asic/rdm6300_asic_fpga_modular/rtl/rdm6300/rdm6300_frame_decoder.v:60$450'.
  created $adff cell `$procdff$6442' with positive edge clock and positive level reset.
Creating register for signal `$paramod$02e80c0e2bf5fb0d9d18f581cd4dceb28fc227a5\rdm6300_frame_decoder.\ascii_hex_to_nibble$func$/home/hiepthai/Desktop/uart-fifo-rfid-asic/rdm6300_asic_fpga_modular/rtl/rdm6300/rdm6300_frame_decoder.v:120$435.$result' using process `$paramod$02e80c0e2bf5fb0d9d18f581cd4dceb28fc227a5\rdm6300_frame_decoder.$proc$/home/hiepthai/Desktop/uart-fifo-rfid-asic/rdm6300_asic_fpga_modular/rtl/rdm6300/rdm6300_frame_decoder.v:60$450'.
  created $adff cell `$procdff$6447' with positive edge clock and positive level reset.
Creating register for signal `$paramod$02e80c0e2bf5fb0d9d18f581cd4dceb28fc227a5\rdm6300_frame_decoder.\ascii_hex_to_nibble$func$/home/hiepthai/Desktop/uart-fifo-rfid-asic/rdm6300_asic_fpga_modular/rtl/rdm6300/rdm6300_frame_decoder.v:120$435.ch' using process `$paramod$02e80c0e2bf5fb0d9d18f581cd4dceb28fc227a5\rdm6300_frame_decoder.$proc$/home/hiepthai/Desktop/uart-fifo-rfid-asic/rdm6300_asic_fpga_modular/rtl/rdm6300/rdm6300_frame_decoder.v:60$450'.
  created $adff cell `$procdff$6452' with positive edge clock and positive level reset.
Creating register for signal `$paramod$02e80c0e2bf5fb0d9d18f581cd4dceb28fc227a5\rdm6300_frame_decoder.\ascii_hex_to_nibble$func$/home/hiepthai/Desktop/uart-fifo-rfid-asic/rdm6300_asic_fpga_modular/rtl/rdm6300/rdm6300_frame_decoder.v:120$436.$result' using process `$paramod$02e80c0e2bf5fb0d9d18f581cd4dceb28fc227a5\rdm6300_frame_decoder.$proc$/home/hiepthai/Desktop/uart-fifo-rfid-asic/rdm6300_asic_fpga_modular/rtl/rdm6300/rdm6300_frame_decoder.v:60$450'.
  created $adff cell `$procdff$6457' with positive edge clock and positive level reset.
Creating register for signal `$paramod$02e80c0e2bf5fb0d9d18f581cd4dceb28fc227a5\rdm6300_frame_decoder.\ascii_hex_to_nibble$func$/home/hiepthai/Desktop/uart-fifo-rfid-asic/rdm6300_asic_fpga_modular/rtl/rdm6300/rdm6300_frame_decoder.v:120$436.ch' using process `$paramod$02e80c0e2bf5fb0d9d18f581cd4dceb28fc227a5\rdm6300_frame_decoder.$proc$/home/hiepthai/Desktop/uart-fifo-rfid-asic/rdm6300_asic_fpga_modular/rtl/rdm6300/rdm6300_frame_decoder.v:60$450'.
  created $adff cell `$procdff$6462' with positive edge clock and positive level reset.
Creating register for signal `$paramod$02e80c0e2bf5fb0d9d18f581cd4dceb28fc227a5\rdm6300_frame_decoder.\ascii_hex_to_nibble$func$/home/hiepthai/Desktop/uart-fifo-rfid-asic/rdm6300_asic_fpga_modular/rtl/rdm6300/rdm6300_frame_decoder.v:120$437.$result' using process `$paramod$02e80c0e2bf5fb0d9d18f581cd4dceb28fc227a5\rdm6300_frame_decoder.$proc$/home/hiepthai/Desktop/uart-fifo-rfid-asic/rdm6300_asic_fpga_modular/rtl/rdm6300/rdm6300_frame_decoder.v:60$450'.
  created $adff cell `$procdff$6467' with positive edge clock and positive level reset.
Creating register for signal `$paramod$02e80c0e2bf5fb0d9d18f581cd4dceb28fc227a5\rdm6300_frame_decoder.\ascii_hex_to_nibble$func$/home/hiepthai/Desktop/uart-fifo-rfid-asic/rdm6300_asic_fpga_modular/rtl/rdm6300/rdm6300_frame_decoder.v:120$437.ch' using process `$paramod$02e80c0e2bf5fb0d9d18f581cd4dceb28fc227a5\rdm6300_frame_decoder.$proc$/home/hiepthai/Desktop/uart-fifo-rfid-asic/rdm6300_asic_fpga_modular/rtl/rdm6300/rdm6300_frame_decoder.v:60$450'.
  created $adff cell `$procdff$6472' with positive edge clock and positive level reset.
Creating register for signal `$paramod$02e80c0e2bf5fb0d9d18f581cd4dceb28fc227a5\rdm6300_frame_decoder.\ascii_hex_to_nibble$func$/home/hiepthai/Desktop/uart-fifo-rfid-asic/rdm6300_asic_fpga_modular/rtl/rdm6300/rdm6300_frame_decoder.v:120$438.$result' using process `$paramod$02e80c0e2bf5fb0d9d18f581cd4dceb28fc227a5\rdm6300_frame_decoder.$proc$/home/hiepthai/Desktop/uart-fifo-rfid-asic/rdm6300_asic_fpga_modular/rtl/rdm6300/rdm6300_frame_decoder.v:60$450'.
  created $adff cell `$procdff$6477' with positive edge clock and positive level reset.
Creating register for signal `$paramod$02e80c0e2bf5fb0d9d18f581cd4dceb28fc227a5\rdm6300_frame_decoder.\ascii_hex_to_nibble$func$/home/hiepthai/Desktop/uart-fifo-rfid-asic/rdm6300_asic_fpga_modular/rtl/rdm6300/rdm6300_frame_decoder.v:120$438.ch' using process `$paramod$02e80c0e2bf5fb0d9d18f581cd4dceb28fc227a5\rdm6300_frame_decoder.$proc$/home/hiepthai/Desktop/uart-fifo-rfid-asic/rdm6300_asic_fpga_modular/rtl/rdm6300/rdm6300_frame_decoder.v:60$450'.
  created $adff cell `$procdff$6482' with positive edge clock and positive level reset.
Creating register for signal `$paramod$02e80c0e2bf5fb0d9d18f581cd4dceb28fc227a5\rdm6300_frame_decoder.\ascii_hex_to_nibble$func$/home/hiepthai/Desktop/uart-fifo-rfid-asic/rdm6300_asic_fpga_modular/rtl/rdm6300/rdm6300_frame_decoder.v:120$439.$result' using process `$paramod$02e80c0e2bf5fb0d9d18f581cd4dceb28fc227a5\rdm6300_frame_decoder.$proc$/home/hiepthai/Desktop/uart-fifo-rfid-asic/rdm6300_asic_fpga_modular/rtl/rdm6300/rdm6300_frame_decoder.v:60$450'.
  created $adff cell `$procdff$6487' with positive edge clock and positive level reset.
Creating register for signal `$paramod$02e80c0e2bf5fb0d9d18f581cd4dceb28fc227a5\rdm6300_frame_decoder.\ascii_hex_to_nibble$func$/home/hiepthai/Desktop/uart-fifo-rfid-asic/rdm6300_asic_fpga_modular/rtl/rdm6300/rdm6300_frame_decoder.v:120$439.ch' using process `$paramod$02e80c0e2bf5fb0d9d18f581cd4dceb28fc227a5\rdm6300_frame_decoder.$proc$/home/hiepthai/Desktop/uart-fifo-rfid-asic/rdm6300_asic_fpga_modular/rtl/rdm6300/rdm6300_frame_decoder.v:60$450'.
  created $adff cell `$procdff$6492' with positive edge clock and positive level reset.
Creating register for signal `$paramod$02e80c0e2bf5fb0d9d18f581cd4dceb28fc227a5\rdm6300_frame_decoder.\ascii_hex_to_nibble$func$/home/hiepthai/Desktop/uart-fifo-rfid-asic/rdm6300_asic_fpga_modular/rtl/rdm6300/rdm6300_frame_decoder.v:120$440.$result' using process `$paramod$02e80c0e2bf5fb0d9d18f581cd4dceb28fc227a5\rdm6300_frame_decoder.$proc$/home/hiepthai/Desktop/uart-fifo-rfid-asic/rdm6300_asic_fpga_modular/rtl/rdm6300/rdm6300_frame_decoder.v:60$450'.
  created $adff cell `$procdff$6497' with positive edge clock and positive level reset.
Creating register for signal `$paramod$02e80c0e2bf5fb0d9d18f581cd4dceb28fc227a5\rdm6300_frame_decoder.\ascii_hex_to_nibble$func$/home/hiepthai/Desktop/uart-fifo-rfid-asic/rdm6300_asic_fpga_modular/rtl/rdm6300/rdm6300_frame_decoder.v:120$440.ch' using process `$paramod$02e80c0e2bf5fb0d9d18f581cd4dceb28fc227a5\rdm6300_frame_decoder.$proc$/home/hiepthai/Desktop/uart-fifo-rfid-asic/rdm6300_asic_fpga_modular/rtl/rdm6300/rdm6300_frame_decoder.v:60$450'.
  created $adff cell `$procdff$6502' with positive edge clock and positive level reset.
Creating register for signal `$paramod$02e80c0e2bf5fb0d9d18f581cd4dceb28fc227a5\rdm6300_frame_decoder.\ascii_hex_to_nibble$func$/home/hiepthai/Desktop/uart-fifo-rfid-asic/rdm6300_asic_fpga_modular/rtl/rdm6300/rdm6300_frame_decoder.v:120$441.$result' using process `$paramod$02e80c0e2bf5fb0d9d18f581cd4dceb28fc227a5\rdm6300_frame_decoder.$proc$/home/hiepthai/Desktop/uart-fifo-rfid-asic/rdm6300_asic_fpga_modular/rtl/rdm6300/rdm6300_frame_decoder.v:60$450'.
  created $adff cell `$procdff$6507' with positive edge clock and positive level reset.
Creating register for signal `$paramod$02e80c0e2bf5fb0d9d18f581cd4dceb28fc227a5\rdm6300_frame_decoder.\ascii_hex_to_nibble$func$/home/hiepthai/Desktop/uart-fifo-rfid-asic/rdm6300_asic_fpga_modular/rtl/rdm6300/rdm6300_frame_decoder.v:120$441.ch' using process `$paramod$02e80c0e2bf5fb0d9d18f581cd4dceb28fc227a5\rdm6300_frame_decoder.$proc$/home/hiepthai/Desktop/uart-fifo-rfid-asic/rdm6300_asic_fpga_modular/rtl/rdm6300/rdm6300_frame_decoder.v:60$450'.
  created $adff cell `$procdff$6512' with positive edge clock and positive level reset.
Creating register for signal `$paramod$02e80c0e2bf5fb0d9d18f581cd4dceb28fc227a5\rdm6300_frame_decoder.\ascii_hex_to_nibble$func$/home/hiepthai/Desktop/uart-fifo-rfid-asic/rdm6300_asic_fpga_modular/rtl/rdm6300/rdm6300_frame_decoder.v:120$442.$result' using process `$paramod$02e80c0e2bf5fb0d9d18f581cd4dceb28fc227a5\rdm6300_frame_decoder.$proc$/home/hiepthai/Desktop/uart-fifo-rfid-asic/rdm6300_asic_fpga_modular/rtl/rdm6300/rdm6300_frame_decoder.v:60$450'.
  created $adff cell `$procdff$6517' with positive edge clock and positive level reset.
Creating register for signal `$paramod$02e80c0e2bf5fb0d9d18f581cd4dceb28fc227a5\rdm6300_frame_decoder.\ascii_hex_to_nibble$func$/home/hiepthai/Desktop/uart-fifo-rfid-asic/rdm6300_asic_fpga_modular/rtl/rdm6300/rdm6300_frame_decoder.v:120$442.ch' using process `$paramod$02e80c0e2bf5fb0d9d18f581cd4dceb28fc227a5\rdm6300_frame_decoder.$proc$/home/hiepthai/Desktop/uart-fifo-rfid-asic/rdm6300_asic_fpga_modular/rtl/rdm6300/rdm6300_frame_decoder.v:60$450'.
  created $adff cell `$procdff$6522' with positive edge clock and positive level reset.
Creating register for signal `$paramod$02e80c0e2bf5fb0d9d18f581cd4dceb28fc227a5\rdm6300_frame_decoder.\ascii_hex_to_nibble$func$/home/hiepthai/Desktop/uart-fifo-rfid-asic/rdm6300_asic_fpga_modular/rtl/rdm6300/rdm6300_frame_decoder.v:120$443.$result' using process `$paramod$02e80c0e2bf5fb0d9d18f581cd4dceb28fc227a5\rdm6300_frame_decoder.$proc$/home/hiepthai/Desktop/uart-fifo-rfid-asic/rdm6300_asic_fpga_modular/rtl/rdm6300/rdm6300_frame_decoder.v:60$450'.
  created $adff cell `$procdff$6527' with positive edge clock and positive level reset.
Creating register for signal `$paramod$02e80c0e2bf5fb0d9d18f581cd4dceb28fc227a5\rdm6300_frame_decoder.\ascii_hex_to_nibble$func$/home/hiepthai/Desktop/uart-fifo-rfid-asic/rdm6300_asic_fpga_modular/rtl/rdm6300/rdm6300_frame_decoder.v:120$443.ch' using process `$paramod$02e80c0e2bf5fb0d9d18f581cd4dceb28fc227a5\rdm6300_frame_decoder.$proc$/home/hiepthai/Desktop/uart-fifo-rfid-asic/rdm6300_asic_fpga_modular/rtl/rdm6300/rdm6300_frame_decoder.v:60$450'.
  created $adff cell `$procdff$6532' with positive edge clock and positive level reset.
Creating register for signal `$paramod$02e80c0e2bf5fb0d9d18f581cd4dceb28fc227a5\rdm6300_frame_decoder.\ascii_hex_to_nibble$func$/home/hiepthai/Desktop/uart-fifo-rfid-asic/rdm6300_asic_fpga_modular/rtl/rdm6300/rdm6300_frame_decoder.v:120$444.$result' using process `$paramod$02e80c0e2bf5fb0d9d18f581cd4dceb28fc227a5\rdm6300_frame_decoder.$proc$/home/hiepthai/Desktop/uart-fifo-rfid-asic/rdm6300_asic_fpga_modular/rtl/rdm6300/rdm6300_frame_decoder.v:60$450'.
  created $adff cell `$procdff$6537' with positive edge clock and positive level reset.
Creating register for signal `$paramod$02e80c0e2bf5fb0d9d18f581cd4dceb28fc227a5\rdm6300_frame_decoder.\ascii_hex_to_nibble$func$/home/hiepthai/Desktop/uart-fifo-rfid-asic/rdm6300_asic_fpga_modular/rtl/rdm6300/rdm6300_frame_decoder.v:120$444.ch' using process `$paramod$02e80c0e2bf5fb0d9d18f581cd4dceb28fc227a5\rdm6300_frame_decoder.$proc$/home/hiepthai/Desktop/uart-fifo-rfid-asic/rdm6300_asic_fpga_modular/rtl/rdm6300/rdm6300_frame_decoder.v:60$450'.
  created $adff cell `$procdff$6542' with positive edge clock and positive level reset.
Creating register for signal `$paramod$02e80c0e2bf5fb0d9d18f581cd4dceb28fc227a5\rdm6300_frame_decoder.\ascii_hex_to_nibble$func$/home/hiepthai/Desktop/uart-fifo-rfid-asic/rdm6300_asic_fpga_modular/rtl/rdm6300/rdm6300_frame_decoder.v:120$445.$result' using process `$paramod$02e80c0e2bf5fb0d9d18f581cd4dceb28fc227a5\rdm6300_frame_decoder.$proc$/home/hiepthai/Desktop/uart-fifo-rfid-asic/rdm6300_asic_fpga_modular/rtl/rdm6300/rdm6300_frame_decoder.v:60$450'.
  created $adff cell `$procdff$6547' with positive edge clock and positive level reset.
Creating register for signal `$paramod$02e80c0e2bf5fb0d9d18f581cd4dceb28fc227a5\rdm6300_frame_decoder.\ascii_hex_to_nibble$func$/home/hiepthai/Desktop/uart-fifo-rfid-asic/rdm6300_asic_fpga_modular/rtl/rdm6300/rdm6300_frame_decoder.v:120$445.ch' using process `$paramod$02e80c0e2bf5fb0d9d18f581cd4dceb28fc227a5\rdm6300_frame_decoder.$proc$/home/hiepthai/Desktop/uart-fifo-rfid-asic/rdm6300_asic_fpga_modular/rtl/rdm6300/rdm6300_frame_decoder.v:60$450'.
  created $adff cell `$procdff$6552' with positive edge clock and positive level reset.
Creating register for signal `$paramod$02e80c0e2bf5fb0d9d18f581cd4dceb28fc227a5\rdm6300_frame_decoder.\ascii_hex_to_nibble$func$/home/hiepthai/Desktop/uart-fifo-rfid-asic/rdm6300_asic_fpga_modular/rtl/rdm6300/rdm6300_frame_decoder.v:120$446.$result' using process `$paramod$02e80c0e2bf5fb0d9d18f581cd4dceb28fc227a5\rdm6300_frame_decoder.$proc$/home/hiepthai/Desktop/uart-fifo-rfid-asic/rdm6300_asic_fpga_modular/rtl/rdm6300/rdm6300_frame_decoder.v:60$450'.
  created $adff cell `$procdff$6557' with positive edge clock and positive level reset.
Creating register for signal `$paramod$02e80c0e2bf5fb0d9d18f581cd4dceb28fc227a5\rdm6300_frame_decoder.\ascii_hex_to_nibble$func$/home/hiepthai/Desktop/uart-fifo-rfid-asic/rdm6300_asic_fpga_modular/rtl/rdm6300/rdm6300_frame_decoder.v:120$446.ch' using process `$paramod$02e80c0e2bf5fb0d9d18f581cd4dceb28fc227a5\rdm6300_frame_decoder.$proc$/home/hiepthai/Desktop/uart-fifo-rfid-asic/rdm6300_asic_fpga_modular/rtl/rdm6300/rdm6300_frame_decoder.v:60$450'.
  created $adff cell `$procdff$6562' with positive edge clock and positive level reset.
Creating register for signal `$paramod$02e80c0e2bf5fb0d9d18f581cd4dceb28fc227a5\rdm6300_frame_decoder.\ascii_hex_to_nibble$func$/home/hiepthai/Desktop/uart-fifo-rfid-asic/rdm6300_asic_fpga_modular/rtl/rdm6300/rdm6300_frame_decoder.v:144$447.$result' using process `$paramod$02e80c0e2bf5fb0d9d18f581cd4dceb28fc227a5\rdm6300_frame_decoder.$proc$/home/hiepthai/Desktop/uart-fifo-rfid-asic/rdm6300_asic_fpga_modular/rtl/rdm6300/rdm6300_frame_decoder.v:60$450'.
  created $adff cell `$procdff$6567' with positive edge clock and positive level reset.
Creating register for signal `$paramod$02e80c0e2bf5fb0d9d18f581cd4dceb28fc227a5\rdm6300_frame_decoder.\ascii_hex_to_nibble$func$/home/hiepthai/Desktop/uart-fifo-rfid-asic/rdm6300_asic_fpga_modular/rtl/rdm6300/rdm6300_frame_decoder.v:144$447.ch' using process `$paramod$02e80c0e2bf5fb0d9d18f581cd4dceb28fc227a5\rdm6300_frame_decoder.$proc$/home/hiepthai/Desktop/uart-fifo-rfid-asic/rdm6300_asic_fpga_modular/rtl/rdm6300/rdm6300_frame_decoder.v:60$450'.
  created $adff cell `$procdff$6572' with positive edge clock and positive level reset.
Creating register for signal `$paramod$02e80c0e2bf5fb0d9d18f581cd4dceb28fc227a5\rdm6300_frame_decoder.\ascii_buf[0]' using process `$paramod$02e80c0e2bf5fb0d9d18f581cd4dceb28fc227a5\rdm6300_frame_decoder.$proc$/home/hiepthai/Desktop/uart-fifo-rfid-asic/rdm6300_asic_fpga_modular/rtl/rdm6300/rdm6300_frame_decoder.v:60$450'.
  created $adff cell `$procdff$6577' with positive edge clock and positive level reset.
Creating register for signal `$paramod$02e80c0e2bf5fb0d9d18f581cd4dceb28fc227a5\rdm6300_frame_decoder.\ascii_buf[1]' using process `$paramod$02e80c0e2bf5fb0d9d18f581cd4dceb28fc227a5\rdm6300_frame_decoder.$proc$/home/hiepthai/Desktop/uart-fifo-rfid-asic/rdm6300_asic_fpga_modular/rtl/rdm6300/rdm6300_frame_decoder.v:60$450'.
  created $adff cell `$procdff$6582' with positive edge clock and positive level reset.
Creating register for signal `$paramod$02e80c0e2bf5fb0d9d18f581cd4dceb28fc227a5\rdm6300_frame_decoder.\ascii_buf[2]' using process `$paramod$02e80c0e2bf5fb0d9d18f581cd4dceb28fc227a5\rdm6300_frame_decoder.$proc$/home/hiepthai/Desktop/uart-fifo-rfid-asic/rdm6300_asic_fpga_modular/rtl/rdm6300/rdm6300_frame_decoder.v:60$450'.
  created $adff cell `$procdff$6587' with positive edge clock and positive level reset.
Creating register for signal `$paramod$02e80c0e2bf5fb0d9d18f581cd4dceb28fc227a5\rdm6300_frame_decoder.\ascii_buf[3]' using process `$paramod$02e80c0e2bf5fb0d9d18f581cd4dceb28fc227a5\rdm6300_frame_decoder.$proc$/home/hiepthai/Desktop/uart-fifo-rfid-asic/rdm6300_asic_fpga_modular/rtl/rdm6300/rdm6300_frame_decoder.v:60$450'.
  created $adff cell `$procdff$6592' with positive edge clock and positive level reset.
Creating register for signal `$paramod$02e80c0e2bf5fb0d9d18f581cd4dceb28fc227a5\rdm6300_frame_decoder.\ascii_buf[4]' using process `$paramod$02e80c0e2bf5fb0d9d18f581cd4dceb28fc227a5\rdm6300_frame_decoder.$proc$/home/hiepthai/Desktop/uart-fifo-rfid-asic/rdm6300_asic_fpga_modular/rtl/rdm6300/rdm6300_frame_decoder.v:60$450'.
  created $adff cell `$procdff$6597' with positive edge clock and positive level reset.
Creating register for signal `$paramod$02e80c0e2bf5fb0d9d18f581cd4dceb28fc227a5\rdm6300_frame_decoder.\ascii_buf[5]' using process `$paramod$02e80c0e2bf5fb0d9d18f581cd4dceb28fc227a5\rdm6300_frame_decoder.$proc$/home/hiepthai/Desktop/uart-fifo-rfid-asic/rdm6300_asic_fpga_modular/rtl/rdm6300/rdm6300_frame_decoder.v:60$450'.
  created $adff cell `$procdff$6602' with positive edge clock and positive level reset.
Creating register for signal `$paramod$02e80c0e2bf5fb0d9d18f581cd4dceb28fc227a5\rdm6300_frame_decoder.\ascii_buf[6]' using process `$paramod$02e80c0e2bf5fb0d9d18f581cd4dceb28fc227a5\rdm6300_frame_decoder.$proc$/home/hiepthai/Desktop/uart-fifo-rfid-asic/rdm6300_asic_fpga_modular/rtl/rdm6300/rdm6300_frame_decoder.v:60$450'.
  created $adff cell `$procdff$6607' with positive edge clock and positive level reset.
Creating register for signal `$paramod$02e80c0e2bf5fb0d9d18f581cd4dceb28fc227a5\rdm6300_frame_decoder.\ascii_buf[7]' using process `$paramod$02e80c0e2bf5fb0d9d18f581cd4dceb28fc227a5\rdm6300_frame_decoder.$proc$/home/hiepthai/Desktop/uart-fifo-rfid-asic/rdm6300_asic_fpga_modular/rtl/rdm6300/rdm6300_frame_decoder.v:60$450'.
  created $adff cell `$procdff$6612' with positive edge clock and positive level reset.
Creating register for signal `$paramod$02e80c0e2bf5fb0d9d18f581cd4dceb28fc227a5\rdm6300_frame_decoder.\ascii_buf[8]' using process `$paramod$02e80c0e2bf5fb0d9d18f581cd4dceb28fc227a5\rdm6300_frame_decoder.$proc$/home/hiepthai/Desktop/uart-fifo-rfid-asic/rdm6300_asic_fpga_modular/rtl/rdm6300/rdm6300_frame_decoder.v:60$450'.
  created $adff cell `$procdff$6617' with positive edge clock and positive level reset.
Creating register for signal `$paramod$02e80c0e2bf5fb0d9d18f581cd4dceb28fc227a5\rdm6300_frame_decoder.\ascii_buf[9]' using process `$paramod$02e80c0e2bf5fb0d9d18f581cd4dceb28fc227a5\rdm6300_frame_decoder.$proc$/home/hiepthai/Desktop/uart-fifo-rfid-asic/rdm6300_asic_fpga_modular/rtl/rdm6300/rdm6300_frame_decoder.v:60$450'.
  created $adff cell `$procdff$6622' with positive edge clock and positive level reset.
Creating register for signal `$paramod$02e80c0e2bf5fb0d9d18f581cd4dceb28fc227a5\rdm6300_frame_decoder.\ascii_buf[10]' using process `$paramod$02e80c0e2bf5fb0d9d18f581cd4dceb28fc227a5\rdm6300_frame_decoder.$proc$/home/hiepthai/Desktop/uart-fifo-rfid-asic/rdm6300_asic_fpga_modular/rtl/rdm6300/rdm6300_frame_decoder.v:60$450'.
  created $adff cell `$procdff$6627' with positive edge clock and positive level reset.
Creating register for signal `$paramod$02e80c0e2bf5fb0d9d18f581cd4dceb28fc227a5\rdm6300_frame_decoder.\ascii_buf[11]' using process `$paramod$02e80c0e2bf5fb0d9d18f581cd4dceb28fc227a5\rdm6300_frame_decoder.$proc$/home/hiepthai/Desktop/uart-fifo-rfid-asic/rdm6300_asic_fpga_modular/rtl/rdm6300/rdm6300_frame_decoder.v:60$450'.
  created $adff cell `$procdff$6632' with positive edge clock and positive level reset.
Creating register for signal `$paramod$02e80c0e2bf5fb0d9d18f581cd4dceb28fc227a5\rdm6300_frame_decoder.\nibble[0]' using process `$paramod$02e80c0e2bf5fb0d9d18f581cd4dceb28fc227a5\rdm6300_frame_decoder.$proc$/home/hiepthai/Desktop/uart-fifo-rfid-asic/rdm6300_asic_fpga_modular/rtl/rdm6300/rdm6300_frame_decoder.v:60$450'.
  created $dff cell `$procdff$6639' with positive edge clock.
Creating register for signal `$paramod$02e80c0e2bf5fb0d9d18f581cd4dceb28fc227a5\rdm6300_frame_decoder.\nibble[1]' using process `$paramod$02e80c0e2bf5fb0d9d18f581cd4dceb28fc227a5\rdm6300_frame_decoder.$proc$/home/hiepthai/Desktop/uart-fifo-rfid-asic/rdm6300_asic_fpga_modular/rtl/rdm6300/rdm6300_frame_decoder.v:60$450'.
  created $dff cell `$procdff$6646' with positive edge clock.
Creating register for signal `$paramod$02e80c0e2bf5fb0d9d18f581cd4dceb28fc227a5\rdm6300_frame_decoder.\nibble[2]' using process `$paramod$02e80c0e2bf5fb0d9d18f581cd4dceb28fc227a5\rdm6300_frame_decoder.$proc$/home/hiepthai/Desktop/uart-fifo-rfid-asic/rdm6300_asic_fpga_modular/rtl/rdm6300/rdm6300_frame_decoder.v:60$450'.
  created $dff cell `$procdff$6653' with positive edge clock.
Creating register for signal `$paramod$02e80c0e2bf5fb0d9d18f581cd4dceb28fc227a5\rdm6300_frame_decoder.\nibble[3]' using process `$paramod$02e80c0e2bf5fb0d9d18f581cd4dceb28fc227a5\rdm6300_frame_decoder.$proc$/home/hiepthai/Desktop/uart-fifo-rfid-asic/rdm6300_asic_fpga_modular/rtl/rdm6300/rdm6300_frame_decoder.v:60$450'.
  created $dff cell `$procdff$6660' with positive edge clock.
Creating register for signal `$paramod$02e80c0e2bf5fb0d9d18f581cd4dceb28fc227a5\rdm6300_frame_decoder.\nibble[4]' using process `$paramod$02e80c0e2bf5fb0d9d18f581cd4dceb28fc227a5\rdm6300_frame_decoder.$proc$/home/hiepthai/Desktop/uart-fifo-rfid-asic/rdm6300_asic_fpga_modular/rtl/rdm6300/rdm6300_frame_decoder.v:60$450'.
  created $dff cell `$procdff$6667' with positive edge clock.
Creating register for signal `$paramod$02e80c0e2bf5fb0d9d18f581cd4dceb28fc227a5\rdm6300_frame_decoder.\nibble[5]' using process `$paramod$02e80c0e2bf5fb0d9d18f581cd4dceb28fc227a5\rdm6300_frame_decoder.$proc$/home/hiepthai/Desktop/uart-fifo-rfid-asic/rdm6300_asic_fpga_modular/rtl/rdm6300/rdm6300_frame_decoder.v:60$450'.
  created $dff cell `$procdff$6674' with positive edge clock.
Creating register for signal `$paramod$02e80c0e2bf5fb0d9d18f581cd4dceb28fc227a5\rdm6300_frame_decoder.\nibble[6]' using process `$paramod$02e80c0e2bf5fb0d9d18f581cd4dceb28fc227a5\rdm6300_frame_decoder.$proc$/home/hiepthai/Desktop/uart-fifo-rfid-asic/rdm6300_asic_fpga_modular/rtl/rdm6300/rdm6300_frame_decoder.v:60$450'.
  created $dff cell `$procdff$6681' with positive edge clock.
Creating register for signal `$paramod$02e80c0e2bf5fb0d9d18f581cd4dceb28fc227a5\rdm6300_frame_decoder.\nibble[7]' using process `$paramod$02e80c0e2bf5fb0d9d18f581cd4dceb28fc227a5\rdm6300_frame_decoder.$proc$/home/hiepthai/Desktop/uart-fifo-rfid-asic/rdm6300_asic_fpga_modular/rtl/rdm6300/rdm6300_frame_decoder.v:60$450'.
  created $dff cell `$procdff$6688' with positive edge clock.
Creating register for signal `$paramod$02e80c0e2bf5fb0d9d18f581cd4dceb28fc227a5\rdm6300_frame_decoder.\nibble[8]' using process `$paramod$02e80c0e2bf5fb0d9d18f581cd4dceb28fc227a5\rdm6300_frame_decoder.$proc$/home/hiepthai/Desktop/uart-fifo-rfid-asic/rdm6300_asic_fpga_modular/rtl/rdm6300/rdm6300_frame_decoder.v:60$450'.
  created $dff cell `$procdff$6695' with positive edge clock.
Creating register for signal `$paramod$02e80c0e2bf5fb0d9d18f581cd4dceb28fc227a5\rdm6300_frame_decoder.\nibble[9]' using process `$paramod$02e80c0e2bf5fb0d9d18f581cd4dceb28fc227a5\rdm6300_frame_decoder.$proc$/home/hiepthai/Desktop/uart-fifo-rfid-asic/rdm6300_asic_fpga_modular/rtl/rdm6300/rdm6300_frame_decoder.v:60$450'.
  created $dff cell `$procdff$6702' with positive edge clock.
Creating register for signal `$paramod$02e80c0e2bf5fb0d9d18f581cd4dceb28fc227a5\rdm6300_frame_decoder.\nibble[10]' using process `$paramod$02e80c0e2bf5fb0d9d18f581cd4dceb28fc227a5\rdm6300_frame_decoder.$proc$/home/hiepthai/Desktop/uart-fifo-rfid-asic/rdm6300_asic_fpga_modular/rtl/rdm6300/rdm6300_frame_decoder.v:60$450'.
  created $dff cell `$procdff$6709' with positive edge clock.
Creating register for signal `$paramod$02e80c0e2bf5fb0d9d18f581cd4dceb28fc227a5\rdm6300_frame_decoder.\nibble[11]' using process `$paramod$02e80c0e2bf5fb0d9d18f581cd4dceb28fc227a5\rdm6300_frame_decoder.$proc$/home/hiepthai/Desktop/uart-fifo-rfid-asic/rdm6300_asic_fpga_modular/rtl/rdm6300/rdm6300_frame_decoder.v:60$450'.
  created $dff cell `$procdff$6716' with positive edge clock.
Creating register for signal `$paramod$02e80c0e2bf5fb0d9d18f581cd4dceb28fc227a5\rdm6300_frame_decoder.$mem2reg_wr$\ascii_buf$/home/hiepthai/Desktop/uart-fifo-rfid-asic/rdm6300_asic_fpga_modular/rtl/rdm6300/rdm6300_frame_decoder.v:149$448_ADDR' using process `$paramod$02e80c0e2bf5fb0d9d18f581cd4dceb28fc227a5\rdm6300_frame_decoder.$proc$/home/hiepthai/Desktop/uart-fifo-rfid-asic/rdm6300_asic_fpga_modular/rtl/rdm6300/rdm6300_frame_decoder.v:60$450'.
  created $adff cell `$procdff$6721' with positive edge clock and positive level reset.
Creating register for signal `$paramod$02e80c0e2bf5fb0d9d18f581cd4dceb28fc227a5\rdm6300_frame_decoder.$mem2reg_wr$\ascii_buf$/home/hiepthai/Desktop/uart-fifo-rfid-asic/rdm6300_asic_fpga_modular/rtl/rdm6300/rdm6300_frame_decoder.v:149$448_DATA' using process `$paramod$02e80c0e2bf5fb0d9d18f581cd4dceb28fc227a5\rdm6300_frame_decoder.$proc$/home/hiepthai/Desktop/uart-fifo-rfid-asic/rdm6300_asic_fpga_modular/rtl/rdm6300/rdm6300_frame_decoder.v:60$450'.
  created $adff cell `$procdff$6726' with positive edge clock and positive level reset.

25. Executing PROC_MEMWR pass (convert process memory writes to cells).

26. Executing PROC_CLEAN pass (remove empty switches from decision trees).
Removing empty process `top_basys3_rdm6300.$proc$/home/hiepthai/Desktop/uart-fifo-rfid-asic/rdm6300_asic_fpga_modular/fpga/rtl/top_basys3_rdm6300.v:17$5'.
Removing empty process `top_basys3_rdm6300.$proc$/home/hiepthai/Desktop/uart-fifo-rfid-asic/rdm6300_asic_fpga_modular/fpga/rtl/top_basys3_rdm6300.v:64$4'.
Found and cleaned up 3 empty switches in `\card_packet_encoder.$proc$/home/hiepthai/Desktop/uart-fifo-rfid-asic/rdm6300_asic_fpga_modular/rtl/app/card_packet_encoder.v:64$134'.
Removing empty process `card_packet_encoder.$proc$/home/hiepthai/Desktop/uart-fifo-rfid-asic/rdm6300_asic_fpga_modular/rtl/app/card_packet_encoder.v:64$134'.
Found and cleaned up 1 empty switch in `\card_packet_encoder.$proc$/home/hiepthai/Desktop/uart-fifo-rfid-asic/rdm6300_asic_fpga_modular/rtl/app/card_packet_encoder.v:49$133'.
Removing empty process `card_packet_encoder.$proc$/home/hiepthai/Desktop/uart-fifo-rfid-asic/rdm6300_asic_fpga_modular/rtl/app/card_packet_encoder.v:49$133'.
Removing empty process `$paramod\sync_2ff\RESET_VALUE=1'1.$proc$/home/hiepthai/Desktop/uart-fifo-rfid-asic/rdm6300_asic_fpga_modular/rtl/common/sync_2ff.v:13$123'.
Found and cleaned up 15 empty switches in `$paramod\uart_rx\CLKS_PER_BIT=s32'00000000000000000010100010110001.$proc$/home/hiepthai/Desktop/uart-fifo-rfid-asic/rdm6300_asic_fpga_modular/rtl/uart/uart_rx.v:61$81'.
Removing empty process `$paramod\uart_rx\CLKS_PER_BIT=s32'00000000000000000010100010110001.$proc$/home/hiepthai/Desktop/uart-fifo-rfid-asic/rdm6300_asic_fpga_modular/rtl/uart/uart_rx.v:61$81'.
Found and cleaned up 3 empty switches in `$paramod\uart_rx\CLKS_PER_BIT=s32'00000000000000000010100010110001.$proc$/home/hiepthai/Desktop/uart-fifo-rfid-asic/rdm6300_asic_fpga_modular/rtl/uart/uart_rx.v:45$75'.
Removing empty process `$paramod\uart_rx\CLKS_PER_BIT=s32'00000000000000000010100010110001.$proc$/home/hiepthai/Desktop/uart-fifo-rfid-asic/rdm6300_asic_fpga_modular/rtl/uart/uart_rx.v:45$75'.
Found and cleaned up 3 empty switches in `$paramod$9725208b3e344c3de14a607aed5740fe612d0487\rx_fifo.$proc$/home/hiepthai/Desktop/uart-fifo-rfid-asic/rdm6300_asic_fpga_modular/rtl/fifo/rx_fifo.v:42$58'.
Removing empty process `$paramod$9725208b3e344c3de14a607aed5740fe612d0487\rx_fifo.$proc$/home/hiepthai/Desktop/uart-fifo-rfid-asic/rdm6300_asic_fpga_modular/rtl/fifo/rx_fifo.v:42$58'.
Found and cleaned up 1 empty switch in `$paramod$9725208b3e344c3de14a607aed5740fe612d0487\rx_fifo.$proc$/home/hiepthai/Desktop/uart-fifo-rfid-asic/rdm6300_asic_fpga_modular/rtl/fifo/rx_fifo.v:37$51'.
Removing empty process `$paramod$9725208b3e344c3de14a607aed5740fe612d0487\rx_fifo.$proc$/home/hiepthai/Desktop/uart-fifo-rfid-asic/rdm6300_asic_fpga_modular/rtl/fifo/rx_fifo.v:37$51'.
Found and cleaned up 3 empty switches in `$paramod$9725208b3e344c3de14a607aed5740fe612d0487\tx_fifo.$proc$/home/hiepthai/Desktop/uart-fifo-rfid-asic/rdm6300_asic_fpga_modular/rtl/fifo/tx_fifo.v:42$33'.
Removing empty process `$paramod$9725208b3e344c3de14a607aed5740fe612d0487\tx_fifo.$proc$/home/hiepthai/Desktop/uart-fifo-rfid-asic/rdm6300_asic_fpga_modular/rtl/fifo/tx_fifo.v:42$33'.
Found and cleaned up 1 empty switch in `$paramod$9725208b3e344c3de14a607aed5740fe612d0487\tx_fifo.$proc$/home/hiepthai/Desktop/uart-fifo-rfid-asic/rdm6300_asic_fpga_modular/rtl/fifo/tx_fifo.v:37$26'.
Removing empty process `$paramod$9725208b3e344c3de14a607aed5740fe612d0487\tx_fifo.$proc$/home/hiepthai/Desktop/uart-fifo-rfid-asic/rdm6300_asic_fpga_modular/rtl/fifo/tx_fifo.v:37$26'.
Found and cleaned up 6 empty switches in `$paramod\uart_tx\CLKS_PER_BIT=s32'00000000000000000010100010110001.$proc$/home/hiepthai/Desktop/uart-fifo-rfid-asic/rdm6300_asic_fpga_modular/rtl/uart/uart_tx.v:29$7'.
Removing empty process `$paramod\uart_tx\CLKS_PER_BIT=s32'00000000000000000010100010110001.$proc$/home/hiepthai/Desktop/uart-fifo-rfid-asic/rdm6300_asic_fpga_modular/rtl/uart/uart_tx.v:29$7'.
Found and cleaned up 52 empty switches in `$paramod$02e80c0e2bf5fb0d9d18f581cd4dceb28fc227a5\rdm6300_frame_decoder.$proc$/home/hiepthai/Desktop/uart-fifo-rfid-asic/rdm6300_asic_fpga_modular/rtl/rdm6300/rdm6300_frame_decoder.v:60$450'.
Removing empty process `$paramod$02e80c0e2bf5fb0d9d18f581cd4dceb28fc227a5\rdm6300_frame_decoder.$proc$/home/hiepthai/Desktop/uart-fifo-rfid-asic/rdm6300_asic_fpga_modular/rtl/rdm6300/rdm6300_frame_decoder.v:60$450'.
Cleaned up 88 empty switches.

27. Executing CHECK pass (checking for obvious problems).
Checking module top_basys3_rdm6300...
Checking module card_packet_encoder...
Checking module $paramod\sync_2ff\RESET_VALUE=1'1...
Checking module $paramod\uart_rx\CLKS_PER_BIT=s32'00000000000000000010100010110001...
Checking module $paramod$9725208b3e344c3de14a607aed5740fe612d0487\rx_fifo...
Checking module $paramod$19b30effc69b8f95885a3366612311c5bdf2a060\rfid_parser...
Checking module $paramod$9725208b3e344c3de14a607aed5740fe612d0487\tx_fifo...
Checking module $paramod\uart_tx\CLKS_PER_BIT=s32'00000000000000000010100010110001...
Checking module $paramod$02e80c0e2bf5fb0d9d18f581cd4dceb28fc227a5\rdm6300_frame_decoder...
Found and reported 0 problems.

28. Executing OPT_EXPR pass (perform const folding).
Optimizing module top_basys3_rdm6300.
Optimizing module card_packet_encoder.
<suppressed ~235 debug messages>
Optimizing module $paramod\sync_2ff\RESET_VALUE=1'1.
<suppressed ~4 debug messages>
Optimizing module $paramod\uart_rx\CLKS_PER_BIT=s32'00000000000000000010100010110001.
<suppressed ~34 debug messages>
Optimizing module $paramod$9725208b3e344c3de14a607aed5740fe612d0487\rx_fifo.
<suppressed ~13 debug messages>
Optimizing module $paramod$19b30effc69b8f95885a3366612311c5bdf2a060\rfid_parser.
Optimizing module $paramod$9725208b3e344c3de14a607aed5740fe612d0487\tx_fifo.
<suppressed ~13 debug messages>
Optimizing module $paramod\uart_tx\CLKS_PER_BIT=s32'00000000000000000010100010110001.
<suppressed ~22 debug messages>
Optimizing module $paramod$02e80c0e2bf5fb0d9d18f581cd4dceb28fc227a5\rdm6300_frame_decoder.
<suppressed ~148 debug messages>

29. Executing FLATTEN pass (flatten design).
Deleting now unused module card_packet_encoder.
Deleting now unused module $paramod\sync_2ff\RESET_VALUE=1'1.
Deleting now unused module $paramod\uart_rx\CLKS_PER_BIT=s32'00000000000000000010100010110001.
Deleting now unused module $paramod$9725208b3e344c3de14a607aed5740fe612d0487\rx_fifo.
Deleting now unused module $paramod$19b30effc69b8f95885a3366612311c5bdf2a060\rfid_parser.
Deleting now unused module $paramod$9725208b3e344c3de14a607aed5740fe612d0487\tx_fifo.
Deleting now unused module $paramod\uart_tx\CLKS_PER_BIT=s32'00000000000000000010100010110001.
Deleting now unused module $paramod$02e80c0e2bf5fb0d9d18f581cd4dceb28fc227a5\rdm6300_frame_decoder.
<suppressed ~8 debug messages>

30. Executing OPT_EXPR pass (perform const folding).
Optimizing module top_basys3_rdm6300.
<suppressed ~305 debug messages>

31. Executing OPT_CLEAN pass (remove unused cells and wires).
Finding unused cells or wires in module \top_basys3_rdm6300..
Removed 1569 unused cells and 3821 unused wires.
<suppressed ~1634 debug messages>

32. Executing OPT_EXPR pass (perform const folding).
Optimizing module top_basys3_rdm6300.

33. Executing OPT_MERGE pass (detect identical cells).
Finding identical cells in module `\top_basys3_rdm6300'.
<suppressed ~321 debug messages>
Removed a total of 107 cells.

34. Executing OPT_MUXTREE pass (detect dead branches in mux trees).
Running muxtree optimizer on module \top_basys3_rdm6300..
  Creating internal representation of mux trees.
  Evaluating internal representation of mux trees.
      Replacing known input bits on port B of cell $flatten\u_uart_rx.$procmux$1310: \u_uart_rx.break_detect -> 1'1
      Replacing known input bits on port A of cell $flatten\u_uart_rx.$procmux$1308: \u_uart_rx.break_detect -> 1'0
  Analyzing evaluation results.
    dead port 1/2 on $mux $flatten\u_parser.\u_decoder.$procmux$1479.
    dead port 1/2 on $mux $flatten\u_parser.\u_decoder.$procmux$1482.
    dead port 1/2 on $mux $flatten\u_parser.\u_decoder.$procmux$1485.
    dead port 1/2 on $mux $flatten\u_parser.\u_decoder.$procmux$1488.
    dead port 1/2 on $mux $flatten\u_parser.\u_decoder.$procmux$1491.
    dead port 2/2 on $mux $flatten\u_parser.\u_decoder.$procmux$1493.
    dead port 1/2 on $mux $flatten\u_parser.\u_decoder.$procmux$1495.
    dead port 1/2 on $mux $flatten\u_parser.\u_decoder.$procmux$1498.
    dead port 1/2 on $mux $flatten\u_parser.\u_decoder.$procmux$1506.
    dead port 1/2 on $mux $flatten\u_parser.\u_decoder.$procmux$1509.
    dead port 1/2 on $mux $flatten\u_parser.\u_decoder.$procmux$1512.
    dead port 1/2 on $mux $flatten\u_parser.\u_decoder.$procmux$1515.
    dead port 2/2 on $mux $flatten\u_parser.\u_decoder.$procmux$1517.
    dead port 1/2 on $mux $flatten\u_parser.\u_decoder.$procmux$1519.
    dead port 1/2 on $mux $flatten\u_parser.\u_decoder.$procmux$1522.
    dead port 1/2 on $mux $flatten\u_parser.\u_decoder.$procmux$1624.
    dead port 1/2 on $mux $flatten\u_parser.\u_decoder.$procmux$1627.
    dead port 1/2 on $mux $flatten\u_parser.\u_decoder.$procmux$1630.
    dead port 2/2 on $mux $flatten\u_parser.\u_decoder.$procmux$1632.
    dead port 1/2 on $mux $flatten\u_parser.\u_decoder.$procmux$1635.
    dead port 2/2 on $mux $flatten\u_parser.\u_decoder.$procmux$1637.
    dead port 1/2 on $mux $flatten\u_parser.\u_decoder.$procmux$1639.
    dead port 1/2 on $mux $flatten\u_parser.\u_decoder.$procmux$1642.
    dead port 1/2 on $mux $flatten\u_parser.\u_decoder.$procmux$1651.
    dead port 1/2 on $mux $flatten\u_parser.\u_decoder.$procmux$1654.
    dead port 2/2 on $mux $flatten\u_parser.\u_decoder.$procmux$1656.
    dead port 1/2 on $mux $flatten\u_parser.\u_decoder.$procmux$1659.
    dead port 2/2 on $mux $flatten\u_parser.\u_decoder.$procmux$1661.
    dead port 1/2 on $mux $flatten\u_parser.\u_decoder.$procmux$1663.
    dead port 1/2 on $mux $flatten\u_parser.\u_decoder.$procmux$1666.
    dead port 1/2 on $mux $flatten\u_parser.\u_decoder.$procmux$1675.
    dead port 2/2 on $mux $flatten\u_parser.\u_decoder.$procmux$1677.
    dead port 1/2 on $mux $flatten\u_parser.\u_decoder.$procmux$1680.
    dead port 2/2 on $mux $flatten\u_parser.\u_decoder.$procmux$1682.
    dead port 1/2 on $mux $flatten\u_parser.\u_decoder.$procmux$1684.
    dead port 1/2 on $mux $flatten\u_parser.\u_decoder.$procmux$1687.
    dead port 1/2 on $mux $flatten\u_parser.\u_decoder.$procmux$1696.
    dead port 1/2 on $mux $flatten\u_parser.\u_decoder.$procmux$1699.
    dead port 1/2 on $mux $flatten\u_parser.\u_decoder.$procmux$1702.
    dead port 2/2 on $mux $flatten\u_parser.\u_decoder.$procmux$1704.
    dead port 1/2 on $mux $flatten\u_parser.\u_decoder.$procmux$1707.
    dead port 2/2 on $mux $flatten\u_parser.\u_decoder.$procmux$1709.
    dead port 1/2 on $mux $flatten\u_parser.\u_decoder.$procmux$1711.
    dead port 1/2 on $mux $flatten\u_parser.\u_decoder.$procmux$1714.
    dead port 1/2 on $mux $flatten\u_parser.\u_decoder.$procmux$1723.
    dead port 1/2 on $mux $flatten\u_parser.\u_decoder.$procmux$1726.
    dead port 2/2 on $mux $flatten\u_parser.\u_decoder.$procmux$1728.
    dead port 1/2 on $mux $flatten\u_parser.\u_decoder.$procmux$1731.
    dead port 2/2 on $mux $flatten\u_parser.\u_decoder.$procmux$1733.
    dead port 1/2 on $mux $flatten\u_parser.\u_decoder.$procmux$1735.
    dead port 1/2 on $mux $flatten\u_parser.\u_decoder.$procmux$1738.
    dead port 1/2 on $mux $flatten\u_parser.\u_decoder.$procmux$1747.
    dead port 2/2 on $mux $flatten\u_parser.\u_decoder.$procmux$1749.
    dead port 1/2 on $mux $flatten\u_parser.\u_decoder.$procmux$1752.
    dead port 2/2 on $mux $flatten\u_parser.\u_decoder.$procmux$1754.
    dead port 1/2 on $mux $flatten\u_parser.\u_decoder.$procmux$1756.
    dead port 1/2 on $mux $flatten\u_parser.\u_decoder.$procmux$1759.
    dead port 1/2 on $mux $flatten\u_parser.\u_decoder.$procmux$1768.
    dead port 1/2 on $mux $flatten\u_parser.\u_decoder.$procmux$1771.
    dead port 1/2 on $mux $flatten\u_parser.\u_decoder.$procmux$1774.
    dead port 2/2 on $mux $flatten\u_parser.\u_decoder.$procmux$1776.
    dead port 1/2 on $mux $flatten\u_parser.\u_decoder.$procmux$1779.
    dead port 2/2 on $mux $flatten\u_parser.\u_decoder.$procmux$1781.
    dead port 1/2 on $mux $flatten\u_parser.\u_decoder.$procmux$1783.
    dead port 1/2 on $mux $flatten\u_parser.\u_decoder.$procmux$1786.
    dead port 1/2 on $mux $flatten\u_parser.\u_decoder.$procmux$1795.
    dead port 1/2 on $mux $flatten\u_parser.\u_decoder.$procmux$1798.
    dead port 2/2 on $mux $flatten\u_parser.\u_decoder.$procmux$1800.
    dead port 1/2 on $mux $flatten\u_parser.\u_decoder.$procmux$1803.
    dead port 2/2 on $mux $flatten\u_parser.\u_decoder.$procmux$1805.
    dead port 1/2 on $mux $flatten\u_parser.\u_decoder.$procmux$1807.
    dead port 1/2 on $mux $flatten\u_parser.\u_decoder.$procmux$1810.
    dead port 1/2 on $mux $flatten\u_parser.\u_decoder.$procmux$1840.
    dead port 1/2 on $mux $flatten\u_parser.\u_decoder.$procmux$1843.
    dead port 1/2 on $mux $flatten\u_parser.\u_decoder.$procmux$1846.
    dead port 2/2 on $mux $flatten\u_parser.\u_decoder.$procmux$1848.
    dead port 1/2 on $mux $flatten\u_parser.\u_decoder.$procmux$1851.
    dead port 2/2 on $mux $flatten\u_parser.\u_decoder.$procmux$1853.
    dead port 1/2 on $mux $flatten\u_parser.\u_decoder.$procmux$1855.
    dead port 1/2 on $mux $flatten\u_parser.\u_decoder.$procmux$1858.
    dead port 1/2 on $mux $flatten\u_parser.\u_decoder.$procmux$1867.
    dead port 1/2 on $mux $flatten\u_parser.\u_decoder.$procmux$1870.
    dead port 2/2 on $mux $flatten\u_parser.\u_decoder.$procmux$1872.
    dead port 1/2 on $mux $flatten\u_parser.\u_decoder.$procmux$1875.
    dead port 2/2 on $mux $flatten\u_parser.\u_decoder.$procmux$1877.
    dead port 1/2 on $mux $flatten\u_parser.\u_decoder.$procmux$1879.
    dead port 1/2 on $mux $flatten\u_parser.\u_decoder.$procmux$1882.
    dead port 1/2 on $mux $flatten\u_parser.\u_decoder.$procmux$1912.
    dead port 1/2 on $mux $flatten\u_parser.\u_decoder.$procmux$1915.
    dead port 1/2 on $mux $flatten\u_parser.\u_decoder.$procmux$1918.
    dead port 2/2 on $mux $flatten\u_parser.\u_decoder.$procmux$1920.
    dead port 1/2 on $mux $flatten\u_parser.\u_decoder.$procmux$1923.
    dead port 2/2 on $mux $flatten\u_parser.\u_decoder.$procmux$1925.
    dead port 1/2 on $mux $flatten\u_parser.\u_decoder.$procmux$1927.
    dead port 1/2 on $mux $flatten\u_parser.\u_decoder.$procmux$1930.
    dead port 1/2 on $mux $flatten\u_parser.\u_decoder.$procmux$1939.
    dead port 1/2 on $mux $flatten\u_parser.\u_decoder.$procmux$1942.
    dead port 2/2 on $mux $flatten\u_parser.\u_decoder.$procmux$1944.
    dead port 1/2 on $mux $flatten\u_parser.\u_decoder.$procmux$1947.
    dead port 2/2 on $mux $flatten\u_parser.\u_decoder.$procmux$1949.
    dead port 1/2 on $mux $flatten\u_parser.\u_decoder.$procmux$1951.
    dead port 1/2 on $mux $flatten\u_parser.\u_decoder.$procmux$1954.
    dead port 1/2 on $mux $flatten\u_parser.\u_decoder.$procmux$1984.
    dead port 1/2 on $mux $flatten\u_parser.\u_decoder.$procmux$1987.
    dead port 1/2 on $mux $flatten\u_parser.\u_decoder.$procmux$1990.
    dead port 2/2 on $mux $flatten\u_parser.\u_decoder.$procmux$1992.
    dead port 1/2 on $mux $flatten\u_parser.\u_decoder.$procmux$1995.
    dead port 2/2 on $mux $flatten\u_parser.\u_decoder.$procmux$1997.
    dead port 1/2 on $mux $flatten\u_parser.\u_decoder.$procmux$1999.
    dead port 1/2 on $mux $flatten\u_parser.\u_decoder.$procmux$2002.
    dead port 1/2 on $mux $flatten\u_parser.\u_decoder.$procmux$2011.
    dead port 1/2 on $mux $flatten\u_parser.\u_decoder.$procmux$2014.
    dead port 2/2 on $mux $flatten\u_parser.\u_decoder.$procmux$2016.
    dead port 1/2 on $mux $flatten\u_parser.\u_decoder.$procmux$2019.
    dead port 2/2 on $mux $flatten\u_parser.\u_decoder.$procmux$2021.
    dead port 1/2 on $mux $flatten\u_parser.\u_decoder.$procmux$2023.
    dead port 1/2 on $mux $flatten\u_parser.\u_decoder.$procmux$2026.
    dead port 1/2 on $mux $flatten\u_parser.\u_decoder.$procmux$2056.
    dead port 1/2 on $mux $flatten\u_parser.\u_decoder.$procmux$2059.
    dead port 1/2 on $mux $flatten\u_parser.\u_decoder.$procmux$2062.
    dead port 2/2 on $mux $flatten\u_parser.\u_decoder.$procmux$2064.
    dead port 1/2 on $mux $flatten\u_parser.\u_decoder.$procmux$2067.
    dead port 2/2 on $mux $flatten\u_parser.\u_decoder.$procmux$2069.
    dead port 1/2 on $mux $flatten\u_parser.\u_decoder.$procmux$2071.
    dead port 1/2 on $mux $flatten\u_parser.\u_decoder.$procmux$2074.
    dead port 1/2 on $mux $flatten\u_parser.\u_decoder.$procmux$2083.
    dead port 1/2 on $mux $flatten\u_parser.\u_decoder.$procmux$2086.
    dead port 2/2 on $mux $flatten\u_parser.\u_decoder.$procmux$2088.
    dead port 1/2 on $mux $flatten\u_parser.\u_decoder.$procmux$2091.
    dead port 2/2 on $mux $flatten\u_parser.\u_decoder.$procmux$2093.
    dead port 1/2 on $mux $flatten\u_parser.\u_decoder.$procmux$2095.
    dead port 1/2 on $mux $flatten\u_parser.\u_decoder.$procmux$2098.
    dead port 1/2 on $mux $flatten\u_parser.\u_decoder.$procmux$2128.
    dead port 1/2 on $mux $flatten\u_parser.\u_decoder.$procmux$2131.
    dead port 1/2 on $mux $flatten\u_parser.\u_decoder.$procmux$2134.
    dead port 2/2 on $mux $flatten\u_parser.\u_decoder.$procmux$2136.
    dead port 1/2 on $mux $flatten\u_parser.\u_decoder.$procmux$2139.
    dead port 2/2 on $mux $flatten\u_parser.\u_decoder.$procmux$2141.
    dead port 1/2 on $mux $flatten\u_parser.\u_decoder.$procmux$2143.
    dead port 1/2 on $mux $flatten\u_parser.\u_decoder.$procmux$2146.
    dead port 1/2 on $mux $flatten\u_parser.\u_decoder.$procmux$2155.
    dead port 1/2 on $mux $flatten\u_parser.\u_decoder.$procmux$2158.
    dead port 2/2 on $mux $flatten\u_parser.\u_decoder.$procmux$2160.
    dead port 1/2 on $mux $flatten\u_parser.\u_decoder.$procmux$2163.
    dead port 2/2 on $mux $flatten\u_parser.\u_decoder.$procmux$2165.
    dead port 1/2 on $mux $flatten\u_parser.\u_decoder.$procmux$2167.
    dead port 1/2 on $mux $flatten\u_parser.\u_decoder.$procmux$2170.
    dead port 1/2 on $mux $flatten\u_parser.\u_decoder.$procmux$2200.
    dead port 1/2 on $mux $flatten\u_parser.\u_decoder.$procmux$2203.
    dead port 1/2 on $mux $flatten\u_parser.\u_decoder.$procmux$2206.
    dead port 2/2 on $mux $flatten\u_parser.\u_decoder.$procmux$2208.
    dead port 1/2 on $mux $flatten\u_parser.\u_decoder.$procmux$2211.
    dead port 2/2 on $mux $flatten\u_parser.\u_decoder.$procmux$2213.
    dead port 1/2 on $mux $flatten\u_parser.\u_decoder.$procmux$2215.
    dead port 1/2 on $mux $flatten\u_parser.\u_decoder.$procmux$2218.
    dead port 1/2 on $mux $flatten\u_parser.\u_decoder.$procmux$2227.
    dead port 1/2 on $mux $flatten\u_parser.\u_decoder.$procmux$2230.
    dead port 2/2 on $mux $flatten\u_parser.\u_decoder.$procmux$2232.
    dead port 1/2 on $mux $flatten\u_parser.\u_decoder.$procmux$2235.
    dead port 2/2 on $mux $flatten\u_parser.\u_decoder.$procmux$2237.
    dead port 1/2 on $mux $flatten\u_parser.\u_decoder.$procmux$2239.
    dead port 1/2 on $mux $flatten\u_parser.\u_decoder.$procmux$2242.
    dead port 1/2 on $mux $flatten\u_parser.\u_decoder.$procmux$2272.
    dead port 1/2 on $mux $flatten\u_parser.\u_decoder.$procmux$2275.
    dead port 1/2 on $mux $flatten\u_parser.\u_decoder.$procmux$2278.
    dead port 2/2 on $mux $flatten\u_parser.\u_decoder.$procmux$2280.
    dead port 1/2 on $mux $flatten\u_parser.\u_decoder.$procmux$2283.
    dead port 2/2 on $mux $flatten\u_parser.\u_decoder.$procmux$2285.
    dead port 1/2 on $mux $flatten\u_parser.\u_decoder.$procmux$2287.
    dead port 1/2 on $mux $flatten\u_parser.\u_decoder.$procmux$2290.
    dead port 1/2 on $mux $flatten\u_parser.\u_decoder.$procmux$2299.
    dead port 1/2 on $mux $flatten\u_parser.\u_decoder.$procmux$2302.
    dead port 2/2 on $mux $flatten\u_parser.\u_decoder.$procmux$2304.
    dead port 1/2 on $mux $flatten\u_parser.\u_decoder.$procmux$2307.
    dead port 2/2 on $mux $flatten\u_parser.\u_decoder.$procmux$2309.
    dead port 1/2 on $mux $flatten\u_parser.\u_decoder.$procmux$2311.
    dead port 1/2 on $mux $flatten\u_parser.\u_decoder.$procmux$2314.
    dead port 1/2 on $mux $flatten\u_parser.\u_decoder.$procmux$2344.
    dead port 1/2 on $mux $flatten\u_parser.\u_decoder.$procmux$2347.
    dead port 1/2 on $mux $flatten\u_parser.\u_decoder.$procmux$2350.
    dead port 2/2 on $mux $flatten\u_parser.\u_decoder.$procmux$2352.
    dead port 1/2 on $mux $flatten\u_parser.\u_decoder.$procmux$2355.
    dead port 2/2 on $mux $flatten\u_parser.\u_decoder.$procmux$2357.
    dead port 1/2 on $mux $flatten\u_parser.\u_decoder.$procmux$2359.
    dead port 1/2 on $mux $flatten\u_parser.\u_decoder.$procmux$2362.
    dead port 1/2 on $mux $flatten\u_parser.\u_decoder.$procmux$2371.
    dead port 1/2 on $mux $flatten\u_parser.\u_decoder.$procmux$2374.
    dead port 2/2 on $mux $flatten\u_parser.\u_decoder.$procmux$2376.
    dead port 1/2 on $mux $flatten\u_parser.\u_decoder.$procmux$2379.
    dead port 2/2 on $mux $flatten\u_parser.\u_decoder.$procmux$2381.
    dead port 1/2 on $mux $flatten\u_parser.\u_decoder.$procmux$2383.
    dead port 1/2 on $mux $flatten\u_parser.\u_decoder.$procmux$2386.
    dead port 1/2 on $mux $flatten\u_parser.\u_decoder.$procmux$2416.
    dead port 1/2 on $mux $flatten\u_parser.\u_decoder.$procmux$2419.
    dead port 1/2 on $mux $flatten\u_parser.\u_decoder.$procmux$2422.
    dead port 2/2 on $mux $flatten\u_parser.\u_decoder.$procmux$2424.
    dead port 1/2 on $mux $flatten\u_parser.\u_decoder.$procmux$2427.
    dead port 2/2 on $mux $flatten\u_parser.\u_decoder.$procmux$2429.
    dead port 1/2 on $mux $flatten\u_parser.\u_decoder.$procmux$2431.
    dead port 1/2 on $mux $flatten\u_parser.\u_decoder.$procmux$2434.
    dead port 1/2 on $mux $flatten\u_parser.\u_decoder.$procmux$2443.
    dead port 1/2 on $mux $flatten\u_parser.\u_decoder.$procmux$2446.
    dead port 2/2 on $mux $flatten\u_parser.\u_decoder.$procmux$2448.
    dead port 1/2 on $mux $flatten\u_parser.\u_decoder.$procmux$2451.
    dead port 2/2 on $mux $flatten\u_parser.\u_decoder.$procmux$2453.
    dead port 1/2 on $mux $flatten\u_parser.\u_decoder.$procmux$2455.
    dead port 1/2 on $mux $flatten\u_parser.\u_decoder.$procmux$2458.
    dead port 2/2 on $mux $flatten\u_uart_rx.$procmux$1051.
    dead port 2/2 on $mux $flatten\u_uart_rx.$procmux$1053.
    dead port 1/2 on $mux $flatten\u_uart_rx.$procmux$1056.
    dead port 2/2 on $mux $flatten\u_uart_rx.$procmux$1078.
    dead port 1/2 on $mux $flatten\u_uart_rx.$procmux$1081.
    dead port 1/2 on $mux $flatten\u_uart_rx.$procmux$1100.
Removed 213 multiplexer ports.
<suppressed ~101 debug messages>

35. Executing OPT_REDUCE pass (consolidate $*mux and $reduce_* inputs).
  Optimizing cells in module \top_basys3_rdm6300.
    Consolidated identical input bits for $mux cell $flatten\u_rx_fifo.$procmux$1324:
      Old ports: A=8'00000000, B=8'11111111, Y=$flatten\u_rx_fifo.$0$memwr$\mem$/home/hiepthai/Desktop/uart-fifo-rfid-asic/rdm6300_asic_fpga_modular/rtl/fifo/rx_fifo.v:39$43_EN[7:0]$54
      New ports: A=1'0, B=1'1, Y=$flatten\u_rx_fifo.$0$memwr$\mem$/home/hiepthai/Desktop/uart-fifo-rfid-asic/rdm6300_asic_fpga_modular/rtl/fifo/rx_fifo.v:39$43_EN[7:0]$54 [0]
      New connections: $flatten\u_rx_fifo.$0$memwr$\mem$/home/hiepthai/Desktop/uart-fifo-rfid-asic/rdm6300_asic_fpga_modular/rtl/fifo/rx_fifo.v:39$43_EN[7:0]$54 [7:1] = { $flatten\u_rx_fifo.$0$memwr$\mem$/home/hiepthai/Desktop/uart-fifo-rfid-asic/rdm6300_asic_fpga_modular/rtl/fifo/rx_fifo.v:39$43_EN[7:0]$54 [0] $flatten\u_rx_fifo.$0$memwr$\mem$/home/hiepthai/Desktop/uart-fifo-rfid-asic/rdm6300_asic_fpga_modular/rtl/fifo/rx_fifo.v:39$43_EN[7:0]$54 [0] $flatten\u_rx_fifo.$0$memwr$\mem$/home/hiepthai/Desktop/uart-fifo-rfid-asic/rdm6300_asic_fpga_modular/rtl/fifo/rx_fifo.v:39$43_EN[7:0]$54 [0] $flatten\u_rx_fifo.$0$memwr$\mem$/home/hiepthai/Desktop/uart-fifo-rfid-asic/rdm6300_asic_fpga_modular/rtl/fifo/rx_fifo.v:39$43_EN[7:0]$54 [0] $flatten\u_rx_fifo.$0$memwr$\mem$/home/hiepthai/Desktop/uart-fifo-rfid-asic/rdm6300_asic_fpga_modular/rtl/fifo/rx_fifo.v:39$43_EN[7:0]$54 [0] $flatten\u_rx_fifo.$0$memwr$\mem$/home/hiepthai/Desktop/uart-fifo-rfid-asic/rdm6300_asic_fpga_modular/rtl/fifo/rx_fifo.v:39$43_EN[7:0]$54 [0] $flatten\u_rx_fifo.$0$memwr$\mem$/home/hiepthai/Desktop/uart-fifo-rfid-asic/rdm6300_asic_fpga_modular/rtl/fifo/rx_fifo.v:39$43_EN[7:0]$54 [0] }
    Consolidated identical input bits for $mux cell $flatten\u_tx_fifo.$procmux$1341:
      Old ports: A=8'00000000, B=8'11111111, Y=$flatten\u_tx_fifo.$0$memwr$\mem$/home/hiepthai/Desktop/uart-fifo-rfid-asic/rdm6300_asic_fpga_modular/rtl/fifo/tx_fifo.v:39$18_EN[7:0]$29
      New ports: A=1'0, B=1'1, Y=$flatten\u_tx_fifo.$0$memwr$\mem$/home/hiepthai/Desktop/uart-fifo-rfid-asic/rdm6300_asic_fpga_modular/rtl/fifo/tx_fifo.v:39$18_EN[7:0]$29 [0]
      New connections: $flatten\u_tx_fifo.$0$memwr$\mem$/home/hiepthai/Desktop/uart-fifo-rfid-asic/rdm6300_asic_fpga_modular/rtl/fifo/tx_fifo.v:39$18_EN[7:0]$29 [7:1] = { $flatten\u_tx_fifo.$0$memwr$\mem$/home/hiepthai/Desktop/uart-fifo-rfid-asic/rdm6300_asic_fpga_modular/rtl/fifo/tx_fifo.v:39$18_EN[7:0]$29 [0] $flatten\u_tx_fifo.$0$memwr$\mem$/home/hiepthai/Desktop/uart-fifo-rfid-asic/rdm6300_asic_fpga_modular/rtl/fifo/tx_fifo.v:39$18_EN[7:0]$29 [0] $flatten\u_tx_fifo.$0$memwr$\mem$/home/hiepthai/Desktop/uart-fifo-rfid-asic/rdm6300_asic_fpga_modular/rtl/fifo/tx_fifo.v:39$18_EN[7:0]$29 [0] $flatten\u_tx_fifo.$0$memwr$\mem$/home/hiepthai/Desktop/uart-fifo-rfid-asic/rdm6300_asic_fpga_modular/rtl/fifo/tx_fifo.v:39$18_EN[7:0]$29 [0] $flatten\u_tx_fifo.$0$memwr$\mem$/home/hiepthai/Desktop/uart-fifo-rfid-asic/rdm6300_asic_fpga_modular/rtl/fifo/tx_fifo.v:39$18_EN[7:0]$29 [0] $flatten\u_tx_fifo.$0$memwr$\mem$/home/hiepthai/Desktop/uart-fifo-rfid-asic/rdm6300_asic_fpga_modular/rtl/fifo/tx_fifo.v:39$18_EN[7:0]$29 [0] $flatten\u_tx_fifo.$0$memwr$\mem$/home/hiepthai/Desktop/uart-fifo-rfid-asic/rdm6300_asic_fpga_modular/rtl/fifo/tx_fifo.v:39$18_EN[7:0]$29 [0] }
    New ctrl vector for $pmux cell $flatten\u_uart_tx.$procmux$1426: { $flatten\u_uart_tx.$procmux$1366_CMP $flatten\u_uart_tx.$procmux$1362_CMP $auto$opt_reduce.cc:134:opt_pmux$6836 }
  Optimizing cells in module \top_basys3_rdm6300.
Performed a total of 3 changes.

36. Executing OPT_MERGE pass (detect identical cells).
Finding identical cells in module `\top_basys3_rdm6300'.
<suppressed ~42 debug messages>
Removed a total of 14 cells.

37. Executing OPT_DFF pass (perform DFF optimizations).

38. Executing OPT_CLEAN pass (remove unused cells and wires).
Finding unused cells or wires in module \top_basys3_rdm6300..
Removed 0 unused cells and 350 unused wires.
<suppressed ~17 debug messages>

39. Executing OPT_EXPR pass (perform const folding).
Optimizing module top_basys3_rdm6300.

40. Rerunning OPT passes. (Maybe there is more to do…)

41. Executing OPT_MUXTREE pass (detect dead branches in mux trees).
Running muxtree optimizer on module \top_basys3_rdm6300..
  Creating internal representation of mux trees.
  Evaluating internal representation of mux trees.
  Analyzing evaluation results.
Removed 0 multiplexer ports.
<suppressed ~101 debug messages>

42. Executing OPT_REDUCE pass (consolidate $*mux and $reduce_* inputs).
  Optimizing cells in module \top_basys3_rdm6300.
    New ctrl vector for $pmux cell $flatten\u_uart_rx.$procmux$1158: { $flatten\u_uart_rx.$procmux$1178_CMP $auto$opt_reduce.cc:134:opt_pmux$6838 }
    New ctrl vector for $pmux cell $flatten\u_uart_rx.$procmux$1190: { $flatten\u_uart_rx.$procmux$1178_CMP $auto$opt_reduce.cc:134:opt_pmux$6840 }
    New ctrl vector for $pmux cell $flatten\u_uart_rx.$procmux$1215: { $flatten\u_uart_rx.$procmux$1178_CMP $auto$opt_reduce.cc:134:opt_pmux$6842 }
    New ctrl vector for $pmux cell $flatten\u_uart_tx.$procmux$1398: { \u_tx_fifo.out_ready $auto$opt_reduce.cc:134:opt_pmux$6844 }
  Optimizing cells in module \top_basys3_rdm6300.
Performed a total of 4 changes.

43. Executing OPT_MERGE pass (detect identical cells).
Finding identical cells in module `\top_basys3_rdm6300'.
<suppressed ~6 debug messages>
Removed a total of 2 cells.

44. Executing OPT_DFF pass (perform DFF optimizations).

45. Executing OPT_CLEAN pass (remove unused cells and wires).
Finding unused cells or wires in module \top_basys3_rdm6300..
Removed 0 unused cells and 2 unused wires.
<suppressed ~1 debug messages>

46. Executing OPT_EXPR pass (perform const folding).
Optimizing module top_basys3_rdm6300.

47. Rerunning OPT passes. (Maybe there is more to do…)

48. Executing OPT_MUXTREE pass (detect dead branches in mux trees).
Running muxtree optimizer on module \top_basys3_rdm6300..
  Creating internal representation of mux trees.
  Evaluating internal representation of mux trees.
  Analyzing evaluation results.
Removed 0 multiplexer ports.
<suppressed ~101 debug messages>

49. Executing OPT_REDUCE pass (consolidate $*mux and $reduce_* inputs).
  Optimizing cells in module \top_basys3_rdm6300.
Performed a total of 0 changes.

50. Executing OPT_MERGE pass (detect identical cells).
Finding identical cells in module `\top_basys3_rdm6300'.
Removed a total of 0 cells.

51. Executing OPT_DFF pass (perform DFF optimizations).

52. Executing OPT_CLEAN pass (remove unused cells and wires).
Finding unused cells or wires in module \top_basys3_rdm6300..

53. Executing OPT_EXPR pass (perform const folding).
Optimizing module top_basys3_rdm6300.

54. Executing FSM pass (extract and optimize FSM).

54.1. Executing FSM_DETECT pass (finding FSMs in design).
Found FSM state register top_basys3_rdm6300.u_parser.u_decoder.state.
Found FSM state register top_basys3_rdm6300.u_uart_rx.state.
Not marking top_basys3_rdm6300.u_uart_tx.state as FSM state register:
    Circuit seems to be self-resetting.

54.2. Executing FSM_EXTRACT pass (extracting FSM from design).
Extracting FSM `\u_parser.u_decoder.state' from module `\top_basys3_rdm6300'.
  found $adff cell for state register: $flatten\u_parser.\u_decoder.$procdff$6358
  root of input selection tree: $flatten\u_parser.\u_decoder.$0\state[1:0]
  found reset state: 2'00 (from async reset)
  found ctrl input: $flatten\u_parser.\u_decoder.$eq$/home/hiepthai/Desktop/uart-fifo-rfid-asic/rdm6300_asic_fpga_modular/rtl/rdm6300/rdm6300_frame_decoder.v:87$508_Y
  found ctrl input: \u_rx_fifo.empty
  found ctrl input: $flatten\u_parser.\u_decoder.$eq$/home/hiepthai/Desktop/uart-fifo-rfid-asic/rdm6300_asic_fpga_modular/rtl/rdm6300/rdm6300_frame_decoder.v:160$912_Y
  found ctrl input: $flatten\u_parser.\u_decoder.$procmux$5907_CMP
  found ctrl input: $flatten\u_parser.\u_decoder.$eq$/home/hiepthai/Desktop/uart-fifo-rfid-asic/rdm6300_asic_fpga_modular/rtl/rdm6300/rdm6300_frame_decoder.v:110$595_Y
  found ctrl input: $flatten\u_parser.\u_decoder.$eq$/home/hiepthai/Desktop/uart-fifo-rfid-asic/rdm6300_asic_fpga_modular/rtl/rdm6300/rdm6300_frame_decoder.v:113$624_Y
  found ctrl input: $flatten\u_parser.\u_decoder.$ge$/home/hiepthai/Desktop/uart-fifo-rfid-asic/rdm6300_asic_fpga_modular/rtl/rdm6300/rdm6300_frame_decoder.v:139$886_Y
  found ctrl input: $flatten\u_parser.\u_decoder.$ge$/home/hiepthai/Desktop/uart-fifo-rfid-asic/rdm6300_asic_fpga_modular/rtl/rdm6300/rdm6300_frame_decoder.v:144$908_Y
  found ctrl input: $flatten\u_parser.\u_decoder.$ne$/home/hiepthai/Desktop/uart-fifo-rfid-asic/rdm6300_asic_fpga_modular/rtl/rdm6300/rdm6300_frame_decoder.v:114$653_Y
  found state code: 2'10
  found state code: 2'01
  found ctrl input: $flatten\u_parser.\u_decoder.$ge$/home/hiepthai/Desktop/uart-fifo-rfid-asic/rdm6300_asic_fpga_modular/rtl/rdm6300/rdm6300_frame_decoder.v:161$913_Y
  found ctrl output: $flatten\u_parser.\u_decoder.$eq$/home/hiepthai/Desktop/uart-fifo-rfid-asic/rdm6300_asic_fpga_modular/rtl/rdm6300/rdm6300_frame_decoder.v:87$508_Y
  found ctrl output: $flatten\u_parser.\u_decoder.$eq$/home/hiepthai/Desktop/uart-fifo-rfid-asic/rdm6300_asic_fpga_modular/rtl/rdm6300/rdm6300_frame_decoder.v:160$912_Y
  found ctrl output: $flatten\u_parser.\u_decoder.$procmux$5907_CMP
  found ctrl output: \u_rx_fifo.out_ready
  ctrl inputs: { $flatten\u_parser.\u_decoder.$ge$/home/hiepthai/Desktop/uart-fifo-rfid-asic/rdm6300_asic_fpga_modular/rtl/rdm6300/rdm6300_frame_decoder.v:161$913_Y $flatten\u_parser.\u_decoder.$ge$/home/hiepthai/Desktop/uart-fifo-rfid-asic/rdm6300_asic_fpga_modular/rtl/rdm6300/rdm6300_frame_decoder.v:144$908_Y $flatten\u_parser.\u_decoder.$ge$/home/hiepthai/Desktop/uart-fifo-rfid-asic/rdm6300_asic_fpga_modular/rtl/rdm6300/rdm6300_frame_decoder.v:139$886_Y $flatten\u_parser.\u_decoder.$ne$/home/hiepthai/Desktop/uart-fifo-rfid-asic/rdm6300_asic_fpga_modular/rtl/rdm6300/rdm6300_frame_decoder.v:114$653_Y $flatten\u_parser.\u_decoder.$eq$/home/hiepthai/Desktop/uart-fifo-rfid-asic/rdm6300_asic_fpga_modular/rtl/rdm6300/rdm6300_frame_decoder.v:113$624_Y $flatten\u_parser.\u_decoder.$eq$/home/hiepthai/Desktop/uart-fifo-rfid-asic/rdm6300_asic_fpga_modular/rtl/rdm6300/rdm6300_frame_decoder.v:110$595_Y \u_rx_fifo.empty }
  ctrl outputs: { $flatten\u_parser.\u_decoder.$procmux$5907_CMP $flatten\u_parser.\u_decoder.$eq$/home/hiepthai/Desktop/uart-fifo-rfid-asic/rdm6300_asic_fpga_modular/rtl/rdm6300/rdm6300_frame_decoder.v:160$912_Y $flatten\u_parser.\u_decoder.$eq$/home/hiepthai/Desktop/uart-fifo-rfid-asic/rdm6300_asic_fpga_modular/rtl/rdm6300/rdm6300_frame_decoder.v:87$508_Y $flatten\u_parser.\u_decoder.$0\state[1:0] \u_rx_fifo.out_ready }
  transition:       2'00 7'-----00 ->       2'00 6'100001
  transition:       2'00 7'-----10 ->       2'01 6'100011
  transition:       2'00 7'------1 ->       2'00 6'100001
  transition:       2'10 7'------- ->       2'00 6'001000
  transition:       2'01 7'-00-000 ->       2'01 6'010011
  transition:       2'01 7'-10-000 ->       2'00 6'010001
  transition:       2'01 7'--1-000 ->       2'00 6'010001
  transition:       2'01 7'---0100 ->       2'10 6'010101
  transition:       2'01 7'---1100 ->       2'00 6'010001
  transition:       2'01 7'-----10 ->       2'01 6'010011
  transition:       2'01 7'0-----1 ->       2'01 6'010011
  transition:       2'01 7'1-----1 ->       2'00 6'010001
Extracting FSM `\u_uart_rx.state' from module `\top_basys3_rdm6300'.
  found $adff cell for state register: $flatten\u_uart_rx.$procdff$6192
  root of input selection tree: $flatten\u_uart_rx.$0\state[2:0]
  found reset state: 3'000 (from async reset)
  found ctrl input: \u_uart_rx.break_detect
  found ctrl input: $flatten\u_uart_rx.$procmux$1144_CMP
  found ctrl input: $flatten\u_uart_rx.$procmux$1054_CMP
  found ctrl input: $flatten\u_uart_rx.$procmux$1177_CMP
  found ctrl input: $flatten\u_uart_rx.$procmux$1178_CMP
  found ctrl input: \u_uart_rx.sample_tick
  found ctrl input: $flatten\u_uart_rx.$eq$/home/hiepthai/Desktop/uart-fifo-rfid-asic/rdm6300_asic_fpga_modular/rtl/uart/uart_rx.v:101$94_Y
  found state code: 3'100
  found ctrl input: $flatten\u_uart_rx.$eq$/home/hiepthai/Desktop/uart-fifo-rfid-asic/rdm6300_asic_fpga_modular/rtl/uart/uart_rx.v:126$113_Y
  found state code: 3'011
  found ctrl input: $flatten\u_uart_rx.$lt$/home/hiepthai/Desktop/uart-fifo-rfid-asic/rdm6300_asic_fpga_modular/rtl/uart/uart_rx.v:104$95_Y
  found state code: 3'010
  found ctrl input: \u_rx_sync.sync_o
  found state code: 3'001
  found ctrl output: $flatten\u_uart_rx.$procmux$1178_CMP
  found ctrl output: $flatten\u_uart_rx.$procmux$1177_CMP
  found ctrl output: $flatten\u_uart_rx.$procmux$1144_CMP
  found ctrl output: $flatten\u_uart_rx.$procmux$1054_CMP
  ctrl inputs: { \u_uart_rx.break_detect \u_uart_rx.sample_tick $flatten\u_uart_rx.$eq$/home/hiepthai/Desktop/uart-fifo-rfid-asic/rdm6300_asic_fpga_modular/rtl/uart/uart_rx.v:101$94_Y $flatten\u_uart_rx.$lt$/home/hiepthai/Desktop/uart-fifo-rfid-asic/rdm6300_asic_fpga_modular/rtl/uart/uart_rx.v:104$95_Y $flatten\u_uart_rx.$eq$/home/hiepthai/Desktop/uart-fifo-rfid-asic/rdm6300_asic_fpga_modular/rtl/uart/uart_rx.v:126$113_Y \u_rx_sync.sync_o }
  ctrl outputs: { $flatten\u_uart_rx.$0\state[2:0] $flatten\u_uart_rx.$procmux$1054_CMP $flatten\u_uart_rx.$procmux$1144_CMP $flatten\u_uart_rx.$procmux$1177_CMP $flatten\u_uart_rx.$procmux$1178_CMP }
  transition:      3'000 6'0----0 ->      3'001 7'0010001
  transition:      3'000 6'0----1 ->      3'000 7'0000001
  transition:      3'000 6'1----- ->      3'000 7'0000001
  transition:      3'100 6'0----- ->      3'000 7'0000000
  transition:      3'100 6'1----- ->      3'000 7'0000000
  transition:      3'010 6'00---- ->      3'010 7'0101000
  transition:      3'010 6'010--- ->      3'010 7'0101000
  transition:      3'010 6'011-0- ->      3'010 7'0101000
  transition:      3'010 6'011-1- ->      3'011 7'0111000
  transition:      3'010 6'1----- ->      3'000 7'0001000
  transition:      3'001 6'00---- ->      3'001 7'0010010
  transition:      3'001 6'010--- ->      3'001 7'0010010
  transition:      3'001 6'0110-- ->      3'000 7'0000010
  transition:      3'001 6'0111-- ->      3'010 7'0100010
  transition:      3'001 6'1----- ->      3'000 7'0000010
  transition:      3'011 6'00---- ->      3'011 7'0110100
  transition:      3'011 6'010--- ->      3'011 7'0110100
  transition:      3'011 6'011--- ->      3'100 7'1000100
  transition:      3'011 6'1----- ->      3'000 7'0000100

54.3. Executing FSM_OPT pass (simple optimizations of FSMs).
Optimizing FSM `$fsm$\u_uart_rx.state$6851' from module `\top_basys3_rdm6300'.
  Merging pattern 6'0----- and 6'1----- from group (1 0 7'0000000).
  Merging pattern 6'1----- and 6'0----- from group (1 0 7'0000000).
Optimizing FSM `$fsm$\u_parser.u_decoder.state$6845' from module `\top_basys3_rdm6300'.

54.4. Executing OPT_CLEAN pass (remove unused cells and wires).
Finding unused cells or wires in module \top_basys3_rdm6300..
Removed 32 unused cells and 32 unused wires.
<suppressed ~33 debug messages>

54.5. Executing FSM_OPT pass (simple optimizations of FSMs).
Optimizing FSM `$fsm$\u_parser.u_decoder.state$6845' from module `\top_basys3_rdm6300'.
  Removing unused output signal $flatten\u_parser.\u_decoder.$0\state[1:0] [0].
  Removing unused output signal $flatten\u_parser.\u_decoder.$0\state[1:0] [1].
Optimizing FSM `$fsm$\u_uart_rx.state$6851' from module `\top_basys3_rdm6300'.
  Removing unused output signal $flatten\u_uart_rx.$0\state[2:0] [0].
  Removing unused output signal $flatten\u_uart_rx.$0\state[2:0] [1].
  Removing unused output signal $flatten\u_uart_rx.$0\state[2:0] [2].

54.6. Executing FSM_RECODE pass (re-assigning FSM state encoding).
Recoding FSM `$fsm$\u_parser.u_decoder.state$6845' from module `\top_basys3_rdm6300' using `auto' encoding:
  mapping auto encoding to `one-hot` for this FSM.
  00 -> --1
  10 -> -1-
  01 -> 1--
Recoding FSM `$fsm$\u_uart_rx.state$6851' from module `\top_basys3_rdm6300' using `auto' encoding:
  mapping auto encoding to `one-hot` for this FSM.
  000 -> ----1
  100 -> ---1-
  010 -> --1--
  001 -> -1---
  011 -> 1----

54.7. Executing FSM_INFO pass (dumping all available information on FSM cells).

FSM `$fsm$\u_parser.u_decoder.state$6845' from module `top_basys3_rdm6300':
-------------------------------------

  Information on FSM $fsm$\u_parser.u_decoder.state$6845 (\u_parser.u_decoder.state):

  Number of input signals:    7
  Number of output signals:   4
  Number of state bits:       3

  Input signals:
    0: \u_rx_fifo.empty
    1: $flatten\u_parser.\u_decoder.$eq$/home/hiepthai/Desktop/uart-fifo-rfid-asic/rdm6300_asic_fpga_modular/rtl/rdm6300/rdm6300_frame_decoder.v:110$595_Y
    2: $flatten\u_parser.\u_decoder.$eq$/home/hiepthai/Desktop/uart-fifo-rfid-asic/rdm6300_asic_fpga_modular/rtl/rdm6300/rdm6300_frame_decoder.v:113$624_Y
    3: $flatten\u_parser.\u_decoder.$ne$/home/hiepthai/Desktop/uart-fifo-rfid-asic/rdm6300_asic_fpga_modular/rtl/rdm6300/rdm6300_frame_decoder.v:114$653_Y
    4: $flatten\u_parser.\u_decoder.$ge$/home/hiepthai/Desktop/uart-fifo-rfid-asic/rdm6300_asic_fpga_modular/rtl/rdm6300/rdm6300_frame_decoder.v:139$886_Y
    5: $flatten\u_parser.\u_decoder.$ge$/home/hiepthai/Desktop/uart-fifo-rfid-asic/rdm6300_asic_fpga_modular/rtl/rdm6300/rdm6300_frame_decoder.v:144$908_Y
    6: $flatten\u_parser.\u_decoder.$ge$/home/hiepthai/Desktop/uart-fifo-rfid-asic/rdm6300_asic_fpga_modular/rtl/rdm6300/rdm6300_frame_decoder.v:161$913_Y

  Output signals:
    0: \u_rx_fifo.out_ready
    1: $flatten\u_parser.\u_decoder.$eq$/home/hiepthai/Desktop/uart-fifo-rfid-asic/rdm6300_asic_fpga_modular/rtl/rdm6300/rdm6300_frame_decoder.v:87$508_Y
    2: $flatten\u_parser.\u_decoder.$eq$/home/hiepthai/Desktop/uart-fifo-rfid-asic/rdm6300_asic_fpga_modular/rtl/rdm6300/rdm6300_frame_decoder.v:160$912_Y
    3: $flatten\u_parser.\u_decoder.$procmux$5907_CMP

  State encoding:
    0:      3'--1  <RESET STATE>
    1:      3'-1-
    2:      3'1--

  Transition Table (state_in, ctrl_in, state_out, ctrl_out):
      0:     0 7'-----00   ->     0 4'1001
      1:     0 7'------1   ->     0 4'1001
      2:     0 7'-----10   ->     2 4'1001
      3:     1 7'-------   ->     0 4'0010
      4:     2 7'-10-000   ->     0 4'0101
      5:     2 7'--1-000   ->     0 4'0101
      6:     2 7'---1100   ->     0 4'0101
      7:     2 7'1-----1   ->     0 4'0101
      8:     2 7'---0100   ->     1 4'0101
      9:     2 7'-00-000   ->     2 4'0101
     10:     2 7'-----10   ->     2 4'0101
     11:     2 7'0-----1   ->     2 4'0101

-------------------------------------

FSM `$fsm$\u_uart_rx.state$6851' from module `top_basys3_rdm6300':
-------------------------------------

  Information on FSM $fsm$\u_uart_rx.state$6851 (\u_uart_rx.state):

  Number of input signals:    6
  Number of output signals:   4
  Number of state bits:       5

  Input signals:
    0: \u_rx_sync.sync_o
    1: $flatten\u_uart_rx.$eq$/home/hiepthai/Desktop/uart-fifo-rfid-asic/rdm6300_asic_fpga_modular/rtl/uart/uart_rx.v:126$113_Y
    2: $flatten\u_uart_rx.$lt$/home/hiepthai/Desktop/uart-fifo-rfid-asic/rdm6300_asic_fpga_modular/rtl/uart/uart_rx.v:104$95_Y
    3: $flatten\u_uart_rx.$eq$/home/hiepthai/Desktop/uart-fifo-rfid-asic/rdm6300_asic_fpga_modular/rtl/uart/uart_rx.v:101$94_Y
    4: \u_uart_rx.sample_tick
    5: \u_uart_rx.break_detect

  Output signals:
    0: $flatten\u_uart_rx.$procmux$1178_CMP
    1: $flatten\u_uart_rx.$procmux$1177_CMP
    2: $flatten\u_uart_rx.$procmux$1144_CMP
    3: $flatten\u_uart_rx.$procmux$1054_CMP

  State encoding:
    0:    5'----1  <RESET STATE>
    1:    5'---1-
    2:    5'--1--
    3:    5'-1---
    4:    5'1----

  Transition Table (state_in, ctrl_in, state_out, ctrl_out):
      0:     0 6'0----1   ->     0 4'0001
      1:     0 6'1-----   ->     0 4'0001
      2:     0 6'0----0   ->     3 4'0001
      3:     1 6'------   ->     0 4'0000
      4:     2 6'1-----   ->     0 4'1000
      5:     2 6'011-0-   ->     2 4'1000
      6:     2 6'010---   ->     2 4'1000
      7:     2 6'00----   ->     2 4'1000
      8:     2 6'011-1-   ->     4 4'1000
      9:     3 6'0110--   ->     0 4'0010
     10:     3 6'1-----   ->     0 4'0010
     11:     3 6'0111--   ->     2 4'0010
     12:     3 6'010---   ->     3 4'0010
     13:     3 6'00----   ->     3 4'0010
     14:     4 6'1-----   ->     0 4'0100
     15:     4 6'011---   ->     1 4'0100
     16:     4 6'010---   ->     4 4'0100
     17:     4 6'00----   ->     4 4'0100

-------------------------------------

54.8. Executing FSM_MAP pass (mapping FSMs to basic logic).
Mapping FSM `$fsm$\u_parser.u_decoder.state$6845' from module `\top_basys3_rdm6300'.
Mapping FSM `$fsm$\u_uart_rx.state$6851' from module `\top_basys3_rdm6300'.

55. Executing OPT_EXPR pass (perform const folding).
Optimizing module top_basys3_rdm6300.
<suppressed ~8 debug messages>

56. Executing OPT_MERGE pass (detect identical cells).
Finding identical cells in module `\top_basys3_rdm6300'.
<suppressed ~15 debug messages>
Removed a total of 5 cells.

57. Executing OPT_MUXTREE pass (detect dead branches in mux trees).
Running muxtree optimizer on module \top_basys3_rdm6300..
  Creating internal representation of mux trees.
  Evaluating internal representation of mux trees.
  Analyzing evaluation results.
Removed 0 multiplexer ports.
<suppressed ~99 debug messages>

58. Executing OPT_REDUCE pass (consolidate $*mux and $reduce_* inputs).
  Optimizing cells in module \top_basys3_rdm6300.
Performed a total of 0 changes.

59. Executing OPT_MERGE pass (detect identical cells).
Finding identical cells in module `\top_basys3_rdm6300'.
Removed a total of 0 cells.

60. Executing OPT_DFF pass (perform DFF optimizations).
Adding EN signal on $flatten\u_uart_tx.$procdff$6328 ($adff) from module top_basys3_rdm6300 (D = \u_uart_tx.in_data, Q = \u_uart_tx.tx_data).
Adding EN signal on $flatten\u_uart_tx.$procdff$6323 ($adff) from module top_basys3_rdm6300 (D = $flatten\u_uart_tx.$0\bit_index[2:0], Q = \u_uart_tx.bit_index).
Adding EN signal on $flatten\u_uart_tx.$procdff$6318 ($adff) from module top_basys3_rdm6300 (D = $flatten\u_uart_tx.$0\clk_count[15:0], Q = \u_uart_tx.clk_count).
Adding EN signal on $flatten\u_uart_tx.$procdff$6298 ($adff) from module top_basys3_rdm6300 (D = $flatten\u_uart_tx.$0\tx[0:0], Q = \u_uart_tx.tx).
Adding EN signal on $flatten\u_uart_rx.$procdff$6237 ($adff) from module top_basys3_rdm6300 (D = $flatten\u_uart_rx.$0\low_count[23:0], Q = \u_uart_rx.low_count).
Adding EN signal on $flatten\u_uart_rx.$procdff$6217 ($adff) from module top_basys3_rdm6300 (D = $flatten\u_uart_rx.$or$/home/hiepthai/Desktop/uart-fifo-rfid-asic/rdm6300_asic_fpga_modular/rtl/uart/uart_rx.v:0$112_Y, Q = \u_uart_rx.rx_shift).
Adding EN signal on $flatten\u_uart_rx.$procdff$6212 ($adff) from module top_basys3_rdm6300 (D = $flatten\u_uart_rx.$0\vote_ones[1:0], Q = \u_uart_rx.vote_ones).
Adding EN signal on $flatten\u_uart_rx.$procdff$6207 ($adff) from module top_basys3_rdm6300 (D = $flatten\u_uart_rx.$0\sample_phase[4:0], Q = \u_uart_rx.sample_phase).
Adding EN signal on $flatten\u_uart_rx.$procdff$6202 ($adff) from module top_basys3_rdm6300 (D = $flatten\u_uart_rx.$0\sample_div_count[15:0], Q = \u_uart_rx.sample_div_count).
Adding EN signal on $flatten\u_uart_rx.$procdff$6197 ($adff) from module top_basys3_rdm6300 (D = $flatten\u_uart_rx.$0\bit_index[2:0], Q = \u_uart_rx.bit_index).
Adding EN signal on $flatten\u_uart_rx.$procdff$6182 ($adff) from module top_basys3_rdm6300 (D = \u_uart_rx.rx_shift, Q = \u_uart_rx.rx_byte).
Adding EN signal on $flatten\u_tx_fifo.$procdff$6290 ($adff) from module top_basys3_rdm6300 (D = $flatten\u_tx_fifo.$add$/home/hiepthai/Desktop/uart-fifo-rfid-asic/rdm6300_asic_fpga_modular/rtl/fifo/tx_fifo.v:57$40_Y, Q = \u_tx_fifo.rd_ptr).
Adding EN signal on $flatten\u_tx_fifo.$procdff$6285 ($adff) from module top_basys3_rdm6300 (D = $flatten\u_tx_fifo.$add$/home/hiepthai/Desktop/uart-fifo-rfid-asic/rdm6300_asic_fpga_modular/rtl/fifo/tx_fifo.v:54$39_Y, Q = \u_tx_fifo.wr_ptr).
Adding EN signal on $flatten\u_tx_fifo.$procdff$6270 ($adff) from module top_basys3_rdm6300 (D = $flatten\u_tx_fifo.$0\level[4:0], Q = \u_tx_fifo.level).
Adding EN signal on $flatten\u_rx_fifo.$procdff$6262 ($adff) from module top_basys3_rdm6300 (D = $flatten\u_rx_fifo.$add$/home/hiepthai/Desktop/uart-fifo-rfid-asic/rdm6300_asic_fpga_modular/rtl/fifo/rx_fifo.v:57$65_Y, Q = \u_rx_fifo.rd_ptr).
Adding EN signal on $flatten\u_rx_fifo.$procdff$6257 ($adff) from module top_basys3_rdm6300 (D = $flatten\u_rx_fifo.$add$/home/hiepthai/Desktop/uart-fifo-rfid-asic/rdm6300_asic_fpga_modular/rtl/fifo/rx_fifo.v:54$64_Y, Q = \u_rx_fifo.wr_ptr).
Adding EN signal on $flatten\u_rx_fifo.$procdff$6242 ($adff) from module top_basys3_rdm6300 (D = $flatten\u_rx_fifo.$0\level[4:0], Q = \u_rx_fifo.level).
Adding EN signal on $flatten\u_parser.\u_packet_encoder.$procdff$6002 ($adff) from module top_basys3_rdm6300 (D = $flatten\u_parser.\u_packet_encoder.$0\active[0:0], Q = \u_parser.u_packet_encoder.active).
Adding EN signal on $flatten\u_parser.\u_packet_encoder.$procdff$5997 ($adff) from module top_basys3_rdm6300 (D = $flatten\u_parser.\u_packet_encoder.$0\byte_index[3:0], Q = \u_parser.u_packet_encoder.byte_index).
Adding EN signal on $flatten\u_parser.\u_packet_encoder.$procdff$5992 ($adff) from module top_basys3_rdm6300 (D = $flatten\u_parser.\u_packet_encoder.$ternary$/home/hiepthai/Desktop/uart-fifo-rfid-asic/rdm6300_asic_fpga_modular/rtl/app/card_packet_encoder.v:29$431_Y, Q = \u_parser.u_packet_encoder.crc_latched).
Adding EN signal on $flatten\u_parser.\u_packet_encoder.$procdff$5987 ($adff) from module top_basys3_rdm6300 (D = \u_parser.u_decoder.tag_raw, Q = \u_parser.u_packet_encoder.tag_latched).
Adding EN signal on $flatten\u_parser.\u_decoder.$procdff$6632 ($adff) from module top_basys3_rdm6300 (D = \u_parser.u_decoder.byte_data, Q = \u_parser.u_decoder.ascii_buf[11]).
Adding EN signal on $flatten\u_parser.\u_decoder.$procdff$6627 ($adff) from module top_basys3_rdm6300 (D = \u_parser.u_decoder.byte_data, Q = \u_parser.u_decoder.ascii_buf[10]).
Adding EN signal on $flatten\u_parser.\u_decoder.$procdff$6622 ($adff) from module top_basys3_rdm6300 (D = \u_parser.u_decoder.byte_data, Q = \u_parser.u_decoder.ascii_buf[9]).
Adding EN signal on $flatten\u_parser.\u_decoder.$procdff$6617 ($adff) from module top_basys3_rdm6300 (D = \u_parser.u_decoder.byte_data, Q = \u_parser.u_decoder.ascii_buf[8]).
Adding EN signal on $flatten\u_parser.\u_decoder.$procdff$6612 ($adff) from module top_basys3_rdm6300 (D = \u_parser.u_decoder.byte_data, Q = \u_parser.u_decoder.ascii_buf[7]).
Adding EN signal on $flatten\u_parser.\u_decoder.$procdff$6607 ($adff) from module top_basys3_rdm6300 (D = \u_parser.u_decoder.byte_data, Q = \u_parser.u_decoder.ascii_buf[6]).
Adding EN signal on $flatten\u_parser.\u_decoder.$procdff$6602 ($adff) from module top_basys3_rdm6300 (D = \u_parser.u_decoder.byte_data, Q = \u_parser.u_decoder.ascii_buf[5]).
Adding EN signal on $flatten\u_parser.\u_decoder.$procdff$6597 ($adff) from module top_basys3_rdm6300 (D = \u_parser.u_decoder.byte_data, Q = \u_parser.u_decoder.ascii_buf[4]).
Adding EN signal on $flatten\u_parser.\u_decoder.$procdff$6592 ($adff) from module top_basys3_rdm6300 (D = \u_parser.u_decoder.byte_data, Q = \u_parser.u_decoder.ascii_buf[3]).
Adding EN signal on $flatten\u_parser.\u_decoder.$procdff$6587 ($adff) from module top_basys3_rdm6300 (D = \u_parser.u_decoder.byte_data, Q = \u_parser.u_decoder.ascii_buf[2]).
Adding EN signal on $flatten\u_parser.\u_decoder.$procdff$6582 ($adff) from module top_basys3_rdm6300 (D = \u_parser.u_decoder.byte_data, Q = \u_parser.u_decoder.ascii_buf[1]).
Adding EN signal on $flatten\u_parser.\u_decoder.$procdff$6577 ($adff) from module top_basys3_rdm6300 (D = \u_parser.u_decoder.byte_data, Q = \u_parser.u_decoder.ascii_buf[0]).
Adding EN signal on $flatten\u_parser.\u_decoder.$procdff$6442 ($adff) from module top_basys3_rdm6300 (D = { $flatten\u_parser.\u_decoder.$8\ascii_hex_to_nibble$func$/home/hiepthai/Desktop/uart-fifo-rfid-asic/rdm6300_asic_fpga_modular/rtl/rdm6300/rdm6300_frame_decoder.v:120$445.$result[4:0]$851 [3:0] $flatten\u_parser.\u_decoder.$8\ascii_hex_to_nibble$func$/home/hiepthai/Desktop/uart-fifo-rfid-asic/rdm6300_asic_fpga_modular/rtl/rdm6300/rdm6300_frame_decoder.v:120$446.$result[4:0]$868 [3:0] }, Q = \u_parser.u_decoder.decoded_checksum_rx).
Adding EN signal on $flatten\u_parser.\u_decoder.$procdff$6437 ($adff) from module top_basys3_rdm6300 (D = $flatten\u_parser.\u_decoder.$xor$/home/hiepthai/Desktop/uart-fifo-rfid-asic/rdm6300_asic_fpga_modular/rtl/rdm6300/rdm6300_frame_decoder.v:128$885_Y, Q = \u_parser.u_decoder.decoded_checksum_calc).
Adding EN signal on $flatten\u_parser.\u_decoder.$procdff$6432 ($adff) from module top_basys3_rdm6300 (D = { $flatten\u_parser.\u_decoder.$8\ascii_hex_to_nibble$func$/home/hiepthai/Desktop/uart-fifo-rfid-asic/rdm6300_asic_fpga_modular/rtl/rdm6300/rdm6300_frame_decoder.v:120$435.$result[4:0]$681 [3:0] $flatten\u_parser.\u_decoder.$8\ascii_hex_to_nibble$func$/home/hiepthai/Desktop/uart-fifo-rfid-asic/rdm6300_asic_fpga_modular/rtl/rdm6300/rdm6300_frame_decoder.v:120$436.$result[4:0]$698 [3:0] $flatten\u_parser.\u_decoder.$8\ascii_hex_to_nibble$func$/home/hiepthai/Desktop/uart-fifo-rfid-asic/rdm6300_asic_fpga_modular/rtl/rdm6300/rdm6300_frame_decoder.v:120$437.$result[4:0]$715 [3:0] $flatten\u_parser.\u_decoder.$8\ascii_hex_to_nibble$func$/home/hiepthai/Desktop/uart-fifo-rfid-asic/rdm6300_asic_fpga_modular/rtl/rdm6300/rdm6300_frame_decoder.v:120$438.$result[4:0]$732 [3:0] $flatten\u_parser.\u_decoder.$8\ascii_hex_to_nibble$func$/home/hiepthai/Desktop/uart-fifo-rfid-asic/rdm6300_asic_fpga_modular/rtl/rdm6300/rdm6300_frame_decoder.v:120$439.$result[4:0]$749 [3:0] $flatten\u_parser.\u_decoder.$8\ascii_hex_to_nibble$func$/home/hiepthai/Desktop/uart-fifo-rfid-asic/rdm6300_asic_fpga_modular/rtl/rdm6300/rdm6300_frame_decoder.v:120$440.$result[4:0]$766 [3:0] $flatten\u_parser.\u_decoder.$8\ascii_hex_to_nibble$func$/home/hiepthai/Desktop/uart-fifo-rfid-asic/rdm6300_asic_fpga_modular/rtl/rdm6300/rdm6300_frame_decoder.v:120$441.$result[4:0]$783 [3:0] $flatten\u_parser.\u_decoder.$8\ascii_hex_to_nibble$func$/home/hiepthai/Desktop/uart-fifo-rfid-asic/rdm6300_asic_fpga_modular/rtl/rdm6300/rdm6300_frame_decoder.v:120$442.$result[4:0]$800 [3:0] $flatten\u_parser.\u_decoder.$8\ascii_hex_to_nibble$func$/home/hiepthai/Desktop/uart-fifo-rfid-asic/rdm6300_asic_fpga_modular/rtl/rdm6300/rdm6300_frame_decoder.v:120$443.$result[4:0]$817 [3:0] $flatten\u_parser.\u_decoder.$8\ascii_hex_to_nibble$func$/home/hiepthai/Desktop/uart-fifo-rfid-asic/rdm6300_asic_fpga_modular/rtl/rdm6300/rdm6300_frame_decoder.v:120$444.$result[4:0]$834 [3:0] }, Q = \u_parser.u_decoder.decoded_payload).
Adding EN signal on $flatten\u_parser.\u_decoder.$procdff$6373 ($adff) from module top_basys3_rdm6300 (D = $flatten\u_parser.\u_decoder.$0\timeout_count[18:0], Q = \u_parser.u_decoder.timeout_count).
Adding EN signal on $flatten\u_parser.\u_decoder.$procdff$6368 ($adff) from module top_basys3_rdm6300 (D = $flatten\u_parser.\u_decoder.$procmux$5938_Y, Q = \u_parser.u_decoder.index).
Adding EN signal on $flatten\u_parser.\u_decoder.$procdff$6333 ($adff) from module top_basys3_rdm6300 (D = \u_parser.u_decoder.decoded_payload, Q = \u_parser.u_decoder.tag_raw).

61. Executing OPT_CLEAN pass (remove unused cells and wires).
Finding unused cells or wires in module \top_basys3_rdm6300..
Removed 134 unused cells and 154 unused wires.
<suppressed ~135 debug messages>

62. Executing OPT_EXPR pass (perform const folding).
Optimizing module top_basys3_rdm6300.
<suppressed ~11 debug messages>

63. Rerunning OPT passes. (Maybe there is more to do…)

64. Executing OPT_MUXTREE pass (detect dead branches in mux trees).
Running muxtree optimizer on module \top_basys3_rdm6300..
  Creating internal representation of mux trees.
  Evaluating internal representation of mux trees.
  Analyzing evaluation results.
Removed 0 multiplexer ports.
<suppressed ~77 debug messages>

65. Executing OPT_REDUCE pass (consolidate $*mux and $reduce_* inputs).
  Optimizing cells in module \top_basys3_rdm6300.
Performed a total of 0 changes.

66. Executing OPT_MERGE pass (detect identical cells).
Finding identical cells in module `\top_basys3_rdm6300'.
<suppressed ~255 debug messages>
Removed a total of 85 cells.

67. Executing OPT_DFF pass (perform DFF optimizations).

68. Executing OPT_CLEAN pass (remove unused cells and wires).
Finding unused cells or wires in module \top_basys3_rdm6300..
Removed 0 unused cells and 85 unused wires.
<suppressed ~1 debug messages>

69. Executing OPT_EXPR pass (perform const folding).
Optimizing module top_basys3_rdm6300.

70. Rerunning OPT passes. (Maybe there is more to do…)

71. Executing OPT_MUXTREE pass (detect dead branches in mux trees).
Running muxtree optimizer on module \top_basys3_rdm6300..
  Creating internal representation of mux trees.
  Evaluating internal representation of mux trees.
  Analyzing evaluation results.
Removed 0 multiplexer ports.
<suppressed ~77 debug messages>

72. Executing OPT_REDUCE pass (consolidate $*mux and $reduce_* inputs).
  Optimizing cells in module \top_basys3_rdm6300.
Performed a total of 0 changes.

73. Executing OPT_MERGE pass (detect identical cells).
Finding identical cells in module `\top_basys3_rdm6300'.
Removed a total of 0 cells.

74. Executing OPT_DFF pass (perform DFF optimizations).

75. Executing OPT_CLEAN pass (remove unused cells and wires).
Finding unused cells or wires in module \top_basys3_rdm6300..

76. Executing OPT_EXPR pass (perform const folding).
Optimizing module top_basys3_rdm6300.

77. Executing WREDUCE pass (reducing word size of cells).
Removed top 1 bits (of 4) from port B of cell top_basys3_rdm6300.$auto$fsm_map.cc:77:implement_pattern_cache$6879 ($eq).
Removed top 1 bits (of 2) from port B of cell top_basys3_rdm6300.$auto$opt_dff.cc:195:make_patterns_logic$7267 ($ne).
Removed top 1 bits (of 4) from port B of cell top_basys3_rdm6300.$auto$opt_dff.cc:195:make_patterns_logic$7260 ($ne).
Removed top 1 bits (of 4) from port B of cell top_basys3_rdm6300.$auto$fsm_map.cc:77:implement_pattern_cache$6918 ($eq).
Removed top 1 bits (of 3) from port B of cell top_basys3_rdm6300.$auto$fsm_map.cc:77:implement_pattern_cache$6914 ($eq).
Removed top 1 bits (of 4) from port B of cell top_basys3_rdm6300.$auto$fsm_map.cc:77:implement_pattern_cache$6907 ($eq).
Removed top 30 bits (of 32) from port B of cell top_basys3_rdm6300.$flatten\u_uart_rx.$ge$/home/hiepthai/Desktop/uart-fifo-rfid-asic/rdm6300_asic_fpga_modular/rtl/uart/uart_rx.v:123$109 ($ge).
Converting cell top_basys3_rdm6300.$flatten\u_uart_rx.$neg$/home/hiepthai/Desktop/uart-fifo-rfid-asic/rdm6300_asic_fpga_modular/rtl/uart/uart_rx.v:0$105 ($neg) from signed to unsigned.
Removed top 1 bits (of 4) from port A of cell top_basys3_rdm6300.$flatten\u_uart_rx.$neg$/home/hiepthai/Desktop/uart-fifo-rfid-asic/rdm6300_asic_fpga_modular/rtl/uart/uart_rx.v:0$105 ($neg).
Removed top 30 bits (of 32) from port B of cell top_basys3_rdm6300.$flatten\u_uart_rx.$lt$/home/hiepthai/Desktop/uart-fifo-rfid-asic/rdm6300_asic_fpga_modular/rtl/uart/uart_rx.v:104$95 ($lt).
Removed top 1 bits (of 5) from port B of cell top_basys3_rdm6300.$flatten\u_uart_rx.$eq$/home/hiepthai/Desktop/uart-fifo-rfid-asic/rdm6300_asic_fpga_modular/rtl/uart/uart_rx.v:101$94 ($eq).
Removed top 15 bits (of 32) from port B of cell top_basys3_rdm6300.$flatten\u_uart_rx.$ge$/home/hiepthai/Desktop/uart-fifo-rfid-asic/rdm6300_asic_fpga_modular/rtl/uart/uart_rx.v:53$78 ($ge).
Removed top 1 bits (of 5) from port B of cell top_basys3_rdm6300.$flatten\u_uart_rx.$eq$/home/hiepthai/Desktop/uart-fifo-rfid-asic/rdm6300_asic_fpga_modular/rtl/uart/uart_rx.v:43$73 ($eq).
Removed top 1 bits (of 5) from port B of cell top_basys3_rdm6300.$flatten\u_uart_rx.$eq$/home/hiepthai/Desktop/uart-fifo-rfid-asic/rdm6300_asic_fpga_modular/rtl/uart/uart_rx.v:42$71 ($eq).
Removed top 2 bits (of 5) from port B of cell top_basys3_rdm6300.$flatten\u_uart_rx.$eq$/home/hiepthai/Desktop/uart-fifo-rfid-asic/rdm6300_asic_fpga_modular/rtl/uart/uart_rx.v:41$70 ($eq).
Removed top 6 bits (of 16) from port B of cell top_basys3_rdm6300.$flatten\u_uart_rx.$eq$/home/hiepthai/Desktop/uart-fifo-rfid-asic/rdm6300_asic_fpga_modular/rtl/uart/uart_rx.v:40$69 ($eq).
Removed top 1 bits (of 2) from port B of cell top_basys3_rdm6300.$flatten\u_rx_fifo.$procmux$1317_CMP0 ($eq).
Removed top 1 bits (of 4) from port B of cell top_basys3_rdm6300.$auto$fsm_map.cc:77:implement_pattern_cache$6922 ($eq).
Removed top 1 bits (of 4) from port B of cell top_basys3_rdm6300.$auto$fsm_map.cc:77:implement_pattern_cache$6948 ($eq).
Removed top 1 bits (of 3) from port B of cell top_basys3_rdm6300.$auto$fsm_map.cc:77:implement_pattern_cache$6952 ($eq).
Removed top 1 bits (of 3) from port B of cell top_basys3_rdm6300.$auto$opt_dff.cc:195:make_patterns_logic$6980 ($ne).
Removed top 5 bits (of 8) from mux cell top_basys3_rdm6300.$flatten\u_parser.\u_packet_encoder.$ternary$/home/hiepthai/Desktop/uart-fifo-rfid-asic/rdm6300_asic_fpga_modular/rtl/app/card_packet_encoder.v:29$271 ($mux).
Removed top 5 bits (of 8) from mux cell top_basys3_rdm6300.$flatten\u_parser.\u_packet_encoder.$ternary$/home/hiepthai/Desktop/uart-fifo-rfid-asic/rdm6300_asic_fpga_modular/rtl/app/card_packet_encoder.v:29$275 ($mux).
Removed top 5 bits (of 8) from mux cell top_basys3_rdm6300.$flatten\u_parser.\u_packet_encoder.$ternary$/home/hiepthai/Desktop/uart-fifo-rfid-asic/rdm6300_asic_fpga_modular/rtl/app/card_packet_encoder.v:29$279 ($mux).
Removed top 5 bits (of 8) from mux cell top_basys3_rdm6300.$flatten\u_parser.\u_packet_encoder.$ternary$/home/hiepthai/Desktop/uart-fifo-rfid-asic/rdm6300_asic_fpga_modular/rtl/app/card_packet_encoder.v:29$283 ($mux).
Removed top 5 bits (of 8) from mux cell top_basys3_rdm6300.$flatten\u_parser.\u_packet_encoder.$ternary$/home/hiepthai/Desktop/uart-fifo-rfid-asic/rdm6300_asic_fpga_modular/rtl/app/card_packet_encoder.v:29$287 ($mux).
Removed top 5 bits (of 8) from mux cell top_basys3_rdm6300.$flatten\u_parser.\u_packet_encoder.$ternary$/home/hiepthai/Desktop/uart-fifo-rfid-asic/rdm6300_asic_fpga_modular/rtl/app/card_packet_encoder.v:29$291 ($mux).
Removed top 5 bits (of 8) from mux cell top_basys3_rdm6300.$flatten\u_parser.\u_packet_encoder.$ternary$/home/hiepthai/Desktop/uart-fifo-rfid-asic/rdm6300_asic_fpga_modular/rtl/app/card_packet_encoder.v:29$295 ($mux).
Removed top 5 bits (of 8) from mux cell top_basys3_rdm6300.$flatten\u_parser.\u_packet_encoder.$ternary$/home/hiepthai/Desktop/uart-fifo-rfid-asic/rdm6300_asic_fpga_modular/rtl/app/card_packet_encoder.v:29$299 ($mux).
Removed top 5 bits (of 8) from mux cell top_basys3_rdm6300.$flatten\u_parser.\u_packet_encoder.$ternary$/home/hiepthai/Desktop/uart-fifo-rfid-asic/rdm6300_asic_fpga_modular/rtl/app/card_packet_encoder.v:29$304 ($mux).
Removed top 5 bits (of 8) from mux cell top_basys3_rdm6300.$flatten\u_parser.\u_packet_encoder.$ternary$/home/hiepthai/Desktop/uart-fifo-rfid-asic/rdm6300_asic_fpga_modular/rtl/app/card_packet_encoder.v:29$308 ($mux).
Removed top 5 bits (of 8) from mux cell top_basys3_rdm6300.$flatten\u_parser.\u_packet_encoder.$ternary$/home/hiepthai/Desktop/uart-fifo-rfid-asic/rdm6300_asic_fpga_modular/rtl/app/card_packet_encoder.v:29$312 ($mux).
Removed top 5 bits (of 8) from mux cell top_basys3_rdm6300.$flatten\u_parser.\u_packet_encoder.$ternary$/home/hiepthai/Desktop/uart-fifo-rfid-asic/rdm6300_asic_fpga_modular/rtl/app/card_packet_encoder.v:29$316 ($mux).
Removed top 5 bits (of 8) from mux cell top_basys3_rdm6300.$flatten\u_parser.\u_packet_encoder.$ternary$/home/hiepthai/Desktop/uart-fifo-rfid-asic/rdm6300_asic_fpga_modular/rtl/app/card_packet_encoder.v:29$320 ($mux).
Removed top 5 bits (of 8) from mux cell top_basys3_rdm6300.$flatten\u_parser.\u_packet_encoder.$ternary$/home/hiepthai/Desktop/uart-fifo-rfid-asic/rdm6300_asic_fpga_modular/rtl/app/card_packet_encoder.v:29$324 ($mux).
Removed top 5 bits (of 8) from mux cell top_basys3_rdm6300.$flatten\u_parser.\u_packet_encoder.$ternary$/home/hiepthai/Desktop/uart-fifo-rfid-asic/rdm6300_asic_fpga_modular/rtl/app/card_packet_encoder.v:29$328 ($mux).
Removed top 5 bits (of 8) from mux cell top_basys3_rdm6300.$flatten\u_parser.\u_packet_encoder.$ternary$/home/hiepthai/Desktop/uart-fifo-rfid-asic/rdm6300_asic_fpga_modular/rtl/app/card_packet_encoder.v:29$332 ($mux).
Removed top 5 bits (of 8) from mux cell top_basys3_rdm6300.$flatten\u_parser.\u_packet_encoder.$ternary$/home/hiepthai/Desktop/uart-fifo-rfid-asic/rdm6300_asic_fpga_modular/rtl/app/card_packet_encoder.v:29$337 ($mux).
Removed top 5 bits (of 8) from mux cell top_basys3_rdm6300.$flatten\u_parser.\u_packet_encoder.$ternary$/home/hiepthai/Desktop/uart-fifo-rfid-asic/rdm6300_asic_fpga_modular/rtl/app/card_packet_encoder.v:29$341 ($mux).
Removed top 1 bits (of 4) from port B of cell top_basys3_rdm6300.$flatten\u_parser.\u_packet_encoder.$procmux$1036_CMP0 ($eq).
Removed top 5 bits (of 8) from mux cell top_basys3_rdm6300.$flatten\u_parser.\u_packet_encoder.$ternary$/home/hiepthai/Desktop/uart-fifo-rfid-asic/rdm6300_asic_fpga_modular/rtl/app/card_packet_encoder.v:29$345 ($mux).
Removed top 5 bits (of 8) from mux cell top_basys3_rdm6300.$flatten\u_parser.\u_packet_encoder.$ternary$/home/hiepthai/Desktop/uart-fifo-rfid-asic/rdm6300_asic_fpga_modular/rtl/app/card_packet_encoder.v:29$349 ($mux).
Removed top 1 bits (of 4) from port B of cell top_basys3_rdm6300.$flatten\u_parser.\u_packet_encoder.$procmux$1037_CMP0 ($eq).
Removed top 5 bits (of 8) from mux cell top_basys3_rdm6300.$flatten\u_parser.\u_packet_encoder.$ternary$/home/hiepthai/Desktop/uart-fifo-rfid-asic/rdm6300_asic_fpga_modular/rtl/app/card_packet_encoder.v:29$353 ($mux).
Removed top 1 bits (of 4) from port B of cell top_basys3_rdm6300.$flatten\u_parser.\u_packet_encoder.$procmux$1038_CMP0 ($eq).
Removed top 5 bits (of 8) from mux cell top_basys3_rdm6300.$flatten\u_parser.\u_packet_encoder.$ternary$/home/hiepthai/Desktop/uart-fifo-rfid-asic/rdm6300_asic_fpga_modular/rtl/app/card_packet_encoder.v:29$357 ($mux).
Removed top 5 bits (of 8) from mux cell top_basys3_rdm6300.$flatten\u_parser.\u_packet_encoder.$ternary$/home/hiepthai/Desktop/uart-fifo-rfid-asic/rdm6300_asic_fpga_modular/rtl/app/card_packet_encoder.v:29$361 ($mux).
Removed top 1 bits (of 4) from port B of cell top_basys3_rdm6300.$flatten\u_parser.\u_packet_encoder.$procmux$1039_CMP0 ($eq).
Removed top 5 bits (of 8) from mux cell top_basys3_rdm6300.$flatten\u_parser.\u_packet_encoder.$ternary$/home/hiepthai/Desktop/uart-fifo-rfid-asic/rdm6300_asic_fpga_modular/rtl/app/card_packet_encoder.v:29$365 ($mux).
Removed top 2 bits (of 4) from port B of cell top_basys3_rdm6300.$flatten\u_parser.\u_packet_encoder.$procmux$1040_CMP0 ($eq).
Removed top 5 bits (of 8) from mux cell top_basys3_rdm6300.$flatten\u_parser.\u_packet_encoder.$ternary$/home/hiepthai/Desktop/uart-fifo-rfid-asic/rdm6300_asic_fpga_modular/rtl/app/card_packet_encoder.v:29$370 ($mux).
Removed top 5 bits (of 8) from mux cell top_basys3_rdm6300.$flatten\u_parser.\u_packet_encoder.$ternary$/home/hiepthai/Desktop/uart-fifo-rfid-asic/rdm6300_asic_fpga_modular/rtl/app/card_packet_encoder.v:29$374 ($mux).
Removed top 2 bits (of 4) from port B of cell top_basys3_rdm6300.$flatten\u_parser.\u_packet_encoder.$procmux$1041_CMP0 ($eq).
Removed top 5 bits (of 8) from mux cell top_basys3_rdm6300.$flatten\u_parser.\u_packet_encoder.$ternary$/home/hiepthai/Desktop/uart-fifo-rfid-asic/rdm6300_asic_fpga_modular/rtl/app/card_packet_encoder.v:29$378 ($mux).
Removed top 3 bits (of 4) from port B of cell top_basys3_rdm6300.$flatten\u_parser.\u_packet_encoder.$procmux$1042_CMP0 ($eq).
Removed top 5 bits (of 8) from mux cell top_basys3_rdm6300.$flatten\u_parser.\u_packet_encoder.$ternary$/home/hiepthai/Desktop/uart-fifo-rfid-asic/rdm6300_asic_fpga_modular/rtl/app/card_packet_encoder.v:29$382 ($mux).
Removed top 5 bits (of 8) from mux cell top_basys3_rdm6300.$flatten\u_parser.\u_packet_encoder.$ternary$/home/hiepthai/Desktop/uart-fifo-rfid-asic/rdm6300_asic_fpga_modular/rtl/app/card_packet_encoder.v:29$386 ($mux).
Removed top 5 bits (of 8) from mux cell top_basys3_rdm6300.$flatten\u_parser.\u_packet_encoder.$ternary$/home/hiepthai/Desktop/uart-fifo-rfid-asic/rdm6300_asic_fpga_modular/rtl/app/card_packet_encoder.v:29$390 ($mux).
Removed top 5 bits (of 8) from mux cell top_basys3_rdm6300.$flatten\u_parser.\u_packet_encoder.$ternary$/home/hiepthai/Desktop/uart-fifo-rfid-asic/rdm6300_asic_fpga_modular/rtl/app/card_packet_encoder.v:29$394 ($mux).
Removed top 5 bits (of 8) from mux cell top_basys3_rdm6300.$flatten\u_parser.\u_packet_encoder.$ternary$/home/hiepthai/Desktop/uart-fifo-rfid-asic/rdm6300_asic_fpga_modular/rtl/app/card_packet_encoder.v:29$398 ($mux).
Removed top 5 bits (of 8) from mux cell top_basys3_rdm6300.$flatten\u_parser.\u_packet_encoder.$ternary$/home/hiepthai/Desktop/uart-fifo-rfid-asic/rdm6300_asic_fpga_modular/rtl/app/card_packet_encoder.v:29$403 ($mux).
Removed top 5 bits (of 8) from mux cell top_basys3_rdm6300.$flatten\u_parser.\u_packet_encoder.$ternary$/home/hiepthai/Desktop/uart-fifo-rfid-asic/rdm6300_asic_fpga_modular/rtl/app/card_packet_encoder.v:29$407 ($mux).
Removed top 5 bits (of 8) from mux cell top_basys3_rdm6300.$flatten\u_parser.\u_packet_encoder.$ternary$/home/hiepthai/Desktop/uart-fifo-rfid-asic/rdm6300_asic_fpga_modular/rtl/app/card_packet_encoder.v:29$411 ($mux).
Removed top 5 bits (of 8) from mux cell top_basys3_rdm6300.$flatten\u_parser.\u_packet_encoder.$ternary$/home/hiepthai/Desktop/uart-fifo-rfid-asic/rdm6300_asic_fpga_modular/rtl/app/card_packet_encoder.v:29$415 ($mux).
Removed top 5 bits (of 8) from mux cell top_basys3_rdm6300.$flatten\u_parser.\u_packet_encoder.$ternary$/home/hiepthai/Desktop/uart-fifo-rfid-asic/rdm6300_asic_fpga_modular/rtl/app/card_packet_encoder.v:29$419 ($mux).
Removed top 5 bits (of 8) from mux cell top_basys3_rdm6300.$flatten\u_parser.\u_packet_encoder.$ternary$/home/hiepthai/Desktop/uart-fifo-rfid-asic/rdm6300_asic_fpga_modular/rtl/app/card_packet_encoder.v:29$423 ($mux).
Removed top 5 bits (of 8) from mux cell top_basys3_rdm6300.$flatten\u_parser.\u_packet_encoder.$ternary$/home/hiepthai/Desktop/uart-fifo-rfid-asic/rdm6300_asic_fpga_modular/rtl/app/card_packet_encoder.v:29$427 ($mux).
Removed top 5 bits (of 8) from mux cell top_basys3_rdm6300.$flatten\u_parser.\u_packet_encoder.$ternary$/home/hiepthai/Desktop/uart-fifo-rfid-asic/rdm6300_asic_fpga_modular/rtl/app/card_packet_encoder.v:29$431 ($mux).
Removed top 1 bits (of 2) from port B of cell top_basys3_rdm6300.$auto$fsm_map.cc:77:implement_pattern_cache$6903 ($eq).
Removed top 6 bits (of 8) from port B of cell top_basys3_rdm6300.$flatten\u_parser.\u_decoder.$eq$/home/hiepthai/Desktop/uart-fifo-rfid-asic/rdm6300_asic_fpga_modular/rtl/rdm6300/rdm6300_frame_decoder.v:110$595 ($eq).
Removed top 6 bits (of 8) from port B of cell top_basys3_rdm6300.$flatten\u_parser.\u_decoder.$eq$/home/hiepthai/Desktop/uart-fifo-rfid-asic/rdm6300_asic_fpga_modular/rtl/rdm6300/rdm6300_frame_decoder.v:113$624 ($eq).
Removed top 2 bits (of 8) from port B of cell top_basys3_rdm6300.$flatten\u_parser.\u_decoder.$ge$/home/hiepthai/Desktop/uart-fifo-rfid-asic/rdm6300_asic_fpga_modular/rtl/rdm6300/rdm6300_frame_decoder.v:49$678 ($ge).
Removed top 2 bits (of 8) from port B of cell top_basys3_rdm6300.$flatten\u_parser.\u_decoder.$le$/home/hiepthai/Desktop/uart-fifo-rfid-asic/rdm6300_asic_fpga_modular/rtl/rdm6300/rdm6300_frame_decoder.v:49$679 ($le).
Removed top 2 bits (of 8) from port B of cell top_basys3_rdm6300.$flatten\u_parser.\u_decoder.$sub$/home/hiepthai/Desktop/uart-fifo-rfid-asic/rdm6300_asic_fpga_modular/rtl/rdm6300/rdm6300_frame_decoder.v:50$682 ($sub).
Removed top 3 bits (of 8) from port Y of cell top_basys3_rdm6300.$flatten\u_parser.\u_decoder.$sub$/home/hiepthai/Desktop/uart-fifo-rfid-asic/rdm6300_asic_fpga_modular/rtl/rdm6300/rdm6300_frame_decoder.v:50$682 ($sub).
Removed top 3 bits (of 8) from port A of cell top_basys3_rdm6300.$flatten\u_parser.\u_decoder.$sub$/home/hiepthai/Desktop/uart-fifo-rfid-asic/rdm6300_asic_fpga_modular/rtl/rdm6300/rdm6300_frame_decoder.v:50$682 ($sub).
Removed top 1 bits (of 6) from port B of cell top_basys3_rdm6300.$flatten\u_parser.\u_decoder.$sub$/home/hiepthai/Desktop/uart-fifo-rfid-asic/rdm6300_asic_fpga_modular/rtl/rdm6300/rdm6300_frame_decoder.v:50$682 ($sub).
Removed top 1 bits (of 8) from port B of cell top_basys3_rdm6300.$flatten\u_parser.\u_decoder.$ge$/home/hiepthai/Desktop/uart-fifo-rfid-asic/rdm6300_asic_fpga_modular/rtl/rdm6300/rdm6300_frame_decoder.v:51$683 ($ge).
Removed top 1 bits (of 8) from port B of cell top_basys3_rdm6300.$flatten\u_parser.\u_decoder.$le$/home/hiepthai/Desktop/uart-fifo-rfid-asic/rdm6300_asic_fpga_modular/rtl/rdm6300/rdm6300_frame_decoder.v:51$684 ($le).
Removed top 1 bits (of 8) from port B of cell top_basys3_rdm6300.$flatten\u_parser.\u_decoder.$sub$/home/hiepthai/Desktop/uart-fifo-rfid-asic/rdm6300_asic_fpga_modular/rtl/rdm6300/rdm6300_frame_decoder.v:52$687 ($sub).
Removed top 4 bits (of 8) from port B of cell top_basys3_rdm6300.$flatten\u_parser.\u_decoder.$add$/home/hiepthai/Desktop/uart-fifo-rfid-asic/rdm6300_asic_fpga_modular/rtl/rdm6300/rdm6300_frame_decoder.v:52$688 ($add).
Removed top 3 bits (of 8) from port Y of cell top_basys3_rdm6300.$flatten\u_parser.\u_decoder.$add$/home/hiepthai/Desktop/uart-fifo-rfid-asic/rdm6300_asic_fpga_modular/rtl/rdm6300/rdm6300_frame_decoder.v:52$688 ($add).
Removed top 3 bits (of 8) from port A of cell top_basys3_rdm6300.$flatten\u_parser.\u_decoder.$add$/home/hiepthai/Desktop/uart-fifo-rfid-asic/rdm6300_asic_fpga_modular/rtl/rdm6300/rdm6300_frame_decoder.v:52$688 ($add).
Removed top 1 bits (of 8) from port B of cell top_basys3_rdm6300.$flatten\u_parser.\u_decoder.$ge$/home/hiepthai/Desktop/uart-fifo-rfid-asic/rdm6300_asic_fpga_modular/rtl/rdm6300/rdm6300_frame_decoder.v:53$689 ($ge).
Removed top 1 bits (of 8) from port B of cell top_basys3_rdm6300.$flatten\u_parser.\u_decoder.$le$/home/hiepthai/Desktop/uart-fifo-rfid-asic/rdm6300_asic_fpga_modular/rtl/rdm6300/rdm6300_frame_decoder.v:53$690 ($le).
Removed top 1 bits (of 8) from port B of cell top_basys3_rdm6300.$flatten\u_parser.\u_decoder.$sub$/home/hiepthai/Desktop/uart-fifo-rfid-asic/rdm6300_asic_fpga_modular/rtl/rdm6300/rdm6300_frame_decoder.v:54$693 ($sub).
Removed top 4 bits (of 8) from port B of cell top_basys3_rdm6300.$flatten\u_parser.\u_decoder.$add$/home/hiepthai/Desktop/uart-fifo-rfid-asic/rdm6300_asic_fpga_modular/rtl/rdm6300/rdm6300_frame_decoder.v:54$694 ($add).
Removed top 3 bits (of 8) from port Y of cell top_basys3_rdm6300.$flatten\u_parser.\u_decoder.$add$/home/hiepthai/Desktop/uart-fifo-rfid-asic/rdm6300_asic_fpga_modular/rtl/rdm6300/rdm6300_frame_decoder.v:54$694 ($add).
Removed top 3 bits (of 8) from port A of cell top_basys3_rdm6300.$flatten\u_parser.\u_decoder.$add$/home/hiepthai/Desktop/uart-fifo-rfid-asic/rdm6300_asic_fpga_modular/rtl/rdm6300/rdm6300_frame_decoder.v:54$694 ($add).
Removed top 2 bits (of 8) from port B of cell top_basys3_rdm6300.$flatten\u_parser.\u_decoder.$ge$/home/hiepthai/Desktop/uart-fifo-rfid-asic/rdm6300_asic_fpga_modular/rtl/rdm6300/rdm6300_frame_decoder.v:49$695 ($ge).
Removed top 2 bits (of 8) from port B of cell top_basys3_rdm6300.$flatten\u_parser.\u_decoder.$le$/home/hiepthai/Desktop/uart-fifo-rfid-asic/rdm6300_asic_fpga_modular/rtl/rdm6300/rdm6300_frame_decoder.v:49$696 ($le).
Removed top 2 bits (of 8) from port B of cell top_basys3_rdm6300.$flatten\u_parser.\u_decoder.$sub$/home/hiepthai/Desktop/uart-fifo-rfid-asic/rdm6300_asic_fpga_modular/rtl/rdm6300/rdm6300_frame_decoder.v:50$699 ($sub).
Removed top 3 bits (of 8) from port Y of cell top_basys3_rdm6300.$flatten\u_parser.\u_decoder.$sub$/home/hiepthai/Desktop/uart-fifo-rfid-asic/rdm6300_asic_fpga_modular/rtl/rdm6300/rdm6300_frame_decoder.v:50$699 ($sub).
Removed top 3 bits (of 8) from port A of cell top_basys3_rdm6300.$flatten\u_parser.\u_decoder.$sub$/home/hiepthai/Desktop/uart-fifo-rfid-asic/rdm6300_asic_fpga_modular/rtl/rdm6300/rdm6300_frame_decoder.v:50$699 ($sub).
Removed top 1 bits (of 6) from port B of cell top_basys3_rdm6300.$flatten\u_parser.\u_decoder.$sub$/home/hiepthai/Desktop/uart-fifo-rfid-asic/rdm6300_asic_fpga_modular/rtl/rdm6300/rdm6300_frame_decoder.v:50$699 ($sub).
Removed top 1 bits (of 8) from port B of cell top_basys3_rdm6300.$flatten\u_parser.\u_decoder.$ge$/home/hiepthai/Desktop/uart-fifo-rfid-asic/rdm6300_asic_fpga_modular/rtl/rdm6300/rdm6300_frame_decoder.v:51$700 ($ge).
Removed top 1 bits (of 8) from port B of cell top_basys3_rdm6300.$flatten\u_parser.\u_decoder.$le$/home/hiepthai/Desktop/uart-fifo-rfid-asic/rdm6300_asic_fpga_modular/rtl/rdm6300/rdm6300_frame_decoder.v:51$701 ($le).
Removed top 1 bits (of 8) from port B of cell top_basys3_rdm6300.$flatten\u_parser.\u_decoder.$sub$/home/hiepthai/Desktop/uart-fifo-rfid-asic/rdm6300_asic_fpga_modular/rtl/rdm6300/rdm6300_frame_decoder.v:52$704 ($sub).
Removed top 4 bits (of 8) from port B of cell top_basys3_rdm6300.$flatten\u_parser.\u_decoder.$add$/home/hiepthai/Desktop/uart-fifo-rfid-asic/rdm6300_asic_fpga_modular/rtl/rdm6300/rdm6300_frame_decoder.v:52$705 ($add).
Removed top 3 bits (of 8) from port Y of cell top_basys3_rdm6300.$flatten\u_parser.\u_decoder.$add$/home/hiepthai/Desktop/uart-fifo-rfid-asic/rdm6300_asic_fpga_modular/rtl/rdm6300/rdm6300_frame_decoder.v:52$705 ($add).
Removed top 3 bits (of 8) from port A of cell top_basys3_rdm6300.$flatten\u_parser.\u_decoder.$add$/home/hiepthai/Desktop/uart-fifo-rfid-asic/rdm6300_asic_fpga_modular/rtl/rdm6300/rdm6300_frame_decoder.v:52$705 ($add).
Removed top 1 bits (of 8) from port B of cell top_basys3_rdm6300.$flatten\u_parser.\u_decoder.$ge$/home/hiepthai/Desktop/uart-fifo-rfid-asic/rdm6300_asic_fpga_modular/rtl/rdm6300/rdm6300_frame_decoder.v:53$706 ($ge).
Removed top 1 bits (of 8) from port B of cell top_basys3_rdm6300.$flatten\u_parser.\u_decoder.$le$/home/hiepthai/Desktop/uart-fifo-rfid-asic/rdm6300_asic_fpga_modular/rtl/rdm6300/rdm6300_frame_decoder.v:53$707 ($le).
Removed top 1 bits (of 8) from port B of cell top_basys3_rdm6300.$flatten\u_parser.\u_decoder.$sub$/home/hiepthai/Desktop/uart-fifo-rfid-asic/rdm6300_asic_fpga_modular/rtl/rdm6300/rdm6300_frame_decoder.v:54$710 ($sub).
Removed top 4 bits (of 8) from port B of cell top_basys3_rdm6300.$flatten\u_parser.\u_decoder.$add$/home/hiepthai/Desktop/uart-fifo-rfid-asic/rdm6300_asic_fpga_modular/rtl/rdm6300/rdm6300_frame_decoder.v:54$711 ($add).
Removed top 3 bits (of 8) from port Y of cell top_basys3_rdm6300.$flatten\u_parser.\u_decoder.$add$/home/hiepthai/Desktop/uart-fifo-rfid-asic/rdm6300_asic_fpga_modular/rtl/rdm6300/rdm6300_frame_decoder.v:54$711 ($add).
Removed top 3 bits (of 8) from port A of cell top_basys3_rdm6300.$flatten\u_parser.\u_decoder.$add$/home/hiepthai/Desktop/uart-fifo-rfid-asic/rdm6300_asic_fpga_modular/rtl/rdm6300/rdm6300_frame_decoder.v:54$711 ($add).
Removed top 2 bits (of 8) from port B of cell top_basys3_rdm6300.$flatten\u_parser.\u_decoder.$ge$/home/hiepthai/Desktop/uart-fifo-rfid-asic/rdm6300_asic_fpga_modular/rtl/rdm6300/rdm6300_frame_decoder.v:49$712 ($ge).
Removed top 2 bits (of 8) from port B of cell top_basys3_rdm6300.$flatten\u_parser.\u_decoder.$le$/home/hiepthai/Desktop/uart-fifo-rfid-asic/rdm6300_asic_fpga_modular/rtl/rdm6300/rdm6300_frame_decoder.v:49$713 ($le).
Removed top 2 bits (of 8) from port B of cell top_basys3_rdm6300.$flatten\u_parser.\u_decoder.$sub$/home/hiepthai/Desktop/uart-fifo-rfid-asic/rdm6300_asic_fpga_modular/rtl/rdm6300/rdm6300_frame_decoder.v:50$716 ($sub).
Removed top 3 bits (of 8) from port Y of cell top_basys3_rdm6300.$flatten\u_parser.\u_decoder.$sub$/home/hiepthai/Desktop/uart-fifo-rfid-asic/rdm6300_asic_fpga_modular/rtl/rdm6300/rdm6300_frame_decoder.v:50$716 ($sub).
Removed top 3 bits (of 8) from port A of cell top_basys3_rdm6300.$flatten\u_parser.\u_decoder.$sub$/home/hiepthai/Desktop/uart-fifo-rfid-asic/rdm6300_asic_fpga_modular/rtl/rdm6300/rdm6300_frame_decoder.v:50$716 ($sub).
Removed top 1 bits (of 6) from port B of cell top_basys3_rdm6300.$flatten\u_parser.\u_decoder.$sub$/home/hiepthai/Desktop/uart-fifo-rfid-asic/rdm6300_asic_fpga_modular/rtl/rdm6300/rdm6300_frame_decoder.v:50$716 ($sub).
Removed top 1 bits (of 8) from port B of cell top_basys3_rdm6300.$flatten\u_parser.\u_decoder.$ge$/home/hiepthai/Desktop/uart-fifo-rfid-asic/rdm6300_asic_fpga_modular/rtl/rdm6300/rdm6300_frame_decoder.v:51$717 ($ge).
Removed top 1 bits (of 8) from port B of cell top_basys3_rdm6300.$flatten\u_parser.\u_decoder.$le$/home/hiepthai/Desktop/uart-fifo-rfid-asic/rdm6300_asic_fpga_modular/rtl/rdm6300/rdm6300_frame_decoder.v:51$718 ($le).
Removed top 1 bits (of 8) from port B of cell top_basys3_rdm6300.$flatten\u_parser.\u_decoder.$sub$/home/hiepthai/Desktop/uart-fifo-rfid-asic/rdm6300_asic_fpga_modular/rtl/rdm6300/rdm6300_frame_decoder.v:52$721 ($sub).
Removed top 4 bits (of 8) from port B of cell top_basys3_rdm6300.$flatten\u_parser.\u_decoder.$add$/home/hiepthai/Desktop/uart-fifo-rfid-asic/rdm6300_asic_fpga_modular/rtl/rdm6300/rdm6300_frame_decoder.v:52$722 ($add).
Removed top 3 bits (of 8) from port Y of cell top_basys3_rdm6300.$flatten\u_parser.\u_decoder.$add$/home/hiepthai/Desktop/uart-fifo-rfid-asic/rdm6300_asic_fpga_modular/rtl/rdm6300/rdm6300_frame_decoder.v:52$722 ($add).
Removed top 3 bits (of 8) from port A of cell top_basys3_rdm6300.$flatten\u_parser.\u_decoder.$add$/home/hiepthai/Desktop/uart-fifo-rfid-asic/rdm6300_asic_fpga_modular/rtl/rdm6300/rdm6300_frame_decoder.v:52$722 ($add).
Removed top 1 bits (of 8) from port B of cell top_basys3_rdm6300.$flatten\u_parser.\u_decoder.$ge$/home/hiepthai/Desktop/uart-fifo-rfid-asic/rdm6300_asic_fpga_modular/rtl/rdm6300/rdm6300_frame_decoder.v:53$723 ($ge).
Removed top 1 bits (of 8) from port B of cell top_basys3_rdm6300.$flatten\u_parser.\u_decoder.$le$/home/hiepthai/Desktop/uart-fifo-rfid-asic/rdm6300_asic_fpga_modular/rtl/rdm6300/rdm6300_frame_decoder.v:53$724 ($le).
Removed top 1 bits (of 8) from port B of cell top_basys3_rdm6300.$flatten\u_parser.\u_decoder.$sub$/home/hiepthai/Desktop/uart-fifo-rfid-asic/rdm6300_asic_fpga_modular/rtl/rdm6300/rdm6300_frame_decoder.v:54$727 ($sub).
Removed top 4 bits (of 8) from port B of cell top_basys3_rdm6300.$flatten\u_parser.\u_decoder.$add$/home/hiepthai/Desktop/uart-fifo-rfid-asic/rdm6300_asic_fpga_modular/rtl/rdm6300/rdm6300_frame_decoder.v:54$728 ($add).
Removed top 3 bits (of 8) from port Y of cell top_basys3_rdm6300.$flatten\u_parser.\u_decoder.$add$/home/hiepthai/Desktop/uart-fifo-rfid-asic/rdm6300_asic_fpga_modular/rtl/rdm6300/rdm6300_frame_decoder.v:54$728 ($add).
Removed top 3 bits (of 8) from port A of cell top_basys3_rdm6300.$flatten\u_parser.\u_decoder.$add$/home/hiepthai/Desktop/uart-fifo-rfid-asic/rdm6300_asic_fpga_modular/rtl/rdm6300/rdm6300_frame_decoder.v:54$728 ($add).
Removed top 2 bits (of 8) from port B of cell top_basys3_rdm6300.$flatten\u_parser.\u_decoder.$ge$/home/hiepthai/Desktop/uart-fifo-rfid-asic/rdm6300_asic_fpga_modular/rtl/rdm6300/rdm6300_frame_decoder.v:49$729 ($ge).
Removed top 2 bits (of 8) from port B of cell top_basys3_rdm6300.$flatten\u_parser.\u_decoder.$le$/home/hiepthai/Desktop/uart-fifo-rfid-asic/rdm6300_asic_fpga_modular/rtl/rdm6300/rdm6300_frame_decoder.v:49$730 ($le).
Removed top 2 bits (of 8) from port B of cell top_basys3_rdm6300.$flatten\u_parser.\u_decoder.$sub$/home/hiepthai/Desktop/uart-fifo-rfid-asic/rdm6300_asic_fpga_modular/rtl/rdm6300/rdm6300_frame_decoder.v:50$733 ($sub).
Removed top 3 bits (of 8) from port Y of cell top_basys3_rdm6300.$flatten\u_parser.\u_decoder.$sub$/home/hiepthai/Desktop/uart-fifo-rfid-asic/rdm6300_asic_fpga_modular/rtl/rdm6300/rdm6300_frame_decoder.v:50$733 ($sub).
Removed top 3 bits (of 8) from port A of cell top_basys3_rdm6300.$flatten\u_parser.\u_decoder.$sub$/home/hiepthai/Desktop/uart-fifo-rfid-asic/rdm6300_asic_fpga_modular/rtl/rdm6300/rdm6300_frame_decoder.v:50$733 ($sub).
Removed top 1 bits (of 6) from port B of cell top_basys3_rdm6300.$flatten\u_parser.\u_decoder.$sub$/home/hiepthai/Desktop/uart-fifo-rfid-asic/rdm6300_asic_fpga_modular/rtl/rdm6300/rdm6300_frame_decoder.v:50$733 ($sub).
Removed top 1 bits (of 8) from port B of cell top_basys3_rdm6300.$flatten\u_parser.\u_decoder.$ge$/home/hiepthai/Desktop/uart-fifo-rfid-asic/rdm6300_asic_fpga_modular/rtl/rdm6300/rdm6300_frame_decoder.v:51$734 ($ge).
Removed top 1 bits (of 8) from port B of cell top_basys3_rdm6300.$flatten\u_parser.\u_decoder.$le$/home/hiepthai/Desktop/uart-fifo-rfid-asic/rdm6300_asic_fpga_modular/rtl/rdm6300/rdm6300_frame_decoder.v:51$735 ($le).
Removed top 1 bits (of 8) from port B of cell top_basys3_rdm6300.$flatten\u_parser.\u_decoder.$sub$/home/hiepthai/Desktop/uart-fifo-rfid-asic/rdm6300_asic_fpga_modular/rtl/rdm6300/rdm6300_frame_decoder.v:52$738 ($sub).
Removed top 4 bits (of 8) from port B of cell top_basys3_rdm6300.$flatten\u_parser.\u_decoder.$add$/home/hiepthai/Desktop/uart-fifo-rfid-asic/rdm6300_asic_fpga_modular/rtl/rdm6300/rdm6300_frame_decoder.v:52$739 ($add).
Removed top 3 bits (of 8) from port Y of cell top_basys3_rdm6300.$flatten\u_parser.\u_decoder.$add$/home/hiepthai/Desktop/uart-fifo-rfid-asic/rdm6300_asic_fpga_modular/rtl/rdm6300/rdm6300_frame_decoder.v:52$739 ($add).
Removed top 3 bits (of 8) from port A of cell top_basys3_rdm6300.$flatten\u_parser.\u_decoder.$add$/home/hiepthai/Desktop/uart-fifo-rfid-asic/rdm6300_asic_fpga_modular/rtl/rdm6300/rdm6300_frame_decoder.v:52$739 ($add).
Removed top 1 bits (of 8) from port B of cell top_basys3_rdm6300.$flatten\u_parser.\u_decoder.$ge$/home/hiepthai/Desktop/uart-fifo-rfid-asic/rdm6300_asic_fpga_modular/rtl/rdm6300/rdm6300_frame_decoder.v:53$740 ($ge).
Removed top 1 bits (of 8) from port B of cell top_basys3_rdm6300.$flatten\u_parser.\u_decoder.$le$/home/hiepthai/Desktop/uart-fifo-rfid-asic/rdm6300_asic_fpga_modular/rtl/rdm6300/rdm6300_frame_decoder.v:53$741 ($le).
Removed top 1 bits (of 8) from port B of cell top_basys3_rdm6300.$flatten\u_parser.\u_decoder.$sub$/home/hiepthai/Desktop/uart-fifo-rfid-asic/rdm6300_asic_fpga_modular/rtl/rdm6300/rdm6300_frame_decoder.v:54$744 ($sub).
Removed top 4 bits (of 8) from port B of cell top_basys3_rdm6300.$flatten\u_parser.\u_decoder.$add$/home/hiepthai/Desktop/uart-fifo-rfid-asic/rdm6300_asic_fpga_modular/rtl/rdm6300/rdm6300_frame_decoder.v:54$745 ($add).
Removed top 3 bits (of 8) from port Y of cell top_basys3_rdm6300.$flatten\u_parser.\u_decoder.$add$/home/hiepthai/Desktop/uart-fifo-rfid-asic/rdm6300_asic_fpga_modular/rtl/rdm6300/rdm6300_frame_decoder.v:54$745 ($add).
Removed top 3 bits (of 8) from port A of cell top_basys3_rdm6300.$flatten\u_parser.\u_decoder.$add$/home/hiepthai/Desktop/uart-fifo-rfid-asic/rdm6300_asic_fpga_modular/rtl/rdm6300/rdm6300_frame_decoder.v:54$745 ($add).
Removed top 2 bits (of 8) from port B of cell top_basys3_rdm6300.$flatten\u_parser.\u_decoder.$ge$/home/hiepthai/Desktop/uart-fifo-rfid-asic/rdm6300_asic_fpga_modular/rtl/rdm6300/rdm6300_frame_decoder.v:49$746 ($ge).
Removed top 2 bits (of 8) from port B of cell top_basys3_rdm6300.$flatten\u_parser.\u_decoder.$le$/home/hiepthai/Desktop/uart-fifo-rfid-asic/rdm6300_asic_fpga_modular/rtl/rdm6300/rdm6300_frame_decoder.v:49$747 ($le).
Removed top 2 bits (of 8) from port B of cell top_basys3_rdm6300.$flatten\u_parser.\u_decoder.$sub$/home/hiepthai/Desktop/uart-fifo-rfid-asic/rdm6300_asic_fpga_modular/rtl/rdm6300/rdm6300_frame_decoder.v:50$750 ($sub).
Removed top 3 bits (of 8) from port Y of cell top_basys3_rdm6300.$flatten\u_parser.\u_decoder.$sub$/home/hiepthai/Desktop/uart-fifo-rfid-asic/rdm6300_asic_fpga_modular/rtl/rdm6300/rdm6300_frame_decoder.v:50$750 ($sub).
Removed top 3 bits (of 8) from port A of cell top_basys3_rdm6300.$flatten\u_parser.\u_decoder.$sub$/home/hiepthai/Desktop/uart-fifo-rfid-asic/rdm6300_asic_fpga_modular/rtl/rdm6300/rdm6300_frame_decoder.v:50$750 ($sub).
Removed top 1 bits (of 6) from port B of cell top_basys3_rdm6300.$flatten\u_parser.\u_decoder.$sub$/home/hiepthai/Desktop/uart-fifo-rfid-asic/rdm6300_asic_fpga_modular/rtl/rdm6300/rdm6300_frame_decoder.v:50$750 ($sub).
Removed top 1 bits (of 8) from port B of cell top_basys3_rdm6300.$flatten\u_parser.\u_decoder.$ge$/home/hiepthai/Desktop/uart-fifo-rfid-asic/rdm6300_asic_fpga_modular/rtl/rdm6300/rdm6300_frame_decoder.v:51$751 ($ge).
Removed top 1 bits (of 8) from port B of cell top_basys3_rdm6300.$flatten\u_parser.\u_decoder.$le$/home/hiepthai/Desktop/uart-fifo-rfid-asic/rdm6300_asic_fpga_modular/rtl/rdm6300/rdm6300_frame_decoder.v:51$752 ($le).
Removed top 1 bits (of 8) from port B of cell top_basys3_rdm6300.$flatten\u_parser.\u_decoder.$sub$/home/hiepthai/Desktop/uart-fifo-rfid-asic/rdm6300_asic_fpga_modular/rtl/rdm6300/rdm6300_frame_decoder.v:52$755 ($sub).
Removed top 4 bits (of 8) from port B of cell top_basys3_rdm6300.$flatten\u_parser.\u_decoder.$add$/home/hiepthai/Desktop/uart-fifo-rfid-asic/rdm6300_asic_fpga_modular/rtl/rdm6300/rdm6300_frame_decoder.v:52$756 ($add).
Removed top 3 bits (of 8) from port Y of cell top_basys3_rdm6300.$flatten\u_parser.\u_decoder.$add$/home/hiepthai/Desktop/uart-fifo-rfid-asic/rdm6300_asic_fpga_modular/rtl/rdm6300/rdm6300_frame_decoder.v:52$756 ($add).
Removed top 3 bits (of 8) from port A of cell top_basys3_rdm6300.$flatten\u_parser.\u_decoder.$add$/home/hiepthai/Desktop/uart-fifo-rfid-asic/rdm6300_asic_fpga_modular/rtl/rdm6300/rdm6300_frame_decoder.v:52$756 ($add).
Removed top 1 bits (of 8) from port B of cell top_basys3_rdm6300.$flatten\u_parser.\u_decoder.$ge$/home/hiepthai/Desktop/uart-fifo-rfid-asic/rdm6300_asic_fpga_modular/rtl/rdm6300/rdm6300_frame_decoder.v:53$757 ($ge).
Removed top 1 bits (of 8) from port B of cell top_basys3_rdm6300.$flatten\u_parser.\u_decoder.$le$/home/hiepthai/Desktop/uart-fifo-rfid-asic/rdm6300_asic_fpga_modular/rtl/rdm6300/rdm6300_frame_decoder.v:53$758 ($le).
Removed top 1 bits (of 8) from port B of cell top_basys3_rdm6300.$flatten\u_parser.\u_decoder.$sub$/home/hiepthai/Desktop/uart-fifo-rfid-asic/rdm6300_asic_fpga_modular/rtl/rdm6300/rdm6300_frame_decoder.v:54$761 ($sub).
Removed top 4 bits (of 8) from port B of cell top_basys3_rdm6300.$flatten\u_parser.\u_decoder.$add$/home/hiepthai/Desktop/uart-fifo-rfid-asic/rdm6300_asic_fpga_modular/rtl/rdm6300/rdm6300_frame_decoder.v:54$762 ($add).
Removed top 3 bits (of 8) from port Y of cell top_basys3_rdm6300.$flatten\u_parser.\u_decoder.$add$/home/hiepthai/Desktop/uart-fifo-rfid-asic/rdm6300_asic_fpga_modular/rtl/rdm6300/rdm6300_frame_decoder.v:54$762 ($add).
Removed top 3 bits (of 8) from port A of cell top_basys3_rdm6300.$flatten\u_parser.\u_decoder.$add$/home/hiepthai/Desktop/uart-fifo-rfid-asic/rdm6300_asic_fpga_modular/rtl/rdm6300/rdm6300_frame_decoder.v:54$762 ($add).
Removed top 2 bits (of 8) from port B of cell top_basys3_rdm6300.$flatten\u_parser.\u_decoder.$ge$/home/hiepthai/Desktop/uart-fifo-rfid-asic/rdm6300_asic_fpga_modular/rtl/rdm6300/rdm6300_frame_decoder.v:49$763 ($ge).
Removed top 2 bits (of 8) from port B of cell top_basys3_rdm6300.$flatten\u_parser.\u_decoder.$le$/home/hiepthai/Desktop/uart-fifo-rfid-asic/rdm6300_asic_fpga_modular/rtl/rdm6300/rdm6300_frame_decoder.v:49$764 ($le).
Removed top 2 bits (of 8) from port B of cell top_basys3_rdm6300.$flatten\u_parser.\u_decoder.$sub$/home/hiepthai/Desktop/uart-fifo-rfid-asic/rdm6300_asic_fpga_modular/rtl/rdm6300/rdm6300_frame_decoder.v:50$767 ($sub).
Removed top 3 bits (of 8) from port Y of cell top_basys3_rdm6300.$flatten\u_parser.\u_decoder.$sub$/home/hiepthai/Desktop/uart-fifo-rfid-asic/rdm6300_asic_fpga_modular/rtl/rdm6300/rdm6300_frame_decoder.v:50$767 ($sub).
Removed top 3 bits (of 8) from port A of cell top_basys3_rdm6300.$flatten\u_parser.\u_decoder.$sub$/home/hiepthai/Desktop/uart-fifo-rfid-asic/rdm6300_asic_fpga_modular/rtl/rdm6300/rdm6300_frame_decoder.v:50$767 ($sub).
Removed top 1 bits (of 6) from port B of cell top_basys3_rdm6300.$flatten\u_parser.\u_decoder.$sub$/home/hiepthai/Desktop/uart-fifo-rfid-asic/rdm6300_asic_fpga_modular/rtl/rdm6300/rdm6300_frame_decoder.v:50$767 ($sub).
Removed top 1 bits (of 8) from port B of cell top_basys3_rdm6300.$flatten\u_parser.\u_decoder.$ge$/home/hiepthai/Desktop/uart-fifo-rfid-asic/rdm6300_asic_fpga_modular/rtl/rdm6300/rdm6300_frame_decoder.v:51$768 ($ge).
Removed top 1 bits (of 8) from port B of cell top_basys3_rdm6300.$flatten\u_parser.\u_decoder.$le$/home/hiepthai/Desktop/uart-fifo-rfid-asic/rdm6300_asic_fpga_modular/rtl/rdm6300/rdm6300_frame_decoder.v:51$769 ($le).
Removed top 1 bits (of 8) from port B of cell top_basys3_rdm6300.$flatten\u_parser.\u_decoder.$sub$/home/hiepthai/Desktop/uart-fifo-rfid-asic/rdm6300_asic_fpga_modular/rtl/rdm6300/rdm6300_frame_decoder.v:52$772 ($sub).
Removed top 4 bits (of 8) from port B of cell top_basys3_rdm6300.$flatten\u_parser.\u_decoder.$add$/home/hiepthai/Desktop/uart-fifo-rfid-asic/rdm6300_asic_fpga_modular/rtl/rdm6300/rdm6300_frame_decoder.v:52$773 ($add).
Removed top 3 bits (of 8) from port Y of cell top_basys3_rdm6300.$flatten\u_parser.\u_decoder.$add$/home/hiepthai/Desktop/uart-fifo-rfid-asic/rdm6300_asic_fpga_modular/rtl/rdm6300/rdm6300_frame_decoder.v:52$773 ($add).
Removed top 3 bits (of 8) from port A of cell top_basys3_rdm6300.$flatten\u_parser.\u_decoder.$add$/home/hiepthai/Desktop/uart-fifo-rfid-asic/rdm6300_asic_fpga_modular/rtl/rdm6300/rdm6300_frame_decoder.v:52$773 ($add).
Removed top 1 bits (of 8) from port B of cell top_basys3_rdm6300.$flatten\u_parser.\u_decoder.$ge$/home/hiepthai/Desktop/uart-fifo-rfid-asic/rdm6300_asic_fpga_modular/rtl/rdm6300/rdm6300_frame_decoder.v:53$774 ($ge).
Removed top 1 bits (of 8) from port B of cell top_basys3_rdm6300.$flatten\u_parser.\u_decoder.$le$/home/hiepthai/Desktop/uart-fifo-rfid-asic/rdm6300_asic_fpga_modular/rtl/rdm6300/rdm6300_frame_decoder.v:53$775 ($le).
Removed top 1 bits (of 8) from port B of cell top_basys3_rdm6300.$flatten\u_parser.\u_decoder.$sub$/home/hiepthai/Desktop/uart-fifo-rfid-asic/rdm6300_asic_fpga_modular/rtl/rdm6300/rdm6300_frame_decoder.v:54$778 ($sub).
Removed top 4 bits (of 8) from port B of cell top_basys3_rdm6300.$flatten\u_parser.\u_decoder.$add$/home/hiepthai/Desktop/uart-fifo-rfid-asic/rdm6300_asic_fpga_modular/rtl/rdm6300/rdm6300_frame_decoder.v:54$779 ($add).
Removed top 3 bits (of 8) from port Y of cell top_basys3_rdm6300.$flatten\u_parser.\u_decoder.$add$/home/hiepthai/Desktop/uart-fifo-rfid-asic/rdm6300_asic_fpga_modular/rtl/rdm6300/rdm6300_frame_decoder.v:54$779 ($add).
Removed top 3 bits (of 8) from port A of cell top_basys3_rdm6300.$flatten\u_parser.\u_decoder.$add$/home/hiepthai/Desktop/uart-fifo-rfid-asic/rdm6300_asic_fpga_modular/rtl/rdm6300/rdm6300_frame_decoder.v:54$779 ($add).
Removed top 2 bits (of 8) from port B of cell top_basys3_rdm6300.$flatten\u_parser.\u_decoder.$ge$/home/hiepthai/Desktop/uart-fifo-rfid-asic/rdm6300_asic_fpga_modular/rtl/rdm6300/rdm6300_frame_decoder.v:49$780 ($ge).
Removed top 2 bits (of 8) from port B of cell top_basys3_rdm6300.$flatten\u_parser.\u_decoder.$le$/home/hiepthai/Desktop/uart-fifo-rfid-asic/rdm6300_asic_fpga_modular/rtl/rdm6300/rdm6300_frame_decoder.v:49$781 ($le).
Removed top 2 bits (of 8) from port B of cell top_basys3_rdm6300.$flatten\u_parser.\u_decoder.$sub$/home/hiepthai/Desktop/uart-fifo-rfid-asic/rdm6300_asic_fpga_modular/rtl/rdm6300/rdm6300_frame_decoder.v:50$784 ($sub).
Removed top 3 bits (of 8) from port Y of cell top_basys3_rdm6300.$flatten\u_parser.\u_decoder.$sub$/home/hiepthai/Desktop/uart-fifo-rfid-asic/rdm6300_asic_fpga_modular/rtl/rdm6300/rdm6300_frame_decoder.v:50$784 ($sub).
Removed top 3 bits (of 8) from port A of cell top_basys3_rdm6300.$flatten\u_parser.\u_decoder.$sub$/home/hiepthai/Desktop/uart-fifo-rfid-asic/rdm6300_asic_fpga_modular/rtl/rdm6300/rdm6300_frame_decoder.v:50$784 ($sub).
Removed top 1 bits (of 6) from port B of cell top_basys3_rdm6300.$flatten\u_parser.\u_decoder.$sub$/home/hiepthai/Desktop/uart-fifo-rfid-asic/rdm6300_asic_fpga_modular/rtl/rdm6300/rdm6300_frame_decoder.v:50$784 ($sub).
Removed top 1 bits (of 8) from port B of cell top_basys3_rdm6300.$flatten\u_parser.\u_decoder.$ge$/home/hiepthai/Desktop/uart-fifo-rfid-asic/rdm6300_asic_fpga_modular/rtl/rdm6300/rdm6300_frame_decoder.v:51$785 ($ge).
Removed top 1 bits (of 8) from port B of cell top_basys3_rdm6300.$flatten\u_parser.\u_decoder.$le$/home/hiepthai/Desktop/uart-fifo-rfid-asic/rdm6300_asic_fpga_modular/rtl/rdm6300/rdm6300_frame_decoder.v:51$786 ($le).
Removed top 1 bits (of 8) from port B of cell top_basys3_rdm6300.$flatten\u_parser.\u_decoder.$sub$/home/hiepthai/Desktop/uart-fifo-rfid-asic/rdm6300_asic_fpga_modular/rtl/rdm6300/rdm6300_frame_decoder.v:52$789 ($sub).
Removed top 4 bits (of 8) from port B of cell top_basys3_rdm6300.$flatten\u_parser.\u_decoder.$add$/home/hiepthai/Desktop/uart-fifo-rfid-asic/rdm6300_asic_fpga_modular/rtl/rdm6300/rdm6300_frame_decoder.v:52$790 ($add).
Removed top 3 bits (of 8) from port Y of cell top_basys3_rdm6300.$flatten\u_parser.\u_decoder.$add$/home/hiepthai/Desktop/uart-fifo-rfid-asic/rdm6300_asic_fpga_modular/rtl/rdm6300/rdm6300_frame_decoder.v:52$790 ($add).
Removed top 3 bits (of 8) from port A of cell top_basys3_rdm6300.$flatten\u_parser.\u_decoder.$add$/home/hiepthai/Desktop/uart-fifo-rfid-asic/rdm6300_asic_fpga_modular/rtl/rdm6300/rdm6300_frame_decoder.v:52$790 ($add).
Removed top 1 bits (of 8) from port B of cell top_basys3_rdm6300.$flatten\u_parser.\u_decoder.$ge$/home/hiepthai/Desktop/uart-fifo-rfid-asic/rdm6300_asic_fpga_modular/rtl/rdm6300/rdm6300_frame_decoder.v:53$791 ($ge).
Removed top 1 bits (of 8) from port B of cell top_basys3_rdm6300.$flatten\u_parser.\u_decoder.$le$/home/hiepthai/Desktop/uart-fifo-rfid-asic/rdm6300_asic_fpga_modular/rtl/rdm6300/rdm6300_frame_decoder.v:53$792 ($le).
Removed top 1 bits (of 8) from port B of cell top_basys3_rdm6300.$flatten\u_parser.\u_decoder.$sub$/home/hiepthai/Desktop/uart-fifo-rfid-asic/rdm6300_asic_fpga_modular/rtl/rdm6300/rdm6300_frame_decoder.v:54$795 ($sub).
Removed top 4 bits (of 8) from port B of cell top_basys3_rdm6300.$flatten\u_parser.\u_decoder.$add$/home/hiepthai/Desktop/uart-fifo-rfid-asic/rdm6300_asic_fpga_modular/rtl/rdm6300/rdm6300_frame_decoder.v:54$796 ($add).
Removed top 3 bits (of 8) from port Y of cell top_basys3_rdm6300.$flatten\u_parser.\u_decoder.$add$/home/hiepthai/Desktop/uart-fifo-rfid-asic/rdm6300_asic_fpga_modular/rtl/rdm6300/rdm6300_frame_decoder.v:54$796 ($add).
Removed top 3 bits (of 8) from port A of cell top_basys3_rdm6300.$flatten\u_parser.\u_decoder.$add$/home/hiepthai/Desktop/uart-fifo-rfid-asic/rdm6300_asic_fpga_modular/rtl/rdm6300/rdm6300_frame_decoder.v:54$796 ($add).
Removed top 2 bits (of 8) from port B of cell top_basys3_rdm6300.$flatten\u_parser.\u_decoder.$ge$/home/hiepthai/Desktop/uart-fifo-rfid-asic/rdm6300_asic_fpga_modular/rtl/rdm6300/rdm6300_frame_decoder.v:49$797 ($ge).
Removed top 2 bits (of 8) from port B of cell top_basys3_rdm6300.$flatten\u_parser.\u_decoder.$le$/home/hiepthai/Desktop/uart-fifo-rfid-asic/rdm6300_asic_fpga_modular/rtl/rdm6300/rdm6300_frame_decoder.v:49$798 ($le).
Removed top 2 bits (of 8) from port B of cell top_basys3_rdm6300.$flatten\u_parser.\u_decoder.$sub$/home/hiepthai/Desktop/uart-fifo-rfid-asic/rdm6300_asic_fpga_modular/rtl/rdm6300/rdm6300_frame_decoder.v:50$801 ($sub).
Removed top 3 bits (of 8) from port Y of cell top_basys3_rdm6300.$flatten\u_parser.\u_decoder.$sub$/home/hiepthai/Desktop/uart-fifo-rfid-asic/rdm6300_asic_fpga_modular/rtl/rdm6300/rdm6300_frame_decoder.v:50$801 ($sub).
Removed top 3 bits (of 8) from port A of cell top_basys3_rdm6300.$flatten\u_parser.\u_decoder.$sub$/home/hiepthai/Desktop/uart-fifo-rfid-asic/rdm6300_asic_fpga_modular/rtl/rdm6300/rdm6300_frame_decoder.v:50$801 ($sub).
Removed top 1 bits (of 6) from port B of cell top_basys3_rdm6300.$flatten\u_parser.\u_decoder.$sub$/home/hiepthai/Desktop/uart-fifo-rfid-asic/rdm6300_asic_fpga_modular/rtl/rdm6300/rdm6300_frame_decoder.v:50$801 ($sub).
Removed top 1 bits (of 8) from port B of cell top_basys3_rdm6300.$flatten\u_parser.\u_decoder.$ge$/home/hiepthai/Desktop/uart-fifo-rfid-asic/rdm6300_asic_fpga_modular/rtl/rdm6300/rdm6300_frame_decoder.v:51$802 ($ge).
Removed top 1 bits (of 8) from port B of cell top_basys3_rdm6300.$flatten\u_parser.\u_decoder.$le$/home/hiepthai/Desktop/uart-fifo-rfid-asic/rdm6300_asic_fpga_modular/rtl/rdm6300/rdm6300_frame_decoder.v:51$803 ($le).
Removed top 1 bits (of 8) from port B of cell top_basys3_rdm6300.$flatten\u_parser.\u_decoder.$sub$/home/hiepthai/Desktop/uart-fifo-rfid-asic/rdm6300_asic_fpga_modular/rtl/rdm6300/rdm6300_frame_decoder.v:52$806 ($sub).
Removed top 4 bits (of 8) from port B of cell top_basys3_rdm6300.$flatten\u_parser.\u_decoder.$add$/home/hiepthai/Desktop/uart-fifo-rfid-asic/rdm6300_asic_fpga_modular/rtl/rdm6300/rdm6300_frame_decoder.v:52$807 ($add).
Removed top 3 bits (of 8) from port Y of cell top_basys3_rdm6300.$flatten\u_parser.\u_decoder.$add$/home/hiepthai/Desktop/uart-fifo-rfid-asic/rdm6300_asic_fpga_modular/rtl/rdm6300/rdm6300_frame_decoder.v:52$807 ($add).
Removed top 3 bits (of 8) from port A of cell top_basys3_rdm6300.$flatten\u_parser.\u_decoder.$add$/home/hiepthai/Desktop/uart-fifo-rfid-asic/rdm6300_asic_fpga_modular/rtl/rdm6300/rdm6300_frame_decoder.v:52$807 ($add).
Removed top 1 bits (of 8) from port B of cell top_basys3_rdm6300.$flatten\u_parser.\u_decoder.$ge$/home/hiepthai/Desktop/uart-fifo-rfid-asic/rdm6300_asic_fpga_modular/rtl/rdm6300/rdm6300_frame_decoder.v:53$808 ($ge).
Removed top 1 bits (of 8) from port B of cell top_basys3_rdm6300.$flatten\u_parser.\u_decoder.$le$/home/hiepthai/Desktop/uart-fifo-rfid-asic/rdm6300_asic_fpga_modular/rtl/rdm6300/rdm6300_frame_decoder.v:53$809 ($le).
Removed top 1 bits (of 8) from port B of cell top_basys3_rdm6300.$flatten\u_parser.\u_decoder.$sub$/home/hiepthai/Desktop/uart-fifo-rfid-asic/rdm6300_asic_fpga_modular/rtl/rdm6300/rdm6300_frame_decoder.v:54$812 ($sub).
Removed top 4 bits (of 8) from port B of cell top_basys3_rdm6300.$flatten\u_parser.\u_decoder.$add$/home/hiepthai/Desktop/uart-fifo-rfid-asic/rdm6300_asic_fpga_modular/rtl/rdm6300/rdm6300_frame_decoder.v:54$813 ($add).
Removed top 3 bits (of 8) from port Y of cell top_basys3_rdm6300.$flatten\u_parser.\u_decoder.$add$/home/hiepthai/Desktop/uart-fifo-rfid-asic/rdm6300_asic_fpga_modular/rtl/rdm6300/rdm6300_frame_decoder.v:54$813 ($add).
Removed top 3 bits (of 8) from port A of cell top_basys3_rdm6300.$flatten\u_parser.\u_decoder.$add$/home/hiepthai/Desktop/uart-fifo-rfid-asic/rdm6300_asic_fpga_modular/rtl/rdm6300/rdm6300_frame_decoder.v:54$813 ($add).
Removed top 2 bits (of 8) from port B of cell top_basys3_rdm6300.$flatten\u_parser.\u_decoder.$ge$/home/hiepthai/Desktop/uart-fifo-rfid-asic/rdm6300_asic_fpga_modular/rtl/rdm6300/rdm6300_frame_decoder.v:49$814 ($ge).
Removed top 2 bits (of 8) from port B of cell top_basys3_rdm6300.$flatten\u_parser.\u_decoder.$le$/home/hiepthai/Desktop/uart-fifo-rfid-asic/rdm6300_asic_fpga_modular/rtl/rdm6300/rdm6300_frame_decoder.v:49$815 ($le).
Removed top 2 bits (of 8) from port B of cell top_basys3_rdm6300.$flatten\u_parser.\u_decoder.$sub$/home/hiepthai/Desktop/uart-fifo-rfid-asic/rdm6300_asic_fpga_modular/rtl/rdm6300/rdm6300_frame_decoder.v:50$818 ($sub).
Removed top 3 bits (of 8) from port Y of cell top_basys3_rdm6300.$flatten\u_parser.\u_decoder.$sub$/home/hiepthai/Desktop/uart-fifo-rfid-asic/rdm6300_asic_fpga_modular/rtl/rdm6300/rdm6300_frame_decoder.v:50$818 ($sub).
Removed top 3 bits (of 8) from port A of cell top_basys3_rdm6300.$flatten\u_parser.\u_decoder.$sub$/home/hiepthai/Desktop/uart-fifo-rfid-asic/rdm6300_asic_fpga_modular/rtl/rdm6300/rdm6300_frame_decoder.v:50$818 ($sub).
Removed top 1 bits (of 6) from port B of cell top_basys3_rdm6300.$flatten\u_parser.\u_decoder.$sub$/home/hiepthai/Desktop/uart-fifo-rfid-asic/rdm6300_asic_fpga_modular/rtl/rdm6300/rdm6300_frame_decoder.v:50$818 ($sub).
Removed top 1 bits (of 8) from port B of cell top_basys3_rdm6300.$flatten\u_parser.\u_decoder.$ge$/home/hiepthai/Desktop/uart-fifo-rfid-asic/rdm6300_asic_fpga_modular/rtl/rdm6300/rdm6300_frame_decoder.v:51$819 ($ge).
Removed top 1 bits (of 8) from port B of cell top_basys3_rdm6300.$flatten\u_parser.\u_decoder.$le$/home/hiepthai/Desktop/uart-fifo-rfid-asic/rdm6300_asic_fpga_modular/rtl/rdm6300/rdm6300_frame_decoder.v:51$820 ($le).
Removed top 1 bits (of 8) from port B of cell top_basys3_rdm6300.$flatten\u_parser.\u_decoder.$sub$/home/hiepthai/Desktop/uart-fifo-rfid-asic/rdm6300_asic_fpga_modular/rtl/rdm6300/rdm6300_frame_decoder.v:52$823 ($sub).
Removed top 4 bits (of 8) from port B of cell top_basys3_rdm6300.$flatten\u_parser.\u_decoder.$add$/home/hiepthai/Desktop/uart-fifo-rfid-asic/rdm6300_asic_fpga_modular/rtl/rdm6300/rdm6300_frame_decoder.v:52$824 ($add).
Removed top 3 bits (of 8) from port Y of cell top_basys3_rdm6300.$flatten\u_parser.\u_decoder.$add$/home/hiepthai/Desktop/uart-fifo-rfid-asic/rdm6300_asic_fpga_modular/rtl/rdm6300/rdm6300_frame_decoder.v:52$824 ($add).
Removed top 3 bits (of 8) from port A of cell top_basys3_rdm6300.$flatten\u_parser.\u_decoder.$add$/home/hiepthai/Desktop/uart-fifo-rfid-asic/rdm6300_asic_fpga_modular/rtl/rdm6300/rdm6300_frame_decoder.v:52$824 ($add).
Removed top 1 bits (of 8) from port B of cell top_basys3_rdm6300.$flatten\u_parser.\u_decoder.$ge$/home/hiepthai/Desktop/uart-fifo-rfid-asic/rdm6300_asic_fpga_modular/rtl/rdm6300/rdm6300_frame_decoder.v:53$825 ($ge).
Removed top 1 bits (of 8) from port B of cell top_basys3_rdm6300.$flatten\u_parser.\u_decoder.$le$/home/hiepthai/Desktop/uart-fifo-rfid-asic/rdm6300_asic_fpga_modular/rtl/rdm6300/rdm6300_frame_decoder.v:53$826 ($le).
Removed top 1 bits (of 8) from port B of cell top_basys3_rdm6300.$flatten\u_parser.\u_decoder.$sub$/home/hiepthai/Desktop/uart-fifo-rfid-asic/rdm6300_asic_fpga_modular/rtl/rdm6300/rdm6300_frame_decoder.v:54$829 ($sub).
Removed top 4 bits (of 8) from port B of cell top_basys3_rdm6300.$flatten\u_parser.\u_decoder.$add$/home/hiepthai/Desktop/uart-fifo-rfid-asic/rdm6300_asic_fpga_modular/rtl/rdm6300/rdm6300_frame_decoder.v:54$830 ($add).
Removed top 3 bits (of 8) from port Y of cell top_basys3_rdm6300.$flatten\u_parser.\u_decoder.$add$/home/hiepthai/Desktop/uart-fifo-rfid-asic/rdm6300_asic_fpga_modular/rtl/rdm6300/rdm6300_frame_decoder.v:54$830 ($add).
Removed top 3 bits (of 8) from port A of cell top_basys3_rdm6300.$flatten\u_parser.\u_decoder.$add$/home/hiepthai/Desktop/uart-fifo-rfid-asic/rdm6300_asic_fpga_modular/rtl/rdm6300/rdm6300_frame_decoder.v:54$830 ($add).
Removed top 2 bits (of 8) from port B of cell top_basys3_rdm6300.$flatten\u_parser.\u_decoder.$ge$/home/hiepthai/Desktop/uart-fifo-rfid-asic/rdm6300_asic_fpga_modular/rtl/rdm6300/rdm6300_frame_decoder.v:49$831 ($ge).
Removed top 2 bits (of 8) from port B of cell top_basys3_rdm6300.$flatten\u_parser.\u_decoder.$le$/home/hiepthai/Desktop/uart-fifo-rfid-asic/rdm6300_asic_fpga_modular/rtl/rdm6300/rdm6300_frame_decoder.v:49$832 ($le).
Removed top 2 bits (of 8) from port B of cell top_basys3_rdm6300.$flatten\u_parser.\u_decoder.$sub$/home/hiepthai/Desktop/uart-fifo-rfid-asic/rdm6300_asic_fpga_modular/rtl/rdm6300/rdm6300_frame_decoder.v:50$835 ($sub).
Removed top 3 bits (of 8) from port Y of cell top_basys3_rdm6300.$flatten\u_parser.\u_decoder.$sub$/home/hiepthai/Desktop/uart-fifo-rfid-asic/rdm6300_asic_fpga_modular/rtl/rdm6300/rdm6300_frame_decoder.v:50$835 ($sub).
Removed top 3 bits (of 8) from port A of cell top_basys3_rdm6300.$flatten\u_parser.\u_decoder.$sub$/home/hiepthai/Desktop/uart-fifo-rfid-asic/rdm6300_asic_fpga_modular/rtl/rdm6300/rdm6300_frame_decoder.v:50$835 ($sub).
Removed top 1 bits (of 6) from port B of cell top_basys3_rdm6300.$flatten\u_parser.\u_decoder.$sub$/home/hiepthai/Desktop/uart-fifo-rfid-asic/rdm6300_asic_fpga_modular/rtl/rdm6300/rdm6300_frame_decoder.v:50$835 ($sub).
Removed top 1 bits (of 8) from port B of cell top_basys3_rdm6300.$flatten\u_parser.\u_decoder.$ge$/home/hiepthai/Desktop/uart-fifo-rfid-asic/rdm6300_asic_fpga_modular/rtl/rdm6300/rdm6300_frame_decoder.v:51$836 ($ge).
Removed top 1 bits (of 8) from port B of cell top_basys3_rdm6300.$flatten\u_parser.\u_decoder.$le$/home/hiepthai/Desktop/uart-fifo-rfid-asic/rdm6300_asic_fpga_modular/rtl/rdm6300/rdm6300_frame_decoder.v:51$837 ($le).
Removed top 1 bits (of 8) from port B of cell top_basys3_rdm6300.$flatten\u_parser.\u_decoder.$sub$/home/hiepthai/Desktop/uart-fifo-rfid-asic/rdm6300_asic_fpga_modular/rtl/rdm6300/rdm6300_frame_decoder.v:52$840 ($sub).
Removed top 4 bits (of 8) from port B of cell top_basys3_rdm6300.$flatten\u_parser.\u_decoder.$add$/home/hiepthai/Desktop/uart-fifo-rfid-asic/rdm6300_asic_fpga_modular/rtl/rdm6300/rdm6300_frame_decoder.v:52$841 ($add).
Removed top 3 bits (of 8) from port Y of cell top_basys3_rdm6300.$flatten\u_parser.\u_decoder.$add$/home/hiepthai/Desktop/uart-fifo-rfid-asic/rdm6300_asic_fpga_modular/rtl/rdm6300/rdm6300_frame_decoder.v:52$841 ($add).
Removed top 3 bits (of 8) from port A of cell top_basys3_rdm6300.$flatten\u_parser.\u_decoder.$add$/home/hiepthai/Desktop/uart-fifo-rfid-asic/rdm6300_asic_fpga_modular/rtl/rdm6300/rdm6300_frame_decoder.v:52$841 ($add).
Removed top 1 bits (of 8) from port B of cell top_basys3_rdm6300.$flatten\u_parser.\u_decoder.$ge$/home/hiepthai/Desktop/uart-fifo-rfid-asic/rdm6300_asic_fpga_modular/rtl/rdm6300/rdm6300_frame_decoder.v:53$842 ($ge).
Removed top 1 bits (of 8) from port B of cell top_basys3_rdm6300.$flatten\u_parser.\u_decoder.$le$/home/hiepthai/Desktop/uart-fifo-rfid-asic/rdm6300_asic_fpga_modular/rtl/rdm6300/rdm6300_frame_decoder.v:53$843 ($le).
Removed top 1 bits (of 8) from port B of cell top_basys3_rdm6300.$flatten\u_parser.\u_decoder.$sub$/home/hiepthai/Desktop/uart-fifo-rfid-asic/rdm6300_asic_fpga_modular/rtl/rdm6300/rdm6300_frame_decoder.v:54$846 ($sub).
Removed top 4 bits (of 8) from port B of cell top_basys3_rdm6300.$flatten\u_parser.\u_decoder.$add$/home/hiepthai/Desktop/uart-fifo-rfid-asic/rdm6300_asic_fpga_modular/rtl/rdm6300/rdm6300_frame_decoder.v:54$847 ($add).
Removed top 3 bits (of 8) from port Y of cell top_basys3_rdm6300.$flatten\u_parser.\u_decoder.$add$/home/hiepthai/Desktop/uart-fifo-rfid-asic/rdm6300_asic_fpga_modular/rtl/rdm6300/rdm6300_frame_decoder.v:54$847 ($add).
Removed top 3 bits (of 8) from port A of cell top_basys3_rdm6300.$flatten\u_parser.\u_decoder.$add$/home/hiepthai/Desktop/uart-fifo-rfid-asic/rdm6300_asic_fpga_modular/rtl/rdm6300/rdm6300_frame_decoder.v:54$847 ($add).
Removed top 2 bits (of 8) from port B of cell top_basys3_rdm6300.$flatten\u_parser.\u_decoder.$ge$/home/hiepthai/Desktop/uart-fifo-rfid-asic/rdm6300_asic_fpga_modular/rtl/rdm6300/rdm6300_frame_decoder.v:49$848 ($ge).
Removed top 2 bits (of 8) from port B of cell top_basys3_rdm6300.$flatten\u_parser.\u_decoder.$le$/home/hiepthai/Desktop/uart-fifo-rfid-asic/rdm6300_asic_fpga_modular/rtl/rdm6300/rdm6300_frame_decoder.v:49$849 ($le).
Removed top 2 bits (of 8) from port B of cell top_basys3_rdm6300.$flatten\u_parser.\u_decoder.$sub$/home/hiepthai/Desktop/uart-fifo-rfid-asic/rdm6300_asic_fpga_modular/rtl/rdm6300/rdm6300_frame_decoder.v:50$852 ($sub).
Removed top 3 bits (of 8) from port Y of cell top_basys3_rdm6300.$flatten\u_parser.\u_decoder.$sub$/home/hiepthai/Desktop/uart-fifo-rfid-asic/rdm6300_asic_fpga_modular/rtl/rdm6300/rdm6300_frame_decoder.v:50$852 ($sub).
Removed top 3 bits (of 8) from port A of cell top_basys3_rdm6300.$flatten\u_parser.\u_decoder.$sub$/home/hiepthai/Desktop/uart-fifo-rfid-asic/rdm6300_asic_fpga_modular/rtl/rdm6300/rdm6300_frame_decoder.v:50$852 ($sub).
Removed top 1 bits (of 6) from port B of cell top_basys3_rdm6300.$flatten\u_parser.\u_decoder.$sub$/home/hiepthai/Desktop/uart-fifo-rfid-asic/rdm6300_asic_fpga_modular/rtl/rdm6300/rdm6300_frame_decoder.v:50$852 ($sub).
Removed top 1 bits (of 8) from port B of cell top_basys3_rdm6300.$flatten\u_parser.\u_decoder.$ge$/home/hiepthai/Desktop/uart-fifo-rfid-asic/rdm6300_asic_fpga_modular/rtl/rdm6300/rdm6300_frame_decoder.v:51$853 ($ge).
Removed top 1 bits (of 8) from port B of cell top_basys3_rdm6300.$flatten\u_parser.\u_decoder.$le$/home/hiepthai/Desktop/uart-fifo-rfid-asic/rdm6300_asic_fpga_modular/rtl/rdm6300/rdm6300_frame_decoder.v:51$854 ($le).
Removed top 1 bits (of 8) from port B of cell top_basys3_rdm6300.$flatten\u_parser.\u_decoder.$sub$/home/hiepthai/Desktop/uart-fifo-rfid-asic/rdm6300_asic_fpga_modular/rtl/rdm6300/rdm6300_frame_decoder.v:52$857 ($sub).
Removed top 4 bits (of 8) from port B of cell top_basys3_rdm6300.$flatten\u_parser.\u_decoder.$add$/home/hiepthai/Desktop/uart-fifo-rfid-asic/rdm6300_asic_fpga_modular/rtl/rdm6300/rdm6300_frame_decoder.v:52$858 ($add).
Removed top 3 bits (of 8) from port Y of cell top_basys3_rdm6300.$flatten\u_parser.\u_decoder.$add$/home/hiepthai/Desktop/uart-fifo-rfid-asic/rdm6300_asic_fpga_modular/rtl/rdm6300/rdm6300_frame_decoder.v:52$858 ($add).
Removed top 3 bits (of 8) from port A of cell top_basys3_rdm6300.$flatten\u_parser.\u_decoder.$add$/home/hiepthai/Desktop/uart-fifo-rfid-asic/rdm6300_asic_fpga_modular/rtl/rdm6300/rdm6300_frame_decoder.v:52$858 ($add).
Removed top 1 bits (of 8) from port B of cell top_basys3_rdm6300.$flatten\u_parser.\u_decoder.$ge$/home/hiepthai/Desktop/uart-fifo-rfid-asic/rdm6300_asic_fpga_modular/rtl/rdm6300/rdm6300_frame_decoder.v:53$859 ($ge).
Removed top 1 bits (of 8) from port B of cell top_basys3_rdm6300.$flatten\u_parser.\u_decoder.$le$/home/hiepthai/Desktop/uart-fifo-rfid-asic/rdm6300_asic_fpga_modular/rtl/rdm6300/rdm6300_frame_decoder.v:53$860 ($le).
Removed top 1 bits (of 8) from port B of cell top_basys3_rdm6300.$flatten\u_parser.\u_decoder.$sub$/home/hiepthai/Desktop/uart-fifo-rfid-asic/rdm6300_asic_fpga_modular/rtl/rdm6300/rdm6300_frame_decoder.v:54$863 ($sub).
Removed top 4 bits (of 8) from port B of cell top_basys3_rdm6300.$flatten\u_parser.\u_decoder.$add$/home/hiepthai/Desktop/uart-fifo-rfid-asic/rdm6300_asic_fpga_modular/rtl/rdm6300/rdm6300_frame_decoder.v:54$864 ($add).
Removed top 3 bits (of 8) from port Y of cell top_basys3_rdm6300.$flatten\u_parser.\u_decoder.$add$/home/hiepthai/Desktop/uart-fifo-rfid-asic/rdm6300_asic_fpga_modular/rtl/rdm6300/rdm6300_frame_decoder.v:54$864 ($add).
Removed top 3 bits (of 8) from port A of cell top_basys3_rdm6300.$flatten\u_parser.\u_decoder.$add$/home/hiepthai/Desktop/uart-fifo-rfid-asic/rdm6300_asic_fpga_modular/rtl/rdm6300/rdm6300_frame_decoder.v:54$864 ($add).
Removed top 2 bits (of 8) from port B of cell top_basys3_rdm6300.$flatten\u_parser.\u_decoder.$ge$/home/hiepthai/Desktop/uart-fifo-rfid-asic/rdm6300_asic_fpga_modular/rtl/rdm6300/rdm6300_frame_decoder.v:49$865 ($ge).
Removed top 2 bits (of 8) from port B of cell top_basys3_rdm6300.$flatten\u_parser.\u_decoder.$le$/home/hiepthai/Desktop/uart-fifo-rfid-asic/rdm6300_asic_fpga_modular/rtl/rdm6300/rdm6300_frame_decoder.v:49$866 ($le).
Removed top 2 bits (of 8) from port B of cell top_basys3_rdm6300.$flatten\u_parser.\u_decoder.$sub$/home/hiepthai/Desktop/uart-fifo-rfid-asic/rdm6300_asic_fpga_modular/rtl/rdm6300/rdm6300_frame_decoder.v:50$869 ($sub).
Removed top 3 bits (of 8) from port Y of cell top_basys3_rdm6300.$flatten\u_parser.\u_decoder.$sub$/home/hiepthai/Desktop/uart-fifo-rfid-asic/rdm6300_asic_fpga_modular/rtl/rdm6300/rdm6300_frame_decoder.v:50$869 ($sub).
Removed top 3 bits (of 8) from port A of cell top_basys3_rdm6300.$flatten\u_parser.\u_decoder.$sub$/home/hiepthai/Desktop/uart-fifo-rfid-asic/rdm6300_asic_fpga_modular/rtl/rdm6300/rdm6300_frame_decoder.v:50$869 ($sub).
Removed top 1 bits (of 6) from port B of cell top_basys3_rdm6300.$flatten\u_parser.\u_decoder.$sub$/home/hiepthai/Desktop/uart-fifo-rfid-asic/rdm6300_asic_fpga_modular/rtl/rdm6300/rdm6300_frame_decoder.v:50$869 ($sub).
Removed top 1 bits (of 8) from port B of cell top_basys3_rdm6300.$flatten\u_parser.\u_decoder.$ge$/home/hiepthai/Desktop/uart-fifo-rfid-asic/rdm6300_asic_fpga_modular/rtl/rdm6300/rdm6300_frame_decoder.v:51$870 ($ge).
Removed top 1 bits (of 8) from port B of cell top_basys3_rdm6300.$flatten\u_parser.\u_decoder.$le$/home/hiepthai/Desktop/uart-fifo-rfid-asic/rdm6300_asic_fpga_modular/rtl/rdm6300/rdm6300_frame_decoder.v:51$871 ($le).
Removed top 1 bits (of 8) from port B of cell top_basys3_rdm6300.$flatten\u_parser.\u_decoder.$sub$/home/hiepthai/Desktop/uart-fifo-rfid-asic/rdm6300_asic_fpga_modular/rtl/rdm6300/rdm6300_frame_decoder.v:52$874 ($sub).
Removed top 4 bits (of 8) from port B of cell top_basys3_rdm6300.$flatten\u_parser.\u_decoder.$add$/home/hiepthai/Desktop/uart-fifo-rfid-asic/rdm6300_asic_fpga_modular/rtl/rdm6300/rdm6300_frame_decoder.v:52$875 ($add).
Removed top 3 bits (of 8) from port Y of cell top_basys3_rdm6300.$flatten\u_parser.\u_decoder.$add$/home/hiepthai/Desktop/uart-fifo-rfid-asic/rdm6300_asic_fpga_modular/rtl/rdm6300/rdm6300_frame_decoder.v:52$875 ($add).
Removed top 3 bits (of 8) from port A of cell top_basys3_rdm6300.$flatten\u_parser.\u_decoder.$add$/home/hiepthai/Desktop/uart-fifo-rfid-asic/rdm6300_asic_fpga_modular/rtl/rdm6300/rdm6300_frame_decoder.v:52$875 ($add).
Removed top 1 bits (of 8) from port B of cell top_basys3_rdm6300.$flatten\u_parser.\u_decoder.$ge$/home/hiepthai/Desktop/uart-fifo-rfid-asic/rdm6300_asic_fpga_modular/rtl/rdm6300/rdm6300_frame_decoder.v:53$876 ($ge).
Removed top 1 bits (of 8) from port B of cell top_basys3_rdm6300.$flatten\u_parser.\u_decoder.$le$/home/hiepthai/Desktop/uart-fifo-rfid-asic/rdm6300_asic_fpga_modular/rtl/rdm6300/rdm6300_frame_decoder.v:53$877 ($le).
Removed top 1 bits (of 8) from port B of cell top_basys3_rdm6300.$flatten\u_parser.\u_decoder.$sub$/home/hiepthai/Desktop/uart-fifo-rfid-asic/rdm6300_asic_fpga_modular/rtl/rdm6300/rdm6300_frame_decoder.v:54$880 ($sub).
Removed top 4 bits (of 8) from port B of cell top_basys3_rdm6300.$flatten\u_parser.\u_decoder.$add$/home/hiepthai/Desktop/uart-fifo-rfid-asic/rdm6300_asic_fpga_modular/rtl/rdm6300/rdm6300_frame_decoder.v:54$881 ($add).
Removed top 3 bits (of 8) from port Y of cell top_basys3_rdm6300.$flatten\u_parser.\u_decoder.$add$/home/hiepthai/Desktop/uart-fifo-rfid-asic/rdm6300_asic_fpga_modular/rtl/rdm6300/rdm6300_frame_decoder.v:54$881 ($add).
Removed top 3 bits (of 8) from port A of cell top_basys3_rdm6300.$flatten\u_parser.\u_decoder.$add$/home/hiepthai/Desktop/uart-fifo-rfid-asic/rdm6300_asic_fpga_modular/rtl/rdm6300/rdm6300_frame_decoder.v:54$881 ($add).
Removed top 2 bits (of 8) from port B of cell top_basys3_rdm6300.$flatten\u_parser.\u_decoder.$ge$/home/hiepthai/Desktop/uart-fifo-rfid-asic/rdm6300_asic_fpga_modular/rtl/rdm6300/rdm6300_frame_decoder.v:49$891 ($ge).
Removed top 2 bits (of 8) from port B of cell top_basys3_rdm6300.$flatten\u_parser.\u_decoder.$le$/home/hiepthai/Desktop/uart-fifo-rfid-asic/rdm6300_asic_fpga_modular/rtl/rdm6300/rdm6300_frame_decoder.v:49$892 ($le).
Removed top 2 bits (of 8) from port B of cell top_basys3_rdm6300.$flatten\u_parser.\u_decoder.$sub$/home/hiepthai/Desktop/uart-fifo-rfid-asic/rdm6300_asic_fpga_modular/rtl/rdm6300/rdm6300_frame_decoder.v:50$895 ($sub).
Removed top 3 bits (of 8) from port Y of cell top_basys3_rdm6300.$flatten\u_parser.\u_decoder.$sub$/home/hiepthai/Desktop/uart-fifo-rfid-asic/rdm6300_asic_fpga_modular/rtl/rdm6300/rdm6300_frame_decoder.v:50$895 ($sub).
Removed top 3 bits (of 8) from port A of cell top_basys3_rdm6300.$flatten\u_parser.\u_decoder.$sub$/home/hiepthai/Desktop/uart-fifo-rfid-asic/rdm6300_asic_fpga_modular/rtl/rdm6300/rdm6300_frame_decoder.v:50$895 ($sub).
Removed top 1 bits (of 6) from port B of cell top_basys3_rdm6300.$flatten\u_parser.\u_decoder.$sub$/home/hiepthai/Desktop/uart-fifo-rfid-asic/rdm6300_asic_fpga_modular/rtl/rdm6300/rdm6300_frame_decoder.v:50$895 ($sub).
Removed top 1 bits (of 8) from port B of cell top_basys3_rdm6300.$flatten\u_parser.\u_decoder.$ge$/home/hiepthai/Desktop/uart-fifo-rfid-asic/rdm6300_asic_fpga_modular/rtl/rdm6300/rdm6300_frame_decoder.v:51$896 ($ge).
Removed top 1 bits (of 8) from port B of cell top_basys3_rdm6300.$flatten\u_parser.\u_decoder.$le$/home/hiepthai/Desktop/uart-fifo-rfid-asic/rdm6300_asic_fpga_modular/rtl/rdm6300/rdm6300_frame_decoder.v:51$897 ($le).
Removed top 1 bits (of 8) from port B of cell top_basys3_rdm6300.$flatten\u_parser.\u_decoder.$sub$/home/hiepthai/Desktop/uart-fifo-rfid-asic/rdm6300_asic_fpga_modular/rtl/rdm6300/rdm6300_frame_decoder.v:52$900 ($sub).
Removed top 4 bits (of 8) from port B of cell top_basys3_rdm6300.$flatten\u_parser.\u_decoder.$add$/home/hiepthai/Desktop/uart-fifo-rfid-asic/rdm6300_asic_fpga_modular/rtl/rdm6300/rdm6300_frame_decoder.v:52$901 ($add).
Removed top 3 bits (of 8) from port Y of cell top_basys3_rdm6300.$flatten\u_parser.\u_decoder.$add$/home/hiepthai/Desktop/uart-fifo-rfid-asic/rdm6300_asic_fpga_modular/rtl/rdm6300/rdm6300_frame_decoder.v:52$901 ($add).
Removed top 3 bits (of 8) from port A of cell top_basys3_rdm6300.$flatten\u_parser.\u_decoder.$add$/home/hiepthai/Desktop/uart-fifo-rfid-asic/rdm6300_asic_fpga_modular/rtl/rdm6300/rdm6300_frame_decoder.v:52$901 ($add).
Removed top 1 bits (of 8) from port B of cell top_basys3_rdm6300.$flatten\u_parser.\u_decoder.$ge$/home/hiepthai/Desktop/uart-fifo-rfid-asic/rdm6300_asic_fpga_modular/rtl/rdm6300/rdm6300_frame_decoder.v:53$902 ($ge).
Removed top 1 bits (of 8) from port B of cell top_basys3_rdm6300.$flatten\u_parser.\u_decoder.$le$/home/hiepthai/Desktop/uart-fifo-rfid-asic/rdm6300_asic_fpga_modular/rtl/rdm6300/rdm6300_frame_decoder.v:53$903 ($le).
Removed top 1 bits (of 8) from port B of cell top_basys3_rdm6300.$flatten\u_parser.\u_decoder.$sub$/home/hiepthai/Desktop/uart-fifo-rfid-asic/rdm6300_asic_fpga_modular/rtl/rdm6300/rdm6300_frame_decoder.v:54$906 ($sub).
Removed top 4 bits (of 8) from port B of cell top_basys3_rdm6300.$flatten\u_parser.\u_decoder.$add$/home/hiepthai/Desktop/uart-fifo-rfid-asic/rdm6300_asic_fpga_modular/rtl/rdm6300/rdm6300_frame_decoder.v:54$907 ($add).
Removed top 3 bits (of 8) from port Y of cell top_basys3_rdm6300.$flatten\u_parser.\u_decoder.$add$/home/hiepthai/Desktop/uart-fifo-rfid-asic/rdm6300_asic_fpga_modular/rtl/rdm6300/rdm6300_frame_decoder.v:54$907 ($add).
Removed top 3 bits (of 8) from port A of cell top_basys3_rdm6300.$flatten\u_parser.\u_decoder.$add$/home/hiepthai/Desktop/uart-fifo-rfid-asic/rdm6300_asic_fpga_modular/rtl/rdm6300/rdm6300_frame_decoder.v:54$907 ($add).
Removed top 13 bits (of 32) from port B of cell top_basys3_rdm6300.$flatten\u_parser.\u_decoder.$ge$/home/hiepthai/Desktop/uart-fifo-rfid-asic/rdm6300_asic_fpga_modular/rtl/rdm6300/rdm6300_frame_decoder.v:161$913 ($ge).
Removed top 1 bits (of 5) from mux cell top_basys3_rdm6300.$flatten\u_parser.\u_decoder.$procmux$1672 ($mux).
Removed top 1 bits (of 5) from mux cell top_basys3_rdm6300.$flatten\u_parser.\u_decoder.$procmux$1744 ($mux).
Removed top 1 bits (of 5) from mux cell top_basys3_rdm6300.$flatten\u_parser.\u_decoder.$procmux$1831 ($mux).
Removed top 1 bits (of 5) from mux cell top_basys3_rdm6300.$flatten\u_parser.\u_decoder.$procmux$1903 ($mux).
Removed top 1 bits (of 5) from mux cell top_basys3_rdm6300.$flatten\u_parser.\u_decoder.$procmux$1975 ($mux).
Removed top 1 bits (of 5) from mux cell top_basys3_rdm6300.$flatten\u_parser.\u_decoder.$procmux$2047 ($mux).
Removed top 1 bits (of 5) from mux cell top_basys3_rdm6300.$flatten\u_parser.\u_decoder.$procmux$2119 ($mux).
Removed top 1 bits (of 5) from mux cell top_basys3_rdm6300.$flatten\u_parser.\u_decoder.$procmux$2191 ($mux).
Removed top 1 bits (of 5) from mux cell top_basys3_rdm6300.$flatten\u_parser.\u_decoder.$procmux$2263 ($mux).
Removed top 1 bits (of 5) from mux cell top_basys3_rdm6300.$flatten\u_parser.\u_decoder.$procmux$2335 ($mux).
Removed top 1 bits (of 5) from mux cell top_basys3_rdm6300.$flatten\u_parser.\u_decoder.$procmux$2407 ($mux).
Removed top 1 bits (of 5) from mux cell top_basys3_rdm6300.$flatten\u_parser.\u_decoder.$procmux$2479 ($mux).
Removed top 1 bits (of 4) from port B of cell top_basys3_rdm6300.$flatten\u_parser.\u_decoder.$procmux$5604_CMP0 ($eq).
Removed top 1 bits (of 4) from port B of cell top_basys3_rdm6300.$flatten\u_parser.\u_decoder.$procmux$5632_CMP0 ($eq).
Removed top 1 bits (of 4) from port B of cell top_basys3_rdm6300.$flatten\u_parser.\u_decoder.$procmux$5661_CMP0 ($eq).
Removed top 1 bits (of 4) from port B of cell top_basys3_rdm6300.$flatten\u_parser.\u_decoder.$procmux$5691_CMP0 ($eq).
Removed top 2 bits (of 4) from port B of cell top_basys3_rdm6300.$flatten\u_parser.\u_decoder.$procmux$5722_CMP0 ($eq).
Removed top 2 bits (of 4) from port B of cell top_basys3_rdm6300.$flatten\u_parser.\u_decoder.$procmux$5754_CMP0 ($eq).
Removed top 3 bits (of 4) from port B of cell top_basys3_rdm6300.$flatten\u_parser.\u_decoder.$procmux$5787_CMP0 ($eq).
Removed top 1 bits (of 2) from port B of cell top_basys3_rdm6300.$auto$fsm_map.cc:77:implement_pattern_cache$6893 ($eq).
Removed top 1 bits (of 2) from port B of cell top_basys3_rdm6300.$flatten\u_tx_fifo.$procmux$1334_CMP0 ($eq).
Removed top 2 bits (of 3) from mux cell top_basys3_rdm6300.$flatten\u_uart_tx.$procmux$1368 ($mux).
Removed top 2 bits (of 3) from port B of cell top_basys3_rdm6300.$flatten\u_uart_tx.$procmux$1366_CMP0 ($eq).
Removed top 1 bits (of 3) from mux cell top_basys3_rdm6300.$flatten\u_uart_tx.$procmux$1364 ($mux).
Removed top 1 bits (of 3) from port B of cell top_basys3_rdm6300.$flatten\u_uart_tx.$procmux$1362_CMP0 ($eq).
Removed top 2 bits (of 3) from mux cell top_basys3_rdm6300.$flatten\u_uart_tx.$procmux$1357 ($mux).
Removed top 1 bits (of 3) from port B of cell top_basys3_rdm6300.$flatten\u_uart_tx.$procmux$1355_CMP0 ($eq).
Removed top 18 bits (of 32) from port B of cell top_basys3_rdm6300.$flatten\u_uart_tx.$lt$/home/hiepthai/Desktop/uart-fifo-rfid-asic/rdm6300_asic_fpga_modular/rtl/uart/uart_tx.v:58$9 ($lt).
Removed top 3 bits (of 8) from port Y of cell top_basys3_rdm6300.$flatten\u_parser.\u_decoder.$sub$/home/hiepthai/Desktop/uart-fifo-rfid-asic/rdm6300_asic_fpga_modular/rtl/rdm6300/rdm6300_frame_decoder.v:52$687 ($sub).
Removed top 3 bits (of 8) from port A of cell top_basys3_rdm6300.$flatten\u_parser.\u_decoder.$sub$/home/hiepthai/Desktop/uart-fifo-rfid-asic/rdm6300_asic_fpga_modular/rtl/rdm6300/rdm6300_frame_decoder.v:52$687 ($sub).
Removed top 6 bits (of 7) from port B of cell top_basys3_rdm6300.$flatten\u_parser.\u_decoder.$sub$/home/hiepthai/Desktop/uart-fifo-rfid-asic/rdm6300_asic_fpga_modular/rtl/rdm6300/rdm6300_frame_decoder.v:52$687 ($sub).
Removed top 3 bits (of 8) from port Y of cell top_basys3_rdm6300.$flatten\u_parser.\u_decoder.$sub$/home/hiepthai/Desktop/uart-fifo-rfid-asic/rdm6300_asic_fpga_modular/rtl/rdm6300/rdm6300_frame_decoder.v:54$693 ($sub).
Removed top 3 bits (of 8) from port A of cell top_basys3_rdm6300.$flatten\u_parser.\u_decoder.$sub$/home/hiepthai/Desktop/uart-fifo-rfid-asic/rdm6300_asic_fpga_modular/rtl/rdm6300/rdm6300_frame_decoder.v:54$693 ($sub).
Removed top 6 bits (of 7) from port B of cell top_basys3_rdm6300.$flatten\u_parser.\u_decoder.$sub$/home/hiepthai/Desktop/uart-fifo-rfid-asic/rdm6300_asic_fpga_modular/rtl/rdm6300/rdm6300_frame_decoder.v:54$693 ($sub).
Removed top 3 bits (of 8) from port Y of cell top_basys3_rdm6300.$flatten\u_parser.\u_decoder.$sub$/home/hiepthai/Desktop/uart-fifo-rfid-asic/rdm6300_asic_fpga_modular/rtl/rdm6300/rdm6300_frame_decoder.v:52$704 ($sub).
Removed top 3 bits (of 8) from port A of cell top_basys3_rdm6300.$flatten\u_parser.\u_decoder.$sub$/home/hiepthai/Desktop/uart-fifo-rfid-asic/rdm6300_asic_fpga_modular/rtl/rdm6300/rdm6300_frame_decoder.v:52$704 ($sub).
Removed top 6 bits (of 7) from port B of cell top_basys3_rdm6300.$flatten\u_parser.\u_decoder.$sub$/home/hiepthai/Desktop/uart-fifo-rfid-asic/rdm6300_asic_fpga_modular/rtl/rdm6300/rdm6300_frame_decoder.v:52$704 ($sub).
Removed top 3 bits (of 8) from port Y of cell top_basys3_rdm6300.$flatten\u_parser.\u_decoder.$sub$/home/hiepthai/Desktop/uart-fifo-rfid-asic/rdm6300_asic_fpga_modular/rtl/rdm6300/rdm6300_frame_decoder.v:54$710 ($sub).
Removed top 3 bits (of 8) from port A of cell top_basys3_rdm6300.$flatten\u_parser.\u_decoder.$sub$/home/hiepthai/Desktop/uart-fifo-rfid-asic/rdm6300_asic_fpga_modular/rtl/rdm6300/rdm6300_frame_decoder.v:54$710 ($sub).
Removed top 6 bits (of 7) from port B of cell top_basys3_rdm6300.$flatten\u_parser.\u_decoder.$sub$/home/hiepthai/Desktop/uart-fifo-rfid-asic/rdm6300_asic_fpga_modular/rtl/rdm6300/rdm6300_frame_decoder.v:54$710 ($sub).
Removed top 3 bits (of 8) from port Y of cell top_basys3_rdm6300.$flatten\u_parser.\u_decoder.$sub$/home/hiepthai/Desktop/uart-fifo-rfid-asic/rdm6300_asic_fpga_modular/rtl/rdm6300/rdm6300_frame_decoder.v:52$721 ($sub).
Removed top 3 bits (of 8) from port A of cell top_basys3_rdm6300.$flatten\u_parser.\u_decoder.$sub$/home/hiepthai/Desktop/uart-fifo-rfid-asic/rdm6300_asic_fpga_modular/rtl/rdm6300/rdm6300_frame_decoder.v:52$721 ($sub).
Removed top 6 bits (of 7) from port B of cell top_basys3_rdm6300.$flatten\u_parser.\u_decoder.$sub$/home/hiepthai/Desktop/uart-fifo-rfid-asic/rdm6300_asic_fpga_modular/rtl/rdm6300/rdm6300_frame_decoder.v:52$721 ($sub).
Removed top 3 bits (of 8) from port Y of cell top_basys3_rdm6300.$flatten\u_parser.\u_decoder.$sub$/home/hiepthai/Desktop/uart-fifo-rfid-asic/rdm6300_asic_fpga_modular/rtl/rdm6300/rdm6300_frame_decoder.v:54$727 ($sub).
Removed top 3 bits (of 8) from port A of cell top_basys3_rdm6300.$flatten\u_parser.\u_decoder.$sub$/home/hiepthai/Desktop/uart-fifo-rfid-asic/rdm6300_asic_fpga_modular/rtl/rdm6300/rdm6300_frame_decoder.v:54$727 ($sub).
Removed top 6 bits (of 7) from port B of cell top_basys3_rdm6300.$flatten\u_parser.\u_decoder.$sub$/home/hiepthai/Desktop/uart-fifo-rfid-asic/rdm6300_asic_fpga_modular/rtl/rdm6300/rdm6300_frame_decoder.v:54$727 ($sub).
Removed top 3 bits (of 8) from port Y of cell top_basys3_rdm6300.$flatten\u_parser.\u_decoder.$sub$/home/hiepthai/Desktop/uart-fifo-rfid-asic/rdm6300_asic_fpga_modular/rtl/rdm6300/rdm6300_frame_decoder.v:52$738 ($sub).
Removed top 3 bits (of 8) from port A of cell top_basys3_rdm6300.$flatten\u_parser.\u_decoder.$sub$/home/hiepthai/Desktop/uart-fifo-rfid-asic/rdm6300_asic_fpga_modular/rtl/rdm6300/rdm6300_frame_decoder.v:52$738 ($sub).
Removed top 6 bits (of 7) from port B of cell top_basys3_rdm6300.$flatten\u_parser.\u_decoder.$sub$/home/hiepthai/Desktop/uart-fifo-rfid-asic/rdm6300_asic_fpga_modular/rtl/rdm6300/rdm6300_frame_decoder.v:52$738 ($sub).
Removed top 3 bits (of 8) from port Y of cell top_basys3_rdm6300.$flatten\u_parser.\u_decoder.$sub$/home/hiepthai/Desktop/uart-fifo-rfid-asic/rdm6300_asic_fpga_modular/rtl/rdm6300/rdm6300_frame_decoder.v:54$744 ($sub).
Removed top 3 bits (of 8) from port A of cell top_basys3_rdm6300.$flatten\u_parser.\u_decoder.$sub$/home/hiepthai/Desktop/uart-fifo-rfid-asic/rdm6300_asic_fpga_modular/rtl/rdm6300/rdm6300_frame_decoder.v:54$744 ($sub).
Removed top 6 bits (of 7) from port B of cell top_basys3_rdm6300.$flatten\u_parser.\u_decoder.$sub$/home/hiepthai/Desktop/uart-fifo-rfid-asic/rdm6300_asic_fpga_modular/rtl/rdm6300/rdm6300_frame_decoder.v:54$744 ($sub).
Removed top 3 bits (of 8) from port Y of cell top_basys3_rdm6300.$flatten\u_parser.\u_decoder.$sub$/home/hiepthai/Desktop/uart-fifo-rfid-asic/rdm6300_asic_fpga_modular/rtl/rdm6300/rdm6300_frame_decoder.v:52$755 ($sub).
Removed top 3 bits (of 8) from port A of cell top_basys3_rdm6300.$flatten\u_parser.\u_decoder.$sub$/home/hiepthai/Desktop/uart-fifo-rfid-asic/rdm6300_asic_fpga_modular/rtl/rdm6300/rdm6300_frame_decoder.v:52$755 ($sub).
Removed top 6 bits (of 7) from port B of cell top_basys3_rdm6300.$flatten\u_parser.\u_decoder.$sub$/home/hiepthai/Desktop/uart-fifo-rfid-asic/rdm6300_asic_fpga_modular/rtl/rdm6300/rdm6300_frame_decoder.v:52$755 ($sub).
Removed top 3 bits (of 8) from port Y of cell top_basys3_rdm6300.$flatten\u_parser.\u_decoder.$sub$/home/hiepthai/Desktop/uart-fifo-rfid-asic/rdm6300_asic_fpga_modular/rtl/rdm6300/rdm6300_frame_decoder.v:54$761 ($sub).
Removed top 3 bits (of 8) from port A of cell top_basys3_rdm6300.$flatten\u_parser.\u_decoder.$sub$/home/hiepthai/Desktop/uart-fifo-rfid-asic/rdm6300_asic_fpga_modular/rtl/rdm6300/rdm6300_frame_decoder.v:54$761 ($sub).
Removed top 6 bits (of 7) from port B of cell top_basys3_rdm6300.$flatten\u_parser.\u_decoder.$sub$/home/hiepthai/Desktop/uart-fifo-rfid-asic/rdm6300_asic_fpga_modular/rtl/rdm6300/rdm6300_frame_decoder.v:54$761 ($sub).
Removed top 3 bits (of 8) from port Y of cell top_basys3_rdm6300.$flatten\u_parser.\u_decoder.$sub$/home/hiepthai/Desktop/uart-fifo-rfid-asic/rdm6300_asic_fpga_modular/rtl/rdm6300/rdm6300_frame_decoder.v:52$772 ($sub).
Removed top 3 bits (of 8) from port A of cell top_basys3_rdm6300.$flatten\u_parser.\u_decoder.$sub$/home/hiepthai/Desktop/uart-fifo-rfid-asic/rdm6300_asic_fpga_modular/rtl/rdm6300/rdm6300_frame_decoder.v:52$772 ($sub).
Removed top 6 bits (of 7) from port B of cell top_basys3_rdm6300.$flatten\u_parser.\u_decoder.$sub$/home/hiepthai/Desktop/uart-fifo-rfid-asic/rdm6300_asic_fpga_modular/rtl/rdm6300/rdm6300_frame_decoder.v:52$772 ($sub).
Removed top 3 bits (of 8) from port Y of cell top_basys3_rdm6300.$flatten\u_parser.\u_decoder.$sub$/home/hiepthai/Desktop/uart-fifo-rfid-asic/rdm6300_asic_fpga_modular/rtl/rdm6300/rdm6300_frame_decoder.v:54$778 ($sub).
Removed top 3 bits (of 8) from port A of cell top_basys3_rdm6300.$flatten\u_parser.\u_decoder.$sub$/home/hiepthai/Desktop/uart-fifo-rfid-asic/rdm6300_asic_fpga_modular/rtl/rdm6300/rdm6300_frame_decoder.v:54$778 ($sub).
Removed top 6 bits (of 7) from port B of cell top_basys3_rdm6300.$flatten\u_parser.\u_decoder.$sub$/home/hiepthai/Desktop/uart-fifo-rfid-asic/rdm6300_asic_fpga_modular/rtl/rdm6300/rdm6300_frame_decoder.v:54$778 ($sub).
Removed top 3 bits (of 8) from port Y of cell top_basys3_rdm6300.$flatten\u_parser.\u_decoder.$sub$/home/hiepthai/Desktop/uart-fifo-rfid-asic/rdm6300_asic_fpga_modular/rtl/rdm6300/rdm6300_frame_decoder.v:52$789 ($sub).
Removed top 3 bits (of 8) from port A of cell top_basys3_rdm6300.$flatten\u_parser.\u_decoder.$sub$/home/hiepthai/Desktop/uart-fifo-rfid-asic/rdm6300_asic_fpga_modular/rtl/rdm6300/rdm6300_frame_decoder.v:52$789 ($sub).
Removed top 6 bits (of 7) from port B of cell top_basys3_rdm6300.$flatten\u_parser.\u_decoder.$sub$/home/hiepthai/Desktop/uart-fifo-rfid-asic/rdm6300_asic_fpga_modular/rtl/rdm6300/rdm6300_frame_decoder.v:52$789 ($sub).
Removed top 3 bits (of 8) from port Y of cell top_basys3_rdm6300.$flatten\u_parser.\u_decoder.$sub$/home/hiepthai/Desktop/uart-fifo-rfid-asic/rdm6300_asic_fpga_modular/rtl/rdm6300/rdm6300_frame_decoder.v:54$795 ($sub).
Removed top 3 bits (of 8) from port A of cell top_basys3_rdm6300.$flatten\u_parser.\u_decoder.$sub$/home/hiepthai/Desktop/uart-fifo-rfid-asic/rdm6300_asic_fpga_modular/rtl/rdm6300/rdm6300_frame_decoder.v:54$795 ($sub).
Removed top 6 bits (of 7) from port B of cell top_basys3_rdm6300.$flatten\u_parser.\u_decoder.$sub$/home/hiepthai/Desktop/uart-fifo-rfid-asic/rdm6300_asic_fpga_modular/rtl/rdm6300/rdm6300_frame_decoder.v:54$795 ($sub).
Removed top 3 bits (of 8) from port Y of cell top_basys3_rdm6300.$flatten\u_parser.\u_decoder.$sub$/home/hiepthai/Desktop/uart-fifo-rfid-asic/rdm6300_asic_fpga_modular/rtl/rdm6300/rdm6300_frame_decoder.v:52$806 ($sub).
Removed top 3 bits (of 8) from port A of cell top_basys3_rdm6300.$flatten\u_parser.\u_decoder.$sub$/home/hiepthai/Desktop/uart-fifo-rfid-asic/rdm6300_asic_fpga_modular/rtl/rdm6300/rdm6300_frame_decoder.v:52$806 ($sub).
Removed top 6 bits (of 7) from port B of cell top_basys3_rdm6300.$flatten\u_parser.\u_decoder.$sub$/home/hiepthai/Desktop/uart-fifo-rfid-asic/rdm6300_asic_fpga_modular/rtl/rdm6300/rdm6300_frame_decoder.v:52$806 ($sub).
Removed top 3 bits (of 8) from port Y of cell top_basys3_rdm6300.$flatten\u_parser.\u_decoder.$sub$/home/hiepthai/Desktop/uart-fifo-rfid-asic/rdm6300_asic_fpga_modular/rtl/rdm6300/rdm6300_frame_decoder.v:54$812 ($sub).
Removed top 3 bits (of 8) from port A of cell top_basys3_rdm6300.$flatten\u_parser.\u_decoder.$sub$/home/hiepthai/Desktop/uart-fifo-rfid-asic/rdm6300_asic_fpga_modular/rtl/rdm6300/rdm6300_frame_decoder.v:54$812 ($sub).
Removed top 6 bits (of 7) from port B of cell top_basys3_rdm6300.$flatten\u_parser.\u_decoder.$sub$/home/hiepthai/Desktop/uart-fifo-rfid-asic/rdm6300_asic_fpga_modular/rtl/rdm6300/rdm6300_frame_decoder.v:54$812 ($sub).
Removed top 3 bits (of 8) from port Y of cell top_basys3_rdm6300.$flatten\u_parser.\u_decoder.$sub$/home/hiepthai/Desktop/uart-fifo-rfid-asic/rdm6300_asic_fpga_modular/rtl/rdm6300/rdm6300_frame_decoder.v:52$823 ($sub).
Removed top 3 bits (of 8) from port A of cell top_basys3_rdm6300.$flatten\u_parser.\u_decoder.$sub$/home/hiepthai/Desktop/uart-fifo-rfid-asic/rdm6300_asic_fpga_modular/rtl/rdm6300/rdm6300_frame_decoder.v:52$823 ($sub).
Removed top 6 bits (of 7) from port B of cell top_basys3_rdm6300.$flatten\u_parser.\u_decoder.$sub$/home/hiepthai/Desktop/uart-fifo-rfid-asic/rdm6300_asic_fpga_modular/rtl/rdm6300/rdm6300_frame_decoder.v:52$823 ($sub).
Removed top 3 bits (of 8) from port Y of cell top_basys3_rdm6300.$flatten\u_parser.\u_decoder.$sub$/home/hiepthai/Desktop/uart-fifo-rfid-asic/rdm6300_asic_fpga_modular/rtl/rdm6300/rdm6300_frame_decoder.v:54$829 ($sub).
Removed top 3 bits (of 8) from port A of cell top_basys3_rdm6300.$flatten\u_parser.\u_decoder.$sub$/home/hiepthai/Desktop/uart-fifo-rfid-asic/rdm6300_asic_fpga_modular/rtl/rdm6300/rdm6300_frame_decoder.v:54$829 ($sub).
Removed top 6 bits (of 7) from port B of cell top_basys3_rdm6300.$flatten\u_parser.\u_decoder.$sub$/home/hiepthai/Desktop/uart-fifo-rfid-asic/rdm6300_asic_fpga_modular/rtl/rdm6300/rdm6300_frame_decoder.v:54$829 ($sub).
Removed top 3 bits (of 8) from port Y of cell top_basys3_rdm6300.$flatten\u_parser.\u_decoder.$sub$/home/hiepthai/Desktop/uart-fifo-rfid-asic/rdm6300_asic_fpga_modular/rtl/rdm6300/rdm6300_frame_decoder.v:52$840 ($sub).
Removed top 3 bits (of 8) from port A of cell top_basys3_rdm6300.$flatten\u_parser.\u_decoder.$sub$/home/hiepthai/Desktop/uart-fifo-rfid-asic/rdm6300_asic_fpga_modular/rtl/rdm6300/rdm6300_frame_decoder.v:52$840 ($sub).
Removed top 6 bits (of 7) from port B of cell top_basys3_rdm6300.$flatten\u_parser.\u_decoder.$sub$/home/hiepthai/Desktop/uart-fifo-rfid-asic/rdm6300_asic_fpga_modular/rtl/rdm6300/rdm6300_frame_decoder.v:52$840 ($sub).
Removed top 3 bits (of 8) from port Y of cell top_basys3_rdm6300.$flatten\u_parser.\u_decoder.$sub$/home/hiepthai/Desktop/uart-fifo-rfid-asic/rdm6300_asic_fpga_modular/rtl/rdm6300/rdm6300_frame_decoder.v:54$846 ($sub).
Removed top 3 bits (of 8) from port A of cell top_basys3_rdm6300.$flatten\u_parser.\u_decoder.$sub$/home/hiepthai/Desktop/uart-fifo-rfid-asic/rdm6300_asic_fpga_modular/rtl/rdm6300/rdm6300_frame_decoder.v:54$846 ($sub).
Removed top 6 bits (of 7) from port B of cell top_basys3_rdm6300.$flatten\u_parser.\u_decoder.$sub$/home/hiepthai/Desktop/uart-fifo-rfid-asic/rdm6300_asic_fpga_modular/rtl/rdm6300/rdm6300_frame_decoder.v:54$846 ($sub).
Removed top 1 bits (of 5) from port Y of cell top_basys3_rdm6300.$flatten\u_parser.\u_decoder.$sub$/home/hiepthai/Desktop/uart-fifo-rfid-asic/rdm6300_asic_fpga_modular/rtl/rdm6300/rdm6300_frame_decoder.v:50$852 ($sub).
Removed top 1 bits (of 5) from port A of cell top_basys3_rdm6300.$flatten\u_parser.\u_decoder.$sub$/home/hiepthai/Desktop/uart-fifo-rfid-asic/rdm6300_asic_fpga_modular/rtl/rdm6300/rdm6300_frame_decoder.v:50$852 ($sub).
Removed top 4 bits (of 5) from port B of cell top_basys3_rdm6300.$flatten\u_parser.\u_decoder.$sub$/home/hiepthai/Desktop/uart-fifo-rfid-asic/rdm6300_asic_fpga_modular/rtl/rdm6300/rdm6300_frame_decoder.v:50$852 ($sub).
Removed top 3 bits (of 8) from port Y of cell top_basys3_rdm6300.$flatten\u_parser.\u_decoder.$sub$/home/hiepthai/Desktop/uart-fifo-rfid-asic/rdm6300_asic_fpga_modular/rtl/rdm6300/rdm6300_frame_decoder.v:52$857 ($sub).
Removed top 3 bits (of 8) from port A of cell top_basys3_rdm6300.$flatten\u_parser.\u_decoder.$sub$/home/hiepthai/Desktop/uart-fifo-rfid-asic/rdm6300_asic_fpga_modular/rtl/rdm6300/rdm6300_frame_decoder.v:52$857 ($sub).
Removed top 6 bits (of 7) from port B of cell top_basys3_rdm6300.$flatten\u_parser.\u_decoder.$sub$/home/hiepthai/Desktop/uart-fifo-rfid-asic/rdm6300_asic_fpga_modular/rtl/rdm6300/rdm6300_frame_decoder.v:52$857 ($sub).
Removed top 3 bits (of 8) from port Y of cell top_basys3_rdm6300.$flatten\u_parser.\u_decoder.$sub$/home/hiepthai/Desktop/uart-fifo-rfid-asic/rdm6300_asic_fpga_modular/rtl/rdm6300/rdm6300_frame_decoder.v:54$863 ($sub).
Removed top 3 bits (of 8) from port A of cell top_basys3_rdm6300.$flatten\u_parser.\u_decoder.$sub$/home/hiepthai/Desktop/uart-fifo-rfid-asic/rdm6300_asic_fpga_modular/rtl/rdm6300/rdm6300_frame_decoder.v:54$863 ($sub).
Removed top 6 bits (of 7) from port B of cell top_basys3_rdm6300.$flatten\u_parser.\u_decoder.$sub$/home/hiepthai/Desktop/uart-fifo-rfid-asic/rdm6300_asic_fpga_modular/rtl/rdm6300/rdm6300_frame_decoder.v:54$863 ($sub).
Removed top 1 bits (of 5) from port Y of cell top_basys3_rdm6300.$flatten\u_parser.\u_decoder.$sub$/home/hiepthai/Desktop/uart-fifo-rfid-asic/rdm6300_asic_fpga_modular/rtl/rdm6300/rdm6300_frame_decoder.v:50$869 ($sub).
Removed top 1 bits (of 5) from port A of cell top_basys3_rdm6300.$flatten\u_parser.\u_decoder.$sub$/home/hiepthai/Desktop/uart-fifo-rfid-asic/rdm6300_asic_fpga_modular/rtl/rdm6300/rdm6300_frame_decoder.v:50$869 ($sub).
Removed top 4 bits (of 5) from port B of cell top_basys3_rdm6300.$flatten\u_parser.\u_decoder.$sub$/home/hiepthai/Desktop/uart-fifo-rfid-asic/rdm6300_asic_fpga_modular/rtl/rdm6300/rdm6300_frame_decoder.v:50$869 ($sub).
Removed top 3 bits (of 8) from port Y of cell top_basys3_rdm6300.$flatten\u_parser.\u_decoder.$sub$/home/hiepthai/Desktop/uart-fifo-rfid-asic/rdm6300_asic_fpga_modular/rtl/rdm6300/rdm6300_frame_decoder.v:52$874 ($sub).
Removed top 3 bits (of 8) from port A of cell top_basys3_rdm6300.$flatten\u_parser.\u_decoder.$sub$/home/hiepthai/Desktop/uart-fifo-rfid-asic/rdm6300_asic_fpga_modular/rtl/rdm6300/rdm6300_frame_decoder.v:52$874 ($sub).
Removed top 6 bits (of 7) from port B of cell top_basys3_rdm6300.$flatten\u_parser.\u_decoder.$sub$/home/hiepthai/Desktop/uart-fifo-rfid-asic/rdm6300_asic_fpga_modular/rtl/rdm6300/rdm6300_frame_decoder.v:52$874 ($sub).
Removed top 3 bits (of 8) from port Y of cell top_basys3_rdm6300.$flatten\u_parser.\u_decoder.$sub$/home/hiepthai/Desktop/uart-fifo-rfid-asic/rdm6300_asic_fpga_modular/rtl/rdm6300/rdm6300_frame_decoder.v:54$880 ($sub).
Removed top 3 bits (of 8) from port A of cell top_basys3_rdm6300.$flatten\u_parser.\u_decoder.$sub$/home/hiepthai/Desktop/uart-fifo-rfid-asic/rdm6300_asic_fpga_modular/rtl/rdm6300/rdm6300_frame_decoder.v:54$880 ($sub).
Removed top 6 bits (of 7) from port B of cell top_basys3_rdm6300.$flatten\u_parser.\u_decoder.$sub$/home/hiepthai/Desktop/uart-fifo-rfid-asic/rdm6300_asic_fpga_modular/rtl/rdm6300/rdm6300_frame_decoder.v:54$880 ($sub).
Removed top 3 bits (of 8) from port Y of cell top_basys3_rdm6300.$flatten\u_parser.\u_decoder.$sub$/home/hiepthai/Desktop/uart-fifo-rfid-asic/rdm6300_asic_fpga_modular/rtl/rdm6300/rdm6300_frame_decoder.v:52$900 ($sub).
Removed top 3 bits (of 8) from port A of cell top_basys3_rdm6300.$flatten\u_parser.\u_decoder.$sub$/home/hiepthai/Desktop/uart-fifo-rfid-asic/rdm6300_asic_fpga_modular/rtl/rdm6300/rdm6300_frame_decoder.v:52$900 ($sub).
Removed top 6 bits (of 7) from port B of cell top_basys3_rdm6300.$flatten\u_parser.\u_decoder.$sub$/home/hiepthai/Desktop/uart-fifo-rfid-asic/rdm6300_asic_fpga_modular/rtl/rdm6300/rdm6300_frame_decoder.v:52$900 ($sub).
Removed top 3 bits (of 8) from port Y of cell top_basys3_rdm6300.$flatten\u_parser.\u_decoder.$sub$/home/hiepthai/Desktop/uart-fifo-rfid-asic/rdm6300_asic_fpga_modular/rtl/rdm6300/rdm6300_frame_decoder.v:54$906 ($sub).
Removed top 3 bits (of 8) from port A of cell top_basys3_rdm6300.$flatten\u_parser.\u_decoder.$sub$/home/hiepthai/Desktop/uart-fifo-rfid-asic/rdm6300_asic_fpga_modular/rtl/rdm6300/rdm6300_frame_decoder.v:54$906 ($sub).
Removed top 6 bits (of 7) from port B of cell top_basys3_rdm6300.$flatten\u_parser.\u_decoder.$sub$/home/hiepthai/Desktop/uart-fifo-rfid-asic/rdm6300_asic_fpga_modular/rtl/rdm6300/rdm6300_frame_decoder.v:54$906 ($sub).
Removed top 1 bits (of 5) from mux cell top_basys3_rdm6300.$flatten\u_parser.\u_decoder.$procmux$1648 ($mux).
Removed top 1 bits (of 5) from mux cell top_basys3_rdm6300.$flatten\u_parser.\u_decoder.$procmux$1720 ($mux).
Removed top 1 bits (of 5) from mux cell top_basys3_rdm6300.$flatten\u_parser.\u_decoder.$procmux$1828 ($mux).
Removed top 1 bits (of 5) from mux cell top_basys3_rdm6300.$flatten\u_parser.\u_decoder.$procmux$1900 ($mux).
Removed top 1 bits (of 5) from mux cell top_basys3_rdm6300.$flatten\u_parser.\u_decoder.$procmux$1972 ($mux).
Removed top 1 bits (of 5) from mux cell top_basys3_rdm6300.$flatten\u_parser.\u_decoder.$procmux$2044 ($mux).
Removed top 1 bits (of 5) from mux cell top_basys3_rdm6300.$flatten\u_parser.\u_decoder.$procmux$2116 ($mux).
Removed top 1 bits (of 5) from mux cell top_basys3_rdm6300.$flatten\u_parser.\u_decoder.$procmux$2188 ($mux).
Removed top 1 bits (of 5) from mux cell top_basys3_rdm6300.$flatten\u_parser.\u_decoder.$procmux$2260 ($mux).
Removed top 1 bits (of 5) from mux cell top_basys3_rdm6300.$flatten\u_parser.\u_decoder.$procmux$2332 ($mux).
Removed top 1 bits (of 5) from mux cell top_basys3_rdm6300.$flatten\u_parser.\u_decoder.$procmux$2404 ($mux).
Removed top 1 bits (of 5) from mux cell top_basys3_rdm6300.$flatten\u_parser.\u_decoder.$procmux$2476 ($mux).
Removed top 1 bits (of 5) from port Y of cell top_basys3_rdm6300.$flatten\u_parser.\u_decoder.$add$/home/hiepthai/Desktop/uart-fifo-rfid-asic/rdm6300_asic_fpga_modular/rtl/rdm6300/rdm6300_frame_decoder.v:52$858 ($add).
Removed top 1 bits (of 5) from port A of cell top_basys3_rdm6300.$flatten\u_parser.\u_decoder.$add$/home/hiepthai/Desktop/uart-fifo-rfid-asic/rdm6300_asic_fpga_modular/rtl/rdm6300/rdm6300_frame_decoder.v:52$858 ($add).
Removed top 1 bits (of 5) from port Y of cell top_basys3_rdm6300.$flatten\u_parser.\u_decoder.$add$/home/hiepthai/Desktop/uart-fifo-rfid-asic/rdm6300_asic_fpga_modular/rtl/rdm6300/rdm6300_frame_decoder.v:52$875 ($add).
Removed top 1 bits (of 5) from port A of cell top_basys3_rdm6300.$flatten\u_parser.\u_decoder.$add$/home/hiepthai/Desktop/uart-fifo-rfid-asic/rdm6300_asic_fpga_modular/rtl/rdm6300/rdm6300_frame_decoder.v:52$875 ($add).
Removed top 1 bits (of 5) from mux cell top_basys3_rdm6300.$flatten\u_parser.\u_decoder.$procmux$1621 ($mux).
Removed top 1 bits (of 5) from mux cell top_basys3_rdm6300.$flatten\u_parser.\u_decoder.$procmux$1693 ($mux).
Removed top 1 bits (of 5) from mux cell top_basys3_rdm6300.$flatten\u_parser.\u_decoder.$procmux$1826 ($mux).
Removed top 1 bits (of 5) from mux cell top_basys3_rdm6300.$flatten\u_parser.\u_decoder.$procmux$1898 ($mux).
Removed top 1 bits (of 5) from mux cell top_basys3_rdm6300.$flatten\u_parser.\u_decoder.$procmux$1970 ($mux).
Removed top 1 bits (of 5) from mux cell top_basys3_rdm6300.$flatten\u_parser.\u_decoder.$procmux$2042 ($mux).
Removed top 1 bits (of 5) from mux cell top_basys3_rdm6300.$flatten\u_parser.\u_decoder.$procmux$2114 ($mux).
Removed top 1 bits (of 5) from mux cell top_basys3_rdm6300.$flatten\u_parser.\u_decoder.$procmux$2186 ($mux).
Removed top 1 bits (of 5) from mux cell top_basys3_rdm6300.$flatten\u_parser.\u_decoder.$procmux$2258 ($mux).
Removed top 1 bits (of 5) from mux cell top_basys3_rdm6300.$flatten\u_parser.\u_decoder.$procmux$2330 ($mux).
Removed top 1 bits (of 5) from mux cell top_basys3_rdm6300.$flatten\u_parser.\u_decoder.$procmux$2402 ($mux).
Removed top 1 bits (of 5) from mux cell top_basys3_rdm6300.$flatten\u_parser.\u_decoder.$procmux$2474 ($mux).
Removed top 1 bits (of 5) from port Y of cell top_basys3_rdm6300.$flatten\u_parser.\u_decoder.$sub$/home/hiepthai/Desktop/uart-fifo-rfid-asic/rdm6300_asic_fpga_modular/rtl/rdm6300/rdm6300_frame_decoder.v:52$857 ($sub).
Removed top 1 bits (of 5) from port A of cell top_basys3_rdm6300.$flatten\u_parser.\u_decoder.$sub$/home/hiepthai/Desktop/uart-fifo-rfid-asic/rdm6300_asic_fpga_modular/rtl/rdm6300/rdm6300_frame_decoder.v:52$857 ($sub).
Removed top 1 bits (of 5) from port Y of cell top_basys3_rdm6300.$flatten\u_parser.\u_decoder.$add$/home/hiepthai/Desktop/uart-fifo-rfid-asic/rdm6300_asic_fpga_modular/rtl/rdm6300/rdm6300_frame_decoder.v:54$864 ($add).
Removed top 1 bits (of 5) from port A of cell top_basys3_rdm6300.$flatten\u_parser.\u_decoder.$add$/home/hiepthai/Desktop/uart-fifo-rfid-asic/rdm6300_asic_fpga_modular/rtl/rdm6300/rdm6300_frame_decoder.v:54$864 ($add).
Removed top 1 bits (of 5) from port Y of cell top_basys3_rdm6300.$flatten\u_parser.\u_decoder.$sub$/home/hiepthai/Desktop/uart-fifo-rfid-asic/rdm6300_asic_fpga_modular/rtl/rdm6300/rdm6300_frame_decoder.v:52$874 ($sub).
Removed top 1 bits (of 5) from port A of cell top_basys3_rdm6300.$flatten\u_parser.\u_decoder.$sub$/home/hiepthai/Desktop/uart-fifo-rfid-asic/rdm6300_asic_fpga_modular/rtl/rdm6300/rdm6300_frame_decoder.v:52$874 ($sub).
Removed top 1 bits (of 5) from port Y of cell top_basys3_rdm6300.$flatten\u_parser.\u_decoder.$add$/home/hiepthai/Desktop/uart-fifo-rfid-asic/rdm6300_asic_fpga_modular/rtl/rdm6300/rdm6300_frame_decoder.v:54$881 ($add).
Removed top 1 bits (of 5) from port A of cell top_basys3_rdm6300.$flatten\u_parser.\u_decoder.$add$/home/hiepthai/Desktop/uart-fifo-rfid-asic/rdm6300_asic_fpga_modular/rtl/rdm6300/rdm6300_frame_decoder.v:54$881 ($add).
Removed top 1 bits (of 5) from mux cell top_basys3_rdm6300.$flatten\u_parser.\u_decoder.$procmux$1824 ($mux).
Removed top 1 bits (of 5) from mux cell top_basys3_rdm6300.$flatten\u_parser.\u_decoder.$procmux$1896 ($mux).
Removed top 1 bits (of 5) from mux cell top_basys3_rdm6300.$flatten\u_parser.\u_decoder.$procmux$1968 ($mux).
Removed top 1 bits (of 5) from mux cell top_basys3_rdm6300.$flatten\u_parser.\u_decoder.$procmux$2040 ($mux).
Removed top 1 bits (of 5) from mux cell top_basys3_rdm6300.$flatten\u_parser.\u_decoder.$procmux$2112 ($mux).
Removed top 1 bits (of 5) from mux cell top_basys3_rdm6300.$flatten\u_parser.\u_decoder.$procmux$2184 ($mux).
Removed top 1 bits (of 5) from mux cell top_basys3_rdm6300.$flatten\u_parser.\u_decoder.$procmux$2256 ($mux).
Removed top 1 bits (of 5) from mux cell top_basys3_rdm6300.$flatten\u_parser.\u_decoder.$procmux$2328 ($mux).
Removed top 1 bits (of 5) from mux cell top_basys3_rdm6300.$flatten\u_parser.\u_decoder.$procmux$2400 ($mux).
Removed top 1 bits (of 5) from mux cell top_basys3_rdm6300.$flatten\u_parser.\u_decoder.$procmux$2472 ($mux).
Removed top 1 bits (of 5) from port Y of cell top_basys3_rdm6300.$flatten\u_parser.\u_decoder.$sub$/home/hiepthai/Desktop/uart-fifo-rfid-asic/rdm6300_asic_fpga_modular/rtl/rdm6300/rdm6300_frame_decoder.v:54$863 ($sub).
Removed top 1 bits (of 5) from port A of cell top_basys3_rdm6300.$flatten\u_parser.\u_decoder.$sub$/home/hiepthai/Desktop/uart-fifo-rfid-asic/rdm6300_asic_fpga_modular/rtl/rdm6300/rdm6300_frame_decoder.v:54$863 ($sub).
Removed top 1 bits (of 5) from port Y of cell top_basys3_rdm6300.$flatten\u_parser.\u_decoder.$sub$/home/hiepthai/Desktop/uart-fifo-rfid-asic/rdm6300_asic_fpga_modular/rtl/rdm6300/rdm6300_frame_decoder.v:54$880 ($sub).
Removed top 1 bits (of 5) from port A of cell top_basys3_rdm6300.$flatten\u_parser.\u_decoder.$sub$/home/hiepthai/Desktop/uart-fifo-rfid-asic/rdm6300_asic_fpga_modular/rtl/rdm6300/rdm6300_frame_decoder.v:54$880 ($sub).
Removed top 1 bits (of 5) from mux cell top_basys3_rdm6300.$flatten\u_parser.\u_decoder.$procmux$1821 ($mux).
Removed top 1 bits (of 5) from mux cell top_basys3_rdm6300.$flatten\u_parser.\u_decoder.$procmux$1893 ($mux).
Removed top 1 bits (of 5) from mux cell top_basys3_rdm6300.$flatten\u_parser.\u_decoder.$procmux$1965 ($mux).
Removed top 1 bits (of 5) from mux cell top_basys3_rdm6300.$flatten\u_parser.\u_decoder.$procmux$2037 ($mux).
Removed top 1 bits (of 5) from mux cell top_basys3_rdm6300.$flatten\u_parser.\u_decoder.$procmux$2109 ($mux).
Removed top 1 bits (of 5) from mux cell top_basys3_rdm6300.$flatten\u_parser.\u_decoder.$procmux$2181 ($mux).
Removed top 1 bits (of 5) from mux cell top_basys3_rdm6300.$flatten\u_parser.\u_decoder.$procmux$2253 ($mux).
Removed top 1 bits (of 5) from mux cell top_basys3_rdm6300.$flatten\u_parser.\u_decoder.$procmux$2325 ($mux).
Removed top 1 bits (of 5) from mux cell top_basys3_rdm6300.$flatten\u_parser.\u_decoder.$procmux$2397 ($mux).
Removed top 1 bits (of 5) from mux cell top_basys3_rdm6300.$flatten\u_parser.\u_decoder.$procmux$2469 ($mux).
Removed top 1 bits (of 5) from mux cell top_basys3_rdm6300.$flatten\u_parser.\u_decoder.$procmux$1819 ($mux).
Removed top 1 bits (of 5) from mux cell top_basys3_rdm6300.$flatten\u_parser.\u_decoder.$procmux$1891 ($mux).
Removed top 1 bits (of 5) from mux cell top_basys3_rdm6300.$flatten\u_parser.\u_decoder.$procmux$1963 ($mux).
Removed top 1 bits (of 5) from mux cell top_basys3_rdm6300.$flatten\u_parser.\u_decoder.$procmux$2035 ($mux).
Removed top 1 bits (of 5) from mux cell top_basys3_rdm6300.$flatten\u_parser.\u_decoder.$procmux$2107 ($mux).
Removed top 1 bits (of 5) from mux cell top_basys3_rdm6300.$flatten\u_parser.\u_decoder.$procmux$2179 ($mux).
Removed top 1 bits (of 5) from mux cell top_basys3_rdm6300.$flatten\u_parser.\u_decoder.$procmux$2251 ($mux).
Removed top 1 bits (of 5) from mux cell top_basys3_rdm6300.$flatten\u_parser.\u_decoder.$procmux$2323 ($mux).
Removed top 1 bits (of 5) from mux cell top_basys3_rdm6300.$flatten\u_parser.\u_decoder.$procmux$2395 ($mux).
Removed top 1 bits (of 5) from mux cell top_basys3_rdm6300.$flatten\u_parser.\u_decoder.$procmux$2467 ($mux).
Removed top 1 bits (of 5) from mux cell top_basys3_rdm6300.$flatten\u_parser.\u_decoder.$procmux$1816 ($mux).
Removed top 1 bits (of 5) from mux cell top_basys3_rdm6300.$flatten\u_parser.\u_decoder.$procmux$1888 ($mux).
Removed top 1 bits (of 5) from mux cell top_basys3_rdm6300.$flatten\u_parser.\u_decoder.$procmux$1960 ($mux).
Removed top 1 bits (of 5) from mux cell top_basys3_rdm6300.$flatten\u_parser.\u_decoder.$procmux$2032 ($mux).
Removed top 1 bits (of 5) from mux cell top_basys3_rdm6300.$flatten\u_parser.\u_decoder.$procmux$2104 ($mux).
Removed top 1 bits (of 5) from mux cell top_basys3_rdm6300.$flatten\u_parser.\u_decoder.$procmux$2176 ($mux).
Removed top 1 bits (of 5) from mux cell top_basys3_rdm6300.$flatten\u_parser.\u_decoder.$procmux$2248 ($mux).
Removed top 1 bits (of 5) from mux cell top_basys3_rdm6300.$flatten\u_parser.\u_decoder.$procmux$2320 ($mux).
Removed top 1 bits (of 5) from mux cell top_basys3_rdm6300.$flatten\u_parser.\u_decoder.$procmux$2392 ($mux).
Removed top 1 bits (of 5) from mux cell top_basys3_rdm6300.$flatten\u_parser.\u_decoder.$procmux$2464 ($mux).
Removed top 1 bits (of 5) from port Y of cell top_basys3_rdm6300.$flatten\u_parser.\u_decoder.$sub$/home/hiepthai/Desktop/uart-fifo-rfid-asic/rdm6300_asic_fpga_modular/rtl/rdm6300/rdm6300_frame_decoder.v:50$682 ($sub).
Removed top 1 bits (of 5) from port A of cell top_basys3_rdm6300.$flatten\u_parser.\u_decoder.$sub$/home/hiepthai/Desktop/uart-fifo-rfid-asic/rdm6300_asic_fpga_modular/rtl/rdm6300/rdm6300_frame_decoder.v:50$682 ($sub).
Removed top 4 bits (of 5) from port B of cell top_basys3_rdm6300.$flatten\u_parser.\u_decoder.$sub$/home/hiepthai/Desktop/uart-fifo-rfid-asic/rdm6300_asic_fpga_modular/rtl/rdm6300/rdm6300_frame_decoder.v:50$682 ($sub).
Removed top 1 bits (of 5) from port Y of cell top_basys3_rdm6300.$flatten\u_parser.\u_decoder.$sub$/home/hiepthai/Desktop/uart-fifo-rfid-asic/rdm6300_asic_fpga_modular/rtl/rdm6300/rdm6300_frame_decoder.v:50$699 ($sub).
Removed top 1 bits (of 5) from port A of cell top_basys3_rdm6300.$flatten\u_parser.\u_decoder.$sub$/home/hiepthai/Desktop/uart-fifo-rfid-asic/rdm6300_asic_fpga_modular/rtl/rdm6300/rdm6300_frame_decoder.v:50$699 ($sub).
Removed top 4 bits (of 5) from port B of cell top_basys3_rdm6300.$flatten\u_parser.\u_decoder.$sub$/home/hiepthai/Desktop/uart-fifo-rfid-asic/rdm6300_asic_fpga_modular/rtl/rdm6300/rdm6300_frame_decoder.v:50$699 ($sub).
Removed top 1 bits (of 5) from port Y of cell top_basys3_rdm6300.$flatten\u_parser.\u_decoder.$sub$/home/hiepthai/Desktop/uart-fifo-rfid-asic/rdm6300_asic_fpga_modular/rtl/rdm6300/rdm6300_frame_decoder.v:50$716 ($sub).
Removed top 1 bits (of 5) from port A of cell top_basys3_rdm6300.$flatten\u_parser.\u_decoder.$sub$/home/hiepthai/Desktop/uart-fifo-rfid-asic/rdm6300_asic_fpga_modular/rtl/rdm6300/rdm6300_frame_decoder.v:50$716 ($sub).
Removed top 4 bits (of 5) from port B of cell top_basys3_rdm6300.$flatten\u_parser.\u_decoder.$sub$/home/hiepthai/Desktop/uart-fifo-rfid-asic/rdm6300_asic_fpga_modular/rtl/rdm6300/rdm6300_frame_decoder.v:50$716 ($sub).
Removed top 1 bits (of 5) from port Y of cell top_basys3_rdm6300.$flatten\u_parser.\u_decoder.$sub$/home/hiepthai/Desktop/uart-fifo-rfid-asic/rdm6300_asic_fpga_modular/rtl/rdm6300/rdm6300_frame_decoder.v:50$733 ($sub).
Removed top 1 bits (of 5) from port A of cell top_basys3_rdm6300.$flatten\u_parser.\u_decoder.$sub$/home/hiepthai/Desktop/uart-fifo-rfid-asic/rdm6300_asic_fpga_modular/rtl/rdm6300/rdm6300_frame_decoder.v:50$733 ($sub).
Removed top 4 bits (of 5) from port B of cell top_basys3_rdm6300.$flatten\u_parser.\u_decoder.$sub$/home/hiepthai/Desktop/uart-fifo-rfid-asic/rdm6300_asic_fpga_modular/rtl/rdm6300/rdm6300_frame_decoder.v:50$733 ($sub).
Removed top 1 bits (of 5) from port Y of cell top_basys3_rdm6300.$flatten\u_parser.\u_decoder.$sub$/home/hiepthai/Desktop/uart-fifo-rfid-asic/rdm6300_asic_fpga_modular/rtl/rdm6300/rdm6300_frame_decoder.v:50$750 ($sub).
Removed top 1 bits (of 5) from port A of cell top_basys3_rdm6300.$flatten\u_parser.\u_decoder.$sub$/home/hiepthai/Desktop/uart-fifo-rfid-asic/rdm6300_asic_fpga_modular/rtl/rdm6300/rdm6300_frame_decoder.v:50$750 ($sub).
Removed top 4 bits (of 5) from port B of cell top_basys3_rdm6300.$flatten\u_parser.\u_decoder.$sub$/home/hiepthai/Desktop/uart-fifo-rfid-asic/rdm6300_asic_fpga_modular/rtl/rdm6300/rdm6300_frame_decoder.v:50$750 ($sub).
Removed top 1 bits (of 5) from port Y of cell top_basys3_rdm6300.$flatten\u_parser.\u_decoder.$sub$/home/hiepthai/Desktop/uart-fifo-rfid-asic/rdm6300_asic_fpga_modular/rtl/rdm6300/rdm6300_frame_decoder.v:50$767 ($sub).
Removed top 1 bits (of 5) from port A of cell top_basys3_rdm6300.$flatten\u_parser.\u_decoder.$sub$/home/hiepthai/Desktop/uart-fifo-rfid-asic/rdm6300_asic_fpga_modular/rtl/rdm6300/rdm6300_frame_decoder.v:50$767 ($sub).
Removed top 4 bits (of 5) from port B of cell top_basys3_rdm6300.$flatten\u_parser.\u_decoder.$sub$/home/hiepthai/Desktop/uart-fifo-rfid-asic/rdm6300_asic_fpga_modular/rtl/rdm6300/rdm6300_frame_decoder.v:50$767 ($sub).
Removed top 1 bits (of 5) from port Y of cell top_basys3_rdm6300.$flatten\u_parser.\u_decoder.$sub$/home/hiepthai/Desktop/uart-fifo-rfid-asic/rdm6300_asic_fpga_modular/rtl/rdm6300/rdm6300_frame_decoder.v:50$784 ($sub).
Removed top 1 bits (of 5) from port A of cell top_basys3_rdm6300.$flatten\u_parser.\u_decoder.$sub$/home/hiepthai/Desktop/uart-fifo-rfid-asic/rdm6300_asic_fpga_modular/rtl/rdm6300/rdm6300_frame_decoder.v:50$784 ($sub).
Removed top 4 bits (of 5) from port B of cell top_basys3_rdm6300.$flatten\u_parser.\u_decoder.$sub$/home/hiepthai/Desktop/uart-fifo-rfid-asic/rdm6300_asic_fpga_modular/rtl/rdm6300/rdm6300_frame_decoder.v:50$784 ($sub).
Removed top 1 bits (of 5) from port Y of cell top_basys3_rdm6300.$flatten\u_parser.\u_decoder.$sub$/home/hiepthai/Desktop/uart-fifo-rfid-asic/rdm6300_asic_fpga_modular/rtl/rdm6300/rdm6300_frame_decoder.v:50$801 ($sub).
Removed top 1 bits (of 5) from port A of cell top_basys3_rdm6300.$flatten\u_parser.\u_decoder.$sub$/home/hiepthai/Desktop/uart-fifo-rfid-asic/rdm6300_asic_fpga_modular/rtl/rdm6300/rdm6300_frame_decoder.v:50$801 ($sub).
Removed top 4 bits (of 5) from port B of cell top_basys3_rdm6300.$flatten\u_parser.\u_decoder.$sub$/home/hiepthai/Desktop/uart-fifo-rfid-asic/rdm6300_asic_fpga_modular/rtl/rdm6300/rdm6300_frame_decoder.v:50$801 ($sub).
Removed top 1 bits (of 5) from port Y of cell top_basys3_rdm6300.$flatten\u_parser.\u_decoder.$sub$/home/hiepthai/Desktop/uart-fifo-rfid-asic/rdm6300_asic_fpga_modular/rtl/rdm6300/rdm6300_frame_decoder.v:50$818 ($sub).
Removed top 1 bits (of 5) from port A of cell top_basys3_rdm6300.$flatten\u_parser.\u_decoder.$sub$/home/hiepthai/Desktop/uart-fifo-rfid-asic/rdm6300_asic_fpga_modular/rtl/rdm6300/rdm6300_frame_decoder.v:50$818 ($sub).
Removed top 4 bits (of 5) from port B of cell top_basys3_rdm6300.$flatten\u_parser.\u_decoder.$sub$/home/hiepthai/Desktop/uart-fifo-rfid-asic/rdm6300_asic_fpga_modular/rtl/rdm6300/rdm6300_frame_decoder.v:50$818 ($sub).
Removed top 1 bits (of 5) from port Y of cell top_basys3_rdm6300.$flatten\u_parser.\u_decoder.$sub$/home/hiepthai/Desktop/uart-fifo-rfid-asic/rdm6300_asic_fpga_modular/rtl/rdm6300/rdm6300_frame_decoder.v:50$835 ($sub).
Removed top 1 bits (of 5) from port A of cell top_basys3_rdm6300.$flatten\u_parser.\u_decoder.$sub$/home/hiepthai/Desktop/uart-fifo-rfid-asic/rdm6300_asic_fpga_modular/rtl/rdm6300/rdm6300_frame_decoder.v:50$835 ($sub).
Removed top 4 bits (of 5) from port B of cell top_basys3_rdm6300.$flatten\u_parser.\u_decoder.$sub$/home/hiepthai/Desktop/uart-fifo-rfid-asic/rdm6300_asic_fpga_modular/rtl/rdm6300/rdm6300_frame_decoder.v:50$835 ($sub).
Removed top 1 bits (of 5) from mux cell top_basys3_rdm6300.$flatten\u_parser.\u_decoder.$procmux$1792 ($mux).
Removed top 1 bits (of 5) from mux cell top_basys3_rdm6300.$flatten\u_parser.\u_decoder.$procmux$1864 ($mux).
Removed top 1 bits (of 5) from mux cell top_basys3_rdm6300.$flatten\u_parser.\u_decoder.$procmux$1936 ($mux).
Removed top 1 bits (of 5) from mux cell top_basys3_rdm6300.$flatten\u_parser.\u_decoder.$procmux$2008 ($mux).
Removed top 1 bits (of 5) from mux cell top_basys3_rdm6300.$flatten\u_parser.\u_decoder.$procmux$2080 ($mux).
Removed top 1 bits (of 5) from mux cell top_basys3_rdm6300.$flatten\u_parser.\u_decoder.$procmux$2152 ($mux).
Removed top 1 bits (of 5) from mux cell top_basys3_rdm6300.$flatten\u_parser.\u_decoder.$procmux$2224 ($mux).
Removed top 1 bits (of 5) from mux cell top_basys3_rdm6300.$flatten\u_parser.\u_decoder.$procmux$2296 ($mux).
Removed top 1 bits (of 5) from mux cell top_basys3_rdm6300.$flatten\u_parser.\u_decoder.$procmux$2368 ($mux).
Removed top 1 bits (of 5) from mux cell top_basys3_rdm6300.$flatten\u_parser.\u_decoder.$procmux$2440 ($mux).
Removed top 1 bits (of 5) from port Y of cell top_basys3_rdm6300.$flatten\u_parser.\u_decoder.$add$/home/hiepthai/Desktop/uart-fifo-rfid-asic/rdm6300_asic_fpga_modular/rtl/rdm6300/rdm6300_frame_decoder.v:52$688 ($add).
Removed top 1 bits (of 5) from port A of cell top_basys3_rdm6300.$flatten\u_parser.\u_decoder.$add$/home/hiepthai/Desktop/uart-fifo-rfid-asic/rdm6300_asic_fpga_modular/rtl/rdm6300/rdm6300_frame_decoder.v:52$688 ($add).
Removed top 1 bits (of 5) from port Y of cell top_basys3_rdm6300.$flatten\u_parser.\u_decoder.$add$/home/hiepthai/Desktop/uart-fifo-rfid-asic/rdm6300_asic_fpga_modular/rtl/rdm6300/rdm6300_frame_decoder.v:52$705 ($add).
Removed top 1 bits (of 5) from port A of cell top_basys3_rdm6300.$flatten\u_parser.\u_decoder.$add$/home/hiepthai/Desktop/uart-fifo-rfid-asic/rdm6300_asic_fpga_modular/rtl/rdm6300/rdm6300_frame_decoder.v:52$705 ($add).
Removed top 1 bits (of 5) from port Y of cell top_basys3_rdm6300.$flatten\u_parser.\u_decoder.$add$/home/hiepthai/Desktop/uart-fifo-rfid-asic/rdm6300_asic_fpga_modular/rtl/rdm6300/rdm6300_frame_decoder.v:52$722 ($add).
Removed top 1 bits (of 5) from port A of cell top_basys3_rdm6300.$flatten\u_parser.\u_decoder.$add$/home/hiepthai/Desktop/uart-fifo-rfid-asic/rdm6300_asic_fpga_modular/rtl/rdm6300/rdm6300_frame_decoder.v:52$722 ($add).
Removed top 1 bits (of 5) from port Y of cell top_basys3_rdm6300.$flatten\u_parser.\u_decoder.$add$/home/hiepthai/Desktop/uart-fifo-rfid-asic/rdm6300_asic_fpga_modular/rtl/rdm6300/rdm6300_frame_decoder.v:52$739 ($add).
Removed top 1 bits (of 5) from port A of cell top_basys3_rdm6300.$flatten\u_parser.\u_decoder.$add$/home/hiepthai/Desktop/uart-fifo-rfid-asic/rdm6300_asic_fpga_modular/rtl/rdm6300/rdm6300_frame_decoder.v:52$739 ($add).
Removed top 1 bits (of 5) from port Y of cell top_basys3_rdm6300.$flatten\u_parser.\u_decoder.$add$/home/hiepthai/Desktop/uart-fifo-rfid-asic/rdm6300_asic_fpga_modular/rtl/rdm6300/rdm6300_frame_decoder.v:52$756 ($add).
Removed top 1 bits (of 5) from port A of cell top_basys3_rdm6300.$flatten\u_parser.\u_decoder.$add$/home/hiepthai/Desktop/uart-fifo-rfid-asic/rdm6300_asic_fpga_modular/rtl/rdm6300/rdm6300_frame_decoder.v:52$756 ($add).
Removed top 1 bits (of 5) from port Y of cell top_basys3_rdm6300.$flatten\u_parser.\u_decoder.$add$/home/hiepthai/Desktop/uart-fifo-rfid-asic/rdm6300_asic_fpga_modular/rtl/rdm6300/rdm6300_frame_decoder.v:52$773 ($add).
Removed top 1 bits (of 5) from port A of cell top_basys3_rdm6300.$flatten\u_parser.\u_decoder.$add$/home/hiepthai/Desktop/uart-fifo-rfid-asic/rdm6300_asic_fpga_modular/rtl/rdm6300/rdm6300_frame_decoder.v:52$773 ($add).
Removed top 1 bits (of 5) from port Y of cell top_basys3_rdm6300.$flatten\u_parser.\u_decoder.$add$/home/hiepthai/Desktop/uart-fifo-rfid-asic/rdm6300_asic_fpga_modular/rtl/rdm6300/rdm6300_frame_decoder.v:52$790 ($add).
Removed top 1 bits (of 5) from port A of cell top_basys3_rdm6300.$flatten\u_parser.\u_decoder.$add$/home/hiepthai/Desktop/uart-fifo-rfid-asic/rdm6300_asic_fpga_modular/rtl/rdm6300/rdm6300_frame_decoder.v:52$790 ($add).
Removed top 1 bits (of 5) from port Y of cell top_basys3_rdm6300.$flatten\u_parser.\u_decoder.$add$/home/hiepthai/Desktop/uart-fifo-rfid-asic/rdm6300_asic_fpga_modular/rtl/rdm6300/rdm6300_frame_decoder.v:52$807 ($add).
Removed top 1 bits (of 5) from port A of cell top_basys3_rdm6300.$flatten\u_parser.\u_decoder.$add$/home/hiepthai/Desktop/uart-fifo-rfid-asic/rdm6300_asic_fpga_modular/rtl/rdm6300/rdm6300_frame_decoder.v:52$807 ($add).
Removed top 1 bits (of 5) from port Y of cell top_basys3_rdm6300.$flatten\u_parser.\u_decoder.$add$/home/hiepthai/Desktop/uart-fifo-rfid-asic/rdm6300_asic_fpga_modular/rtl/rdm6300/rdm6300_frame_decoder.v:52$824 ($add).
Removed top 1 bits (of 5) from port A of cell top_basys3_rdm6300.$flatten\u_parser.\u_decoder.$add$/home/hiepthai/Desktop/uart-fifo-rfid-asic/rdm6300_asic_fpga_modular/rtl/rdm6300/rdm6300_frame_decoder.v:52$824 ($add).
Removed top 1 bits (of 5) from port Y of cell top_basys3_rdm6300.$flatten\u_parser.\u_decoder.$add$/home/hiepthai/Desktop/uart-fifo-rfid-asic/rdm6300_asic_fpga_modular/rtl/rdm6300/rdm6300_frame_decoder.v:52$841 ($add).
Removed top 1 bits (of 5) from port A of cell top_basys3_rdm6300.$flatten\u_parser.\u_decoder.$add$/home/hiepthai/Desktop/uart-fifo-rfid-asic/rdm6300_asic_fpga_modular/rtl/rdm6300/rdm6300_frame_decoder.v:52$841 ($add).
Removed top 1 bits (of 5) from mux cell top_basys3_rdm6300.$flatten\u_parser.\u_decoder.$procmux$1765 ($mux).
Removed top 1 bits (of 5) from mux cell top_basys3_rdm6300.$flatten\u_parser.\u_decoder.$procmux$1837 ($mux).
Removed top 1 bits (of 5) from mux cell top_basys3_rdm6300.$flatten\u_parser.\u_decoder.$procmux$1909 ($mux).
Removed top 1 bits (of 5) from mux cell top_basys3_rdm6300.$flatten\u_parser.\u_decoder.$procmux$1981 ($mux).
Removed top 1 bits (of 5) from mux cell top_basys3_rdm6300.$flatten\u_parser.\u_decoder.$procmux$2053 ($mux).
Removed top 1 bits (of 5) from mux cell top_basys3_rdm6300.$flatten\u_parser.\u_decoder.$procmux$2125 ($mux).
Removed top 1 bits (of 5) from mux cell top_basys3_rdm6300.$flatten\u_parser.\u_decoder.$procmux$2197 ($mux).
Removed top 1 bits (of 5) from mux cell top_basys3_rdm6300.$flatten\u_parser.\u_decoder.$procmux$2269 ($mux).
Removed top 1 bits (of 5) from mux cell top_basys3_rdm6300.$flatten\u_parser.\u_decoder.$procmux$2341 ($mux).
Removed top 1 bits (of 5) from mux cell top_basys3_rdm6300.$flatten\u_parser.\u_decoder.$procmux$2413 ($mux).
Removed top 1 bits (of 5) from port Y of cell top_basys3_rdm6300.$flatten\u_parser.\u_decoder.$sub$/home/hiepthai/Desktop/uart-fifo-rfid-asic/rdm6300_asic_fpga_modular/rtl/rdm6300/rdm6300_frame_decoder.v:52$687 ($sub).
Removed top 1 bits (of 5) from port A of cell top_basys3_rdm6300.$flatten\u_parser.\u_decoder.$sub$/home/hiepthai/Desktop/uart-fifo-rfid-asic/rdm6300_asic_fpga_modular/rtl/rdm6300/rdm6300_frame_decoder.v:52$687 ($sub).
Removed top 1 bits (of 5) from port Y of cell top_basys3_rdm6300.$flatten\u_parser.\u_decoder.$add$/home/hiepthai/Desktop/uart-fifo-rfid-asic/rdm6300_asic_fpga_modular/rtl/rdm6300/rdm6300_frame_decoder.v:54$694 ($add).
Removed top 1 bits (of 5) from port A of cell top_basys3_rdm6300.$flatten\u_parser.\u_decoder.$add$/home/hiepthai/Desktop/uart-fifo-rfid-asic/rdm6300_asic_fpga_modular/rtl/rdm6300/rdm6300_frame_decoder.v:54$694 ($add).
Removed top 1 bits (of 5) from port Y of cell top_basys3_rdm6300.$flatten\u_parser.\u_decoder.$sub$/home/hiepthai/Desktop/uart-fifo-rfid-asic/rdm6300_asic_fpga_modular/rtl/rdm6300/rdm6300_frame_decoder.v:52$704 ($sub).
Removed top 1 bits (of 5) from port A of cell top_basys3_rdm6300.$flatten\u_parser.\u_decoder.$sub$/home/hiepthai/Desktop/uart-fifo-rfid-asic/rdm6300_asic_fpga_modular/rtl/rdm6300/rdm6300_frame_decoder.v:52$704 ($sub).
Removed top 1 bits (of 5) from port Y of cell top_basys3_rdm6300.$flatten\u_parser.\u_decoder.$add$/home/hiepthai/Desktop/uart-fifo-rfid-asic/rdm6300_asic_fpga_modular/rtl/rdm6300/rdm6300_frame_decoder.v:54$711 ($add).
Removed top 1 bits (of 5) from port A of cell top_basys3_rdm6300.$flatten\u_parser.\u_decoder.$add$/home/hiepthai/Desktop/uart-fifo-rfid-asic/rdm6300_asic_fpga_modular/rtl/rdm6300/rdm6300_frame_decoder.v:54$711 ($add).
Removed top 1 bits (of 5) from port Y of cell top_basys3_rdm6300.$flatten\u_parser.\u_decoder.$sub$/home/hiepthai/Desktop/uart-fifo-rfid-asic/rdm6300_asic_fpga_modular/rtl/rdm6300/rdm6300_frame_decoder.v:52$721 ($sub).
Removed top 1 bits (of 5) from port A of cell top_basys3_rdm6300.$flatten\u_parser.\u_decoder.$sub$/home/hiepthai/Desktop/uart-fifo-rfid-asic/rdm6300_asic_fpga_modular/rtl/rdm6300/rdm6300_frame_decoder.v:52$721 ($sub).
Removed top 1 bits (of 5) from port Y of cell top_basys3_rdm6300.$flatten\u_parser.\u_decoder.$add$/home/hiepthai/Desktop/uart-fifo-rfid-asic/rdm6300_asic_fpga_modular/rtl/rdm6300/rdm6300_frame_decoder.v:54$728 ($add).
Removed top 1 bits (of 5) from port A of cell top_basys3_rdm6300.$flatten\u_parser.\u_decoder.$add$/home/hiepthai/Desktop/uart-fifo-rfid-asic/rdm6300_asic_fpga_modular/rtl/rdm6300/rdm6300_frame_decoder.v:54$728 ($add).
Removed top 1 bits (of 5) from port Y of cell top_basys3_rdm6300.$flatten\u_parser.\u_decoder.$sub$/home/hiepthai/Desktop/uart-fifo-rfid-asic/rdm6300_asic_fpga_modular/rtl/rdm6300/rdm6300_frame_decoder.v:52$738 ($sub).
Removed top 1 bits (of 5) from port A of cell top_basys3_rdm6300.$flatten\u_parser.\u_decoder.$sub$/home/hiepthai/Desktop/uart-fifo-rfid-asic/rdm6300_asic_fpga_modular/rtl/rdm6300/rdm6300_frame_decoder.v:52$738 ($sub).
Removed top 1 bits (of 5) from port Y of cell top_basys3_rdm6300.$flatten\u_parser.\u_decoder.$add$/home/hiepthai/Desktop/uart-fifo-rfid-asic/rdm6300_asic_fpga_modular/rtl/rdm6300/rdm6300_frame_decoder.v:54$745 ($add).
Removed top 1 bits (of 5) from port A of cell top_basys3_rdm6300.$flatten\u_parser.\u_decoder.$add$/home/hiepthai/Desktop/uart-fifo-rfid-asic/rdm6300_asic_fpga_modular/rtl/rdm6300/rdm6300_frame_decoder.v:54$745 ($add).
Removed top 1 bits (of 5) from port Y of cell top_basys3_rdm6300.$flatten\u_parser.\u_decoder.$sub$/home/hiepthai/Desktop/uart-fifo-rfid-asic/rdm6300_asic_fpga_modular/rtl/rdm6300/rdm6300_frame_decoder.v:52$755 ($sub).
Removed top 1 bits (of 5) from port A of cell top_basys3_rdm6300.$flatten\u_parser.\u_decoder.$sub$/home/hiepthai/Desktop/uart-fifo-rfid-asic/rdm6300_asic_fpga_modular/rtl/rdm6300/rdm6300_frame_decoder.v:52$755 ($sub).
Removed top 1 bits (of 5) from port Y of cell top_basys3_rdm6300.$flatten\u_parser.\u_decoder.$add$/home/hiepthai/Desktop/uart-fifo-rfid-asic/rdm6300_asic_fpga_modular/rtl/rdm6300/rdm6300_frame_decoder.v:54$762 ($add).
Removed top 1 bits (of 5) from port A of cell top_basys3_rdm6300.$flatten\u_parser.\u_decoder.$add$/home/hiepthai/Desktop/uart-fifo-rfid-asic/rdm6300_asic_fpga_modular/rtl/rdm6300/rdm6300_frame_decoder.v:54$762 ($add).
Removed top 1 bits (of 5) from port Y of cell top_basys3_rdm6300.$flatten\u_parser.\u_decoder.$sub$/home/hiepthai/Desktop/uart-fifo-rfid-asic/rdm6300_asic_fpga_modular/rtl/rdm6300/rdm6300_frame_decoder.v:52$772 ($sub).
Removed top 1 bits (of 5) from port A of cell top_basys3_rdm6300.$flatten\u_parser.\u_decoder.$sub$/home/hiepthai/Desktop/uart-fifo-rfid-asic/rdm6300_asic_fpga_modular/rtl/rdm6300/rdm6300_frame_decoder.v:52$772 ($sub).
Removed top 1 bits (of 5) from port Y of cell top_basys3_rdm6300.$flatten\u_parser.\u_decoder.$add$/home/hiepthai/Desktop/uart-fifo-rfid-asic/rdm6300_asic_fpga_modular/rtl/rdm6300/rdm6300_frame_decoder.v:54$779 ($add).
Removed top 1 bits (of 5) from port A of cell top_basys3_rdm6300.$flatten\u_parser.\u_decoder.$add$/home/hiepthai/Desktop/uart-fifo-rfid-asic/rdm6300_asic_fpga_modular/rtl/rdm6300/rdm6300_frame_decoder.v:54$779 ($add).
Removed top 1 bits (of 5) from port Y of cell top_basys3_rdm6300.$flatten\u_parser.\u_decoder.$sub$/home/hiepthai/Desktop/uart-fifo-rfid-asic/rdm6300_asic_fpga_modular/rtl/rdm6300/rdm6300_frame_decoder.v:52$789 ($sub).
Removed top 1 bits (of 5) from port A of cell top_basys3_rdm6300.$flatten\u_parser.\u_decoder.$sub$/home/hiepthai/Desktop/uart-fifo-rfid-asic/rdm6300_asic_fpga_modular/rtl/rdm6300/rdm6300_frame_decoder.v:52$789 ($sub).
Removed top 1 bits (of 5) from port Y of cell top_basys3_rdm6300.$flatten\u_parser.\u_decoder.$add$/home/hiepthai/Desktop/uart-fifo-rfid-asic/rdm6300_asic_fpga_modular/rtl/rdm6300/rdm6300_frame_decoder.v:54$796 ($add).
Removed top 1 bits (of 5) from port A of cell top_basys3_rdm6300.$flatten\u_parser.\u_decoder.$add$/home/hiepthai/Desktop/uart-fifo-rfid-asic/rdm6300_asic_fpga_modular/rtl/rdm6300/rdm6300_frame_decoder.v:54$796 ($add).
Removed top 1 bits (of 5) from port Y of cell top_basys3_rdm6300.$flatten\u_parser.\u_decoder.$sub$/home/hiepthai/Desktop/uart-fifo-rfid-asic/rdm6300_asic_fpga_modular/rtl/rdm6300/rdm6300_frame_decoder.v:52$806 ($sub).
Removed top 1 bits (of 5) from port A of cell top_basys3_rdm6300.$flatten\u_parser.\u_decoder.$sub$/home/hiepthai/Desktop/uart-fifo-rfid-asic/rdm6300_asic_fpga_modular/rtl/rdm6300/rdm6300_frame_decoder.v:52$806 ($sub).
Removed top 1 bits (of 5) from port Y of cell top_basys3_rdm6300.$flatten\u_parser.\u_decoder.$add$/home/hiepthai/Desktop/uart-fifo-rfid-asic/rdm6300_asic_fpga_modular/rtl/rdm6300/rdm6300_frame_decoder.v:54$813 ($add).
Removed top 1 bits (of 5) from port A of cell top_basys3_rdm6300.$flatten\u_parser.\u_decoder.$add$/home/hiepthai/Desktop/uart-fifo-rfid-asic/rdm6300_asic_fpga_modular/rtl/rdm6300/rdm6300_frame_decoder.v:54$813 ($add).
Removed top 1 bits (of 5) from port Y of cell top_basys3_rdm6300.$flatten\u_parser.\u_decoder.$sub$/home/hiepthai/Desktop/uart-fifo-rfid-asic/rdm6300_asic_fpga_modular/rtl/rdm6300/rdm6300_frame_decoder.v:52$823 ($sub).
Removed top 1 bits (of 5) from port A of cell top_basys3_rdm6300.$flatten\u_parser.\u_decoder.$sub$/home/hiepthai/Desktop/uart-fifo-rfid-asic/rdm6300_asic_fpga_modular/rtl/rdm6300/rdm6300_frame_decoder.v:52$823 ($sub).
Removed top 1 bits (of 5) from port Y of cell top_basys3_rdm6300.$flatten\u_parser.\u_decoder.$add$/home/hiepthai/Desktop/uart-fifo-rfid-asic/rdm6300_asic_fpga_modular/rtl/rdm6300/rdm6300_frame_decoder.v:54$830 ($add).
Removed top 1 bits (of 5) from port A of cell top_basys3_rdm6300.$flatten\u_parser.\u_decoder.$add$/home/hiepthai/Desktop/uart-fifo-rfid-asic/rdm6300_asic_fpga_modular/rtl/rdm6300/rdm6300_frame_decoder.v:54$830 ($add).
Removed top 1 bits (of 5) from port Y of cell top_basys3_rdm6300.$flatten\u_parser.\u_decoder.$sub$/home/hiepthai/Desktop/uart-fifo-rfid-asic/rdm6300_asic_fpga_modular/rtl/rdm6300/rdm6300_frame_decoder.v:52$840 ($sub).
Removed top 1 bits (of 5) from port A of cell top_basys3_rdm6300.$flatten\u_parser.\u_decoder.$sub$/home/hiepthai/Desktop/uart-fifo-rfid-asic/rdm6300_asic_fpga_modular/rtl/rdm6300/rdm6300_frame_decoder.v:52$840 ($sub).
Removed top 1 bits (of 5) from port Y of cell top_basys3_rdm6300.$flatten\u_parser.\u_decoder.$add$/home/hiepthai/Desktop/uart-fifo-rfid-asic/rdm6300_asic_fpga_modular/rtl/rdm6300/rdm6300_frame_decoder.v:54$847 ($add).
Removed top 1 bits (of 5) from port A of cell top_basys3_rdm6300.$flatten\u_parser.\u_decoder.$add$/home/hiepthai/Desktop/uart-fifo-rfid-asic/rdm6300_asic_fpga_modular/rtl/rdm6300/rdm6300_frame_decoder.v:54$847 ($add).
Removed top 1 bits (of 5) from port Y of cell top_basys3_rdm6300.$flatten\u_parser.\u_decoder.$sub$/home/hiepthai/Desktop/uart-fifo-rfid-asic/rdm6300_asic_fpga_modular/rtl/rdm6300/rdm6300_frame_decoder.v:54$693 ($sub).
Removed top 1 bits (of 5) from port A of cell top_basys3_rdm6300.$flatten\u_parser.\u_decoder.$sub$/home/hiepthai/Desktop/uart-fifo-rfid-asic/rdm6300_asic_fpga_modular/rtl/rdm6300/rdm6300_frame_decoder.v:54$693 ($sub).
Removed top 1 bits (of 5) from port Y of cell top_basys3_rdm6300.$flatten\u_parser.\u_decoder.$sub$/home/hiepthai/Desktop/uart-fifo-rfid-asic/rdm6300_asic_fpga_modular/rtl/rdm6300/rdm6300_frame_decoder.v:54$710 ($sub).
Removed top 1 bits (of 5) from port A of cell top_basys3_rdm6300.$flatten\u_parser.\u_decoder.$sub$/home/hiepthai/Desktop/uart-fifo-rfid-asic/rdm6300_asic_fpga_modular/rtl/rdm6300/rdm6300_frame_decoder.v:54$710 ($sub).
Removed top 1 bits (of 5) from port Y of cell top_basys3_rdm6300.$flatten\u_parser.\u_decoder.$sub$/home/hiepthai/Desktop/uart-fifo-rfid-asic/rdm6300_asic_fpga_modular/rtl/rdm6300/rdm6300_frame_decoder.v:54$727 ($sub).
Removed top 1 bits (of 5) from port A of cell top_basys3_rdm6300.$flatten\u_parser.\u_decoder.$sub$/home/hiepthai/Desktop/uart-fifo-rfid-asic/rdm6300_asic_fpga_modular/rtl/rdm6300/rdm6300_frame_decoder.v:54$727 ($sub).
Removed top 1 bits (of 5) from port Y of cell top_basys3_rdm6300.$flatten\u_parser.\u_decoder.$sub$/home/hiepthai/Desktop/uart-fifo-rfid-asic/rdm6300_asic_fpga_modular/rtl/rdm6300/rdm6300_frame_decoder.v:54$744 ($sub).
Removed top 1 bits (of 5) from port A of cell top_basys3_rdm6300.$flatten\u_parser.\u_decoder.$sub$/home/hiepthai/Desktop/uart-fifo-rfid-asic/rdm6300_asic_fpga_modular/rtl/rdm6300/rdm6300_frame_decoder.v:54$744 ($sub).
Removed top 1 bits (of 5) from port Y of cell top_basys3_rdm6300.$flatten\u_parser.\u_decoder.$sub$/home/hiepthai/Desktop/uart-fifo-rfid-asic/rdm6300_asic_fpga_modular/rtl/rdm6300/rdm6300_frame_decoder.v:54$761 ($sub).
Removed top 1 bits (of 5) from port A of cell top_basys3_rdm6300.$flatten\u_parser.\u_decoder.$sub$/home/hiepthai/Desktop/uart-fifo-rfid-asic/rdm6300_asic_fpga_modular/rtl/rdm6300/rdm6300_frame_decoder.v:54$761 ($sub).
Removed top 1 bits (of 5) from port Y of cell top_basys3_rdm6300.$flatten\u_parser.\u_decoder.$sub$/home/hiepthai/Desktop/uart-fifo-rfid-asic/rdm6300_asic_fpga_modular/rtl/rdm6300/rdm6300_frame_decoder.v:54$778 ($sub).
Removed top 1 bits (of 5) from port A of cell top_basys3_rdm6300.$flatten\u_parser.\u_decoder.$sub$/home/hiepthai/Desktop/uart-fifo-rfid-asic/rdm6300_asic_fpga_modular/rtl/rdm6300/rdm6300_frame_decoder.v:54$778 ($sub).
Removed top 1 bits (of 5) from port Y of cell top_basys3_rdm6300.$flatten\u_parser.\u_decoder.$sub$/home/hiepthai/Desktop/uart-fifo-rfid-asic/rdm6300_asic_fpga_modular/rtl/rdm6300/rdm6300_frame_decoder.v:54$795 ($sub).
Removed top 1 bits (of 5) from port A of cell top_basys3_rdm6300.$flatten\u_parser.\u_decoder.$sub$/home/hiepthai/Desktop/uart-fifo-rfid-asic/rdm6300_asic_fpga_modular/rtl/rdm6300/rdm6300_frame_decoder.v:54$795 ($sub).
Removed top 1 bits (of 5) from port Y of cell top_basys3_rdm6300.$flatten\u_parser.\u_decoder.$sub$/home/hiepthai/Desktop/uart-fifo-rfid-asic/rdm6300_asic_fpga_modular/rtl/rdm6300/rdm6300_frame_decoder.v:54$812 ($sub).
Removed top 1 bits (of 5) from port A of cell top_basys3_rdm6300.$flatten\u_parser.\u_decoder.$sub$/home/hiepthai/Desktop/uart-fifo-rfid-asic/rdm6300_asic_fpga_modular/rtl/rdm6300/rdm6300_frame_decoder.v:54$812 ($sub).
Removed top 1 bits (of 5) from port Y of cell top_basys3_rdm6300.$flatten\u_parser.\u_decoder.$sub$/home/hiepthai/Desktop/uart-fifo-rfid-asic/rdm6300_asic_fpga_modular/rtl/rdm6300/rdm6300_frame_decoder.v:54$829 ($sub).
Removed top 1 bits (of 5) from port A of cell top_basys3_rdm6300.$flatten\u_parser.\u_decoder.$sub$/home/hiepthai/Desktop/uart-fifo-rfid-asic/rdm6300_asic_fpga_modular/rtl/rdm6300/rdm6300_frame_decoder.v:54$829 ($sub).
Removed top 1 bits (of 5) from port Y of cell top_basys3_rdm6300.$flatten\u_parser.\u_decoder.$sub$/home/hiepthai/Desktop/uart-fifo-rfid-asic/rdm6300_asic_fpga_modular/rtl/rdm6300/rdm6300_frame_decoder.v:54$846 ($sub).
Removed top 1 bits (of 5) from port A of cell top_basys3_rdm6300.$flatten\u_parser.\u_decoder.$sub$/home/hiepthai/Desktop/uart-fifo-rfid-asic/rdm6300_asic_fpga_modular/rtl/rdm6300/rdm6300_frame_decoder.v:54$846 ($sub).
Removed top 1 bits (of 5) from wire top_basys3_rdm6300.$flatten\u_parser.\u_decoder.$10\ascii_hex_to_nibble$func$/home/hiepthai/Desktop/uart-fifo-rfid-asic/rdm6300_asic_fpga_modular/rtl/rdm6300/rdm6300_frame_decoder.v:120$435.$result[4:0]$692.
Removed top 1 bits (of 5) from wire top_basys3_rdm6300.$flatten\u_parser.\u_decoder.$10\ascii_hex_to_nibble$func$/home/hiepthai/Desktop/uart-fifo-rfid-asic/rdm6300_asic_fpga_modular/rtl/rdm6300/rdm6300_frame_decoder.v:120$436.$result[4:0]$709.
Removed top 1 bits (of 5) from wire top_basys3_rdm6300.$flatten\u_parser.\u_decoder.$10\ascii_hex_to_nibble$func$/home/hiepthai/Desktop/uart-fifo-rfid-asic/rdm6300_asic_fpga_modular/rtl/rdm6300/rdm6300_frame_decoder.v:120$437.$result[4:0]$726.
Removed top 1 bits (of 5) from wire top_basys3_rdm6300.$flatten\u_parser.\u_decoder.$10\ascii_hex_to_nibble$func$/home/hiepthai/Desktop/uart-fifo-rfid-asic/rdm6300_asic_fpga_modular/rtl/rdm6300/rdm6300_frame_decoder.v:120$438.$result[4:0]$743.
Removed top 1 bits (of 5) from wire top_basys3_rdm6300.$flatten\u_parser.\u_decoder.$10\ascii_hex_to_nibble$func$/home/hiepthai/Desktop/uart-fifo-rfid-asic/rdm6300_asic_fpga_modular/rtl/rdm6300/rdm6300_frame_decoder.v:120$439.$result[4:0]$760.
Removed top 1 bits (of 5) from wire top_basys3_rdm6300.$flatten\u_parser.\u_decoder.$10\ascii_hex_to_nibble$func$/home/hiepthai/Desktop/uart-fifo-rfid-asic/rdm6300_asic_fpga_modular/rtl/rdm6300/rdm6300_frame_decoder.v:120$440.$result[4:0]$777.
Removed top 1 bits (of 5) from wire top_basys3_rdm6300.$flatten\u_parser.\u_decoder.$10\ascii_hex_to_nibble$func$/home/hiepthai/Desktop/uart-fifo-rfid-asic/rdm6300_asic_fpga_modular/rtl/rdm6300/rdm6300_frame_decoder.v:120$441.$result[4:0]$794.
Removed top 1 bits (of 5) from wire top_basys3_rdm6300.$flatten\u_parser.\u_decoder.$10\ascii_hex_to_nibble$func$/home/hiepthai/Desktop/uart-fifo-rfid-asic/rdm6300_asic_fpga_modular/rtl/rdm6300/rdm6300_frame_decoder.v:120$442.$result[4:0]$811.
Removed top 1 bits (of 5) from wire top_basys3_rdm6300.$flatten\u_parser.\u_decoder.$10\ascii_hex_to_nibble$func$/home/hiepthai/Desktop/uart-fifo-rfid-asic/rdm6300_asic_fpga_modular/rtl/rdm6300/rdm6300_frame_decoder.v:120$443.$result[4:0]$828.
Removed top 1 bits (of 5) from wire top_basys3_rdm6300.$flatten\u_parser.\u_decoder.$10\ascii_hex_to_nibble$func$/home/hiepthai/Desktop/uart-fifo-rfid-asic/rdm6300_asic_fpga_modular/rtl/rdm6300/rdm6300_frame_decoder.v:120$444.$result[4:0]$845.
Removed top 1 bits (of 5) from wire top_basys3_rdm6300.$flatten\u_parser.\u_decoder.$10\ascii_hex_to_nibble$func$/home/hiepthai/Desktop/uart-fifo-rfid-asic/rdm6300_asic_fpga_modular/rtl/rdm6300/rdm6300_frame_decoder.v:120$445.$result[4:0]$862.
Removed top 1 bits (of 5) from wire top_basys3_rdm6300.$flatten\u_parser.\u_decoder.$10\ascii_hex_to_nibble$func$/home/hiepthai/Desktop/uart-fifo-rfid-asic/rdm6300_asic_fpga_modular/rtl/rdm6300/rdm6300_frame_decoder.v:120$446.$result[4:0]$879.
Removed top 1 bits (of 5) from wire top_basys3_rdm6300.$flatten\u_parser.\u_decoder.$8\ascii_hex_to_nibble$func$/home/hiepthai/Desktop/uart-fifo-rfid-asic/rdm6300_asic_fpga_modular/rtl/rdm6300/rdm6300_frame_decoder.v:120$435.$result[4:0]$681.
Removed top 1 bits (of 5) from wire top_basys3_rdm6300.$flatten\u_parser.\u_decoder.$8\ascii_hex_to_nibble$func$/home/hiepthai/Desktop/uart-fifo-rfid-asic/rdm6300_asic_fpga_modular/rtl/rdm6300/rdm6300_frame_decoder.v:120$436.$result[4:0]$698.
Removed top 1 bits (of 5) from wire top_basys3_rdm6300.$flatten\u_parser.\u_decoder.$8\ascii_hex_to_nibble$func$/home/hiepthai/Desktop/uart-fifo-rfid-asic/rdm6300_asic_fpga_modular/rtl/rdm6300/rdm6300_frame_decoder.v:120$437.$result[4:0]$715.
Removed top 1 bits (of 5) from wire top_basys3_rdm6300.$flatten\u_parser.\u_decoder.$8\ascii_hex_to_nibble$func$/home/hiepthai/Desktop/uart-fifo-rfid-asic/rdm6300_asic_fpga_modular/rtl/rdm6300/rdm6300_frame_decoder.v:120$438.$result[4:0]$732.
Removed top 1 bits (of 5) from wire top_basys3_rdm6300.$flatten\u_parser.\u_decoder.$8\ascii_hex_to_nibble$func$/home/hiepthai/Desktop/uart-fifo-rfid-asic/rdm6300_asic_fpga_modular/rtl/rdm6300/rdm6300_frame_decoder.v:120$439.$result[4:0]$749.
Removed top 1 bits (of 5) from wire top_basys3_rdm6300.$flatten\u_parser.\u_decoder.$8\ascii_hex_to_nibble$func$/home/hiepthai/Desktop/uart-fifo-rfid-asic/rdm6300_asic_fpga_modular/rtl/rdm6300/rdm6300_frame_decoder.v:120$440.$result[4:0]$766.
Removed top 1 bits (of 5) from wire top_basys3_rdm6300.$flatten\u_parser.\u_decoder.$8\ascii_hex_to_nibble$func$/home/hiepthai/Desktop/uart-fifo-rfid-asic/rdm6300_asic_fpga_modular/rtl/rdm6300/rdm6300_frame_decoder.v:120$441.$result[4:0]$783.
Removed top 1 bits (of 5) from wire top_basys3_rdm6300.$flatten\u_parser.\u_decoder.$8\ascii_hex_to_nibble$func$/home/hiepthai/Desktop/uart-fifo-rfid-asic/rdm6300_asic_fpga_modular/rtl/rdm6300/rdm6300_frame_decoder.v:120$442.$result[4:0]$800.
Removed top 1 bits (of 5) from wire top_basys3_rdm6300.$flatten\u_parser.\u_decoder.$8\ascii_hex_to_nibble$func$/home/hiepthai/Desktop/uart-fifo-rfid-asic/rdm6300_asic_fpga_modular/rtl/rdm6300/rdm6300_frame_decoder.v:120$443.$result[4:0]$817.
Removed top 1 bits (of 5) from wire top_basys3_rdm6300.$flatten\u_parser.\u_decoder.$8\ascii_hex_to_nibble$func$/home/hiepthai/Desktop/uart-fifo-rfid-asic/rdm6300_asic_fpga_modular/rtl/rdm6300/rdm6300_frame_decoder.v:120$444.$result[4:0]$834.
Removed top 1 bits (of 5) from wire top_basys3_rdm6300.$flatten\u_parser.\u_decoder.$8\ascii_hex_to_nibble$func$/home/hiepthai/Desktop/uart-fifo-rfid-asic/rdm6300_asic_fpga_modular/rtl/rdm6300/rdm6300_frame_decoder.v:120$445.$result[4:0]$851.
Removed top 1 bits (of 5) from wire top_basys3_rdm6300.$flatten\u_parser.\u_decoder.$8\ascii_hex_to_nibble$func$/home/hiepthai/Desktop/uart-fifo-rfid-asic/rdm6300_asic_fpga_modular/rtl/rdm6300/rdm6300_frame_decoder.v:120$446.$result[4:0]$868.
Removed top 1 bits (of 5) from wire top_basys3_rdm6300.$flatten\u_parser.\u_decoder.$9\ascii_hex_to_nibble$func$/home/hiepthai/Desktop/uart-fifo-rfid-asic/rdm6300_asic_fpga_modular/rtl/rdm6300/rdm6300_frame_decoder.v:120$435.$result[4:0]$686.
Removed top 1 bits (of 5) from wire top_basys3_rdm6300.$flatten\u_parser.\u_decoder.$9\ascii_hex_to_nibble$func$/home/hiepthai/Desktop/uart-fifo-rfid-asic/rdm6300_asic_fpga_modular/rtl/rdm6300/rdm6300_frame_decoder.v:120$436.$result[4:0]$703.
Removed top 1 bits (of 5) from wire top_basys3_rdm6300.$flatten\u_parser.\u_decoder.$9\ascii_hex_to_nibble$func$/home/hiepthai/Desktop/uart-fifo-rfid-asic/rdm6300_asic_fpga_modular/rtl/rdm6300/rdm6300_frame_decoder.v:120$437.$result[4:0]$720.
Removed top 1 bits (of 5) from wire top_basys3_rdm6300.$flatten\u_parser.\u_decoder.$9\ascii_hex_to_nibble$func$/home/hiepthai/Desktop/uart-fifo-rfid-asic/rdm6300_asic_fpga_modular/rtl/rdm6300/rdm6300_frame_decoder.v:120$438.$result[4:0]$737.
Removed top 1 bits (of 5) from wire top_basys3_rdm6300.$flatten\u_parser.\u_decoder.$9\ascii_hex_to_nibble$func$/home/hiepthai/Desktop/uart-fifo-rfid-asic/rdm6300_asic_fpga_modular/rtl/rdm6300/rdm6300_frame_decoder.v:120$439.$result[4:0]$754.
Removed top 1 bits (of 5) from wire top_basys3_rdm6300.$flatten\u_parser.\u_decoder.$9\ascii_hex_to_nibble$func$/home/hiepthai/Desktop/uart-fifo-rfid-asic/rdm6300_asic_fpga_modular/rtl/rdm6300/rdm6300_frame_decoder.v:120$440.$result[4:0]$771.
Removed top 1 bits (of 5) from wire top_basys3_rdm6300.$flatten\u_parser.\u_decoder.$9\ascii_hex_to_nibble$func$/home/hiepthai/Desktop/uart-fifo-rfid-asic/rdm6300_asic_fpga_modular/rtl/rdm6300/rdm6300_frame_decoder.v:120$441.$result[4:0]$788.
Removed top 1 bits (of 5) from wire top_basys3_rdm6300.$flatten\u_parser.\u_decoder.$9\ascii_hex_to_nibble$func$/home/hiepthai/Desktop/uart-fifo-rfid-asic/rdm6300_asic_fpga_modular/rtl/rdm6300/rdm6300_frame_decoder.v:120$442.$result[4:0]$805.
Removed top 1 bits (of 5) from wire top_basys3_rdm6300.$flatten\u_parser.\u_decoder.$9\ascii_hex_to_nibble$func$/home/hiepthai/Desktop/uart-fifo-rfid-asic/rdm6300_asic_fpga_modular/rtl/rdm6300/rdm6300_frame_decoder.v:120$443.$result[4:0]$822.
Removed top 1 bits (of 5) from wire top_basys3_rdm6300.$flatten\u_parser.\u_decoder.$9\ascii_hex_to_nibble$func$/home/hiepthai/Desktop/uart-fifo-rfid-asic/rdm6300_asic_fpga_modular/rtl/rdm6300/rdm6300_frame_decoder.v:120$444.$result[4:0]$839.
Removed top 1 bits (of 5) from wire top_basys3_rdm6300.$flatten\u_parser.\u_decoder.$9\ascii_hex_to_nibble$func$/home/hiepthai/Desktop/uart-fifo-rfid-asic/rdm6300_asic_fpga_modular/rtl/rdm6300/rdm6300_frame_decoder.v:120$445.$result[4:0]$856.
Removed top 1 bits (of 5) from wire top_basys3_rdm6300.$flatten\u_parser.\u_decoder.$9\ascii_hex_to_nibble$func$/home/hiepthai/Desktop/uart-fifo-rfid-asic/rdm6300_asic_fpga_modular/rtl/rdm6300/rdm6300_frame_decoder.v:120$446.$result[4:0]$873.
Removed top 4 bits (of 8) from wire top_basys3_rdm6300.$flatten\u_parser.\u_decoder.$add$/home/hiepthai/Desktop/uart-fifo-rfid-asic/rdm6300_asic_fpga_modular/rtl/rdm6300/rdm6300_frame_decoder.v:52$688_Y.
Removed top 4 bits (of 8) from wire top_basys3_rdm6300.$flatten\u_parser.\u_decoder.$add$/home/hiepthai/Desktop/uart-fifo-rfid-asic/rdm6300_asic_fpga_modular/rtl/rdm6300/rdm6300_frame_decoder.v:52$705_Y.
Removed top 4 bits (of 8) from wire top_basys3_rdm6300.$flatten\u_parser.\u_decoder.$add$/home/hiepthai/Desktop/uart-fifo-rfid-asic/rdm6300_asic_fpga_modular/rtl/rdm6300/rdm6300_frame_decoder.v:52$722_Y.
Removed top 4 bits (of 8) from wire top_basys3_rdm6300.$flatten\u_parser.\u_decoder.$add$/home/hiepthai/Desktop/uart-fifo-rfid-asic/rdm6300_asic_fpga_modular/rtl/rdm6300/rdm6300_frame_decoder.v:52$739_Y.
Removed top 4 bits (of 8) from wire top_basys3_rdm6300.$flatten\u_parser.\u_decoder.$add$/home/hiepthai/Desktop/uart-fifo-rfid-asic/rdm6300_asic_fpga_modular/rtl/rdm6300/rdm6300_frame_decoder.v:52$773_Y.
Removed top 4 bits (of 8) from wire top_basys3_rdm6300.$flatten\u_parser.\u_decoder.$add$/home/hiepthai/Desktop/uart-fifo-rfid-asic/rdm6300_asic_fpga_modular/rtl/rdm6300/rdm6300_frame_decoder.v:52$807_Y.
Removed top 4 bits (of 8) from wire top_basys3_rdm6300.$flatten\u_parser.\u_decoder.$add$/home/hiepthai/Desktop/uart-fifo-rfid-asic/rdm6300_asic_fpga_modular/rtl/rdm6300/rdm6300_frame_decoder.v:52$841_Y.
Removed top 4 bits (of 8) from wire top_basys3_rdm6300.$flatten\u_parser.\u_decoder.$add$/home/hiepthai/Desktop/uart-fifo-rfid-asic/rdm6300_asic_fpga_modular/rtl/rdm6300/rdm6300_frame_decoder.v:52$875_Y.
Removed top 3 bits (of 8) from wire top_basys3_rdm6300.$flatten\u_parser.\u_decoder.$add$/home/hiepthai/Desktop/uart-fifo-rfid-asic/rdm6300_asic_fpga_modular/rtl/rdm6300/rdm6300_frame_decoder.v:52$901_Y.
Removed top 4 bits (of 8) from wire top_basys3_rdm6300.$flatten\u_parser.\u_decoder.$add$/home/hiepthai/Desktop/uart-fifo-rfid-asic/rdm6300_asic_fpga_modular/rtl/rdm6300/rdm6300_frame_decoder.v:54$694_Y.
Removed top 4 bits (of 8) from wire top_basys3_rdm6300.$flatten\u_parser.\u_decoder.$add$/home/hiepthai/Desktop/uart-fifo-rfid-asic/rdm6300_asic_fpga_modular/rtl/rdm6300/rdm6300_frame_decoder.v:54$711_Y.
Removed top 1 bits (of 5) from wire top_basys3_rdm6300.$flatten\u_parser.\u_decoder.$procmux$1816_Y.
Removed top 1 bits (of 5) from wire top_basys3_rdm6300.$flatten\u_parser.\u_decoder.$procmux$1819_Y.
Removed top 1 bits (of 5) from wire top_basys3_rdm6300.$flatten\u_parser.\u_decoder.$procmux$1968_Y.
Removed top 1 bits (of 5) from wire top_basys3_rdm6300.$flatten\u_parser.\u_decoder.$procmux$1970_Y.
Removed top 1 bits (of 5) from wire top_basys3_rdm6300.$flatten\u_parser.\u_decoder.$procmux$2032_Y.
Removed top 1 bits (of 5) from wire top_basys3_rdm6300.$flatten\u_parser.\u_decoder.$procmux$2035_Y.
Removed top 1 bits (of 5) from wire top_basys3_rdm6300.$flatten\u_parser.\u_decoder.$procmux$2040_Y.
Removed top 1 bits (of 5) from wire top_basys3_rdm6300.$flatten\u_parser.\u_decoder.$procmux$2104_Y.
Removed top 1 bits (of 5) from wire top_basys3_rdm6300.$flatten\u_parser.\u_decoder.$procmux$2107_Y.
Removed top 1 bits (of 5) from wire top_basys3_rdm6300.$flatten\u_parser.\u_decoder.$procmux$2112_Y.
Removed top 1 bits (of 5) from wire top_basys3_rdm6300.$flatten\u_parser.\u_decoder.$procmux$2176_Y.
Removed top 1 bits (of 5) from wire top_basys3_rdm6300.$flatten\u_parser.\u_decoder.$procmux$2328_Y.
Removed top 1 bits (of 5) from wire top_basys3_rdm6300.$flatten\u_parser.\u_decoder.$procmux$2464_Y.
Removed top 1 bits (of 5) from wire top_basys3_rdm6300.$flatten\u_parser.\u_decoder.$procmux$2467_Y.
Removed top 1 bits (of 5) from wire top_basys3_rdm6300.$flatten\u_parser.\u_decoder.$procmux$2469_Y.
Removed top 1 bits (of 5) from wire top_basys3_rdm6300.$flatten\u_parser.\u_decoder.$procmux$2472_Y.
Removed top 1 bits (of 5) from wire top_basys3_rdm6300.$flatten\u_parser.\u_decoder.$procmux$2474_Y.
Removed top 1 bits (of 5) from wire top_basys3_rdm6300.$flatten\u_parser.\u_decoder.$procmux$2476_Y.
Removed top 4 bits (of 8) from wire top_basys3_rdm6300.$flatten\u_parser.\u_decoder.$sub$/home/hiepthai/Desktop/uart-fifo-rfid-asic/rdm6300_asic_fpga_modular/rtl/rdm6300/rdm6300_frame_decoder.v:50$682_Y.
Removed top 4 bits (of 8) from wire top_basys3_rdm6300.$flatten\u_parser.\u_decoder.$sub$/home/hiepthai/Desktop/uart-fifo-rfid-asic/rdm6300_asic_fpga_modular/rtl/rdm6300/rdm6300_frame_decoder.v:50$699_Y.
Removed top 4 bits (of 8) from wire top_basys3_rdm6300.$flatten\u_parser.\u_decoder.$sub$/home/hiepthai/Desktop/uart-fifo-rfid-asic/rdm6300_asic_fpga_modular/rtl/rdm6300/rdm6300_frame_decoder.v:50$716_Y.
Removed top 4 bits (of 8) from wire top_basys3_rdm6300.$flatten\u_parser.\u_decoder.$sub$/home/hiepthai/Desktop/uart-fifo-rfid-asic/rdm6300_asic_fpga_modular/rtl/rdm6300/rdm6300_frame_decoder.v:50$733_Y.
Removed top 4 bits (of 8) from wire top_basys3_rdm6300.$flatten\u_parser.\u_decoder.$sub$/home/hiepthai/Desktop/uart-fifo-rfid-asic/rdm6300_asic_fpga_modular/rtl/rdm6300/rdm6300_frame_decoder.v:50$801_Y.
Removed top 4 bits (of 8) from wire top_basys3_rdm6300.$flatten\u_parser.\u_decoder.$sub$/home/hiepthai/Desktop/uart-fifo-rfid-asic/rdm6300_asic_fpga_modular/rtl/rdm6300/rdm6300_frame_decoder.v:50$869_Y.
Removed top 4 bits (of 8) from wire top_basys3_rdm6300.$flatten\u_parser.\u_decoder.$sub$/home/hiepthai/Desktop/uart-fifo-rfid-asic/rdm6300_asic_fpga_modular/rtl/rdm6300/rdm6300_frame_decoder.v:54$693_Y.
Removed top 4 bits (of 8) from wire top_basys3_rdm6300.$flatten\u_parser.\u_decoder.$sub$/home/hiepthai/Desktop/uart-fifo-rfid-asic/rdm6300_asic_fpga_modular/rtl/rdm6300/rdm6300_frame_decoder.v:54$710_Y.
Removed top 2 bits (of 3) from wire top_basys3_rdm6300.$flatten\u_uart_tx.$procmux$1357_Y.
Removed top 1 bits (of 3) from wire top_basys3_rdm6300.$flatten\u_uart_tx.$procmux$1364_Y.
Removed top 2 bits (of 3) from wire top_basys3_rdm6300.$flatten\u_uart_tx.$procmux$1368_Y.

78. Executing PEEPOPT pass (run peephole optimizers).

79. Executing OPT_CLEAN pass (remove unused cells and wires).
Finding unused cells or wires in module \top_basys3_rdm6300..
Removed 0 unused cells and 111 unused wires.
<suppressed ~1 debug messages>

80. Executing ALUMACC pass (create $alu and $macc cells).
Extracting $alu and $macc cells in module top_basys3_rdm6300:
  creating $macc model for $flatten\u_parser.\u_decoder.$add$/home/hiepthai/Desktop/uart-fifo-rfid-asic/rdm6300_asic_fpga_modular/rtl/rdm6300/rdm6300_frame_decoder.v:150$911 ($add).
  creating $macc model for $flatten\u_parser.\u_decoder.$add$/home/hiepthai/Desktop/uart-fifo-rfid-asic/rdm6300_asic_fpga_modular/rtl/rdm6300/rdm6300_frame_decoder.v:167$914 ($add).
  creating $macc model for $flatten\u_parser.\u_decoder.$add$/home/hiepthai/Desktop/uart-fifo-rfid-asic/rdm6300_asic_fpga_modular/rtl/rdm6300/rdm6300_frame_decoder.v:52$688 ($add).
  creating $macc model for $flatten\u_parser.\u_decoder.$add$/home/hiepthai/Desktop/uart-fifo-rfid-asic/rdm6300_asic_fpga_modular/rtl/rdm6300/rdm6300_frame_decoder.v:52$705 ($add).
  creating $macc model for $flatten\u_parser.\u_decoder.$add$/home/hiepthai/Desktop/uart-fifo-rfid-asic/rdm6300_asic_fpga_modular/rtl/rdm6300/rdm6300_frame_decoder.v:52$722 ($add).
  creating $macc model for $flatten\u_parser.\u_decoder.$add$/home/hiepthai/Desktop/uart-fifo-rfid-asic/rdm6300_asic_fpga_modular/rtl/rdm6300/rdm6300_frame_decoder.v:52$739 ($add).
  creating $macc model for $flatten\u_parser.\u_decoder.$add$/home/hiepthai/Desktop/uart-fifo-rfid-asic/rdm6300_asic_fpga_modular/rtl/rdm6300/rdm6300_frame_decoder.v:52$756 ($add).
  creating $macc model for $flatten\u_parser.\u_decoder.$add$/home/hiepthai/Desktop/uart-fifo-rfid-asic/rdm6300_asic_fpga_modular/rtl/rdm6300/rdm6300_frame_decoder.v:52$773 ($add).
  creating $macc model for $flatten\u_parser.\u_decoder.$add$/home/hiepthai/Desktop/uart-fifo-rfid-asic/rdm6300_asic_fpga_modular/rtl/rdm6300/rdm6300_frame_decoder.v:52$790 ($add).
  creating $macc model for $flatten\u_parser.\u_decoder.$add$/home/hiepthai/Desktop/uart-fifo-rfid-asic/rdm6300_asic_fpga_modular/rtl/rdm6300/rdm6300_frame_decoder.v:52$807 ($add).
  creating $macc model for $flatten\u_parser.\u_decoder.$add$/home/hiepthai/Desktop/uart-fifo-rfid-asic/rdm6300_asic_fpga_modular/rtl/rdm6300/rdm6300_frame_decoder.v:52$824 ($add).
  creating $macc model for $flatten\u_parser.\u_decoder.$add$/home/hiepthai/Desktop/uart-fifo-rfid-asic/rdm6300_asic_fpga_modular/rtl/rdm6300/rdm6300_frame_decoder.v:52$841 ($add).
  creating $macc model for $flatten\u_parser.\u_decoder.$add$/home/hiepthai/Desktop/uart-fifo-rfid-asic/rdm6300_asic_fpga_modular/rtl/rdm6300/rdm6300_frame_decoder.v:52$858 ($add).
  creating $macc model for $flatten\u_parser.\u_decoder.$add$/home/hiepthai/Desktop/uart-fifo-rfid-asic/rdm6300_asic_fpga_modular/rtl/rdm6300/rdm6300_frame_decoder.v:52$875 ($add).
  creating $macc model for $flatten\u_parser.\u_decoder.$add$/home/hiepthai/Desktop/uart-fifo-rfid-asic/rdm6300_asic_fpga_modular/rtl/rdm6300/rdm6300_frame_decoder.v:52$901 ($add).
  creating $macc model for $flatten\u_parser.\u_decoder.$add$/home/hiepthai/Desktop/uart-fifo-rfid-asic/rdm6300_asic_fpga_modular/rtl/rdm6300/rdm6300_frame_decoder.v:54$694 ($add).
  creating $macc model for $flatten\u_parser.\u_decoder.$add$/home/hiepthai/Desktop/uart-fifo-rfid-asic/rdm6300_asic_fpga_modular/rtl/rdm6300/rdm6300_frame_decoder.v:54$711 ($add).
  creating $macc model for $flatten\u_parser.\u_decoder.$add$/home/hiepthai/Desktop/uart-fifo-rfid-asic/rdm6300_asic_fpga_modular/rtl/rdm6300/rdm6300_frame_decoder.v:54$728 ($add).
  creating $macc model for $flatten\u_parser.\u_decoder.$add$/home/hiepthai/Desktop/uart-fifo-rfid-asic/rdm6300_asic_fpga_modular/rtl/rdm6300/rdm6300_frame_decoder.v:54$745 ($add).
  creating $macc model for $flatten\u_parser.\u_decoder.$add$/home/hiepthai/Desktop/uart-fifo-rfid-asic/rdm6300_asic_fpga_modular/rtl/rdm6300/rdm6300_frame_decoder.v:54$762 ($add).
  creating $macc model for $flatten\u_parser.\u_decoder.$add$/home/hiepthai/Desktop/uart-fifo-rfid-asic/rdm6300_asic_fpga_modular/rtl/rdm6300/rdm6300_frame_decoder.v:54$779 ($add).
  creating $macc model for $flatten\u_parser.\u_decoder.$add$/home/hiepthai/Desktop/uart-fifo-rfid-asic/rdm6300_asic_fpga_modular/rtl/rdm6300/rdm6300_frame_decoder.v:54$796 ($add).
  creating $macc model for $flatten\u_parser.\u_decoder.$add$/home/hiepthai/Desktop/uart-fifo-rfid-asic/rdm6300_asic_fpga_modular/rtl/rdm6300/rdm6300_frame_decoder.v:54$813 ($add).
  creating $macc model for $flatten\u_parser.\u_decoder.$add$/home/hiepthai/Desktop/uart-fifo-rfid-asic/rdm6300_asic_fpga_modular/rtl/rdm6300/rdm6300_frame_decoder.v:54$830 ($add).
  creating $macc model for $flatten\u_parser.\u_decoder.$add$/home/hiepthai/Desktop/uart-fifo-rfid-asic/rdm6300_asic_fpga_modular/rtl/rdm6300/rdm6300_frame_decoder.v:54$847 ($add).
  creating $macc model for $flatten\u_parser.\u_decoder.$add$/home/hiepthai/Desktop/uart-fifo-rfid-asic/rdm6300_asic_fpga_modular/rtl/rdm6300/rdm6300_frame_decoder.v:54$864 ($add).
  creating $macc model for $flatten\u_parser.\u_decoder.$add$/home/hiepthai/Desktop/uart-fifo-rfid-asic/rdm6300_asic_fpga_modular/rtl/rdm6300/rdm6300_frame_decoder.v:54$881 ($add).
  creating $macc model for $flatten\u_parser.\u_decoder.$add$/home/hiepthai/Desktop/uart-fifo-rfid-asic/rdm6300_asic_fpga_modular/rtl/rdm6300/rdm6300_frame_decoder.v:54$907 ($add).
  creating $macc model for $flatten\u_parser.\u_decoder.$sub$/home/hiepthai/Desktop/uart-fifo-rfid-asic/rdm6300_asic_fpga_modular/rtl/rdm6300/rdm6300_frame_decoder.v:50$682 ($sub).
  creating $macc model for $flatten\u_parser.\u_decoder.$sub$/home/hiepthai/Desktop/uart-fifo-rfid-asic/rdm6300_asic_fpga_modular/rtl/rdm6300/rdm6300_frame_decoder.v:50$699 ($sub).
  creating $macc model for $flatten\u_parser.\u_decoder.$sub$/home/hiepthai/Desktop/uart-fifo-rfid-asic/rdm6300_asic_fpga_modular/rtl/rdm6300/rdm6300_frame_decoder.v:50$716 ($sub).
  creating $macc model for $flatten\u_parser.\u_decoder.$sub$/home/hiepthai/Desktop/uart-fifo-rfid-asic/rdm6300_asic_fpga_modular/rtl/rdm6300/rdm6300_frame_decoder.v:50$733 ($sub).
  creating $macc model for $flatten\u_parser.\u_decoder.$sub$/home/hiepthai/Desktop/uart-fifo-rfid-asic/rdm6300_asic_fpga_modular/rtl/rdm6300/rdm6300_frame_decoder.v:50$750 ($sub).
  creating $macc model for $flatten\u_parser.\u_decoder.$sub$/home/hiepthai/Desktop/uart-fifo-rfid-asic/rdm6300_asic_fpga_modular/rtl/rdm6300/rdm6300_frame_decoder.v:50$767 ($sub).
  creating $macc model for $flatten\u_parser.\u_decoder.$sub$/home/hiepthai/Desktop/uart-fifo-rfid-asic/rdm6300_asic_fpga_modular/rtl/rdm6300/rdm6300_frame_decoder.v:50$784 ($sub).
  creating $macc model for $flatten\u_parser.\u_decoder.$sub$/home/hiepthai/Desktop/uart-fifo-rfid-asic/rdm6300_asic_fpga_modular/rtl/rdm6300/rdm6300_frame_decoder.v:50$801 ($sub).
  creating $macc model for $flatten\u_parser.\u_decoder.$sub$/home/hiepthai/Desktop/uart-fifo-rfid-asic/rdm6300_asic_fpga_modular/rtl/rdm6300/rdm6300_frame_decoder.v:50$818 ($sub).
  creating $macc model for $flatten\u_parser.\u_decoder.$sub$/home/hiepthai/Desktop/uart-fifo-rfid-asic/rdm6300_asic_fpga_modular/rtl/rdm6300/rdm6300_frame_decoder.v:50$835 ($sub).
  creating $macc model for $flatten\u_parser.\u_decoder.$sub$/home/hiepthai/Desktop/uart-fifo-rfid-asic/rdm6300_asic_fpga_modular/rtl/rdm6300/rdm6300_frame_decoder.v:50$852 ($sub).
  creating $macc model for $flatten\u_parser.\u_decoder.$sub$/home/hiepthai/Desktop/uart-fifo-rfid-asic/rdm6300_asic_fpga_modular/rtl/rdm6300/rdm6300_frame_decoder.v:50$869 ($sub).
  creating $macc model for $flatten\u_parser.\u_decoder.$sub$/home/hiepthai/Desktop/uart-fifo-rfid-asic/rdm6300_asic_fpga_modular/rtl/rdm6300/rdm6300_frame_decoder.v:50$895 ($sub).
  creating $macc model for $flatten\u_parser.\u_decoder.$sub$/home/hiepthai/Desktop/uart-fifo-rfid-asic/rdm6300_asic_fpga_modular/rtl/rdm6300/rdm6300_frame_decoder.v:52$687 ($sub).
  creating $macc model for $flatten\u_parser.\u_decoder.$sub$/home/hiepthai/Desktop/uart-fifo-rfid-asic/rdm6300_asic_fpga_modular/rtl/rdm6300/rdm6300_frame_decoder.v:52$704 ($sub).
  creating $macc model for $flatten\u_parser.\u_decoder.$sub$/home/hiepthai/Desktop/uart-fifo-rfid-asic/rdm6300_asic_fpga_modular/rtl/rdm6300/rdm6300_frame_decoder.v:52$721 ($sub).
  creating $macc model for $flatten\u_parser.\u_decoder.$sub$/home/hiepthai/Desktop/uart-fifo-rfid-asic/rdm6300_asic_fpga_modular/rtl/rdm6300/rdm6300_frame_decoder.v:52$738 ($sub).
  creating $macc model for $flatten\u_parser.\u_decoder.$sub$/home/hiepthai/Desktop/uart-fifo-rfid-asic/rdm6300_asic_fpga_modular/rtl/rdm6300/rdm6300_frame_decoder.v:52$755 ($sub).
  creating $macc model for $flatten\u_parser.\u_decoder.$sub$/home/hiepthai/Desktop/uart-fifo-rfid-asic/rdm6300_asic_fpga_modular/rtl/rdm6300/rdm6300_frame_decoder.v:52$772 ($sub).
  creating $macc model for $flatten\u_parser.\u_decoder.$sub$/home/hiepthai/Desktop/uart-fifo-rfid-asic/rdm6300_asic_fpga_modular/rtl/rdm6300/rdm6300_frame_decoder.v:52$789 ($sub).
  creating $macc model for $flatten\u_parser.\u_decoder.$sub$/home/hiepthai/Desktop/uart-fifo-rfid-asic/rdm6300_asic_fpga_modular/rtl/rdm6300/rdm6300_frame_decoder.v:52$806 ($sub).
  creating $macc model for $flatten\u_parser.\u_decoder.$sub$/home/hiepthai/Desktop/uart-fifo-rfid-asic/rdm6300_asic_fpga_modular/rtl/rdm6300/rdm6300_frame_decoder.v:52$823 ($sub).
  creating $macc model for $flatten\u_parser.\u_decoder.$sub$/home/hiepthai/Desktop/uart-fifo-rfid-asic/rdm6300_asic_fpga_modular/rtl/rdm6300/rdm6300_frame_decoder.v:52$840 ($sub).
  creating $macc model for $flatten\u_parser.\u_decoder.$sub$/home/hiepthai/Desktop/uart-fifo-rfid-asic/rdm6300_asic_fpga_modular/rtl/rdm6300/rdm6300_frame_decoder.v:52$857 ($sub).
  creating $macc model for $flatten\u_parser.\u_decoder.$sub$/home/hiepthai/Desktop/uart-fifo-rfid-asic/rdm6300_asic_fpga_modular/rtl/rdm6300/rdm6300_frame_decoder.v:52$874 ($sub).
  creating $macc model for $flatten\u_parser.\u_decoder.$sub$/home/hiepthai/Desktop/uart-fifo-rfid-asic/rdm6300_asic_fpga_modular/rtl/rdm6300/rdm6300_frame_decoder.v:52$900 ($sub).
  creating $macc model for $flatten\u_parser.\u_decoder.$sub$/home/hiepthai/Desktop/uart-fifo-rfid-asic/rdm6300_asic_fpga_modular/rtl/rdm6300/rdm6300_frame_decoder.v:54$693 ($sub).
  creating $macc model for $flatten\u_parser.\u_decoder.$sub$/home/hiepthai/Desktop/uart-fifo-rfid-asic/rdm6300_asic_fpga_modular/rtl/rdm6300/rdm6300_frame_decoder.v:54$710 ($sub).
  creating $macc model for $flatten\u_parser.\u_decoder.$sub$/home/hiepthai/Desktop/uart-fifo-rfid-asic/rdm6300_asic_fpga_modular/rtl/rdm6300/rdm6300_frame_decoder.v:54$727 ($sub).
  creating $macc model for $flatten\u_parser.\u_decoder.$sub$/home/hiepthai/Desktop/uart-fifo-rfid-asic/rdm6300_asic_fpga_modular/rtl/rdm6300/rdm6300_frame_decoder.v:54$744 ($sub).
  creating $macc model for $flatten\u_parser.\u_decoder.$sub$/home/hiepthai/Desktop/uart-fifo-rfid-asic/rdm6300_asic_fpga_modular/rtl/rdm6300/rdm6300_frame_decoder.v:54$761 ($sub).
  creating $macc model for $flatten\u_parser.\u_decoder.$sub$/home/hiepthai/Desktop/uart-fifo-rfid-asic/rdm6300_asic_fpga_modular/rtl/rdm6300/rdm6300_frame_decoder.v:54$778 ($sub).
  creating $macc model for $flatten\u_parser.\u_decoder.$sub$/home/hiepthai/Desktop/uart-fifo-rfid-asic/rdm6300_asic_fpga_modular/rtl/rdm6300/rdm6300_frame_decoder.v:54$795 ($sub).
  creating $macc model for $flatten\u_parser.\u_decoder.$sub$/home/hiepthai/Desktop/uart-fifo-rfid-asic/rdm6300_asic_fpga_modular/rtl/rdm6300/rdm6300_frame_decoder.v:54$812 ($sub).
  creating $macc model for $flatten\u_parser.\u_decoder.$sub$/home/hiepthai/Desktop/uart-fifo-rfid-asic/rdm6300_asic_fpga_modular/rtl/rdm6300/rdm6300_frame_decoder.v:54$829 ($sub).
  creating $macc model for $flatten\u_parser.\u_decoder.$sub$/home/hiepthai/Desktop/uart-fifo-rfid-asic/rdm6300_asic_fpga_modular/rtl/rdm6300/rdm6300_frame_decoder.v:54$846 ($sub).
  creating $macc model for $flatten\u_parser.\u_decoder.$sub$/home/hiepthai/Desktop/uart-fifo-rfid-asic/rdm6300_asic_fpga_modular/rtl/rdm6300/rdm6300_frame_decoder.v:54$863 ($sub).
  creating $macc model for $flatten\u_parser.\u_decoder.$sub$/home/hiepthai/Desktop/uart-fifo-rfid-asic/rdm6300_asic_fpga_modular/rtl/rdm6300/rdm6300_frame_decoder.v:54$880 ($sub).
  creating $macc model for $flatten\u_parser.\u_decoder.$sub$/home/hiepthai/Desktop/uart-fifo-rfid-asic/rdm6300_asic_fpga_modular/rtl/rdm6300/rdm6300_frame_decoder.v:54$906 ($sub).
  creating $macc model for $flatten\u_parser.\u_packet_encoder.$add$/home/hiepthai/Desktop/uart-fifo-rfid-asic/rdm6300_asic_fpga_modular/rtl/app/card_packet_encoder.v:81$434 ($add).
  creating $macc model for $flatten\u_rx_fifo.$add$/home/hiepthai/Desktop/uart-fifo-rfid-asic/rdm6300_asic_fpga_modular/rtl/fifo/rx_fifo.v:54$64 ($add).
  creating $macc model for $flatten\u_rx_fifo.$add$/home/hiepthai/Desktop/uart-fifo-rfid-asic/rdm6300_asic_fpga_modular/rtl/fifo/rx_fifo.v:57$65 ($add).
  creating $macc model for $flatten\u_rx_fifo.$add$/home/hiepthai/Desktop/uart-fifo-rfid-asic/rdm6300_asic_fpga_modular/rtl/fifo/rx_fifo.v:60$66 ($add).
  creating $macc model for $flatten\u_rx_fifo.$sub$/home/hiepthai/Desktop/uart-fifo-rfid-asic/rdm6300_asic_fpga_modular/rtl/fifo/rx_fifo.v:61$67 ($sub).
  creating $macc model for $flatten\u_tx_fifo.$add$/home/hiepthai/Desktop/uart-fifo-rfid-asic/rdm6300_asic_fpga_modular/rtl/fifo/tx_fifo.v:54$39 ($add).
  creating $macc model for $flatten\u_tx_fifo.$add$/home/hiepthai/Desktop/uart-fifo-rfid-asic/rdm6300_asic_fpga_modular/rtl/fifo/tx_fifo.v:57$40 ($add).
  creating $macc model for $flatten\u_tx_fifo.$add$/home/hiepthai/Desktop/uart-fifo-rfid-asic/rdm6300_asic_fpga_modular/rtl/fifo/tx_fifo.v:60$41 ($add).
  creating $macc model for $flatten\u_tx_fifo.$sub$/home/hiepthai/Desktop/uart-fifo-rfid-asic/rdm6300_asic_fpga_modular/rtl/fifo/tx_fifo.v:61$42 ($sub).
  creating $macc model for $flatten\u_uart_rx.$add$/home/hiepthai/Desktop/uart-fifo-rfid-asic/rdm6300_asic_fpga_modular/rtl/uart/uart_rx.v:109$96 ($add).
  creating $macc model for $flatten\u_uart_rx.$add$/home/hiepthai/Desktop/uart-fifo-rfid-asic/rdm6300_asic_fpga_modular/rtl/uart/uart_rx.v:112$97 ($add).
  creating $macc model for $flatten\u_uart_rx.$add$/home/hiepthai/Desktop/uart-fifo-rfid-asic/rdm6300_asic_fpga_modular/rtl/uart/uart_rx.v:120$101 ($add).
  creating $macc model for $flatten\u_uart_rx.$add$/home/hiepthai/Desktop/uart-fifo-rfid-asic/rdm6300_asic_fpga_modular/rtl/uart/uart_rx.v:130$114 ($add).
  creating $macc model for $flatten\u_uart_rx.$add$/home/hiepthai/Desktop/uart-fifo-rfid-asic/rdm6300_asic_fpga_modular/rtl/uart/uart_rx.v:56$79 ($add).
  creating $macc model for $flatten\u_uart_rx.$neg$/home/hiepthai/Desktop/uart-fifo-rfid-asic/rdm6300_asic_fpga_modular/rtl/uart/uart_rx.v:0$105 ($neg).
  creating $macc model for $flatten\u_uart_tx.$add$/home/hiepthai/Desktop/uart-fifo-rfid-asic/rdm6300_asic_fpga_modular/rtl/uart/uart_tx.v:59$10 ($add).
  creating $macc model for $flatten\u_uart_tx.$add$/home/hiepthai/Desktop/uart-fifo-rfid-asic/rdm6300_asic_fpga_modular/rtl/uart/uart_tx.v:75$15 ($add).
  merging $macc model for $flatten\u_parser.\u_decoder.$sub$/home/hiepthai/Desktop/uart-fifo-rfid-asic/rdm6300_asic_fpga_modular/rtl/rdm6300/rdm6300_frame_decoder.v:54$906 into $flatten\u_parser.\u_decoder.$add$/home/hiepthai/Desktop/uart-fifo-rfid-asic/rdm6300_asic_fpga_modular/rtl/rdm6300/rdm6300_frame_decoder.v:54$907.
  merging $macc model for $flatten\u_parser.\u_decoder.$sub$/home/hiepthai/Desktop/uart-fifo-rfid-asic/rdm6300_asic_fpga_modular/rtl/rdm6300/rdm6300_frame_decoder.v:54$880 into $flatten\u_parser.\u_decoder.$add$/home/hiepthai/Desktop/uart-fifo-rfid-asic/rdm6300_asic_fpga_modular/rtl/rdm6300/rdm6300_frame_decoder.v:54$881.
  merging $macc model for $flatten\u_parser.\u_decoder.$sub$/home/hiepthai/Desktop/uart-fifo-rfid-asic/rdm6300_asic_fpga_modular/rtl/rdm6300/rdm6300_frame_decoder.v:54$863 into $flatten\u_parser.\u_decoder.$add$/home/hiepthai/Desktop/uart-fifo-rfid-asic/rdm6300_asic_fpga_modular/rtl/rdm6300/rdm6300_frame_decoder.v:54$864.
  merging $macc model for $flatten\u_parser.\u_decoder.$sub$/home/hiepthai/Desktop/uart-fifo-rfid-asic/rdm6300_asic_fpga_modular/rtl/rdm6300/rdm6300_frame_decoder.v:54$846 into $flatten\u_parser.\u_decoder.$add$/home/hiepthai/Desktop/uart-fifo-rfid-asic/rdm6300_asic_fpga_modular/rtl/rdm6300/rdm6300_frame_decoder.v:54$847.
  merging $macc model for $flatten\u_parser.\u_decoder.$sub$/home/hiepthai/Desktop/uart-fifo-rfid-asic/rdm6300_asic_fpga_modular/rtl/rdm6300/rdm6300_frame_decoder.v:54$829 into $flatten\u_parser.\u_decoder.$add$/home/hiepthai/Desktop/uart-fifo-rfid-asic/rdm6300_asic_fpga_modular/rtl/rdm6300/rdm6300_frame_decoder.v:54$830.
  merging $macc model for $flatten\u_parser.\u_decoder.$sub$/home/hiepthai/Desktop/uart-fifo-rfid-asic/rdm6300_asic_fpga_modular/rtl/rdm6300/rdm6300_frame_decoder.v:54$812 into $flatten\u_parser.\u_decoder.$add$/home/hiepthai/Desktop/uart-fifo-rfid-asic/rdm6300_asic_fpga_modular/rtl/rdm6300/rdm6300_frame_decoder.v:54$813.
  merging $macc model for $flatten\u_parser.\u_decoder.$sub$/home/hiepthai/Desktop/uart-fifo-rfid-asic/rdm6300_asic_fpga_modular/rtl/rdm6300/rdm6300_frame_decoder.v:54$795 into $flatten\u_parser.\u_decoder.$add$/home/hiepthai/Desktop/uart-fifo-rfid-asic/rdm6300_asic_fpga_modular/rtl/rdm6300/rdm6300_frame_decoder.v:54$796.
  merging $macc model for $flatten\u_parser.\u_decoder.$sub$/home/hiepthai/Desktop/uart-fifo-rfid-asic/rdm6300_asic_fpga_modular/rtl/rdm6300/rdm6300_frame_decoder.v:54$778 into $flatten\u_parser.\u_decoder.$add$/home/hiepthai/Desktop/uart-fifo-rfid-asic/rdm6300_asic_fpga_modular/rtl/rdm6300/rdm6300_frame_decoder.v:54$779.
  merging $macc model for $flatten\u_parser.\u_decoder.$sub$/home/hiepthai/Desktop/uart-fifo-rfid-asic/rdm6300_asic_fpga_modular/rtl/rdm6300/rdm6300_frame_decoder.v:54$761 into $flatten\u_parser.\u_decoder.$add$/home/hiepthai/Desktop/uart-fifo-rfid-asic/rdm6300_asic_fpga_modular/rtl/rdm6300/rdm6300_frame_decoder.v:54$762.
  merging $macc model for $flatten\u_parser.\u_decoder.$sub$/home/hiepthai/Desktop/uart-fifo-rfid-asic/rdm6300_asic_fpga_modular/rtl/rdm6300/rdm6300_frame_decoder.v:54$744 into $flatten\u_parser.\u_decoder.$add$/home/hiepthai/Desktop/uart-fifo-rfid-asic/rdm6300_asic_fpga_modular/rtl/rdm6300/rdm6300_frame_decoder.v:54$745.
  merging $macc model for $flatten\u_parser.\u_decoder.$sub$/home/hiepthai/Desktop/uart-fifo-rfid-asic/rdm6300_asic_fpga_modular/rtl/rdm6300/rdm6300_frame_decoder.v:54$727 into $flatten\u_parser.\u_decoder.$add$/home/hiepthai/Desktop/uart-fifo-rfid-asic/rdm6300_asic_fpga_modular/rtl/rdm6300/rdm6300_frame_decoder.v:54$728.
  merging $macc model for $flatten\u_parser.\u_decoder.$sub$/home/hiepthai/Desktop/uart-fifo-rfid-asic/rdm6300_asic_fpga_modular/rtl/rdm6300/rdm6300_frame_decoder.v:54$710 into $flatten\u_parser.\u_decoder.$add$/home/hiepthai/Desktop/uart-fifo-rfid-asic/rdm6300_asic_fpga_modular/rtl/rdm6300/rdm6300_frame_decoder.v:54$711.
  merging $macc model for $flatten\u_parser.\u_decoder.$sub$/home/hiepthai/Desktop/uart-fifo-rfid-asic/rdm6300_asic_fpga_modular/rtl/rdm6300/rdm6300_frame_decoder.v:54$693 into $flatten\u_parser.\u_decoder.$add$/home/hiepthai/Desktop/uart-fifo-rfid-asic/rdm6300_asic_fpga_modular/rtl/rdm6300/rdm6300_frame_decoder.v:54$694.
  merging $macc model for $flatten\u_parser.\u_decoder.$sub$/home/hiepthai/Desktop/uart-fifo-rfid-asic/rdm6300_asic_fpga_modular/rtl/rdm6300/rdm6300_frame_decoder.v:52$900 into $flatten\u_parser.\u_decoder.$add$/home/hiepthai/Desktop/uart-fifo-rfid-asic/rdm6300_asic_fpga_modular/rtl/rdm6300/rdm6300_frame_decoder.v:52$901.
  merging $macc model for $flatten\u_parser.\u_decoder.$sub$/home/hiepthai/Desktop/uart-fifo-rfid-asic/rdm6300_asic_fpga_modular/rtl/rdm6300/rdm6300_frame_decoder.v:52$874 into $flatten\u_parser.\u_decoder.$add$/home/hiepthai/Desktop/uart-fifo-rfid-asic/rdm6300_asic_fpga_modular/rtl/rdm6300/rdm6300_frame_decoder.v:52$875.
  merging $macc model for $flatten\u_parser.\u_decoder.$sub$/home/hiepthai/Desktop/uart-fifo-rfid-asic/rdm6300_asic_fpga_modular/rtl/rdm6300/rdm6300_frame_decoder.v:52$857 into $flatten\u_parser.\u_decoder.$add$/home/hiepthai/Desktop/uart-fifo-rfid-asic/rdm6300_asic_fpga_modular/rtl/rdm6300/rdm6300_frame_decoder.v:52$858.
  merging $macc model for $flatten\u_parser.\u_decoder.$sub$/home/hiepthai/Desktop/uart-fifo-rfid-asic/rdm6300_asic_fpga_modular/rtl/rdm6300/rdm6300_frame_decoder.v:52$840 into $flatten\u_parser.\u_decoder.$add$/home/hiepthai/Desktop/uart-fifo-rfid-asic/rdm6300_asic_fpga_modular/rtl/rdm6300/rdm6300_frame_decoder.v:52$841.
  merging $macc model for $flatten\u_parser.\u_decoder.$sub$/home/hiepthai/Desktop/uart-fifo-rfid-asic/rdm6300_asic_fpga_modular/rtl/rdm6300/rdm6300_frame_decoder.v:52$823 into $flatten\u_parser.\u_decoder.$add$/home/hiepthai/Desktop/uart-fifo-rfid-asic/rdm6300_asic_fpga_modular/rtl/rdm6300/rdm6300_frame_decoder.v:52$824.
  merging $macc model for $flatten\u_parser.\u_decoder.$sub$/home/hiepthai/Desktop/uart-fifo-rfid-asic/rdm6300_asic_fpga_modular/rtl/rdm6300/rdm6300_frame_decoder.v:52$806 into $flatten\u_parser.\u_decoder.$add$/home/hiepthai/Desktop/uart-fifo-rfid-asic/rdm6300_asic_fpga_modular/rtl/rdm6300/rdm6300_frame_decoder.v:52$807.
  merging $macc model for $flatten\u_parser.\u_decoder.$sub$/home/hiepthai/Desktop/uart-fifo-rfid-asic/rdm6300_asic_fpga_modular/rtl/rdm6300/rdm6300_frame_decoder.v:52$789 into $flatten\u_parser.\u_decoder.$add$/home/hiepthai/Desktop/uart-fifo-rfid-asic/rdm6300_asic_fpga_modular/rtl/rdm6300/rdm6300_frame_decoder.v:52$790.
  merging $macc model for $flatten\u_parser.\u_decoder.$sub$/home/hiepthai/Desktop/uart-fifo-rfid-asic/rdm6300_asic_fpga_modular/rtl/rdm6300/rdm6300_frame_decoder.v:52$772 into $flatten\u_parser.\u_decoder.$add$/home/hiepthai/Desktop/uart-fifo-rfid-asic/rdm6300_asic_fpga_modular/rtl/rdm6300/rdm6300_frame_decoder.v:52$773.
  merging $macc model for $flatten\u_parser.\u_decoder.$sub$/home/hiepthai/Desktop/uart-fifo-rfid-asic/rdm6300_asic_fpga_modular/rtl/rdm6300/rdm6300_frame_decoder.v:52$755 into $flatten\u_parser.\u_decoder.$add$/home/hiepthai/Desktop/uart-fifo-rfid-asic/rdm6300_asic_fpga_modular/rtl/rdm6300/rdm6300_frame_decoder.v:52$756.
  merging $macc model for $flatten\u_parser.\u_decoder.$sub$/home/hiepthai/Desktop/uart-fifo-rfid-asic/rdm6300_asic_fpga_modular/rtl/rdm6300/rdm6300_frame_decoder.v:52$738 into $flatten\u_parser.\u_decoder.$add$/home/hiepthai/Desktop/uart-fifo-rfid-asic/rdm6300_asic_fpga_modular/rtl/rdm6300/rdm6300_frame_decoder.v:52$739.
  merging $macc model for $flatten\u_parser.\u_decoder.$sub$/home/hiepthai/Desktop/uart-fifo-rfid-asic/rdm6300_asic_fpga_modular/rtl/rdm6300/rdm6300_frame_decoder.v:52$721 into $flatten\u_parser.\u_decoder.$add$/home/hiepthai/Desktop/uart-fifo-rfid-asic/rdm6300_asic_fpga_modular/rtl/rdm6300/rdm6300_frame_decoder.v:52$722.
  merging $macc model for $flatten\u_parser.\u_decoder.$sub$/home/hiepthai/Desktop/uart-fifo-rfid-asic/rdm6300_asic_fpga_modular/rtl/rdm6300/rdm6300_frame_decoder.v:52$704 into $flatten\u_parser.\u_decoder.$add$/home/hiepthai/Desktop/uart-fifo-rfid-asic/rdm6300_asic_fpga_modular/rtl/rdm6300/rdm6300_frame_decoder.v:52$705.
  merging $macc model for $flatten\u_parser.\u_decoder.$sub$/home/hiepthai/Desktop/uart-fifo-rfid-asic/rdm6300_asic_fpga_modular/rtl/rdm6300/rdm6300_frame_decoder.v:52$687 into $flatten\u_parser.\u_decoder.$add$/home/hiepthai/Desktop/uart-fifo-rfid-asic/rdm6300_asic_fpga_modular/rtl/rdm6300/rdm6300_frame_decoder.v:52$688.
  creating $alu model for $macc $flatten\u_parser.\u_packet_encoder.$add$/home/hiepthai/Desktop/uart-fifo-rfid-asic/rdm6300_asic_fpga_modular/rtl/app/card_packet_encoder.v:81$434.
  creating $alu model for $macc $flatten\u_rx_fifo.$add$/home/hiepthai/Desktop/uart-fifo-rfid-asic/rdm6300_asic_fpga_modular/rtl/fifo/rx_fifo.v:54$64.
  creating $alu model for $macc $flatten\u_rx_fifo.$add$/home/hiepthai/Desktop/uart-fifo-rfid-asic/rdm6300_asic_fpga_modular/rtl/fifo/rx_fifo.v:57$65.
  creating $alu model for $macc $flatten\u_rx_fifo.$add$/home/hiepthai/Desktop/uart-fifo-rfid-asic/rdm6300_asic_fpga_modular/rtl/fifo/rx_fifo.v:60$66.
  creating $alu model for $macc $flatten\u_rx_fifo.$sub$/home/hiepthai/Desktop/uart-fifo-rfid-asic/rdm6300_asic_fpga_modular/rtl/fifo/rx_fifo.v:61$67.
  creating $alu model for $macc $flatten\u_tx_fifo.$add$/home/hiepthai/Desktop/uart-fifo-rfid-asic/rdm6300_asic_fpga_modular/rtl/fifo/tx_fifo.v:54$39.
  creating $alu model for $macc $flatten\u_tx_fifo.$add$/home/hiepthai/Desktop/uart-fifo-rfid-asic/rdm6300_asic_fpga_modular/rtl/fifo/tx_fifo.v:57$40.
  creating $alu model for $macc $flatten\u_tx_fifo.$add$/home/hiepthai/Desktop/uart-fifo-rfid-asic/rdm6300_asic_fpga_modular/rtl/fifo/tx_fifo.v:60$41.
  creating $alu model for $macc $flatten\u_tx_fifo.$sub$/home/hiepthai/Desktop/uart-fifo-rfid-asic/rdm6300_asic_fpga_modular/rtl/fifo/tx_fifo.v:61$42.
  creating $alu model for $macc $flatten\u_uart_rx.$add$/home/hiepthai/Desktop/uart-fifo-rfid-asic/rdm6300_asic_fpga_modular/rtl/uart/uart_rx.v:109$96.
  creating $alu model for $macc $flatten\u_uart_rx.$add$/home/hiepthai/Desktop/uart-fifo-rfid-asic/rdm6300_asic_fpga_modular/rtl/uart/uart_rx.v:112$97.
  creating $alu model for $macc $flatten\u_uart_rx.$add$/home/hiepthai/Desktop/uart-fifo-rfid-asic/rdm6300_asic_fpga_modular/rtl/uart/uart_rx.v:120$101.
  creating $alu model for $macc $flatten\u_uart_rx.$add$/home/hiepthai/Desktop/uart-fifo-rfid-asic/rdm6300_asic_fpga_modular/rtl/uart/uart_rx.v:130$114.
  creating $alu model for $macc $flatten\u_uart_rx.$add$/home/hiepthai/Desktop/uart-fifo-rfid-asic/rdm6300_asic_fpga_modular/rtl/uart/uart_rx.v:56$79.
  creating $alu model for $macc $flatten\u_uart_rx.$neg$/home/hiepthai/Desktop/uart-fifo-rfid-asic/rdm6300_asic_fpga_modular/rtl/uart/uart_rx.v:0$105.
  creating $alu model for $macc $flatten\u_uart_tx.$add$/home/hiepthai/Desktop/uart-fifo-rfid-asic/rdm6300_asic_fpga_modular/rtl/uart/uart_tx.v:59$10.
  creating $alu model for $macc $flatten\u_uart_tx.$add$/home/hiepthai/Desktop/uart-fifo-rfid-asic/rdm6300_asic_fpga_modular/rtl/uart/uart_tx.v:75$15.
  creating $alu model for $macc $flatten\u_parser.\u_decoder.$sub$/home/hiepthai/Desktop/uart-fifo-rfid-asic/rdm6300_asic_fpga_modular/rtl/rdm6300/rdm6300_frame_decoder.v:50$895.
  creating $alu model for $macc $flatten\u_parser.\u_decoder.$sub$/home/hiepthai/Desktop/uart-fifo-rfid-asic/rdm6300_asic_fpga_modular/rtl/rdm6300/rdm6300_frame_decoder.v:50$869.
  creating $alu model for $macc $flatten\u_parser.\u_decoder.$sub$/home/hiepthai/Desktop/uart-fifo-rfid-asic/rdm6300_asic_fpga_modular/rtl/rdm6300/rdm6300_frame_decoder.v:50$852.
  creating $alu model for $macc $flatten\u_parser.\u_decoder.$sub$/home/hiepthai/Desktop/uart-fifo-rfid-asic/rdm6300_asic_fpga_modular/rtl/rdm6300/rdm6300_frame_decoder.v:50$835.
  creating $alu model for $macc $flatten\u_parser.\u_decoder.$sub$/home/hiepthai/Desktop/uart-fifo-rfid-asic/rdm6300_asic_fpga_modular/rtl/rdm6300/rdm6300_frame_decoder.v:50$818.
  creating $alu model for $macc $flatten\u_parser.\u_decoder.$sub$/home/hiepthai/Desktop/uart-fifo-rfid-asic/rdm6300_asic_fpga_modular/rtl/rdm6300/rdm6300_frame_decoder.v:50$801.
  creating $alu model for $macc $flatten\u_parser.\u_decoder.$sub$/home/hiepthai/Desktop/uart-fifo-rfid-asic/rdm6300_asic_fpga_modular/rtl/rdm6300/rdm6300_frame_decoder.v:50$784.
  creating $alu model for $macc $flatten\u_parser.\u_decoder.$sub$/home/hiepthai/Desktop/uart-fifo-rfid-asic/rdm6300_asic_fpga_modular/rtl/rdm6300/rdm6300_frame_decoder.v:50$767.
  creating $alu model for $macc $flatten\u_parser.\u_decoder.$sub$/home/hiepthai/Desktop/uart-fifo-rfid-asic/rdm6300_asic_fpga_modular/rtl/rdm6300/rdm6300_frame_decoder.v:50$750.
  creating $alu model for $macc $flatten\u_parser.\u_decoder.$sub$/home/hiepthai/Desktop/uart-fifo-rfid-asic/rdm6300_asic_fpga_modular/rtl/rdm6300/rdm6300_frame_decoder.v:50$733.
  creating $alu model for $macc $flatten\u_parser.\u_decoder.$sub$/home/hiepthai/Desktop/uart-fifo-rfid-asic/rdm6300_asic_fpga_modular/rtl/rdm6300/rdm6300_frame_decoder.v:50$716.
  creating $alu model for $macc $flatten\u_parser.\u_decoder.$sub$/home/hiepthai/Desktop/uart-fifo-rfid-asic/rdm6300_asic_fpga_modular/rtl/rdm6300/rdm6300_frame_decoder.v:50$699.
  creating $alu model for $macc $flatten\u_parser.\u_decoder.$sub$/home/hiepthai/Desktop/uart-fifo-rfid-asic/rdm6300_asic_fpga_modular/rtl/rdm6300/rdm6300_frame_decoder.v:50$682.
  creating $alu model for $macc $flatten\u_parser.\u_decoder.$add$/home/hiepthai/Desktop/uart-fifo-rfid-asic/rdm6300_asic_fpga_modular/rtl/rdm6300/rdm6300_frame_decoder.v:167$914.
  creating $alu model for $macc $flatten\u_parser.\u_decoder.$add$/home/hiepthai/Desktop/uart-fifo-rfid-asic/rdm6300_asic_fpga_modular/rtl/rdm6300/rdm6300_frame_decoder.v:150$911.
  creating $macc cell for $flatten\u_parser.\u_decoder.$add$/home/hiepthai/Desktop/uart-fifo-rfid-asic/rdm6300_asic_fpga_modular/rtl/rdm6300/rdm6300_frame_decoder.v:54$864: $auto$alumacc.cc:365:replace_macc$7353
  creating $macc cell for $flatten\u_parser.\u_decoder.$add$/home/hiepthai/Desktop/uart-fifo-rfid-asic/rdm6300_asic_fpga_modular/rtl/rdm6300/rdm6300_frame_decoder.v:54$847: $auto$alumacc.cc:365:replace_macc$7354
  creating $macc cell for $flatten\u_parser.\u_decoder.$add$/home/hiepthai/Desktop/uart-fifo-rfid-asic/rdm6300_asic_fpga_modular/rtl/rdm6300/rdm6300_frame_decoder.v:54$830: $auto$alumacc.cc:365:replace_macc$7355
  creating $macc cell for $flatten\u_parser.\u_decoder.$add$/home/hiepthai/Desktop/uart-fifo-rfid-asic/rdm6300_asic_fpga_modular/rtl/rdm6300/rdm6300_frame_decoder.v:54$813: $auto$alumacc.cc:365:replace_macc$7356
  creating $macc cell for $flatten\u_parser.\u_decoder.$add$/home/hiepthai/Desktop/uart-fifo-rfid-asic/rdm6300_asic_fpga_modular/rtl/rdm6300/rdm6300_frame_decoder.v:54$796: $auto$alumacc.cc:365:replace_macc$7357
  creating $macc cell for $flatten\u_parser.\u_decoder.$add$/home/hiepthai/Desktop/uart-fifo-rfid-asic/rdm6300_asic_fpga_modular/rtl/rdm6300/rdm6300_frame_decoder.v:54$779: $auto$alumacc.cc:365:replace_macc$7358
  creating $macc cell for $flatten\u_parser.\u_decoder.$add$/home/hiepthai/Desktop/uart-fifo-rfid-asic/rdm6300_asic_fpga_modular/rtl/rdm6300/rdm6300_frame_decoder.v:54$762: $auto$alumacc.cc:365:replace_macc$7359
  creating $macc cell for $flatten\u_parser.\u_decoder.$add$/home/hiepthai/Desktop/uart-fifo-rfid-asic/rdm6300_asic_fpga_modular/rtl/rdm6300/rdm6300_frame_decoder.v:54$745: $auto$alumacc.cc:365:replace_macc$7360
  creating $macc cell for $flatten\u_parser.\u_decoder.$add$/home/hiepthai/Desktop/uart-fifo-rfid-asic/rdm6300_asic_fpga_modular/rtl/rdm6300/rdm6300_frame_decoder.v:54$728: $auto$alumacc.cc:365:replace_macc$7361
  creating $macc cell for $flatten\u_parser.\u_decoder.$add$/home/hiepthai/Desktop/uart-fifo-rfid-asic/rdm6300_asic_fpga_modular/rtl/rdm6300/rdm6300_frame_decoder.v:54$711: $auto$alumacc.cc:365:replace_macc$7362
  creating $macc cell for $flatten\u_parser.\u_decoder.$add$/home/hiepthai/Desktop/uart-fifo-rfid-asic/rdm6300_asic_fpga_modular/rtl/rdm6300/rdm6300_frame_decoder.v:54$694: $auto$alumacc.cc:365:replace_macc$7363
  creating $macc cell for $flatten\u_parser.\u_decoder.$add$/home/hiepthai/Desktop/uart-fifo-rfid-asic/rdm6300_asic_fpga_modular/rtl/rdm6300/rdm6300_frame_decoder.v:52$901: $auto$alumacc.cc:365:replace_macc$7364
  creating $macc cell for $flatten\u_parser.\u_decoder.$add$/home/hiepthai/Desktop/uart-fifo-rfid-asic/rdm6300_asic_fpga_modular/rtl/rdm6300/rdm6300_frame_decoder.v:52$875: $auto$alumacc.cc:365:replace_macc$7365
  creating $macc cell for $flatten\u_parser.\u_decoder.$add$/home/hiepthai/Desktop/uart-fifo-rfid-asic/rdm6300_asic_fpga_modular/rtl/rdm6300/rdm6300_frame_decoder.v:52$858: $auto$alumacc.cc:365:replace_macc$7366
  creating $macc cell for $flatten\u_parser.\u_decoder.$add$/home/hiepthai/Desktop/uart-fifo-rfid-asic/rdm6300_asic_fpga_modular/rtl/rdm6300/rdm6300_frame_decoder.v:52$841: $auto$alumacc.cc:365:replace_macc$7367
  creating $macc cell for $flatten\u_parser.\u_decoder.$add$/home/hiepthai/Desktop/uart-fifo-rfid-asic/rdm6300_asic_fpga_modular/rtl/rdm6300/rdm6300_frame_decoder.v:52$824: $auto$alumacc.cc:365:replace_macc$7368
  creating $macc cell for $flatten\u_parser.\u_decoder.$add$/home/hiepthai/Desktop/uart-fifo-rfid-asic/rdm6300_asic_fpga_modular/rtl/rdm6300/rdm6300_frame_decoder.v:52$807: $auto$alumacc.cc:365:replace_macc$7369
  creating $macc cell for $flatten\u_parser.\u_decoder.$add$/home/hiepthai/Desktop/uart-fifo-rfid-asic/rdm6300_asic_fpga_modular/rtl/rdm6300/rdm6300_frame_decoder.v:52$790: $auto$alumacc.cc:365:replace_macc$7370
  creating $macc cell for $flatten\u_parser.\u_decoder.$add$/home/hiepthai/Desktop/uart-fifo-rfid-asic/rdm6300_asic_fpga_modular/rtl/rdm6300/rdm6300_frame_decoder.v:52$773: $auto$alumacc.cc:365:replace_macc$7371
  creating $macc cell for $flatten\u_parser.\u_decoder.$add$/home/hiepthai/Desktop/uart-fifo-rfid-asic/rdm6300_asic_fpga_modular/rtl/rdm6300/rdm6300_frame_decoder.v:52$756: $auto$alumacc.cc:365:replace_macc$7372
  creating $macc cell for $flatten\u_parser.\u_decoder.$add$/home/hiepthai/Desktop/uart-fifo-rfid-asic/rdm6300_asic_fpga_modular/rtl/rdm6300/rdm6300_frame_decoder.v:52$739: $auto$alumacc.cc:365:replace_macc$7373
  creating $macc cell for $flatten\u_parser.\u_decoder.$add$/home/hiepthai/Desktop/uart-fifo-rfid-asic/rdm6300_asic_fpga_modular/rtl/rdm6300/rdm6300_frame_decoder.v:52$722: $auto$alumacc.cc:365:replace_macc$7374
  creating $macc cell for $flatten\u_parser.\u_decoder.$add$/home/hiepthai/Desktop/uart-fifo-rfid-asic/rdm6300_asic_fpga_modular/rtl/rdm6300/rdm6300_frame_decoder.v:52$705: $auto$alumacc.cc:365:replace_macc$7375
  creating $macc cell for $flatten\u_parser.\u_decoder.$add$/home/hiepthai/Desktop/uart-fifo-rfid-asic/rdm6300_asic_fpga_modular/rtl/rdm6300/rdm6300_frame_decoder.v:52$688: $auto$alumacc.cc:365:replace_macc$7376
  creating $macc cell for $flatten\u_parser.\u_decoder.$add$/home/hiepthai/Desktop/uart-fifo-rfid-asic/rdm6300_asic_fpga_modular/rtl/rdm6300/rdm6300_frame_decoder.v:54$907: $auto$alumacc.cc:365:replace_macc$7377
  creating $macc cell for $flatten\u_parser.\u_decoder.$add$/home/hiepthai/Desktop/uart-fifo-rfid-asic/rdm6300_asic_fpga_modular/rtl/rdm6300/rdm6300_frame_decoder.v:54$881: $auto$alumacc.cc:365:replace_macc$7378
  creating $alu model for $flatten\u_parser.\u_decoder.$ge$/home/hiepthai/Desktop/uart-fifo-rfid-asic/rdm6300_asic_fpga_modular/rtl/rdm6300/rdm6300_frame_decoder.v:139$886 ($ge): new $alu
  creating $alu model for $flatten\u_parser.\u_decoder.$ge$/home/hiepthai/Desktop/uart-fifo-rfid-asic/rdm6300_asic_fpga_modular/rtl/rdm6300/rdm6300_frame_decoder.v:144$908 ($ge): new $alu
  creating $alu model for $flatten\u_parser.\u_decoder.$ge$/home/hiepthai/Desktop/uart-fifo-rfid-asic/rdm6300_asic_fpga_modular/rtl/rdm6300/rdm6300_frame_decoder.v:161$913 ($ge): new $alu
  creating $alu model for $flatten\u_parser.\u_decoder.$ge$/home/hiepthai/Desktop/uart-fifo-rfid-asic/rdm6300_asic_fpga_modular/rtl/rdm6300/rdm6300_frame_decoder.v:49$678 ($ge): new $alu
  creating $alu model for $flatten\u_parser.\u_decoder.$ge$/home/hiepthai/Desktop/uart-fifo-rfid-asic/rdm6300_asic_fpga_modular/rtl/rdm6300/rdm6300_frame_decoder.v:49$695 ($ge): new $alu
  creating $alu model for $flatten\u_parser.\u_decoder.$ge$/home/hiepthai/Desktop/uart-fifo-rfid-asic/rdm6300_asic_fpga_modular/rtl/rdm6300/rdm6300_frame_decoder.v:49$712 ($ge): new $alu
  creating $alu model for $flatten\u_parser.\u_decoder.$ge$/home/hiepthai/Desktop/uart-fifo-rfid-asic/rdm6300_asic_fpga_modular/rtl/rdm6300/rdm6300_frame_decoder.v:49$729 ($ge): new $alu
  creating $alu model for $flatten\u_parser.\u_decoder.$ge$/home/hiepthai/Desktop/uart-fifo-rfid-asic/rdm6300_asic_fpga_modular/rtl/rdm6300/rdm6300_frame_decoder.v:49$746 ($ge): new $alu
  creating $alu model for $flatten\u_parser.\u_decoder.$ge$/home/hiepthai/Desktop/uart-fifo-rfid-asic/rdm6300_asic_fpga_modular/rtl/rdm6300/rdm6300_frame_decoder.v:49$763 ($ge): new $alu
  creating $alu model for $flatten\u_parser.\u_decoder.$ge$/home/hiepthai/Desktop/uart-fifo-rfid-asic/rdm6300_asic_fpga_modular/rtl/rdm6300/rdm6300_frame_decoder.v:49$780 ($ge): new $alu
  creating $alu model for $flatten\u_parser.\u_decoder.$ge$/home/hiepthai/Desktop/uart-fifo-rfid-asic/rdm6300_asic_fpga_modular/rtl/rdm6300/rdm6300_frame_decoder.v:49$797 ($ge): new $alu
  creating $alu model for $flatten\u_parser.\u_decoder.$ge$/home/hiepthai/Desktop/uart-fifo-rfid-asic/rdm6300_asic_fpga_modular/rtl/rdm6300/rdm6300_frame_decoder.v:49$814 ($ge): new $alu
  creating $alu model for $flatten\u_parser.\u_decoder.$ge$/home/hiepthai/Desktop/uart-fifo-rfid-asic/rdm6300_asic_fpga_modular/rtl/rdm6300/rdm6300_frame_decoder.v:49$831 ($ge): new $alu
  creating $alu model for $flatten\u_parser.\u_decoder.$ge$/home/hiepthai/Desktop/uart-fifo-rfid-asic/rdm6300_asic_fpga_modular/rtl/rdm6300/rdm6300_frame_decoder.v:49$848 ($ge): new $alu
  creating $alu model for $flatten\u_parser.\u_decoder.$ge$/home/hiepthai/Desktop/uart-fifo-rfid-asic/rdm6300_asic_fpga_modular/rtl/rdm6300/rdm6300_frame_decoder.v:49$865 ($ge): new $alu
  creating $alu model for $flatten\u_parser.\u_decoder.$ge$/home/hiepthai/Desktop/uart-fifo-rfid-asic/rdm6300_asic_fpga_modular/rtl/rdm6300/rdm6300_frame_decoder.v:49$891 ($ge): new $alu
  creating $alu model for $flatten\u_parser.\u_decoder.$ge$/home/hiepthai/Desktop/uart-fifo-rfid-asic/rdm6300_asic_fpga_modular/rtl/rdm6300/rdm6300_frame_decoder.v:51$683 ($ge): new $alu
  creating $alu model for $flatten\u_parser.\u_decoder.$ge$/home/hiepthai/Desktop/uart-fifo-rfid-asic/rdm6300_asic_fpga_modular/rtl/rdm6300/rdm6300_frame_decoder.v:51$700 ($ge): new $alu
  creating $alu model for $flatten\u_parser.\u_decoder.$ge$/home/hiepthai/Desktop/uart-fifo-rfid-asic/rdm6300_asic_fpga_modular/rtl/rdm6300/rdm6300_frame_decoder.v:51$717 ($ge): new $alu
  creating $alu model for $flatten\u_parser.\u_decoder.$ge$/home/hiepthai/Desktop/uart-fifo-rfid-asic/rdm6300_asic_fpga_modular/rtl/rdm6300/rdm6300_frame_decoder.v:51$734 ($ge): new $alu
  creating $alu model for $flatten\u_parser.\u_decoder.$ge$/home/hiepthai/Desktop/uart-fifo-rfid-asic/rdm6300_asic_fpga_modular/rtl/rdm6300/rdm6300_frame_decoder.v:51$751 ($ge): new $alu
  creating $alu model for $flatten\u_parser.\u_decoder.$ge$/home/hiepthai/Desktop/uart-fifo-rfid-asic/rdm6300_asic_fpga_modular/rtl/rdm6300/rdm6300_frame_decoder.v:51$768 ($ge): new $alu
  creating $alu model for $flatten\u_parser.\u_decoder.$ge$/home/hiepthai/Desktop/uart-fifo-rfid-asic/rdm6300_asic_fpga_modular/rtl/rdm6300/rdm6300_frame_decoder.v:51$785 ($ge): new $alu
  creating $alu model for $flatten\u_parser.\u_decoder.$ge$/home/hiepthai/Desktop/uart-fifo-rfid-asic/rdm6300_asic_fpga_modular/rtl/rdm6300/rdm6300_frame_decoder.v:51$802 ($ge): new $alu
  creating $alu model for $flatten\u_parser.\u_decoder.$ge$/home/hiepthai/Desktop/uart-fifo-rfid-asic/rdm6300_asic_fpga_modular/rtl/rdm6300/rdm6300_frame_decoder.v:51$819 ($ge): new $alu
  creating $alu model for $flatten\u_parser.\u_decoder.$ge$/home/hiepthai/Desktop/uart-fifo-rfid-asic/rdm6300_asic_fpga_modular/rtl/rdm6300/rdm6300_frame_decoder.v:51$836 ($ge): new $alu
  creating $alu model for $flatten\u_parser.\u_decoder.$ge$/home/hiepthai/Desktop/uart-fifo-rfid-asic/rdm6300_asic_fpga_modular/rtl/rdm6300/rdm6300_frame_decoder.v:51$853 ($ge): new $alu
  creating $alu model for $flatten\u_parser.\u_decoder.$ge$/home/hiepthai/Desktop/uart-fifo-rfid-asic/rdm6300_asic_fpga_modular/rtl/rdm6300/rdm6300_frame_decoder.v:51$870 ($ge): new $alu
  creating $alu model for $flatten\u_parser.\u_decoder.$ge$/home/hiepthai/Desktop/uart-fifo-rfid-asic/rdm6300_asic_fpga_modular/rtl/rdm6300/rdm6300_frame_decoder.v:51$896 ($ge): new $alu
  creating $alu model for $flatten\u_parser.\u_decoder.$ge$/home/hiepthai/Desktop/uart-fifo-rfid-asic/rdm6300_asic_fpga_modular/rtl/rdm6300/rdm6300_frame_decoder.v:53$689 ($ge): new $alu
  creating $alu model for $flatten\u_parser.\u_decoder.$ge$/home/hiepthai/Desktop/uart-fifo-rfid-asic/rdm6300_asic_fpga_modular/rtl/rdm6300/rdm6300_frame_decoder.v:53$706 ($ge): new $alu
  creating $alu model for $flatten\u_parser.\u_decoder.$ge$/home/hiepthai/Desktop/uart-fifo-rfid-asic/rdm6300_asic_fpga_modular/rtl/rdm6300/rdm6300_frame_decoder.v:53$723 ($ge): new $alu
  creating $alu model for $flatten\u_parser.\u_decoder.$ge$/home/hiepthai/Desktop/uart-fifo-rfid-asic/rdm6300_asic_fpga_modular/rtl/rdm6300/rdm6300_frame_decoder.v:53$740 ($ge): new $alu
  creating $alu model for $flatten\u_parser.\u_decoder.$ge$/home/hiepthai/Desktop/uart-fifo-rfid-asic/rdm6300_asic_fpga_modular/rtl/rdm6300/rdm6300_frame_decoder.v:53$757 ($ge): new $alu
  creating $alu model for $flatten\u_parser.\u_decoder.$ge$/home/hiepthai/Desktop/uart-fifo-rfid-asic/rdm6300_asic_fpga_modular/rtl/rdm6300/rdm6300_frame_decoder.v:53$774 ($ge): new $alu
  creating $alu model for $flatten\u_parser.\u_decoder.$ge$/home/hiepthai/Desktop/uart-fifo-rfid-asic/rdm6300_asic_fpga_modular/rtl/rdm6300/rdm6300_frame_decoder.v:53$791 ($ge): new $alu
  creating $alu model for $flatten\u_parser.\u_decoder.$ge$/home/hiepthai/Desktop/uart-fifo-rfid-asic/rdm6300_asic_fpga_modular/rtl/rdm6300/rdm6300_frame_decoder.v:53$808 ($ge): new $alu
  creating $alu model for $flatten\u_parser.\u_decoder.$ge$/home/hiepthai/Desktop/uart-fifo-rfid-asic/rdm6300_asic_fpga_modular/rtl/rdm6300/rdm6300_frame_decoder.v:53$825 ($ge): new $alu
  creating $alu model for $flatten\u_parser.\u_decoder.$ge$/home/hiepthai/Desktop/uart-fifo-rfid-asic/rdm6300_asic_fpga_modular/rtl/rdm6300/rdm6300_frame_decoder.v:53$842 ($ge): new $alu
  creating $alu model for $flatten\u_parser.\u_decoder.$ge$/home/hiepthai/Desktop/uart-fifo-rfid-asic/rdm6300_asic_fpga_modular/rtl/rdm6300/rdm6300_frame_decoder.v:53$859 ($ge): new $alu
  creating $alu model for $flatten\u_parser.\u_decoder.$ge$/home/hiepthai/Desktop/uart-fifo-rfid-asic/rdm6300_asic_fpga_modular/rtl/rdm6300/rdm6300_frame_decoder.v:53$876 ($ge): new $alu
  creating $alu model for $flatten\u_parser.\u_decoder.$ge$/home/hiepthai/Desktop/uart-fifo-rfid-asic/rdm6300_asic_fpga_modular/rtl/rdm6300/rdm6300_frame_decoder.v:53$902 ($ge): new $alu
  creating $alu model for $flatten\u_parser.\u_decoder.$le$/home/hiepthai/Desktop/uart-fifo-rfid-asic/rdm6300_asic_fpga_modular/rtl/rdm6300/rdm6300_frame_decoder.v:49$679 ($le): new $alu
  creating $alu model for $flatten\u_parser.\u_decoder.$le$/home/hiepthai/Desktop/uart-fifo-rfid-asic/rdm6300_asic_fpga_modular/rtl/rdm6300/rdm6300_frame_decoder.v:49$696 ($le): new $alu
  creating $alu model for $flatten\u_parser.\u_decoder.$le$/home/hiepthai/Desktop/uart-fifo-rfid-asic/rdm6300_asic_fpga_modular/rtl/rdm6300/rdm6300_frame_decoder.v:49$713 ($le): new $alu
  creating $alu model for $flatten\u_parser.\u_decoder.$le$/home/hiepthai/Desktop/uart-fifo-rfid-asic/rdm6300_asic_fpga_modular/rtl/rdm6300/rdm6300_frame_decoder.v:49$730 ($le): new $alu
  creating $alu model for $flatten\u_parser.\u_decoder.$le$/home/hiepthai/Desktop/uart-fifo-rfid-asic/rdm6300_asic_fpga_modular/rtl/rdm6300/rdm6300_frame_decoder.v:49$747 ($le): new $alu
  creating $alu model for $flatten\u_parser.\u_decoder.$le$/home/hiepthai/Desktop/uart-fifo-rfid-asic/rdm6300_asic_fpga_modular/rtl/rdm6300/rdm6300_frame_decoder.v:49$764 ($le): new $alu
  creating $alu model for $flatten\u_parser.\u_decoder.$le$/home/hiepthai/Desktop/uart-fifo-rfid-asic/rdm6300_asic_fpga_modular/rtl/rdm6300/rdm6300_frame_decoder.v:49$781 ($le): new $alu
  creating $alu model for $flatten\u_parser.\u_decoder.$le$/home/hiepthai/Desktop/uart-fifo-rfid-asic/rdm6300_asic_fpga_modular/rtl/rdm6300/rdm6300_frame_decoder.v:49$798 ($le): new $alu
  creating $alu model for $flatten\u_parser.\u_decoder.$le$/home/hiepthai/Desktop/uart-fifo-rfid-asic/rdm6300_asic_fpga_modular/rtl/rdm6300/rdm6300_frame_decoder.v:49$815 ($le): new $alu
  creating $alu model for $flatten\u_parser.\u_decoder.$le$/home/hiepthai/Desktop/uart-fifo-rfid-asic/rdm6300_asic_fpga_modular/rtl/rdm6300/rdm6300_frame_decoder.v:49$832 ($le): new $alu
  creating $alu model for $flatten\u_parser.\u_decoder.$le$/home/hiepthai/Desktop/uart-fifo-rfid-asic/rdm6300_asic_fpga_modular/rtl/rdm6300/rdm6300_frame_decoder.v:49$849 ($le): new $alu
  creating $alu model for $flatten\u_parser.\u_decoder.$le$/home/hiepthai/Desktop/uart-fifo-rfid-asic/rdm6300_asic_fpga_modular/rtl/rdm6300/rdm6300_frame_decoder.v:49$866 ($le): new $alu
  creating $alu model for $flatten\u_parser.\u_decoder.$le$/home/hiepthai/Desktop/uart-fifo-rfid-asic/rdm6300_asic_fpga_modular/rtl/rdm6300/rdm6300_frame_decoder.v:49$892 ($le): new $alu
  creating $alu model for $flatten\u_parser.\u_decoder.$le$/home/hiepthai/Desktop/uart-fifo-rfid-asic/rdm6300_asic_fpga_modular/rtl/rdm6300/rdm6300_frame_decoder.v:51$684 ($le): new $alu
  creating $alu model for $flatten\u_parser.\u_decoder.$le$/home/hiepthai/Desktop/uart-fifo-rfid-asic/rdm6300_asic_fpga_modular/rtl/rdm6300/rdm6300_frame_decoder.v:51$701 ($le): new $alu
  creating $alu model for $flatten\u_parser.\u_decoder.$le$/home/hiepthai/Desktop/uart-fifo-rfid-asic/rdm6300_asic_fpga_modular/rtl/rdm6300/rdm6300_frame_decoder.v:51$718 ($le): new $alu
  creating $alu model for $flatten\u_parser.\u_decoder.$le$/home/hiepthai/Desktop/uart-fifo-rfid-asic/rdm6300_asic_fpga_modular/rtl/rdm6300/rdm6300_frame_decoder.v:51$735 ($le): new $alu
  creating $alu model for $flatten\u_parser.\u_decoder.$le$/home/hiepthai/Desktop/uart-fifo-rfid-asic/rdm6300_asic_fpga_modular/rtl/rdm6300/rdm6300_frame_decoder.v:51$752 ($le): new $alu
  creating $alu model for $flatten\u_parser.\u_decoder.$le$/home/hiepthai/Desktop/uart-fifo-rfid-asic/rdm6300_asic_fpga_modular/rtl/rdm6300/rdm6300_frame_decoder.v:51$769 ($le): new $alu
  creating $alu model for $flatten\u_parser.\u_decoder.$le$/home/hiepthai/Desktop/uart-fifo-rfid-asic/rdm6300_asic_fpga_modular/rtl/rdm6300/rdm6300_frame_decoder.v:51$786 ($le): new $alu
  creating $alu model for $flatten\u_parser.\u_decoder.$le$/home/hiepthai/Desktop/uart-fifo-rfid-asic/rdm6300_asic_fpga_modular/rtl/rdm6300/rdm6300_frame_decoder.v:51$803 ($le): new $alu
  creating $alu model for $flatten\u_parser.\u_decoder.$le$/home/hiepthai/Desktop/uart-fifo-rfid-asic/rdm6300_asic_fpga_modular/rtl/rdm6300/rdm6300_frame_decoder.v:51$820 ($le): new $alu
  creating $alu model for $flatten\u_parser.\u_decoder.$le$/home/hiepthai/Desktop/uart-fifo-rfid-asic/rdm6300_asic_fpga_modular/rtl/rdm6300/rdm6300_frame_decoder.v:51$837 ($le): new $alu
  creating $alu model for $flatten\u_parser.\u_decoder.$le$/home/hiepthai/Desktop/uart-fifo-rfid-asic/rdm6300_asic_fpga_modular/rtl/rdm6300/rdm6300_frame_decoder.v:51$854 ($le): new $alu
  creating $alu model for $flatten\u_parser.\u_decoder.$le$/home/hiepthai/Desktop/uart-fifo-rfid-asic/rdm6300_asic_fpga_modular/rtl/rdm6300/rdm6300_frame_decoder.v:51$871 ($le): new $alu
  creating $alu model for $flatten\u_parser.\u_decoder.$le$/home/hiepthai/Desktop/uart-fifo-rfid-asic/rdm6300_asic_fpga_modular/rtl/rdm6300/rdm6300_frame_decoder.v:51$897 ($le): new $alu
  creating $alu model for $flatten\u_parser.\u_decoder.$le$/home/hiepthai/Desktop/uart-fifo-rfid-asic/rdm6300_asic_fpga_modular/rtl/rdm6300/rdm6300_frame_decoder.v:53$690 ($le): new $alu
  creating $alu model for $flatten\u_parser.\u_decoder.$le$/home/hiepthai/Desktop/uart-fifo-rfid-asic/rdm6300_asic_fpga_modular/rtl/rdm6300/rdm6300_frame_decoder.v:53$707 ($le): new $alu
  creating $alu model for $flatten\u_parser.\u_decoder.$le$/home/hiepthai/Desktop/uart-fifo-rfid-asic/rdm6300_asic_fpga_modular/rtl/rdm6300/rdm6300_frame_decoder.v:53$724 ($le): new $alu
  creating $alu model for $flatten\u_parser.\u_decoder.$le$/home/hiepthai/Desktop/uart-fifo-rfid-asic/rdm6300_asic_fpga_modular/rtl/rdm6300/rdm6300_frame_decoder.v:53$741 ($le): new $alu
  creating $alu model for $flatten\u_parser.\u_decoder.$le$/home/hiepthai/Desktop/uart-fifo-rfid-asic/rdm6300_asic_fpga_modular/rtl/rdm6300/rdm6300_frame_decoder.v:53$758 ($le): new $alu
  creating $alu model for $flatten\u_parser.\u_decoder.$le$/home/hiepthai/Desktop/uart-fifo-rfid-asic/rdm6300_asic_fpga_modular/rtl/rdm6300/rdm6300_frame_decoder.v:53$775 ($le): new $alu
  creating $alu model for $flatten\u_parser.\u_decoder.$le$/home/hiepthai/Desktop/uart-fifo-rfid-asic/rdm6300_asic_fpga_modular/rtl/rdm6300/rdm6300_frame_decoder.v:53$792 ($le): new $alu
  creating $alu model for $flatten\u_parser.\u_decoder.$le$/home/hiepthai/Desktop/uart-fifo-rfid-asic/rdm6300_asic_fpga_modular/rtl/rdm6300/rdm6300_frame_decoder.v:53$809 ($le): new $alu
  creating $alu model for $flatten\u_parser.\u_decoder.$le$/home/hiepthai/Desktop/uart-fifo-rfid-asic/rdm6300_asic_fpga_modular/rtl/rdm6300/rdm6300_frame_decoder.v:53$826 ($le): new $alu
  creating $alu model for $flatten\u_parser.\u_decoder.$le$/home/hiepthai/Desktop/uart-fifo-rfid-asic/rdm6300_asic_fpga_modular/rtl/rdm6300/rdm6300_frame_decoder.v:53$843 ($le): new $alu
  creating $alu model for $flatten\u_parser.\u_decoder.$le$/home/hiepthai/Desktop/uart-fifo-rfid-asic/rdm6300_asic_fpga_modular/rtl/rdm6300/rdm6300_frame_decoder.v:53$860 ($le): new $alu
  creating $alu model for $flatten\u_parser.\u_decoder.$le$/home/hiepthai/Desktop/uart-fifo-rfid-asic/rdm6300_asic_fpga_modular/rtl/rdm6300/rdm6300_frame_decoder.v:53$877 ($le): new $alu
  creating $alu model for $flatten\u_parser.\u_decoder.$le$/home/hiepthai/Desktop/uart-fifo-rfid-asic/rdm6300_asic_fpga_modular/rtl/rdm6300/rdm6300_frame_decoder.v:53$903 ($le): new $alu
  creating $alu model for $flatten\u_uart_rx.$ge$/home/hiepthai/Desktop/uart-fifo-rfid-asic/rdm6300_asic_fpga_modular/rtl/uart/uart_rx.v:123$109 ($ge): new $alu
  creating $alu model for $flatten\u_uart_rx.$ge$/home/hiepthai/Desktop/uart-fifo-rfid-asic/rdm6300_asic_fpga_modular/rtl/uart/uart_rx.v:53$78 ($ge): new $alu
  creating $alu model for $flatten\u_uart_rx.$lt$/home/hiepthai/Desktop/uart-fifo-rfid-asic/rdm6300_asic_fpga_modular/rtl/uart/uart_rx.v:104$95 ($lt): merged with $flatten\u_uart_rx.$ge$/home/hiepthai/Desktop/uart-fifo-rfid-asic/rdm6300_asic_fpga_modular/rtl/uart/uart_rx.v:123$109.
  creating $alu model for $flatten\u_uart_tx.$lt$/home/hiepthai/Desktop/uart-fifo-rfid-asic/rdm6300_asic_fpga_modular/rtl/uart/uart_tx.v:58$9 ($lt): new $alu
  creating $alu model for $flatten\u_uart_tx.$lt$/home/hiepthai/Desktop/uart-fifo-rfid-asic/rdm6300_asic_fpga_modular/rtl/uart/uart_tx.v:74$14 ($lt): new $alu
  creating $alu model for $flatten\u_parser.\u_decoder.$ne$/home/hiepthai/Desktop/uart-fifo-rfid-asic/rdm6300_asic_fpga_modular/rtl/rdm6300/rdm6300_frame_decoder.v:114$653 ($ne): merged with $flatten\u_parser.\u_decoder.$ge$/home/hiepthai/Desktop/uart-fifo-rfid-asic/rdm6300_asic_fpga_modular/rtl/rdm6300/rdm6300_frame_decoder.v:139$886.
  creating $alu cell for $flatten\u_uart_tx.$lt$/home/hiepthai/Desktop/uart-fifo-rfid-asic/rdm6300_asic_fpga_modular/rtl/uart/uart_tx.v:74$14: $auto$alumacc.cc:485:replace_alu$7464
  creating $alu cell for $flatten\u_uart_tx.$lt$/home/hiepthai/Desktop/uart-fifo-rfid-asic/rdm6300_asic_fpga_modular/rtl/uart/uart_tx.v:58$9: $auto$alumacc.cc:485:replace_alu$7475
  creating $alu cell for $flatten\u_uart_rx.$ge$/home/hiepthai/Desktop/uart-fifo-rfid-asic/rdm6300_asic_fpga_modular/rtl/uart/uart_rx.v:53$78: $auto$alumacc.cc:485:replace_alu$7486
  creating $alu cell for $flatten\u_uart_rx.$ge$/home/hiepthai/Desktop/uart-fifo-rfid-asic/rdm6300_asic_fpga_modular/rtl/uart/uart_rx.v:123$109, $flatten\u_uart_rx.$lt$/home/hiepthai/Desktop/uart-fifo-rfid-asic/rdm6300_asic_fpga_modular/rtl/uart/uart_rx.v:104$95: $auto$alumacc.cc:485:replace_alu$7495
  creating $alu cell for $flatten\u_parser.\u_decoder.$le$/home/hiepthai/Desktop/uart-fifo-rfid-asic/rdm6300_asic_fpga_modular/rtl/rdm6300/rdm6300_frame_decoder.v:53$903: $auto$alumacc.cc:485:replace_alu$7508
  creating $alu cell for $flatten\u_parser.\u_decoder.$le$/home/hiepthai/Desktop/uart-fifo-rfid-asic/rdm6300_asic_fpga_modular/rtl/rdm6300/rdm6300_frame_decoder.v:53$877: $auto$alumacc.cc:485:replace_alu$7521
  creating $alu cell for $flatten\u_parser.\u_decoder.$le$/home/hiepthai/Desktop/uart-fifo-rfid-asic/rdm6300_asic_fpga_modular/rtl/rdm6300/rdm6300_frame_decoder.v:53$860: $auto$alumacc.cc:485:replace_alu$7534
  creating $alu cell for $flatten\u_parser.\u_decoder.$le$/home/hiepthai/Desktop/uart-fifo-rfid-asic/rdm6300_asic_fpga_modular/rtl/rdm6300/rdm6300_frame_decoder.v:53$843: $auto$alumacc.cc:485:replace_alu$7547
  creating $alu cell for $flatten\u_parser.\u_decoder.$le$/home/hiepthai/Desktop/uart-fifo-rfid-asic/rdm6300_asic_fpga_modular/rtl/rdm6300/rdm6300_frame_decoder.v:53$826: $auto$alumacc.cc:485:replace_alu$7560
  creating $alu cell for $flatten\u_parser.\u_decoder.$le$/home/hiepthai/Desktop/uart-fifo-rfid-asic/rdm6300_asic_fpga_modular/rtl/rdm6300/rdm6300_frame_decoder.v:53$809: $auto$alumacc.cc:485:replace_alu$7573
  creating $alu cell for $flatten\u_parser.\u_decoder.$le$/home/hiepthai/Desktop/uart-fifo-rfid-asic/rdm6300_asic_fpga_modular/rtl/rdm6300/rdm6300_frame_decoder.v:53$792: $auto$alumacc.cc:485:replace_alu$7586
  creating $alu cell for $flatten\u_parser.\u_decoder.$le$/home/hiepthai/Desktop/uart-fifo-rfid-asic/rdm6300_asic_fpga_modular/rtl/rdm6300/rdm6300_frame_decoder.v:53$775: $auto$alumacc.cc:485:replace_alu$7599
  creating $alu cell for $flatten\u_parser.\u_decoder.$le$/home/hiepthai/Desktop/uart-fifo-rfid-asic/rdm6300_asic_fpga_modular/rtl/rdm6300/rdm6300_frame_decoder.v:53$758: $auto$alumacc.cc:485:replace_alu$7612
  creating $alu cell for $flatten\u_parser.\u_decoder.$le$/home/hiepthai/Desktop/uart-fifo-rfid-asic/rdm6300_asic_fpga_modular/rtl/rdm6300/rdm6300_frame_decoder.v:53$741: $auto$alumacc.cc:485:replace_alu$7625
  creating $alu cell for $flatten\u_parser.\u_decoder.$le$/home/hiepthai/Desktop/uart-fifo-rfid-asic/rdm6300_asic_fpga_modular/rtl/rdm6300/rdm6300_frame_decoder.v:53$724: $auto$alumacc.cc:485:replace_alu$7638
  creating $alu cell for $flatten\u_parser.\u_decoder.$le$/home/hiepthai/Desktop/uart-fifo-rfid-asic/rdm6300_asic_fpga_modular/rtl/rdm6300/rdm6300_frame_decoder.v:53$707: $auto$alumacc.cc:485:replace_alu$7651
  creating $alu cell for $flatten\u_parser.\u_decoder.$le$/home/hiepthai/Desktop/uart-fifo-rfid-asic/rdm6300_asic_fpga_modular/rtl/rdm6300/rdm6300_frame_decoder.v:53$690: $auto$alumacc.cc:485:replace_alu$7664
  creating $alu cell for $flatten\u_parser.\u_decoder.$le$/home/hiepthai/Desktop/uart-fifo-rfid-asic/rdm6300_asic_fpga_modular/rtl/rdm6300/rdm6300_frame_decoder.v:51$897: $auto$alumacc.cc:485:replace_alu$7677
  creating $alu cell for $flatten\u_parser.\u_decoder.$le$/home/hiepthai/Desktop/uart-fifo-rfid-asic/rdm6300_asic_fpga_modular/rtl/rdm6300/rdm6300_frame_decoder.v:51$871: $auto$alumacc.cc:485:replace_alu$7690
  creating $alu cell for $flatten\u_parser.\u_decoder.$le$/home/hiepthai/Desktop/uart-fifo-rfid-asic/rdm6300_asic_fpga_modular/rtl/rdm6300/rdm6300_frame_decoder.v:51$854: $auto$alumacc.cc:485:replace_alu$7703
  creating $alu cell for $flatten\u_parser.\u_decoder.$le$/home/hiepthai/Desktop/uart-fifo-rfid-asic/rdm6300_asic_fpga_modular/rtl/rdm6300/rdm6300_frame_decoder.v:51$837: $auto$alumacc.cc:485:replace_alu$7716
  creating $alu cell for $flatten\u_parser.\u_decoder.$le$/home/hiepthai/Desktop/uart-fifo-rfid-asic/rdm6300_asic_fpga_modular/rtl/rdm6300/rdm6300_frame_decoder.v:51$820: $auto$alumacc.cc:485:replace_alu$7729
  creating $alu cell for $flatten\u_parser.\u_decoder.$le$/home/hiepthai/Desktop/uart-fifo-rfid-asic/rdm6300_asic_fpga_modular/rtl/rdm6300/rdm6300_frame_decoder.v:51$803: $auto$alumacc.cc:485:replace_alu$7742
  creating $alu cell for $flatten\u_parser.\u_decoder.$le$/home/hiepthai/Desktop/uart-fifo-rfid-asic/rdm6300_asic_fpga_modular/rtl/rdm6300/rdm6300_frame_decoder.v:51$786: $auto$alumacc.cc:485:replace_alu$7755
  creating $alu cell for $flatten\u_parser.\u_decoder.$le$/home/hiepthai/Desktop/uart-fifo-rfid-asic/rdm6300_asic_fpga_modular/rtl/rdm6300/rdm6300_frame_decoder.v:51$769: $auto$alumacc.cc:485:replace_alu$7768
  creating $alu cell for $flatten\u_parser.\u_decoder.$le$/home/hiepthai/Desktop/uart-fifo-rfid-asic/rdm6300_asic_fpga_modular/rtl/rdm6300/rdm6300_frame_decoder.v:51$752: $auto$alumacc.cc:485:replace_alu$7781
  creating $alu cell for $flatten\u_parser.\u_decoder.$le$/home/hiepthai/Desktop/uart-fifo-rfid-asic/rdm6300_asic_fpga_modular/rtl/rdm6300/rdm6300_frame_decoder.v:51$735: $auto$alumacc.cc:485:replace_alu$7794
  creating $alu cell for $flatten\u_parser.\u_decoder.$le$/home/hiepthai/Desktop/uart-fifo-rfid-asic/rdm6300_asic_fpga_modular/rtl/rdm6300/rdm6300_frame_decoder.v:51$718: $auto$alumacc.cc:485:replace_alu$7807
  creating $alu cell for $flatten\u_parser.\u_decoder.$le$/home/hiepthai/Desktop/uart-fifo-rfid-asic/rdm6300_asic_fpga_modular/rtl/rdm6300/rdm6300_frame_decoder.v:51$701: $auto$alumacc.cc:485:replace_alu$7820
  creating $alu cell for $flatten\u_parser.\u_decoder.$le$/home/hiepthai/Desktop/uart-fifo-rfid-asic/rdm6300_asic_fpga_modular/rtl/rdm6300/rdm6300_frame_decoder.v:51$684: $auto$alumacc.cc:485:replace_alu$7833
  creating $alu cell for $flatten\u_parser.\u_decoder.$le$/home/hiepthai/Desktop/uart-fifo-rfid-asic/rdm6300_asic_fpga_modular/rtl/rdm6300/rdm6300_frame_decoder.v:49$892: $auto$alumacc.cc:485:replace_alu$7846
  creating $alu cell for $flatten\u_parser.\u_decoder.$le$/home/hiepthai/Desktop/uart-fifo-rfid-asic/rdm6300_asic_fpga_modular/rtl/rdm6300/rdm6300_frame_decoder.v:49$866: $auto$alumacc.cc:485:replace_alu$7859
  creating $alu cell for $flatten\u_parser.\u_decoder.$le$/home/hiepthai/Desktop/uart-fifo-rfid-asic/rdm6300_asic_fpga_modular/rtl/rdm6300/rdm6300_frame_decoder.v:49$849: $auto$alumacc.cc:485:replace_alu$7872
  creating $alu cell for $flatten\u_parser.\u_decoder.$le$/home/hiepthai/Desktop/uart-fifo-rfid-asic/rdm6300_asic_fpga_modular/rtl/rdm6300/rdm6300_frame_decoder.v:49$832: $auto$alumacc.cc:485:replace_alu$7885
  creating $alu cell for $flatten\u_parser.\u_decoder.$le$/home/hiepthai/Desktop/uart-fifo-rfid-asic/rdm6300_asic_fpga_modular/rtl/rdm6300/rdm6300_frame_decoder.v:49$815: $auto$alumacc.cc:485:replace_alu$7898
  creating $alu cell for $flatten\u_parser.\u_decoder.$le$/home/hiepthai/Desktop/uart-fifo-rfid-asic/rdm6300_asic_fpga_modular/rtl/rdm6300/rdm6300_frame_decoder.v:49$798: $auto$alumacc.cc:485:replace_alu$7911
  creating $alu cell for $flatten\u_parser.\u_decoder.$le$/home/hiepthai/Desktop/uart-fifo-rfid-asic/rdm6300_asic_fpga_modular/rtl/rdm6300/rdm6300_frame_decoder.v:49$781: $auto$alumacc.cc:485:replace_alu$7924
  creating $alu cell for $flatten\u_parser.\u_decoder.$le$/home/hiepthai/Desktop/uart-fifo-rfid-asic/rdm6300_asic_fpga_modular/rtl/rdm6300/rdm6300_frame_decoder.v:49$764: $auto$alumacc.cc:485:replace_alu$7937
  creating $alu cell for $flatten\u_parser.\u_decoder.$le$/home/hiepthai/Desktop/uart-fifo-rfid-asic/rdm6300_asic_fpga_modular/rtl/rdm6300/rdm6300_frame_decoder.v:49$747: $auto$alumacc.cc:485:replace_alu$7950
  creating $alu cell for $flatten\u_parser.\u_decoder.$le$/home/hiepthai/Desktop/uart-fifo-rfid-asic/rdm6300_asic_fpga_modular/rtl/rdm6300/rdm6300_frame_decoder.v:49$730: $auto$alumacc.cc:485:replace_alu$7963
  creating $alu cell for $flatten\u_parser.\u_decoder.$le$/home/hiepthai/Desktop/uart-fifo-rfid-asic/rdm6300_asic_fpga_modular/rtl/rdm6300/rdm6300_frame_decoder.v:49$713: $auto$alumacc.cc:485:replace_alu$7976
  creating $alu cell for $flatten\u_parser.\u_decoder.$le$/home/hiepthai/Desktop/uart-fifo-rfid-asic/rdm6300_asic_fpga_modular/rtl/rdm6300/rdm6300_frame_decoder.v:49$696: $auto$alumacc.cc:485:replace_alu$7989
  creating $alu cell for $flatten\u_parser.\u_decoder.$le$/home/hiepthai/Desktop/uart-fifo-rfid-asic/rdm6300_asic_fpga_modular/rtl/rdm6300/rdm6300_frame_decoder.v:49$679: $auto$alumacc.cc:485:replace_alu$8002
  creating $alu cell for $flatten\u_parser.\u_decoder.$ge$/home/hiepthai/Desktop/uart-fifo-rfid-asic/rdm6300_asic_fpga_modular/rtl/rdm6300/rdm6300_frame_decoder.v:53$902: $auto$alumacc.cc:485:replace_alu$8015
  creating $alu cell for $flatten\u_parser.\u_decoder.$ge$/home/hiepthai/Desktop/uart-fifo-rfid-asic/rdm6300_asic_fpga_modular/rtl/rdm6300/rdm6300_frame_decoder.v:53$876: $auto$alumacc.cc:485:replace_alu$8024
  creating $alu cell for $flatten\u_parser.\u_decoder.$ge$/home/hiepthai/Desktop/uart-fifo-rfid-asic/rdm6300_asic_fpga_modular/rtl/rdm6300/rdm6300_frame_decoder.v:53$859: $auto$alumacc.cc:485:replace_alu$8033
  creating $alu cell for $flatten\u_parser.\u_decoder.$ge$/home/hiepthai/Desktop/uart-fifo-rfid-asic/rdm6300_asic_fpga_modular/rtl/rdm6300/rdm6300_frame_decoder.v:53$842: $auto$alumacc.cc:485:replace_alu$8042
  creating $alu cell for $flatten\u_parser.\u_decoder.$ge$/home/hiepthai/Desktop/uart-fifo-rfid-asic/rdm6300_asic_fpga_modular/rtl/rdm6300/rdm6300_frame_decoder.v:53$825: $auto$alumacc.cc:485:replace_alu$8051
  creating $alu cell for $flatten\u_parser.\u_decoder.$ge$/home/hiepthai/Desktop/uart-fifo-rfid-asic/rdm6300_asic_fpga_modular/rtl/rdm6300/rdm6300_frame_decoder.v:53$808: $auto$alumacc.cc:485:replace_alu$8060
  creating $alu cell for $flatten\u_parser.\u_decoder.$ge$/home/hiepthai/Desktop/uart-fifo-rfid-asic/rdm6300_asic_fpga_modular/rtl/rdm6300/rdm6300_frame_decoder.v:53$791: $auto$alumacc.cc:485:replace_alu$8069
  creating $alu cell for $flatten\u_parser.\u_decoder.$ge$/home/hiepthai/Desktop/uart-fifo-rfid-asic/rdm6300_asic_fpga_modular/rtl/rdm6300/rdm6300_frame_decoder.v:53$774: $auto$alumacc.cc:485:replace_alu$8078
  creating $alu cell for $flatten\u_parser.\u_decoder.$ge$/home/hiepthai/Desktop/uart-fifo-rfid-asic/rdm6300_asic_fpga_modular/rtl/rdm6300/rdm6300_frame_decoder.v:53$757: $auto$alumacc.cc:485:replace_alu$8087
  creating $alu cell for $flatten\u_parser.\u_decoder.$ge$/home/hiepthai/Desktop/uart-fifo-rfid-asic/rdm6300_asic_fpga_modular/rtl/rdm6300/rdm6300_frame_decoder.v:53$740: $auto$alumacc.cc:485:replace_alu$8096
  creating $alu cell for $flatten\u_parser.\u_decoder.$ge$/home/hiepthai/Desktop/uart-fifo-rfid-asic/rdm6300_asic_fpga_modular/rtl/rdm6300/rdm6300_frame_decoder.v:53$723: $auto$alumacc.cc:485:replace_alu$8105
  creating $alu cell for $flatten\u_parser.\u_decoder.$ge$/home/hiepthai/Desktop/uart-fifo-rfid-asic/rdm6300_asic_fpga_modular/rtl/rdm6300/rdm6300_frame_decoder.v:53$706: $auto$alumacc.cc:485:replace_alu$8114
  creating $alu cell for $flatten\u_parser.\u_decoder.$ge$/home/hiepthai/Desktop/uart-fifo-rfid-asic/rdm6300_asic_fpga_modular/rtl/rdm6300/rdm6300_frame_decoder.v:53$689: $auto$alumacc.cc:485:replace_alu$8123
  creating $alu cell for $flatten\u_parser.\u_decoder.$ge$/home/hiepthai/Desktop/uart-fifo-rfid-asic/rdm6300_asic_fpga_modular/rtl/rdm6300/rdm6300_frame_decoder.v:51$896: $auto$alumacc.cc:485:replace_alu$8132
  creating $alu cell for $flatten\u_parser.\u_decoder.$ge$/home/hiepthai/Desktop/uart-fifo-rfid-asic/rdm6300_asic_fpga_modular/rtl/rdm6300/rdm6300_frame_decoder.v:51$870: $auto$alumacc.cc:485:replace_alu$8141
  creating $alu cell for $flatten\u_parser.\u_decoder.$ge$/home/hiepthai/Desktop/uart-fifo-rfid-asic/rdm6300_asic_fpga_modular/rtl/rdm6300/rdm6300_frame_decoder.v:51$853: $auto$alumacc.cc:485:replace_alu$8150
  creating $alu cell for $flatten\u_parser.\u_decoder.$ge$/home/hiepthai/Desktop/uart-fifo-rfid-asic/rdm6300_asic_fpga_modular/rtl/rdm6300/rdm6300_frame_decoder.v:51$836: $auto$alumacc.cc:485:replace_alu$8159
  creating $alu cell for $flatten\u_parser.\u_decoder.$ge$/home/hiepthai/Desktop/uart-fifo-rfid-asic/rdm6300_asic_fpga_modular/rtl/rdm6300/rdm6300_frame_decoder.v:51$819: $auto$alumacc.cc:485:replace_alu$8168
  creating $alu cell for $flatten\u_parser.\u_decoder.$ge$/home/hiepthai/Desktop/uart-fifo-rfid-asic/rdm6300_asic_fpga_modular/rtl/rdm6300/rdm6300_frame_decoder.v:51$802: $auto$alumacc.cc:485:replace_alu$8177
  creating $alu cell for $flatten\u_parser.\u_decoder.$ge$/home/hiepthai/Desktop/uart-fifo-rfid-asic/rdm6300_asic_fpga_modular/rtl/rdm6300/rdm6300_frame_decoder.v:51$785: $auto$alumacc.cc:485:replace_alu$8186
  creating $alu cell for $flatten\u_parser.\u_decoder.$ge$/home/hiepthai/Desktop/uart-fifo-rfid-asic/rdm6300_asic_fpga_modular/rtl/rdm6300/rdm6300_frame_decoder.v:51$768: $auto$alumacc.cc:485:replace_alu$8195
  creating $alu cell for $flatten\u_parser.\u_decoder.$ge$/home/hiepthai/Desktop/uart-fifo-rfid-asic/rdm6300_asic_fpga_modular/rtl/rdm6300/rdm6300_frame_decoder.v:51$751: $auto$alumacc.cc:485:replace_alu$8204
  creating $alu cell for $flatten\u_parser.\u_decoder.$ge$/home/hiepthai/Desktop/uart-fifo-rfid-asic/rdm6300_asic_fpga_modular/rtl/rdm6300/rdm6300_frame_decoder.v:51$734: $auto$alumacc.cc:485:replace_alu$8213
  creating $alu cell for $flatten\u_parser.\u_decoder.$ge$/home/hiepthai/Desktop/uart-fifo-rfid-asic/rdm6300_asic_fpga_modular/rtl/rdm6300/rdm6300_frame_decoder.v:51$717: $auto$alumacc.cc:485:replace_alu$8222
  creating $alu cell for $flatten\u_parser.\u_decoder.$ge$/home/hiepthai/Desktop/uart-fifo-rfid-asic/rdm6300_asic_fpga_modular/rtl/rdm6300/rdm6300_frame_decoder.v:51$700: $auto$alumacc.cc:485:replace_alu$8231
  creating $alu cell for $flatten\u_parser.\u_decoder.$ge$/home/hiepthai/Desktop/uart-fifo-rfid-asic/rdm6300_asic_fpga_modular/rtl/rdm6300/rdm6300_frame_decoder.v:51$683: $auto$alumacc.cc:485:replace_alu$8240
  creating $alu cell for $flatten\u_parser.\u_decoder.$ge$/home/hiepthai/Desktop/uart-fifo-rfid-asic/rdm6300_asic_fpga_modular/rtl/rdm6300/rdm6300_frame_decoder.v:49$891: $auto$alumacc.cc:485:replace_alu$8249
  creating $alu cell for $flatten\u_parser.\u_decoder.$ge$/home/hiepthai/Desktop/uart-fifo-rfid-asic/rdm6300_asic_fpga_modular/rtl/rdm6300/rdm6300_frame_decoder.v:49$865: $auto$alumacc.cc:485:replace_alu$8258
  creating $alu cell for $flatten\u_parser.\u_decoder.$ge$/home/hiepthai/Desktop/uart-fifo-rfid-asic/rdm6300_asic_fpga_modular/rtl/rdm6300/rdm6300_frame_decoder.v:49$848: $auto$alumacc.cc:485:replace_alu$8267
  creating $alu cell for $flatten\u_parser.\u_decoder.$ge$/home/hiepthai/Desktop/uart-fifo-rfid-asic/rdm6300_asic_fpga_modular/rtl/rdm6300/rdm6300_frame_decoder.v:49$831: $auto$alumacc.cc:485:replace_alu$8276
  creating $alu cell for $flatten\u_parser.\u_decoder.$ge$/home/hiepthai/Desktop/uart-fifo-rfid-asic/rdm6300_asic_fpga_modular/rtl/rdm6300/rdm6300_frame_decoder.v:49$814: $auto$alumacc.cc:485:replace_alu$8285
  creating $alu cell for $flatten\u_parser.\u_decoder.$ge$/home/hiepthai/Desktop/uart-fifo-rfid-asic/rdm6300_asic_fpga_modular/rtl/rdm6300/rdm6300_frame_decoder.v:49$797: $auto$alumacc.cc:485:replace_alu$8294
  creating $alu cell for $flatten\u_parser.\u_decoder.$ge$/home/hiepthai/Desktop/uart-fifo-rfid-asic/rdm6300_asic_fpga_modular/rtl/rdm6300/rdm6300_frame_decoder.v:49$780: $auto$alumacc.cc:485:replace_alu$8303
  creating $alu cell for $flatten\u_parser.\u_decoder.$ge$/home/hiepthai/Desktop/uart-fifo-rfid-asic/rdm6300_asic_fpga_modular/rtl/rdm6300/rdm6300_frame_decoder.v:49$763: $auto$alumacc.cc:485:replace_alu$8312
  creating $alu cell for $flatten\u_parser.\u_decoder.$ge$/home/hiepthai/Desktop/uart-fifo-rfid-asic/rdm6300_asic_fpga_modular/rtl/rdm6300/rdm6300_frame_decoder.v:49$746: $auto$alumacc.cc:485:replace_alu$8321
  creating $alu cell for $flatten\u_parser.\u_decoder.$ge$/home/hiepthai/Desktop/uart-fifo-rfid-asic/rdm6300_asic_fpga_modular/rtl/rdm6300/rdm6300_frame_decoder.v:49$729: $auto$alumacc.cc:485:replace_alu$8330
  creating $alu cell for $flatten\u_parser.\u_decoder.$ge$/home/hiepthai/Desktop/uart-fifo-rfid-asic/rdm6300_asic_fpga_modular/rtl/rdm6300/rdm6300_frame_decoder.v:49$712: $auto$alumacc.cc:485:replace_alu$8339
  creating $alu cell for $flatten\u_parser.\u_decoder.$ge$/home/hiepthai/Desktop/uart-fifo-rfid-asic/rdm6300_asic_fpga_modular/rtl/rdm6300/rdm6300_frame_decoder.v:49$695: $auto$alumacc.cc:485:replace_alu$8348
  creating $alu cell for $flatten\u_parser.\u_decoder.$ge$/home/hiepthai/Desktop/uart-fifo-rfid-asic/rdm6300_asic_fpga_modular/rtl/rdm6300/rdm6300_frame_decoder.v:49$678: $auto$alumacc.cc:485:replace_alu$8357
  creating $alu cell for $flatten\u_parser.\u_decoder.$ge$/home/hiepthai/Desktop/uart-fifo-rfid-asic/rdm6300_asic_fpga_modular/rtl/rdm6300/rdm6300_frame_decoder.v:161$913: $auto$alumacc.cc:485:replace_alu$8366
  creating $alu cell for $flatten\u_parser.\u_decoder.$ge$/home/hiepthai/Desktop/uart-fifo-rfid-asic/rdm6300_asic_fpga_modular/rtl/rdm6300/rdm6300_frame_decoder.v:144$908: $auto$alumacc.cc:485:replace_alu$8379
  creating $alu cell for $flatten\u_parser.\u_decoder.$ge$/home/hiepthai/Desktop/uart-fifo-rfid-asic/rdm6300_asic_fpga_modular/rtl/rdm6300/rdm6300_frame_decoder.v:139$886, $flatten\u_parser.\u_decoder.$ne$/home/hiepthai/Desktop/uart-fifo-rfid-asic/rdm6300_asic_fpga_modular/rtl/rdm6300/rdm6300_frame_decoder.v:114$653: $auto$alumacc.cc:485:replace_alu$8388
  creating $alu cell for $flatten\u_parser.\u_decoder.$add$/home/hiepthai/Desktop/uart-fifo-rfid-asic/rdm6300_asic_fpga_modular/rtl/rdm6300/rdm6300_frame_decoder.v:150$911: $auto$alumacc.cc:485:replace_alu$8403
  creating $alu cell for $flatten\u_parser.\u_decoder.$add$/home/hiepthai/Desktop/uart-fifo-rfid-asic/rdm6300_asic_fpga_modular/rtl/rdm6300/rdm6300_frame_decoder.v:167$914: $auto$alumacc.cc:485:replace_alu$8406
  creating $alu cell for $flatten\u_parser.\u_decoder.$sub$/home/hiepthai/Desktop/uart-fifo-rfid-asic/rdm6300_asic_fpga_modular/rtl/rdm6300/rdm6300_frame_decoder.v:50$682: $auto$alumacc.cc:485:replace_alu$8409
  creating $alu cell for $flatten\u_parser.\u_decoder.$sub$/home/hiepthai/Desktop/uart-fifo-rfid-asic/rdm6300_asic_fpga_modular/rtl/rdm6300/rdm6300_frame_decoder.v:50$699: $auto$alumacc.cc:485:replace_alu$8412
  creating $alu cell for $flatten\u_parser.\u_decoder.$sub$/home/hiepthai/Desktop/uart-fifo-rfid-asic/rdm6300_asic_fpga_modular/rtl/rdm6300/rdm6300_frame_decoder.v:50$716: $auto$alumacc.cc:485:replace_alu$8415
  creating $alu cell for $flatten\u_parser.\u_decoder.$sub$/home/hiepthai/Desktop/uart-fifo-rfid-asic/rdm6300_asic_fpga_modular/rtl/rdm6300/rdm6300_frame_decoder.v:50$733: $auto$alumacc.cc:485:replace_alu$8418
  creating $alu cell for $flatten\u_parser.\u_decoder.$sub$/home/hiepthai/Desktop/uart-fifo-rfid-asic/rdm6300_asic_fpga_modular/rtl/rdm6300/rdm6300_frame_decoder.v:50$750: $auto$alumacc.cc:485:replace_alu$8421
  creating $alu cell for $flatten\u_parser.\u_decoder.$sub$/home/hiepthai/Desktop/uart-fifo-rfid-asic/rdm6300_asic_fpga_modular/rtl/rdm6300/rdm6300_frame_decoder.v:50$767: $auto$alumacc.cc:485:replace_alu$8424
  creating $alu cell for $flatten\u_parser.\u_decoder.$sub$/home/hiepthai/Desktop/uart-fifo-rfid-asic/rdm6300_asic_fpga_modular/rtl/rdm6300/rdm6300_frame_decoder.v:50$784: $auto$alumacc.cc:485:replace_alu$8427
  creating $alu cell for $flatten\u_parser.\u_decoder.$sub$/home/hiepthai/Desktop/uart-fifo-rfid-asic/rdm6300_asic_fpga_modular/rtl/rdm6300/rdm6300_frame_decoder.v:50$801: $auto$alumacc.cc:485:replace_alu$8430
  creating $alu cell for $flatten\u_parser.\u_decoder.$sub$/home/hiepthai/Desktop/uart-fifo-rfid-asic/rdm6300_asic_fpga_modular/rtl/rdm6300/rdm6300_frame_decoder.v:50$818: $auto$alumacc.cc:485:replace_alu$8433
  creating $alu cell for $flatten\u_parser.\u_decoder.$sub$/home/hiepthai/Desktop/uart-fifo-rfid-asic/rdm6300_asic_fpga_modular/rtl/rdm6300/rdm6300_frame_decoder.v:50$835: $auto$alumacc.cc:485:replace_alu$8436
  creating $alu cell for $flatten\u_parser.\u_decoder.$sub$/home/hiepthai/Desktop/uart-fifo-rfid-asic/rdm6300_asic_fpga_modular/rtl/rdm6300/rdm6300_frame_decoder.v:50$852: $auto$alumacc.cc:485:replace_alu$8439
  creating $alu cell for $flatten\u_parser.\u_decoder.$sub$/home/hiepthai/Desktop/uart-fifo-rfid-asic/rdm6300_asic_fpga_modular/rtl/rdm6300/rdm6300_frame_decoder.v:50$869: $auto$alumacc.cc:485:replace_alu$8442
  creating $alu cell for $flatten\u_parser.\u_decoder.$sub$/home/hiepthai/Desktop/uart-fifo-rfid-asic/rdm6300_asic_fpga_modular/rtl/rdm6300/rdm6300_frame_decoder.v:50$895: $auto$alumacc.cc:485:replace_alu$8445
  creating $alu cell for $flatten\u_uart_tx.$add$/home/hiepthai/Desktop/uart-fifo-rfid-asic/rdm6300_asic_fpga_modular/rtl/uart/uart_tx.v:75$15: $auto$alumacc.cc:485:replace_alu$8448
  creating $alu cell for $flatten\u_uart_tx.$add$/home/hiepthai/Desktop/uart-fifo-rfid-asic/rdm6300_asic_fpga_modular/rtl/uart/uart_tx.v:59$10: $auto$alumacc.cc:485:replace_alu$8451
  creating $alu cell for $flatten\u_uart_rx.$neg$/home/hiepthai/Desktop/uart-fifo-rfid-asic/rdm6300_asic_fpga_modular/rtl/uart/uart_rx.v:0$105: $auto$alumacc.cc:485:replace_alu$8454
  creating $alu cell for $flatten\u_uart_rx.$add$/home/hiepthai/Desktop/uart-fifo-rfid-asic/rdm6300_asic_fpga_modular/rtl/uart/uart_rx.v:56$79: $auto$alumacc.cc:485:replace_alu$8457
  creating $alu cell for $flatten\u_uart_rx.$add$/home/hiepthai/Desktop/uart-fifo-rfid-asic/rdm6300_asic_fpga_modular/rtl/uart/uart_rx.v:130$114: $auto$alumacc.cc:485:replace_alu$8460
  creating $alu cell for $flatten\u_uart_rx.$add$/home/hiepthai/Desktop/uart-fifo-rfid-asic/rdm6300_asic_fpga_modular/rtl/uart/uart_rx.v:120$101: $auto$alumacc.cc:485:replace_alu$8463
  creating $alu cell for $flatten\u_uart_rx.$add$/home/hiepthai/Desktop/uart-fifo-rfid-asic/rdm6300_asic_fpga_modular/rtl/uart/uart_rx.v:112$97: $auto$alumacc.cc:485:replace_alu$8466
  creating $alu cell for $flatten\u_uart_rx.$add$/home/hiepthai/Desktop/uart-fifo-rfid-asic/rdm6300_asic_fpga_modular/rtl/uart/uart_rx.v:109$96: $auto$alumacc.cc:485:replace_alu$8469
  creating $alu cell for $flatten\u_tx_fifo.$sub$/home/hiepthai/Desktop/uart-fifo-rfid-asic/rdm6300_asic_fpga_modular/rtl/fifo/tx_fifo.v:61$42: $auto$alumacc.cc:485:replace_alu$8472
  creating $alu cell for $flatten\u_tx_fifo.$add$/home/hiepthai/Desktop/uart-fifo-rfid-asic/rdm6300_asic_fpga_modular/rtl/fifo/tx_fifo.v:60$41: $auto$alumacc.cc:485:replace_alu$8475
  creating $alu cell for $flatten\u_tx_fifo.$add$/home/hiepthai/Desktop/uart-fifo-rfid-asic/rdm6300_asic_fpga_modular/rtl/fifo/tx_fifo.v:57$40: $auto$alumacc.cc:485:replace_alu$8478
  creating $alu cell for $flatten\u_tx_fifo.$add$/home/hiepthai/Desktop/uart-fifo-rfid-asic/rdm6300_asic_fpga_modular/rtl/fifo/tx_fifo.v:54$39: $auto$alumacc.cc:485:replace_alu$8481
  creating $alu cell for $flatten\u_rx_fifo.$sub$/home/hiepthai/Desktop/uart-fifo-rfid-asic/rdm6300_asic_fpga_modular/rtl/fifo/rx_fifo.v:61$67: $auto$alumacc.cc:485:replace_alu$8484
  creating $alu cell for $flatten\u_rx_fifo.$add$/home/hiepthai/Desktop/uart-fifo-rfid-asic/rdm6300_asic_fpga_modular/rtl/fifo/rx_fifo.v:60$66: $auto$alumacc.cc:485:replace_alu$8487
  creating $alu cell for $flatten\u_rx_fifo.$add$/home/hiepthai/Desktop/uart-fifo-rfid-asic/rdm6300_asic_fpga_modular/rtl/fifo/rx_fifo.v:57$65: $auto$alumacc.cc:485:replace_alu$8490
  creating $alu cell for $flatten\u_rx_fifo.$add$/home/hiepthai/Desktop/uart-fifo-rfid-asic/rdm6300_asic_fpga_modular/rtl/fifo/rx_fifo.v:54$64: $auto$alumacc.cc:485:replace_alu$8493
  creating $alu cell for $flatten\u_parser.\u_packet_encoder.$add$/home/hiepthai/Desktop/uart-fifo-rfid-asic/rdm6300_asic_fpga_modular/rtl/app/card_packet_encoder.v:81$434: $auto$alumacc.cc:485:replace_alu$8496
  created 117 $alu and 26 $macc cells.

81. Executing SHARE pass (SAT-based resource sharing).

82. Executing OPT_EXPR pass (perform const folding).
Optimizing module top_basys3_rdm6300.
<suppressed ~30 debug messages>

83. Executing OPT_MERGE pass (detect identical cells).
Finding identical cells in module `\top_basys3_rdm6300'.
<suppressed ~78 debug messages>
Removed a total of 26 cells.

84. Executing OPT_MUXTREE pass (detect dead branches in mux trees).
Running muxtree optimizer on module \top_basys3_rdm6300..
  Creating internal representation of mux trees.
  Evaluating internal representation of mux trees.
  Analyzing evaluation results.
Removed 0 multiplexer ports.
<suppressed ~77 debug messages>

85. Executing OPT_REDUCE pass (consolidate $*mux and $reduce_* inputs).
  Optimizing cells in module \top_basys3_rdm6300.
    New input vector for $reduce_and cell $auto$opt_dff.cc:220:make_patterns_logic$7235: { $auto$alumacc.cc:501:replace_alu$8389 $auto$rtlil.cc:2493:Not$7051 $auto$rtlil.cc:2493:Not$7049 $auto$rtlil.cc:2493:Not$7047 \u_parser.u_decoder.state [2] $flatten\u_parser.\u_decoder.$eq$/home/hiepthai/Desktop/uart-fifo-rfid-asic/rdm6300_asic_fpga_modular/rtl/rdm6300/rdm6300_frame_decoder.v:113$624_Y }
  Optimizing cells in module \top_basys3_rdm6300.
Performed a total of 1 changes.

86. Executing OPT_MERGE pass (detect identical cells).
Finding identical cells in module `\top_basys3_rdm6300'.
Removed a total of 0 cells.

87. Executing OPT_DFF pass (perform DFF optimizations).

88. Executing OPT_CLEAN pass (remove unused cells and wires).
Finding unused cells or wires in module \top_basys3_rdm6300..
Removed 26 unused cells and 176 unused wires.
<suppressed ~39 debug messages>

89. Executing OPT_EXPR pass (perform const folding).
Optimizing module top_basys3_rdm6300.

90. Rerunning OPT passes. (Maybe there is more to do…)

91. Executing OPT_MUXTREE pass (detect dead branches in mux trees).
Running muxtree optimizer on module \top_basys3_rdm6300..
  Creating internal representation of mux trees.
  Evaluating internal representation of mux trees.
  Analyzing evaluation results.
Removed 0 multiplexer ports.
<suppressed ~77 debug messages>

92. Executing OPT_REDUCE pass (consolidate $*mux and $reduce_* inputs).
  Optimizing cells in module \top_basys3_rdm6300.
Performed a total of 0 changes.

93. Executing OPT_MERGE pass (detect identical cells).
Finding identical cells in module `\top_basys3_rdm6300'.
Removed a total of 0 cells.

94. Executing OPT_DFF pass (perform DFF optimizations).

95. Executing OPT_CLEAN pass (remove unused cells and wires).
Finding unused cells or wires in module \top_basys3_rdm6300..

96. Executing OPT_EXPR pass (perform const folding).
Optimizing module top_basys3_rdm6300.

97. Executing MEMORY pass.

97.1. Executing OPT_MEM pass (optimize memories).
Performed a total of 0 transformations.

97.2. Executing OPT_MEM_PRIORITY pass (removing unnecessary memory write priority relations).
Performed a total of 0 transformations.

97.3. Executing OPT_MEM_FEEDBACK pass (finding memory read-to-write feedback paths).
  Analyzing top_basys3_rdm6300.u_rx_fifo.mem write port 0.
  Analyzing top_basys3_rdm6300.u_tx_fifo.mem write port 0.

97.4. Executing MEMORY_BMUX2ROM pass (converting muxes to ROMs).

97.5. Executing MEMORY_DFF pass (merging $dff cells to $memrd).
Checking read port `\u_rx_fifo.mem'[0] in module `\top_basys3_rdm6300': no output FF found.
Checking read port `\u_tx_fifo.mem'[0] in module `\top_basys3_rdm6300': merging output FF to cell.
    Write port 0: non-transparent.
Checking read port address `\u_rx_fifo.mem'[0] in module `\top_basys3_rdm6300': address FF has async set and/or reset, not supported.

97.6. Executing OPT_CLEAN pass (remove unused cells and wires).
Finding unused cells or wires in module \top_basys3_rdm6300..
Removed 1 unused cells and 12 unused wires.
<suppressed ~6 debug messages>

97.7. Executing MEMORY_SHARE pass (consolidating $memrd/$memwr cells).

97.8. Executing OPT_MEM_WIDEN pass (optimize memories where all ports are wide).
Performed a total of 0 transformations.

97.9. Executing OPT_CLEAN pass (remove unused cells and wires).
Finding unused cells or wires in module \top_basys3_rdm6300..

97.10. Executing MEMORY_COLLECT pass (generating $mem cells).

98. Executing OPT_CLEAN pass (remove unused cells and wires).
Finding unused cells or wires in module \top_basys3_rdm6300..

99. Executing OPT_EXPR pass (perform const folding).
Optimizing module top_basys3_rdm6300.
<suppressed ~396 debug messages>

100. Executing OPT_MERGE pass (detect identical cells).
Finding identical cells in module `\top_basys3_rdm6300'.
<suppressed ~87 debug messages>
Removed a total of 29 cells.

101. Executing OPT_DFF pass (perform DFF optimizations).

102. Executing OPT_CLEAN pass (remove unused cells and wires).
Finding unused cells or wires in module \top_basys3_rdm6300..
Removed 19 unused cells and 228 unused wires.
<suppressed ~20 debug messages>

103. Executing MEMORY_MAP pass (converting memories to logic and flip-flops).
Mapping memory \u_rx_fifo.mem in module \top_basys3_rdm6300:
  created 16 $dff cells and 0 static cells of width 8.
  read interface: 0 $dff and 15 $mux cells.
  write interface: 16 write mux blocks.
Mapping memory \u_tx_fifo.mem in module \top_basys3_rdm6300:
  created 16 $dff cells and 0 static cells of width 8.
Extracted data FF from read port 0 of top_basys3_rdm6300.u_tx_fifo.mem: $\u_tx_fifo.mem$rdreg[0]
  read interface: 1 $dff and 15 $mux cells.
  write interface: 16 write mux blocks.

104. Executing OPT_EXPR pass (perform const folding).
Optimizing module top_basys3_rdm6300.
<suppressed ~17 debug messages>

105. Executing OPT_MERGE pass (detect identical cells).
Finding identical cells in module `\top_basys3_rdm6300'.
Removed a total of 0 cells.

106. Executing OPT_MUXTREE pass (detect dead branches in mux trees).
Running muxtree optimizer on module \top_basys3_rdm6300..
  Creating internal representation of mux trees.
  Evaluating internal representation of mux trees.
  Analyzing evaluation results.
Removed 0 multiplexer ports.
<suppressed ~104 debug messages>

107. Executing OPT_REDUCE pass (consolidate $*mux and $reduce_* inputs).
  Optimizing cells in module \top_basys3_rdm6300.
    New ctrl vector for $pmux cell $flatten\u_parser.\u_decoder.$procmux$5933: \u_parser.u_decoder.state [2]
    Consolidated identical input bits for $mux cell $flatten\u_uart_tx.$procmux$1352:
      Old ports: A=3'011, B=3'100, Y=$flatten\u_uart_tx.$procmux$1352_Y
      New ports: A=2'01, B=2'10, Y={ $flatten\u_uart_tx.$procmux$1352_Y [2] $flatten\u_uart_tx.$procmux$1352_Y [0] }
      New connections: $flatten\u_uart_tx.$procmux$1352_Y [1] = $flatten\u_uart_tx.$procmux$1352_Y [0]
    Consolidated identical input bits for $mux cell $flatten\u_uart_tx.$procmux$1360:
      Old ports: A=3'010, B={ 2'01 $auto$rtlil.cc:2496:ReduceAnd$7470 }, Y=$flatten\u_uart_tx.$procmux$1360_Y
      New ports: A=1'0, B=$auto$rtlil.cc:2496:ReduceAnd$7470, Y=$flatten\u_uart_tx.$procmux$1360_Y [0]
      New connections: $flatten\u_uart_tx.$procmux$1360_Y [2:1] = 2'01
  Optimizing cells in module \top_basys3_rdm6300.
Performed a total of 3 changes.

108. Executing OPT_MERGE pass (detect identical cells).
Finding identical cells in module `\top_basys3_rdm6300'.
<suppressed ~3 debug messages>
Removed a total of 1 cells.

109. Executing OPT_SHARE pass.
    Found cells that share an operand and can be merged by moving the $mux $flatten\u_rx_fifo.$procmux$1316 in front of them:
        $auto$alumacc.cc:485:replace_alu$8484
        $auto$alumacc.cc:485:replace_alu$8487

    Found cells that share an operand and can be merged by moving the $mux $flatten\u_tx_fifo.$procmux$1333 in front of them:
        $auto$alumacc.cc:485:replace_alu$8472
        $auto$alumacc.cc:485:replace_alu$8475

110. Executing OPT_DFF pass (perform DFF optimizations).

111. Executing OPT_CLEAN pass (remove unused cells and wires).
Finding unused cells or wires in module \top_basys3_rdm6300..
Removed 1 unused cells and 86 unused wires.
<suppressed ~2 debug messages>

112. Executing OPT_EXPR pass (perform const folding).
Optimizing module top_basys3_rdm6300.
<suppressed ~5 debug messages>

113. Rerunning OPT passes. (Maybe there is more to do…)

114. Executing OPT_MUXTREE pass (detect dead branches in mux trees).
Running muxtree optimizer on module \top_basys3_rdm6300..
  Creating internal representation of mux trees.
  Evaluating internal representation of mux trees.
  Analyzing evaluation results.
Removed 0 multiplexer ports.
<suppressed ~104 debug messages>

115. Executing OPT_REDUCE pass (consolidate $*mux and $reduce_* inputs).
  Optimizing cells in module \top_basys3_rdm6300.
    Consolidated identical input bits for $mux cell $auto$opt_share.cc:244:merge_operators$9207:
      Old ports: A=5'11111, B=5'00001, Y=$auto$rtlil.cc:2628:Mux$9208
      New ports: A=1'1, B=1'0, Y=$auto$rtlil.cc:2628:Mux$9208 [1]
      New connections: { $auto$rtlil.cc:2628:Mux$9208 [4:2] $auto$rtlil.cc:2628:Mux$9208 [0] } = { $auto$rtlil.cc:2628:Mux$9208 [1] $auto$rtlil.cc:2628:Mux$9208 [1] $auto$rtlil.cc:2628:Mux$9208 [1] 1'1 }
    Consolidated identical input bits for $mux cell $auto$opt_share.cc:244:merge_operators$9214:
      Old ports: A=5'11111, B=5'00001, Y=$auto$rtlil.cc:2628:Mux$9215
      New ports: A=1'1, B=1'0, Y=$auto$rtlil.cc:2628:Mux$9215 [1]
      New connections: { $auto$rtlil.cc:2628:Mux$9215 [4:2] $auto$rtlil.cc:2628:Mux$9215 [0] } = { $auto$rtlil.cc:2628:Mux$9215 [1] $auto$rtlil.cc:2628:Mux$9215 [1] $auto$rtlil.cc:2628:Mux$9215 [1] 1'1 }
  Optimizing cells in module \top_basys3_rdm6300.
Performed a total of 2 changes.

116. Executing OPT_MERGE pass (detect identical cells).
Finding identical cells in module `\top_basys3_rdm6300'.
Removed a total of 0 cells.

117. Executing OPT_SHARE pass.

118. Executing OPT_DFF pass (perform DFF optimizations).
Adding EN signal on $memory\u_tx_fifo.mem[9]$9017 ($dff) from module top_basys3_rdm6300 (D = \u_tx_fifo.in_data, Q = \u_tx_fifo.mem[9]).
Adding EN signal on $memory\u_tx_fifo.mem[8]$9015 ($dff) from module top_basys3_rdm6300 (D = \u_tx_fifo.in_data, Q = \u_tx_fifo.mem[8]).
Adding EN signal on $memory\u_tx_fifo.mem[7]$9013 ($dff) from module top_basys3_rdm6300 (D = \u_tx_fifo.in_data, Q = \u_tx_fifo.mem[7]).
Adding EN signal on $memory\u_tx_fifo.mem[6]$9011 ($dff) from module top_basys3_rdm6300 (D = \u_tx_fifo.in_data, Q = \u_tx_fifo.mem[6]).
Adding EN signal on $memory\u_tx_fifo.mem[5]$9009 ($dff) from module top_basys3_rdm6300 (D = \u_tx_fifo.in_data, Q = \u_tx_fifo.mem[5]).
Adding EN signal on $memory\u_tx_fifo.mem[4]$9007 ($dff) from module top_basys3_rdm6300 (D = \u_tx_fifo.in_data, Q = \u_tx_fifo.mem[4]).
Adding EN signal on $memory\u_tx_fifo.mem[3]$9005 ($dff) from module top_basys3_rdm6300 (D = \u_tx_fifo.in_data, Q = \u_tx_fifo.mem[3]).
Adding EN signal on $memory\u_tx_fifo.mem[2]$9003 ($dff) from module top_basys3_rdm6300 (D = \u_tx_fifo.in_data, Q = \u_tx_fifo.mem[2]).
Adding EN signal on $memory\u_tx_fifo.mem[1]$9001 ($dff) from module top_basys3_rdm6300 (D = \u_tx_fifo.in_data, Q = \u_tx_fifo.mem[1]).
Adding EN signal on $memory\u_tx_fifo.mem[15]$9029 ($dff) from module top_basys3_rdm6300 (D = \u_tx_fifo.in_data, Q = \u_tx_fifo.mem[15]).
Adding EN signal on $memory\u_tx_fifo.mem[14]$9027 ($dff) from module top_basys3_rdm6300 (D = \u_tx_fifo.in_data, Q = \u_tx_fifo.mem[14]).
Adding EN signal on $memory\u_tx_fifo.mem[13]$9025 ($dff) from module top_basys3_rdm6300 (D = \u_tx_fifo.in_data, Q = \u_tx_fifo.mem[13]).
Adding EN signal on $memory\u_tx_fifo.mem[12]$9023 ($dff) from module top_basys3_rdm6300 (D = \u_tx_fifo.in_data, Q = \u_tx_fifo.mem[12]).
Adding EN signal on $memory\u_tx_fifo.mem[11]$9021 ($dff) from module top_basys3_rdm6300 (D = \u_tx_fifo.in_data, Q = \u_tx_fifo.mem[11]).
Adding EN signal on $memory\u_tx_fifo.mem[10]$9019 ($dff) from module top_basys3_rdm6300 (D = \u_tx_fifo.in_data, Q = \u_tx_fifo.mem[10]).
Adding EN signal on $memory\u_tx_fifo.mem[0]$8999 ($dff) from module top_basys3_rdm6300 (D = \u_tx_fifo.in_data, Q = \u_tx_fifo.mem[0]).
Adding EN signal on $memory\u_rx_fifo.mem[9]$8812 ($dff) from module top_basys3_rdm6300 (D = \u_uart_rx.rx_byte, Q = \u_rx_fifo.mem[9]).
Adding EN signal on $memory\u_rx_fifo.mem[8]$8810 ($dff) from module top_basys3_rdm6300 (D = \u_uart_rx.rx_byte, Q = \u_rx_fifo.mem[8]).
Adding EN signal on $memory\u_rx_fifo.mem[7]$8808 ($dff) from module top_basys3_rdm6300 (D = \u_uart_rx.rx_byte, Q = \u_rx_fifo.mem[7]).
Adding EN signal on $memory\u_rx_fifo.mem[6]$8806 ($dff) from module top_basys3_rdm6300 (D = \u_uart_rx.rx_byte, Q = \u_rx_fifo.mem[6]).
Adding EN signal on $memory\u_rx_fifo.mem[5]$8804 ($dff) from module top_basys3_rdm6300 (D = \u_uart_rx.rx_byte, Q = \u_rx_fifo.mem[5]).
Adding EN signal on $memory\u_rx_fifo.mem[4]$8802 ($dff) from module top_basys3_rdm6300 (D = \u_uart_rx.rx_byte, Q = \u_rx_fifo.mem[4]).
Adding EN signal on $memory\u_rx_fifo.mem[3]$8800 ($dff) from module top_basys3_rdm6300 (D = \u_uart_rx.rx_byte, Q = \u_rx_fifo.mem[3]).
Adding EN signal on $memory\u_rx_fifo.mem[2]$8798 ($dff) from module top_basys3_rdm6300 (D = \u_uart_rx.rx_byte, Q = \u_rx_fifo.mem[2]).
Adding EN signal on $memory\u_rx_fifo.mem[1]$8796 ($dff) from module top_basys3_rdm6300 (D = \u_uart_rx.rx_byte, Q = \u_rx_fifo.mem[1]).
Adding EN signal on $memory\u_rx_fifo.mem[15]$8824 ($dff) from module top_basys3_rdm6300 (D = \u_uart_rx.rx_byte, Q = \u_rx_fifo.mem[15]).
Adding EN signal on $memory\u_rx_fifo.mem[14]$8822 ($dff) from module top_basys3_rdm6300 (D = \u_uart_rx.rx_byte, Q = \u_rx_fifo.mem[14]).
Adding EN signal on $memory\u_rx_fifo.mem[13]$8820 ($dff) from module top_basys3_rdm6300 (D = \u_uart_rx.rx_byte, Q = \u_rx_fifo.mem[13]).
Adding EN signal on $memory\u_rx_fifo.mem[12]$8818 ($dff) from module top_basys3_rdm6300 (D = \u_uart_rx.rx_byte, Q = \u_rx_fifo.mem[12]).
Adding EN signal on $memory\u_rx_fifo.mem[11]$8816 ($dff) from module top_basys3_rdm6300 (D = \u_uart_rx.rx_byte, Q = \u_rx_fifo.mem[11]).
Adding EN signal on $memory\u_rx_fifo.mem[10]$8814 ($dff) from module top_basys3_rdm6300 (D = \u_uart_rx.rx_byte, Q = \u_rx_fifo.mem[10]).
Adding EN signal on $memory\u_rx_fifo.mem[0]$8794 ($dff) from module top_basys3_rdm6300 (D = \u_uart_rx.rx_byte, Q = \u_rx_fifo.mem[0]).

119. Executing OPT_CLEAN pass (remove unused cells and wires).
Finding unused cells or wires in module \top_basys3_rdm6300..
Removed 32 unused cells and 36 unused wires.
<suppressed ~33 debug messages>

120. Executing OPT_EXPR pass (perform const folding).
Optimizing module top_basys3_rdm6300.
<suppressed ~2 debug messages>

121. Rerunning OPT passes. (Maybe there is more to do…)

122. Executing OPT_MUXTREE pass (detect dead branches in mux trees).
Running muxtree optimizer on module \top_basys3_rdm6300..
  Creating internal representation of mux trees.
  Evaluating internal representation of mux trees.
  Analyzing evaluation results.
Removed 0 multiplexer ports.
<suppressed ~70 debug messages>

123. Executing OPT_REDUCE pass (consolidate $*mux and $reduce_* inputs).
  Optimizing cells in module \top_basys3_rdm6300.
Performed a total of 0 changes.

124. Executing OPT_MERGE pass (detect identical cells).
Finding identical cells in module `\top_basys3_rdm6300'.
Removed a total of 0 cells.

125. Executing OPT_SHARE pass.

126. Executing OPT_DFF pass (perform DFF optimizations).

127. Executing OPT_CLEAN pass (remove unused cells and wires).
Finding unused cells or wires in module \top_basys3_rdm6300..

128. Executing OPT_EXPR pass (perform const folding).
Optimizing module top_basys3_rdm6300.

129. Executing TECHMAP pass (map to technology primitives).

129.1. Executing Verilog-2005 frontend: /nix/store/9r0bh7sp051dpm8km8bqlb028anpd3v3-yosys/bin/../share/yosys/techmap.v
Parsing Verilog input from `/nix/store/9r0bh7sp051dpm8km8bqlb028anpd3v3-yosys/bin/../share/yosys/techmap.v' to AST representation.
Generating RTLIL representation for module `\_90_simplemap_bool_ops'.
Generating RTLIL representation for module `\_90_simplemap_reduce_ops'.
Generating RTLIL representation for module `\_90_simplemap_logic_ops'.
Generating RTLIL representation for module `\_90_simplemap_compare_ops'.
Generating RTLIL representation for module `\_90_simplemap_various'.
Generating RTLIL representation for module `\_90_simplemap_registers'.
Generating RTLIL representation for module `\_90_shift_ops_shr_shl_sshl_sshr'.
Generating RTLIL representation for module `\_90_shift_shiftx'.
Generating RTLIL representation for module `\_90_fa'.
Generating RTLIL representation for module `\_90_lcu_brent_kung'.
Generating RTLIL representation for module `\_90_alu'.
Generating RTLIL representation for module `\_90_macc'.
Generating RTLIL representation for module `\_90_alumacc'.
Generating RTLIL representation for module `\$__div_mod_u'.
Generating RTLIL representation for module `\$__div_mod_trunc'.
Generating RTLIL representation for module `\_90_div'.
Generating RTLIL representation for module `\_90_mod'.
Generating RTLIL representation for module `\$__div_mod_floor'.
Generating RTLIL representation for module `\_90_divfloor'.
Generating RTLIL representation for module `\_90_modfloor'.
Generating RTLIL representation for module `\_90_pow'.
Generating RTLIL representation for module `\_90_pmux'.
Generating RTLIL representation for module `\_90_demux'.
Generating RTLIL representation for module `\_90_lut'.
Successfully finished Verilog frontend.

129.2. Continuing TECHMAP pass.
Using extmapper simplemap for cells of type $mux.
Using extmapper simplemap for cells of type $dffe.
Using extmapper simplemap for cells of type $not.
Using extmapper simplemap for cells of type $reduce_and.
Using extmapper simplemap for cells of type $or.
Using extmapper simplemap for cells of type $dff.
Using extmapper simplemap for cells of type $adff.
Using extmapper simplemap for cells of type $and.
Using extmapper simplemap for cells of type $logic_not.
Using extmapper simplemap for cells of type $eq.
Using extmapper simplemap for cells of type $reduce_or.
Using extmapper simplemap for cells of type $ne.
Using extmapper simplemap for cells of type $adffe.
Using template $paramod$175e67c02b86e96b1288b9dc100122520d7240d8\_90_alu for cells of type $alu.
Using template $paramod$025d767fc934a3e7d59a671de523743ebaa07759\_90_alu for cells of type $alu.
Using template $paramod$constmap:9d7c541a436e2c9bb59914d3a53cc61c099f37b0$paramod$40ccfd5a7f1418017a9af25543d0c43a198b5946\_90_shift_shiftx for cells of type $shift.
Analyzing pattern of constant bits for this cell:
  Constant input on bit 0 of port A: 1'1
Creating constmapped module `$paramod$constmap:82d13b1faa4b21cb1487e5b4ddefba1164cb15a1$paramod$40ccfd5a7f1418017a9af25543d0c43a198b5946\_90_shift_shiftx'.

129.12. Executing OPT_MUXTREE pass (detect dead branches in mux trees).
Running muxtree optimizer on module $paramod$constmap:82d13b1faa4b21cb1487e5b4ddefba1164cb15a1$paramod$40ccfd5a7f1418017a9af25543d0c43a198b5946\_90_shift_shiftx..
  Creating internal representation of mux trees.
  Evaluating internal representation of mux trees.
  Analyzing evaluation results.
    dead port 2/2 on $mux $procmux$9875.
    dead port 2/2 on $mux $procmux$9869.
    dead port 2/2 on $mux $procmux$9863.
Removed 3 multiplexer ports.
<suppressed ~353 debug messages>

129.13. Executing OPT_EXPR pass (perform const folding).
Optimizing module $paramod$constmap:82d13b1faa4b21cb1487e5b4ddefba1164cb15a1$paramod$40ccfd5a7f1418017a9af25543d0c43a198b5946\_90_shift_shiftx.
<suppressed ~2 debug messages>
Removed 0 unused cells and 9 unused wires.
Using template $paramod$constmap:82d13b1faa4b21cb1487e5b4ddefba1164cb15a1$paramod$40ccfd5a7f1418017a9af25543d0c43a198b5946\_90_shift_shiftx for cells of type $shift.
Using template $paramod$79aa992f2eb7f354d4aaf651790713cf239111fa\_90_alu for cells of type $alu.
Using template $paramod$2af30114e9bd4ccb04dad757b3f0a8f6bf0615b0\_90_alu for cells of type $alu.
Using extmapper simplemap for cells of type $logic_and.
Using template $paramod$672a140277c71df8314410f22acc08d55222c3c7\_90_alu for cells of type $alu.
Using template $paramod$b18e16801adf491a64caa0542270798e5d4ac6b6\_90_alu for cells of type $alu.
Using template $paramod$dfca81329cbbac01700318224209a5f2318c7128\_90_alu for cells of type $alu.
Using template $paramod$3ef7d3dd227da7627a99c5e5a6a4deb817573e39\_90_alu for cells of type $alu.
Using template $paramod$7e708ae28ab761f11d0fb59d3ffc72f6a4baf5d9\_90_alu for cells of type $alu.
Using extmapper simplemap for cells of type $logic_or.
Using template $paramod$32a7b7b86c07519b7537abc18e96f0331f97914d\_90_alu for cells of type $alu.
Using extmapper simplemap for cells of type $reduce_bool.
Using extmapper simplemap for cells of type $xor.
Using template $paramod$900ee9ce5f792c04191505d792b35e9409e3f142\_90_pmux for cells of type $pmux.
Using template $paramod$4e6ee5eb737cf7428f8e246e911ae1dac9ae2979\_90_alu for cells of type $alu.
Using template $paramod$c4905825bb8ecc38b98eb4167e8b007447af7884\_90_alu for cells of type $alu.
Using template $paramod$150d098cb9cca1819459bc5073194c8c53d2862d\_90_alu for cells of type $alu.
Using template $paramod$d0e4c797aa680bb54c964a262954ce9f5bfee2c5\_90_alu for cells of type $alu.
Using extmapper maccmap for cells of type $macc.
  add \u_parser.u_decoder.byte_data [4:0] (5 bits, unsigned)
  add 5'01001 (5 bits, unsigned)
  add \u_parser.u_decoder.ascii_buf[0] [3:0] (4 bits, unsigned)
  add 4'1001 (4 bits, unsigned)
  add \u_parser.u_decoder.ascii_buf[1] [3:0] (4 bits, unsigned)
  add 4'1001 (4 bits, unsigned)
  add \u_parser.u_decoder.ascii_buf[2] [3:0] (4 bits, unsigned)
  add 4'1001 (4 bits, unsigned)
  add \u_parser.u_decoder.ascii_buf[3] [3:0] (4 bits, unsigned)
  add 4'1001 (4 bits, unsigned)
  add \u_parser.u_decoder.ascii_buf[4] [3:0] (4 bits, unsigned)
  add 4'1001 (4 bits, unsigned)
  add \u_parser.u_decoder.ascii_buf[5] [3:0] (4 bits, unsigned)
  add 4'1001 (4 bits, unsigned)
  add \u_parser.u_decoder.ascii_buf[6] [3:0] (4 bits, unsigned)
  add 4'1001 (4 bits, unsigned)
  add \u_parser.u_decoder.ascii_buf[7] [3:0] (4 bits, unsigned)
  add 4'1001 (4 bits, unsigned)
  add \u_parser.u_decoder.ascii_buf[8] [3:0] (4 bits, unsigned)
  add 4'1001 (4 bits, unsigned)
  add \u_parser.u_decoder.ascii_buf[9] [3:0] (4 bits, unsigned)
  add 4'1001 (4 bits, unsigned)
Using template $paramod$fc972a7a46956c1788f3cb5257b53c8f1df2d0cc\_90_alu for cells of type $alu.
  add \u_parser.u_decoder.ascii_buf[10] [3:0] (4 bits, unsigned)
  add 4'1001 (4 bits, unsigned)
  add \u_parser.u_decoder.ascii_buf[11] [3:0] (4 bits, unsigned)
  add 4'1001 (4 bits, unsigned)
Using template $paramod$20b1d0597707d55efcb9664e40f63985956d7680\_90_alu for cells of type $alu.
Using template $paramod$constmap:ee5af906ae0d3d414c6a0471604c553ef70c8e09$paramod$92adee9538f2381d8e5006822c900eb986d754e8\_90_shift_shiftx for cells of type $shiftx.
Using template $paramod$c5c783b17ab1d780abfad8cfe6563a0a7b47a3b0\_90_pmux for cells of type $pmux.
Using template $paramod$d31bf4d7d72e59528d18fbd4f322e9d608532043\_90_pmux for cells of type $pmux.
Using template $paramod$2ed8280b262e219c036a1de1b95189a8901efa7b\_90_alu for cells of type $alu.
Using template $paramod$ccf618b5fd4f262bca458b414af9b48a9c2c8c60\_90_alu for cells of type $alu.
Using extmapper simplemap for cells of type $pos.
Using template $paramod\_90_lcu_brent_kung\WIDTH=32'00000000000000000000000000011000 for cells of type $lcu.
Using template $paramod\_90_lcu_brent_kung\WIDTH=32'00000000000000000000000000010000 for cells of type $lcu.
Using template $paramod\_90_lcu_brent_kung\WIDTH=32'00000000000000000000000000000101 for cells of type $lcu.
Using template $paramod\_90_lcu_brent_kung\WIDTH=32'00000000000000000000000000000100 for cells of type $lcu.
Using template $paramod\_90_lcu_brent_kung\WIDTH=32'00000000000000000000000000001000 for cells of type $lcu.
Using template $paramod\_90_lcu_brent_kung\WIDTH=32'00000000000000000000000000000111 for cells of type $lcu.
Using template $paramod\_90_lcu_brent_kung\WIDTH=32'00000000000000000000000000010011 for cells of type $lcu.
Using template $paramod\_90_lcu_brent_kung\WIDTH=32'00000000000000000000000000000010 for cells of type $lcu.
Using template $paramod\_90_lcu_brent_kung\WIDTH=32'00000000000000000000000000000011 for cells of type $lcu.
Using template $paramod$740b056ede97228d3eae64ea2fdc81f0a33e0fe7\_90_alu for cells of type $alu.
Using template $paramod\_90_lcu_brent_kung\WIDTH=32'00000000000000000000000000000001 for cells of type $lcu.
No more expansions possible.
<suppressed ~6246 debug messages>

130. Executing OPT_EXPR pass (perform const folding).
Optimizing module top_basys3_rdm6300.
<suppressed ~4711 debug messages>

131. Executing OPT_MERGE pass (detect identical cells).
Finding identical cells in module `\top_basys3_rdm6300'.
<suppressed ~4995 debug messages>
Removed a total of 1665 cells.

132. Executing OPT_DFF pass (perform DFF optimizations).

133. Executing OPT_CLEAN pass (remove unused cells and wires).
Finding unused cells or wires in module \top_basys3_rdm6300..
Removed 942 unused cells and 5562 unused wires.
<suppressed ~948 debug messages>

134. Executing OPT_EXPR pass (perform const folding).
Optimizing module top_basys3_rdm6300.

135. Executing OPT_MERGE pass (detect identical cells).
Finding identical cells in module `\top_basys3_rdm6300'.
Removed a total of 0 cells.

136. Executing OPT_DFF pass (perform DFF optimizations).

137. Executing OPT_CLEAN pass (remove unused cells and wires).
Finding unused cells or wires in module \top_basys3_rdm6300..

138. Executing ABC pass (technology mapping using ABC).

138.1. Extracting gate netlist of module `\top_basys3_rdm6300' to `<abc-temp-dir>/input.blif'..
Extracted 3204 gates and 3816 wires to a netlist network with 610 inputs and 299 outputs.

138.1.1. Executing ABC.
Running ABC command: "/nix/store/6l3aj1gi4lja8z5s4lan2k2cfz9mqkrz-yosys-abc/bin/abc" -s -f <abc-temp-dir>/abc.script 2>&1
ABC: ABC command line: "source <abc-temp-dir>/abc.script".
ABC: 
ABC: + read_blif <abc-temp-dir>/input.blif 
ABC: + read_library <abc-temp-dir>/stdcells.genlib 
ABC: Entered genlib library with 13 gates from file "<abc-temp-dir>/stdcells.genlib".
ABC: + strash 
ABC: + dretime 
ABC: + map 
ABC: + write_blif <abc-temp-dir>/output.blif 

138.1.2. Re-integrating ABC results.
ABC RESULTS:               MUX cells:      359
ABC RESULTS:               AND cells:      146
ABC RESULTS:              XNOR cells:       78
ABC RESULTS:               XOR cells:      211
ABC RESULTS:               NOT cells:      110
ABC RESULTS:             ORNOT cells:      133
ABC RESULTS:              NAND cells:      182
ABC RESULTS:               NOR cells:      114
ABC RESULTS:            ANDNOT cells:      727
ABC RESULTS:                OR cells:      635
ABC RESULTS:        internal signals:     2907
ABC RESULTS:           input signals:      610
ABC RESULTS:          output signals:      299
Removing temp directory.

139. Executing OPT pass (performing simple optimizations).

139.1. Executing OPT_EXPR pass (perform const folding).
Optimizing module top_basys3_rdm6300.
<suppressed ~116 debug messages>

139.2. Executing OPT_MERGE pass (detect identical cells).
Finding identical cells in module `\top_basys3_rdm6300'.
<suppressed ~120 debug messages>
Removed a total of 40 cells.

139.3. Executing OPT_DFF pass (perform DFF optimizations).

139.4. Executing OPT_CLEAN pass (remove unused cells and wires).
Finding unused cells or wires in module \top_basys3_rdm6300..
Removed 5 unused cells and 2380 unused wires.
<suppressed ~35 debug messages>

139.5. Finished fast OPT passes.

140. Executing HIERARCHY pass (managing design hierarchy).

140.1. Analyzing design hierarchy..
Top module:  \top_basys3_rdm6300

140.2. Analyzing design hierarchy..
Top module:  \top_basys3_rdm6300
Removed 0 unused modules.

141. Executing CHECK pass (checking for obvious problems).
Checking module top_basys3_rdm6300...
Found and reported 0 problems.

142. Printing statistics.

=== top_basys3_rdm6300 ===

   Number of wires:               2744
   Number of wire bits:           3616
   Number of public wires:         139
   Number of public wire bits:     970
   Number of ports:                  3
   Number of port bits:              3
   Number of memories:               0
   Number of memory bits:            0
   Number of processes:              0
   Number of cells:               3322
     $_ANDNOT_                     727
     $_AND_                        122
     $_DFFE_PN0P_                  387
     $_DFFE_PN1P_                    1
     $_DFFE_PP_                    256
     $_DFF_PN0_                     12
     $_DFF_PN1_                      4
     $_DFF_P_                        4
     $_MUX_                        359
     $_NAND_                       167
     $_NOR_                        114
     $_NOT_                        105
     $_ORNOT_                      133
     $_OR_                         634
     $_XNOR_                        78
     $_XOR_                        211
     $scopeinfo                      8

143. Generating Graphviz representation of design.
Writing dot description to `/home/hiepthai/Desktop/uart-fifo-rfid-asic/rdm6300_asic_fpga_modular/runs/RUN_2026-08-25_11-50-18/06-yosys-synthesis/primitive_techmap.dot'.
Dumping module top_basys3_rdm6300 to page 1.

144. Executing OPT pass (performing simple optimizations).

144.1. Executing OPT_EXPR pass (perform const folding).
Optimizing module top_basys3_rdm6300.

144.2. Executing OPT_MERGE pass (detect identical cells).
Finding identical cells in module `\top_basys3_rdm6300'.
Removed a total of 0 cells.

144.3. Executing OPT_MUXTREE pass (detect dead branches in mux trees).
Running muxtree optimizer on module \top_basys3_rdm6300..
  Creating internal representation of mux trees.
  No muxes found in this module.
Removed 0 multiplexer ports.

144.4. Executing OPT_REDUCE pass (consolidate $*mux and $reduce_* inputs).
  Optimizing cells in module \top_basys3_rdm6300.
Performed a total of 0 changes.

144.5. Executing OPT_MERGE pass (detect identical cells).
Finding identical cells in module `\top_basys3_rdm6300'.
Removed a total of 0 cells.

144.6. Executing OPT_DFF pass (perform DFF optimizations).

144.7. Executing OPT_CLEAN pass (remove unused cells and wires).
Finding unused cells or wires in module \top_basys3_rdm6300..

144.8. Executing OPT_EXPR pass (perform const folding).
Optimizing module top_basys3_rdm6300.

144.9. Finished OPT passes. (There is nothing left to do.)

145. Executing OPT_CLEAN pass (remove unused cells and wires).
Finding unused cells or wires in module \top_basys3_rdm6300..
Removed 8 unused cells and 50 unused wires.
<suppressed ~58 debug messages>
{
   "creator": "Yosys 0.46 (git sha1 e97731b9dda91fa5fa53ed87df7c34163ba59a41, clang++ 17.0.6 -fPIC -O3)",
   "invocation": "stat -json -liberty /home/hiepthai/Desktop/uart-fifo-rfid-asic/rdm6300_asic_fpga_modular/runs/RUN_2026-08-25_11-50-18/tmp/b10707acc6914029a20b46cb82bfa844.lib ",
   "modules": {
      "\\top_basys3_rdm6300": {
         "num_wires":         2694,
         "num_wire_bits":     3333,
         "num_pub_wires":     89,
         "num_pub_wire_bits": 687,
         "num_ports":         3,
         "num_port_bits":     3,
         "num_memories":      0,
         "num_memory_bits":   0,
         "num_processes":     0,
         "num_cells":         3314,
         "num_cells_by_type": {
            "$_ANDNOT_": 727,
            "$_AND_": 122,
            "$_DFFE_PN0P_": 387,
            "$_DFFE_PN1P_": 1,
            "$_DFFE_PP_": 256,
            "$_DFF_PN0_": 12,
            "$_DFF_PN1_": 4,
            "$_DFF_P_": 4,
            "$_MUX_": 359,
            "$_NAND_": 167,
            "$_NOR_": 114,
            "$_NOT_": 105,
            "$_ORNOT_": 133,
            "$_OR_": 634,
            "$_XNOR_": 78,
            "$_XOR_": 211
         }
      }
   },
      "design": {
         "num_wires":         2694,
         "num_wire_bits":     3333,
         "num_pub_wires":     89,
         "num_pub_wire_bits": 687,
         "num_ports":         3,
         "num_port_bits":     3,
         "num_memories":      0,
         "num_memory_bits":   0,
         "num_processes":     0,
         "num_cells":         3314,
         "num_cells_by_type": {
            "$_ANDNOT_": 727,
            "$_AND_": 122,
            "$_DFFE_PN0P_": 387,
            "$_DFFE_PN1P_": 1,
            "$_DFFE_PP_": 256,
            "$_DFF_PN0_": 12,
            "$_DFF_PN1_": 4,
            "$_DFF_P_": 4,
            "$_MUX_": 359,
            "$_NAND_": 167,
            "$_NOR_": 114,
            "$_NOT_": 105,
            "$_ORNOT_": 133,
            "$_OR_": 634,
            "$_XNOR_": 78,
            "$_XOR_": 211
         }
      }
}

146. Printing statistics.

=== top_basys3_rdm6300 ===

   Number of wires:               2694
   Number of wire bits:           3333
   Number of public wires:          89
   Number of public wire bits:     687
   Number of ports:                  3
   Number of port bits:              3
   Number of memories:               0
   Number of memory bits:            0
   Number of processes:              0
   Number of cells:               3314
     $_ANDNOT_                     727
     $_AND_                        122
     $_DFFE_PN0P_                  387
     $_DFFE_PN1P_                    1
     $_DFFE_PP_                    256
     $_DFF_PN0_                     12
     $_DFF_PN1_                      4
     $_DFF_P_                        4
     $_MUX_                        359
     $_NAND_                       167
     $_NOR_                        114
     $_NOT_                        105
     $_ORNOT_                      133
     $_OR_                         634
     $_XNOR_                        78
     $_XOR_                        211

   Area for cell type $_NOT_ is unknown!
   Area for cell type $_AND_ is unknown!
   Area for cell type $_NAND_ is unknown!
   Area for cell type $_OR_ is unknown!
   Area for cell type $_NOR_ is unknown!
   Area for cell type $_XOR_ is unknown!
   Area for cell type $_XNOR_ is unknown!
   Area for cell type $_ANDNOT_ is unknown!
   Area for cell type $_ORNOT_ is unknown!
   Area for cell type $_MUX_ is unknown!
   Area for cell type $_DFF_P_ is unknown!
   Area for cell type $_DFFE_PP_ is unknown!
   Area for cell type $_DFF_PN0_ is unknown!
   Area for cell type $_DFF_PN1_ is unknown!
   Area for cell type $_DFFE_PN0P_ is unknown!
   Area for cell type $_DFFE_PN1P_ is unknown!

[INFO] Applying tri-state buffer mapping from '/home/hiepthai/.volare/volare/sky130/versions/0fe599b2afb6708d281543108caf8310912f54af/sky130A/libs.tech/openlane/sky130_fd_sc_hd/tribuff_map.v'…

147. Executing TECHMAP pass (map to technology primitives).

147.1. Executing Verilog-2005 frontend: /home/hiepthai/.volare/volare/sky130/versions/0fe599b2afb6708d281543108caf8310912f54af/sky130A/libs.tech/openlane/sky130_fd_sc_hd/tribuff_map.v
Parsing Verilog input from `/home/hiepthai/.volare/volare/sky130/versions/0fe599b2afb6708d281543108caf8310912f54af/sky130A/libs.tech/openlane/sky130_fd_sc_hd/tribuff_map.v' to AST representation.
Generating RTLIL representation for module `\$_TBUF_'.
Successfully finished Verilog frontend.

147.2. Continuing TECHMAP pass.
No more expansions possible.
<suppressed ~3 debug messages>

148. Executing SIMPLEMAP pass (map simple cells to gate primitives).
[INFO] Applying latch mapping from '/home/hiepthai/.volare/volare/sky130/versions/0fe599b2afb6708d281543108caf8310912f54af/sky130A/libs.tech/openlane/sky130_fd_sc_hd/latch_map.v'…

149. Executing TECHMAP pass (map to technology primitives).

149.1. Executing Verilog-2005 frontend: /home/hiepthai/.volare/volare/sky130/versions/0fe599b2afb6708d281543108caf8310912f54af/sky130A/libs.tech/openlane/sky130_fd_sc_hd/latch_map.v
Parsing Verilog input from `/home/hiepthai/.volare/volare/sky130/versions/0fe599b2afb6708d281543108caf8310912f54af/sky130A/libs.tech/openlane/sky130_fd_sc_hd/latch_map.v' to AST representation.
Generating RTLIL representation for module `\$_DLATCH_P_'.
Generating RTLIL representation for module `\$_DLATCH_N_'.
Successfully finished Verilog frontend.

149.2. Continuing TECHMAP pass.
No more expansions possible.
<suppressed ~4 debug messages>

150. Executing SIMPLEMAP pass (map simple cells to gate primitives).

151. Executing DFFLIBMAP pass (mapping DFF cells to sequential cells from liberty file).
  cell sky130_fd_sc_hd__dfxtp_2 (noninv, pins=3, area=21.27) is a direct match for cell type $_DFF_P_.
  cell sky130_fd_sc_hd__dfrtp_2 (noninv, pins=4, area=26.28) is a direct match for cell type $_DFF_PN0_.
  cell sky130_fd_sc_hd__dfstp_2 (noninv, pins=4, area=26.28) is a direct match for cell type $_DFF_PN1_.
  cell sky130_fd_sc_hd__dfbbn_2 (noninv, pins=6, area=35.03) is a direct match for cell type $_DFFSR_NNN_.
  final dff cell mappings:
    unmapped dff cell: $_DFF_N_
    \sky130_fd_sc_hd__dfxtp_2 _DFF_P_ (.CLK( C), .D( D), .Q( Q));
    unmapped dff cell: $_DFF_NN0_
    unmapped dff cell: $_DFF_NN1_
    unmapped dff cell: $_DFF_NP0_
    unmapped dff cell: $_DFF_NP1_
    \sky130_fd_sc_hd__dfrtp_2 _DFF_PN0_ (.CLK( C), .D( D), .Q( Q), .RESET_B( R));
    \sky130_fd_sc_hd__dfstp_2 _DFF_PN1_ (.CLK( C), .D( D), .Q( Q), .SET_B( R));
    unmapped dff cell: $_DFF_PP0_
    unmapped dff cell: $_DFF_PP1_
    \sky130_fd_sc_hd__dfbbn_2 _DFFSR_NNN_ (.CLK_N( C), .D( D), .Q( Q), .Q_N(~Q), .RESET_B( R), .SET_B( S));
    unmapped dff cell: $_DFFSR_NNP_
    unmapped dff cell: $_DFFSR_NPN_
    unmapped dff cell: $_DFFSR_NPP_
    unmapped dff cell: $_DFFSR_PNN_
    unmapped dff cell: $_DFFSR_PNP_
    unmapped dff cell: $_DFFSR_PPN_
    unmapped dff cell: $_DFFSR_PPP_

151.1. Executing DFFLEGALIZE pass (convert FFs to types supported by the target).
Mapping DFF cells in module `\top_basys3_rdm6300':
  mapped 399 $_DFF_PN0_ cells to \sky130_fd_sc_hd__dfrtp_2 cells.
  mapped 5 $_DFF_PN1_ cells to \sky130_fd_sc_hd__dfstp_2 cells.
  mapped 260 $_DFF_P_ cells to \sky130_fd_sc_hd__dfxtp_2 cells.
{
   "creator": "Yosys 0.46 (git sha1 e97731b9dda91fa5fa53ed87df7c34163ba59a41, clang++ 17.0.6 -fPIC -O3)",
   "invocation": "stat -json -liberty /home/hiepthai/Desktop/uart-fifo-rfid-asic/rdm6300_asic_fpga_modular/runs/RUN_2026-08-25_11-50-18/tmp/b10707acc6914029a20b46cb82bfa844.lib ",
   "modules": {
      "\\top_basys3_rdm6300": {
         "num_wires":         3338,
         "num_wire_bits":     3977,
         "num_pub_wires":     89,
         "num_pub_wire_bits": 687,
         "num_ports":         3,
         "num_port_bits":     3,
         "num_memories":      0,
         "num_memory_bits":   0,
         "num_processes":     0,
         "num_cells":         3958,
         "area":              16145.484800,
         "num_cells_by_type": {
            "$_ANDNOT_": 727,
            "$_AND_": 122,
            "$_MUX_": 1003,
            "$_NAND_": 167,
            "$_NOR_": 114,
            "$_NOT_": 105,
            "$_ORNOT_": 133,
            "$_OR_": 634,
            "$_XNOR_": 78,
            "$_XOR_": 211,
            "sky130_fd_sc_hd__dfrtp_2": 399,
            "sky130_fd_sc_hd__dfstp_2": 5,
            "sky130_fd_sc_hd__dfxtp_2": 260
         }
      }
   },
      "design": {
         "num_wires":         3338,
         "num_wire_bits":     3977,
         "num_pub_wires":     89,
         "num_pub_wire_bits": 687,
         "num_ports":         3,
         "num_port_bits":     3,
         "num_memories":      0,
         "num_memory_bits":   0,
         "num_processes":     0,
         "num_cells":         3958,
         "area":              16145.484800,
         "num_cells_by_type": {
            "$_ANDNOT_": 727,
            "$_AND_": 122,
            "$_MUX_": 1003,
            "$_NAND_": 167,
            "$_NOR_": 114,
            "$_NOT_": 105,
            "$_ORNOT_": 133,
            "$_OR_": 634,
            "$_XNOR_": 78,
            "$_XOR_": 211,
            "sky130_fd_sc_hd__dfrtp_2": 399,
            "sky130_fd_sc_hd__dfstp_2": 5,
            "sky130_fd_sc_hd__dfxtp_2": 260
         }
      }
}

152. Printing statistics.

=== top_basys3_rdm6300 ===

   Number of wires:               3338
   Number of wire bits:           3977
   Number of public wires:          89
   Number of public wire bits:     687
   Number of ports:                  3
   Number of port bits:              3
   Number of memories:               0
   Number of memory bits:            0
   Number of processes:              0
   Number of cells:               3958
     $_ANDNOT_                     727
     $_AND_                        122
     $_MUX_                       1003
     $_NAND_                       167
     $_NOR_                        114
     $_NOT_                        105
     $_ORNOT_                      133
     $_OR_                         634
     $_XNOR_                        78
     $_XOR_                        211
     sky130_fd_sc_hd__dfrtp_2      399
     sky130_fd_sc_hd__dfstp_2        5
     sky130_fd_sc_hd__dfxtp_2      260

   Area for cell type $_NOT_ is unknown!
   Area for cell type $_AND_ is unknown!
   Area for cell type $_NAND_ is unknown!
   Area for cell type $_OR_ is unknown!
   Area for cell type $_NOR_ is unknown!
   Area for cell type $_XOR_ is unknown!
   Area for cell type $_XNOR_ is unknown!
   Area for cell type $_ANDNOT_ is unknown!
   Area for cell type $_ORNOT_ is unknown!
   Area for cell type $_MUX_ is unknown!

   Chip area for module '\top_basys3_rdm6300': 16145.484800
     of which used for sequential elements: 16145.484800 (100.00%)

[INFO] Using generated ABC script '/home/hiepthai/Desktop/uart-fifo-rfid-asic/rdm6300_asic_fpga_modular/runs/RUN_2026-08-25_11-50-18/06-yosys-synthesis/AREA_0.abc'…

153. Executing ABC pass (technology mapping using ABC).

153.1. Extracting gate netlist of module `\top_basys3_rdm6300' to `/tmp/yosys-abc-dfOmfE/input.blif'..
Extracted 3294 gates and 3953 wires to a netlist network with 659 inputs and 658 outputs.

153.1.1. Executing ABC.
Running ABC command: "/nix/store/6l3aj1gi4lja8z5s4lan2k2cfz9mqkrz-yosys-abc/bin/abc" -s -f /tmp/yosys-abc-dfOmfE/abc.script 2>&1
ABC: ABC command line: "source /tmp/yosys-abc-dfOmfE/abc.script".
ABC: 
ABC: + read_blif /tmp/yosys-abc-dfOmfE/input.blif 
ABC: + read_lib -w /home/hiepthai/Desktop/uart-fifo-rfid-asic/rdm6300_asic_fpga_modular/runs/RUN_2026-08-25_11-50-18/tmp/b10707acc6914029a20b46cb82bfa844.lib 
ABC: Parsing finished successfully.  Parsing time =     0.03 sec
ABC: Scl_LibertyReadGenlib() skipped sequential cell "sky130_fd_sc_hd__dfbbn_2".
ABC: Scl_LibertyReadGenlib() skipped sequential cell "sky130_fd_sc_hd__dfrbp_2".
ABC: Scl_LibertyReadGenlib() skipped sequential cell "sky130_fd_sc_hd__dfrtp_2".
ABC: Scl_LibertyReadGenlib() skipped sequential cell "sky130_fd_sc_hd__dfrtp_4".
ABC: Scl_LibertyReadGenlib() skipped sequential cell "sky130_fd_sc_hd__dfsbp_2".
ABC: Scl_LibertyReadGenlib() skipped sequential cell "sky130_fd_sc_hd__dfstp_2".
ABC: Scl_LibertyReadGenlib() skipped sequential cell "sky130_fd_sc_hd__dfstp_4".
ABC: Scl_LibertyReadGenlib() skipped sequential cell "sky130_fd_sc_hd__dfxbp_2".
ABC: Scl_LibertyReadGenlib() skipped sequential cell "sky130_fd_sc_hd__dfxtp_2".
ABC: Scl_LibertyReadGenlib() skipped sequential cell "sky130_fd_sc_hd__dfxtp_4".
ABC: Scl_LibertyReadGenlib() skipped sequential cell "sky130_fd_sc_hd__dlxtn_1".
ABC: Scl_LibertyReadGenlib() skipped sequential cell "sky130_fd_sc_hd__dlxtn_2".
ABC: Scl_LibertyReadGenlib() skipped sequential cell "sky130_fd_sc_hd__dlxtn_4".
ABC: Scl_LibertyReadGenlib() skipped sequential cell "sky130_fd_sc_hd__dlxtp_1".
ABC: Scl_LibertyReadGenlib() skipped three-state cell "sky130_fd_sc_hd__ebufn_2".
ABC: Scl_LibertyReadGenlib() skipped three-state cell "sky130_fd_sc_hd__ebufn_4".
ABC: Scl_LibertyReadGenlib() skipped three-state cell "sky130_fd_sc_hd__ebufn_8".
ABC: Library "sky130_fd_sc_hd__tt_025C_1v80" from "/home/hiepthai/Desktop/uart-fifo-rfid-asic/rdm6300_asic_fpga_modular/runs/RUN_2026-08-25_11-50-18/tmp/b10707acc6914029a20b46cb82bfa844.lib" has 175 cells (17 skipped: 14 seq; 3 tri-state; 0 no func; 0 dont_use).  Time =     0.05 sec
ABC: Memory =    9.54 MB. Time =     0.05 sec
ABC: Warning: Detected 2 multi-output gates (for example, "sky130_fd_sc_hd__fa_1").
ABC: + read_constr -v /home/hiepthai/Desktop/uart-fifo-rfid-asic/rdm6300_asic_fpga_modular/runs/RUN_2026-08-25_11-50-18/06-yosys-synthesis/synthesis.abc.sdc 
ABC: Setting driving cell to be "sky130_fd_sc_hd__inv_2/Y".
ABC: Setting output load to be 33.442001.
ABC: + source /home/hiepthai/Desktop/uart-fifo-rfid-asic/rdm6300_asic_fpga_modular/runs/RUN_2026-08-25_11-50-18/06-yosys-synthesis/AREA_0.abc 
ABC: Error: The network is combinational.
ABC: Cannot find the default PI driving cell (sky130_fd_sc_hd__inv_2/Y) in the library.
ABC: WireLoad = "none"  Gates =   1587 (  2.8 %)   Cap = 15.9 ff ( 11.5 %)   Area =    16822.38 ( 58.2 %)   Delay =  5181.44 ps  (  6.0 %)               
ABC: Path  0 --     100 : 0   35 pi                      A =   0.00  Df =   0.0   -0.0 ps  S =   0.0 ps  Cin =  0.0 ff  Cout = 199.9 ff  Cmax =   0.0 ff  G =    0  
ABC: Path  1 --    1404 : 6    1 sky130_fd_sc_hd__mux4_2 A =  22.52  Df = 453.3 -156.0 ps  S =  76.6 ps  Cin =  2.6 ff  Cout =   2.0 ff  Cmax = 301.2 ff  G =   71  
ABC: Path  2 --    1405 : 3    2 sky130_fd_sc_hd__mux2_1 A =  11.26  Df = 776.2 -332.9 ps  S =  78.4 ps  Cin =  2.3 ff  Cout =   7.0 ff  Cmax = 173.0 ff  G =  289  
ABC: Path  3 --    1407 : 4   14 sky130_fd_sc_hd__a22o_2 A =  10.01  Df =1057.3 -389.9 ps  S = 154.9 ps  Cin =  2.3 ff  Cout =  28.2 ff  Cmax = 301.2 ff  G = 1156  
ABC: Path  4 --    1458 : 4    2 sky130_fd_sc_hd__or4b_2 A =  10.01  Df =1749.5 -503.1 ps  S = 112.7 ps  Cin =  1.5 ff  Cout =   6.2 ff  Cmax = 265.5 ff  G =  397  
ABC: Path  5 --    1480 : 4    2 sky130_fd_sc_hd__or4b_2 A =  10.01  Df =2401.1-1041.2 ps  S = 103.8 ps  Cin =  1.5 ff  Cout =   4.0 ff  Cmax = 265.5 ff  G =  257  
ABC: Path  6 --    1519 : 2    4 sky130_fd_sc_hd__or2_2  A =   6.26  Df =2735.1-1239.2 ps  S =  85.6 ps  Cin =  1.5 ff  Cout =  14.5 ff  Cmax = 299.4 ff  G =  944  
ABC: Path  7 --    2198 : 2   58 sky130_fd_sc_hd__nor2_2 A =   6.26  Df =4294.2-2447.9 ps  S =2082.6 ps  Cin =  4.4 ff  Cout = 202.4 ff  Cmax = 141.9 ff  G = 4419  
ABC: Path  8 --    2208 : 3    1 sky130_fd_sc_hd__mux2_1 A =  11.26  Df =5181.4-2746.3 ps  S = 305.7 ps  Cin =  2.3 ff  Cout =  33.4 ff  Cmax = 173.0 ff  G = 1465  
ABC: Start-point = pi99 (\u_rx_fifo.rd_ptr [0]).  End-point = po347 ($auto$rtlil.cc:2739:MuxGate$25820).
ABC: netlist                       : i/o =  659/  658  lat =    0  nd =  1587  edge =   4676  area =16823.85  delay =14.00  lev = 14
ABC: + write_blif /tmp/yosys-abc-dfOmfE/output.blif 

153.1.2. Re-integrating ABC results.
ABC RESULTS:   sky130_fd_sc_hd__o2bb2a_2 cells:        1
ABC RESULTS:   sky130_fd_sc_hd__o221a_2 cells:        1
ABC RESULTS:   sky130_fd_sc_hd__o2111a_2 cells:        2
ABC RESULTS:   sky130_fd_sc_hd__or4bb_2 cells:        1
ABC RESULTS:   sky130_fd_sc_hd__a211oi_2 cells:        1
ABC RESULTS:   sky130_fd_sc_hd__a221o_2 cells:       10
ABC RESULTS:   sky130_fd_sc_hd__o32a_2 cells:        4
ABC RESULTS:   sky130_fd_sc_hd__nand4_2 cells:        2
ABC RESULTS:   sky130_fd_sc_hd__o22a_2 cells:        4
ABC RESULTS:   sky130_fd_sc_hd__a22oi_2 cells:        2
ABC RESULTS:   sky130_fd_sc_hd__and3b_2 cells:        4
ABC RESULTS:   sky130_fd_sc_hd__and4bb_2 cells:        1
ABC RESULTS:   sky130_fd_sc_hd__o311a_2 cells:        2
ABC RESULTS:   sky130_fd_sc_hd__a311o_2 cells:        1
ABC RESULTS:   sky130_fd_sc_hd__a2111oi_2 cells:        4
ABC RESULTS:   sky130_fd_sc_hd__a2111o_2 cells:        5
ABC RESULTS:   sky130_fd_sc_hd__a31oi_2 cells:       11
ABC RESULTS:   sky130_fd_sc_hd__o41a_2 cells:        9
ABC RESULTS:   sky130_fd_sc_hd__nor4_2 cells:        2
ABC RESULTS:   sky130_fd_sc_hd__or4_2 cells:        9
ABC RESULTS:   sky130_fd_sc_hd__or3_2 cells:        8
ABC RESULTS:   sky130_fd_sc_hd__or4b_2 cells:       16
ABC RESULTS:   sky130_fd_sc_hd__a21bo_2 cells:        4
ABC RESULTS:   sky130_fd_sc_hd__xor2_2 cells:       34
ABC RESULTS:   sky130_fd_sc_hd__o21ba_2 cells:       10
ABC RESULTS:   sky130_fd_sc_hd__mux4_2 cells:       66
ABC RESULTS:   sky130_fd_sc_hd__a211o_2 cells:       17
ABC RESULTS:   sky130_fd_sc_hd__nor3b_2 cells:        4
ABC RESULTS:   sky130_fd_sc_hd__nand2b_2 cells:       21
ABC RESULTS:   sky130_fd_sc_hd__a22o_2 cells:       30
ABC RESULTS:   sky130_fd_sc_hd__o21bai_2 cells:        1
ABC RESULTS:   sky130_fd_sc_hd__nand3_2 cells:        9
ABC RESULTS:   sky130_fd_sc_hd__nor3_2 cells:       11
ABC RESULTS:   sky130_fd_sc_hd__inv_2 cells:       44
ABC RESULTS:   sky130_fd_sc_hd__and3_2 cells:       50
ABC RESULTS:   sky130_fd_sc_hd__a41o_2 cells:        3
ABC RESULTS:   sky130_fd_sc_hd__a21o_2 cells:       28
ABC RESULTS:   sky130_fd_sc_hd__a32o_2 cells:        5
ABC RESULTS:   sky130_fd_sc_hd__and4_2 cells:       18
ABC RESULTS:   sky130_fd_sc_hd__o21ai_2 cells:       34
ABC RESULTS:   sky130_fd_sc_hd__and4b_2 cells:        3
ABC RESULTS:   sky130_fd_sc_hd__o211a_2 cells:        9
ABC RESULTS:   sky130_fd_sc_hd__a21oi_2 cells:       28
ABC RESULTS:   sky130_fd_sc_hd__or3b_2 cells:       14
ABC RESULTS:   sky130_fd_sc_hd__xnor2_2 cells:      117
ABC RESULTS:   sky130_fd_sc_hd__and2b_2 cells:        5
ABC RESULTS:   sky130_fd_sc_hd__and2_2 cells:       72
ABC RESULTS:   sky130_fd_sc_hd__nand2_2 cells:       55
ABC RESULTS:   sky130_fd_sc_hd__o21a_2 cells:       57
ABC RESULTS:   sky130_fd_sc_hd__or2_2 cells:       62
ABC RESULTS:   sky130_fd_sc_hd__a21boi_2 cells:        6
ABC RESULTS:   sky130_fd_sc_hd__o31a_2 cells:        8
ABC RESULTS:   sky130_fd_sc_hd__a31o_2 cells:       35
ABC RESULTS:   sky130_fd_sc_hd__nor2_2 cells:       91
ABC RESULTS:   sky130_fd_sc_hd__nand3b_2 cells:        4
ABC RESULTS:   sky130_fd_sc_hd__mux2_1 cells:      532
ABC RESULTS:        internal signals:     2636
ABC RESULTS:           input signals:      659
ABC RESULTS:          output signals:      658
Removing temp directory.

154. Executing SETUNDEF pass (replace undef values with defined constants).

155. Executing HILOMAP pass (mapping to constant drivers).

156. Executing SPLITNETS pass (splitting up multi-bit signals).

157. Executing OPT_CLEAN pass (remove unused cells and wires).
Finding unused cells or wires in module \top_basys3_rdm6300..
Removed 0 unused cells and 3970 unused wires.
<suppressed ~22 debug messages>

158. Executing INSBUF pass (insert buffer cells for connected wires).

159. Executing CHECK pass (checking for obvious problems).
Checking module top_basys3_rdm6300...
Found and reported 0 problems.
{
   "creator": "Yosys 0.46 (git sha1 e97731b9dda91fa5fa53ed87df7c34163ba59a41, clang++ 17.0.6 -fPIC -O3)",
   "invocation": "stat -json -liberty /home/hiepthai/Desktop/uart-fifo-rfid-asic/rdm6300_asic_fpga_modular/runs/RUN_2026-08-25_11-50-18/tmp/b10707acc6914029a20b46cb82bfa844.lib ",
   "modules": {
      "\\top_basys3_rdm6300": {
         "num_wires":         2254,
         "num_wire_bits":     2254,
         "num_pub_wires":     666,
         "num_pub_wire_bits": 666,
         "num_ports":         3,
         "num_port_bits":     3,
         "num_memories":      0,
         "num_memory_bits":   0,
         "num_processes":     0,
         "num_cells":         2252,
         "area":              32971.622400,
         "num_cells_by_type": {
            "sky130_fd_sc_hd__a2111o_2": 5,
            "sky130_fd_sc_hd__a2111oi_2": 4,
            "sky130_fd_sc_hd__a211o_2": 17,
            "sky130_fd_sc_hd__a211oi_2": 1,
            "sky130_fd_sc_hd__a21bo_2": 4,
            "sky130_fd_sc_hd__a21boi_2": 6,
            "sky130_fd_sc_hd__a21o_2": 28,
            "sky130_fd_sc_hd__a21oi_2": 28,
            "sky130_fd_sc_hd__a221o_2": 10,
            "sky130_fd_sc_hd__a22o_2": 30,
            "sky130_fd_sc_hd__a22oi_2": 2,
            "sky130_fd_sc_hd__a311o_2": 1,
            "sky130_fd_sc_hd__a31o_2": 35,
            "sky130_fd_sc_hd__a31oi_2": 11,
            "sky130_fd_sc_hd__a32o_2": 5,
            "sky130_fd_sc_hd__a41o_2": 3,
            "sky130_fd_sc_hd__and2_2": 72,
            "sky130_fd_sc_hd__and2b_2": 5,
            "sky130_fd_sc_hd__and3_2": 50,
            "sky130_fd_sc_hd__and3b_2": 4,
            "sky130_fd_sc_hd__and4_2": 18,
            "sky130_fd_sc_hd__and4b_2": 3,
            "sky130_fd_sc_hd__and4bb_2": 1,
            "sky130_fd_sc_hd__conb_1": 1,
            "sky130_fd_sc_hd__dfrtp_2": 399,
            "sky130_fd_sc_hd__dfstp_2": 5,
            "sky130_fd_sc_hd__dfxtp_2": 260,
            "sky130_fd_sc_hd__inv_2": 44,
            "sky130_fd_sc_hd__mux2_1": 532,
            "sky130_fd_sc_hd__mux4_2": 66,
            "sky130_fd_sc_hd__nand2_2": 55,
            "sky130_fd_sc_hd__nand2b_2": 21,
            "sky130_fd_sc_hd__nand3_2": 9,
            "sky130_fd_sc_hd__nand3b_2": 4,
            "sky130_fd_sc_hd__nand4_2": 2,
            "sky130_fd_sc_hd__nor2_2": 91,
            "sky130_fd_sc_hd__nor3_2": 11,
            "sky130_fd_sc_hd__nor3b_2": 4,
            "sky130_fd_sc_hd__nor4_2": 2,
            "sky130_fd_sc_hd__o2111a_2": 2,
            "sky130_fd_sc_hd__o211a_2": 9,
            "sky130_fd_sc_hd__o21a_2": 57,
            "sky130_fd_sc_hd__o21ai_2": 34,
            "sky130_fd_sc_hd__o21ba_2": 10,
            "sky130_fd_sc_hd__o21bai_2": 1,
            "sky130_fd_sc_hd__o221a_2": 1,
            "sky130_fd_sc_hd__o22a_2": 4,
            "sky130_fd_sc_hd__o2bb2a_2": 1,
            "sky130_fd_sc_hd__o311a_2": 2,
            "sky130_fd_sc_hd__o31a_2": 8,
            "sky130_fd_sc_hd__o32a_2": 4,
            "sky130_fd_sc_hd__o41a_2": 9,
            "sky130_fd_sc_hd__or2_2": 62,
            "sky130_fd_sc_hd__or3_2": 8,
            "sky130_fd_sc_hd__or3b_2": 14,
            "sky130_fd_sc_hd__or4_2": 9,
            "sky130_fd_sc_hd__or4b_2": 16,
            "sky130_fd_sc_hd__or4bb_2": 1,
            "sky130_fd_sc_hd__xnor2_2": 117,
            "sky130_fd_sc_hd__xor2_2": 34
         }
      }
   },
      "design": {
         "num_wires":         2254,
         "num_wire_bits":     2254,
         "num_pub_wires":     666,
         "num_pub_wire_bits": 666,
         "num_ports":         3,
         "num_port_bits":     3,
         "num_memories":      0,
         "num_memory_bits":   0,
         "num_processes":     0,
         "num_cells":         2252,
         "area":              32971.622400,
         "num_cells_by_type": {
            "sky130_fd_sc_hd__a2111o_2": 5,
            "sky130_fd_sc_hd__a2111oi_2": 4,
            "sky130_fd_sc_hd__a211o_2": 17,
            "sky130_fd_sc_hd__a211oi_2": 1,
            "sky130_fd_sc_hd__a21bo_2": 4,
            "sky130_fd_sc_hd__a21boi_2": 6,
            "sky130_fd_sc_hd__a21o_2": 28,
            "sky130_fd_sc_hd__a21oi_2": 28,
            "sky130_fd_sc_hd__a221o_2": 10,
            "sky130_fd_sc_hd__a22o_2": 30,
            "sky130_fd_sc_hd__a22oi_2": 2,
            "sky130_fd_sc_hd__a311o_2": 1,
            "sky130_fd_sc_hd__a31o_2": 35,
            "sky130_fd_sc_hd__a31oi_2": 11,
            "sky130_fd_sc_hd__a32o_2": 5,
            "sky130_fd_sc_hd__a41o_2": 3,
            "sky130_fd_sc_hd__and2_2": 72,
            "sky130_fd_sc_hd__and2b_2": 5,
            "sky130_fd_sc_hd__and3_2": 50,
            "sky130_fd_sc_hd__and3b_2": 4,
            "sky130_fd_sc_hd__and4_2": 18,
            "sky130_fd_sc_hd__and4b_2": 3,
            "sky130_fd_sc_hd__and4bb_2": 1,
            "sky130_fd_sc_hd__conb_1": 1,
            "sky130_fd_sc_hd__dfrtp_2": 399,
            "sky130_fd_sc_hd__dfstp_2": 5,
            "sky130_fd_sc_hd__dfxtp_2": 260,
            "sky130_fd_sc_hd__inv_2": 44,
            "sky130_fd_sc_hd__mux2_1": 532,
            "sky130_fd_sc_hd__mux4_2": 66,
            "sky130_fd_sc_hd__nand2_2": 55,
            "sky130_fd_sc_hd__nand2b_2": 21,
            "sky130_fd_sc_hd__nand3_2": 9,
            "sky130_fd_sc_hd__nand3b_2": 4,
            "sky130_fd_sc_hd__nand4_2": 2,
            "sky130_fd_sc_hd__nor2_2": 91,
            "sky130_fd_sc_hd__nor3_2": 11,
            "sky130_fd_sc_hd__nor3b_2": 4,
            "sky130_fd_sc_hd__nor4_2": 2,
            "sky130_fd_sc_hd__o2111a_2": 2,
            "sky130_fd_sc_hd__o211a_2": 9,
            "sky130_fd_sc_hd__o21a_2": 57,
            "sky130_fd_sc_hd__o21ai_2": 34,
            "sky130_fd_sc_hd__o21ba_2": 10,
            "sky130_fd_sc_hd__o21bai_2": 1,
            "sky130_fd_sc_hd__o221a_2": 1,
            "sky130_fd_sc_hd__o22a_2": 4,
            "sky130_fd_sc_hd__o2bb2a_2": 1,
            "sky130_fd_sc_hd__o311a_2": 2,
            "sky130_fd_sc_hd__o31a_2": 8,
            "sky130_fd_sc_hd__o32a_2": 4,
            "sky130_fd_sc_hd__o41a_2": 9,
            "sky130_fd_sc_hd__or2_2": 62,
            "sky130_fd_sc_hd__or3_2": 8,
            "sky130_fd_sc_hd__or3b_2": 14,
            "sky130_fd_sc_hd__or4_2": 9,
            "sky130_fd_sc_hd__or4b_2": 16,
            "sky130_fd_sc_hd__or4bb_2": 1,
            "sky130_fd_sc_hd__xnor2_2": 117,
            "sky130_fd_sc_hd__xor2_2": 34
         }
      }
}

160. Printing statistics.

=== top_basys3_rdm6300 ===

   Number of wires:               2254
   Number of wire bits:           2254
   Number of public wires:         666
   Number of public wire bits:     666
   Number of ports:                  3
   Number of port bits:              3
   Number of memories:               0
   Number of memory bits:            0
   Number of processes:              0
   Number of cells:               2252
     sky130_fd_sc_hd__a2111o_2       5
     sky130_fd_sc_hd__a2111oi_2      4
     sky130_fd_sc_hd__a211o_2       17
     sky130_fd_sc_hd__a211oi_2       1
     sky130_fd_sc_hd__a21bo_2        4
     sky130_fd_sc_hd__a21boi_2       6
     sky130_fd_sc_hd__a21o_2        28
     sky130_fd_sc_hd__a21oi_2       28
     sky130_fd_sc_hd__a221o_2       10
     sky130_fd_sc_hd__a22o_2        30
     sky130_fd_sc_hd__a22oi_2        2
     sky130_fd_sc_hd__a311o_2        1
     sky130_fd_sc_hd__a31o_2        35
     sky130_fd_sc_hd__a31oi_2       11
     sky130_fd_sc_hd__a32o_2         5
     sky130_fd_sc_hd__a41o_2         3
     sky130_fd_sc_hd__and2_2        72
     sky130_fd_sc_hd__and2b_2        5
     sky130_fd_sc_hd__and3_2        50
     sky130_fd_sc_hd__and3b_2        4
     sky130_fd_sc_hd__and4_2        18
     sky130_fd_sc_hd__and4b_2        3
     sky130_fd_sc_hd__and4bb_2       1
     sky130_fd_sc_hd__conb_1         1
     sky130_fd_sc_hd__dfrtp_2      399
     sky130_fd_sc_hd__dfstp_2        5
     sky130_fd_sc_hd__dfxtp_2      260
     sky130_fd_sc_hd__inv_2         44
     sky130_fd_sc_hd__mux2_1       532
     sky130_fd_sc_hd__mux4_2        66
     sky130_fd_sc_hd__nand2_2       55
     sky130_fd_sc_hd__nand2b_2      21
     sky130_fd_sc_hd__nand3_2        9
     sky130_fd_sc_hd__nand3b_2       4
     sky130_fd_sc_hd__nand4_2        2
     sky130_fd_sc_hd__nor2_2        91
     sky130_fd_sc_hd__nor3_2        11
     sky130_fd_sc_hd__nor3b_2        4
     sky130_fd_sc_hd__nor4_2         2
     sky130_fd_sc_hd__o2111a_2       2
     sky130_fd_sc_hd__o211a_2        9
     sky130_fd_sc_hd__o21a_2        57
     sky130_fd_sc_hd__o21ai_2       34
     sky130_fd_sc_hd__o21ba_2       10
     sky130_fd_sc_hd__o21bai_2       1
     sky130_fd_sc_hd__o221a_2        1
     sky130_fd_sc_hd__o22a_2         4
     sky130_fd_sc_hd__o2bb2a_2       1
     sky130_fd_sc_hd__o311a_2        2
     sky130_fd_sc_hd__o31a_2         8
     sky130_fd_sc_hd__o32a_2         4
     sky130_fd_sc_hd__o41a_2         9
     sky130_fd_sc_hd__or2_2         62
     sky130_fd_sc_hd__or3_2          8
     sky130_fd_sc_hd__or3b_2        14
     sky130_fd_sc_hd__or4_2          9
     sky130_fd_sc_hd__or4b_2        16
     sky130_fd_sc_hd__or4bb_2        1
     sky130_fd_sc_hd__xnor2_2      117
     sky130_fd_sc_hd__xor2_2        34

   Chip area for module '\top_basys3_rdm6300': 32971.622400
     of which used for sequential elements: 16145.484800 (48.97%)

161. Executing Verilog backend.
Dumping module `\top_basys3_rdm6300'.

162. Executing JSON backend.
